info: 2023-08-28 20:49:15.3859325 +08:00 星期一 L System.Logging.TaskQueueService[0] #1
      [Furion.Pure.dll] async Task Furion.TaskQueue.TaskQueueHostedService.ExecuteAsync(CancellationToken stoppingToken)
      TaskQueue hosted service is running.
info: 2023-08-28 20:49:15.7958788 +08:00 星期一 L System.Logging.ScheduleService[0] #1
      [Furion.Pure.dll] void Furion.Schedule.ScheduleLogger.Log(LogLevel logLevel, string message, object[] args, Exception ex)
      Schedule hosted service is running.
info: 2023-08-28 20:49:15.7986934 +08:00 星期一 L System.Logging.ScheduleService[0] #1
      [Furion.Pure.dll] void Furion.Schedule.ScheduleLogger.Log(LogLevel logLevel, string message, object[] args, Exception ex)
      Schedule hosted service is preloading...
info: 2023-08-28 20:49:16.5405617 +08:00 星期一 L System.Logging.ScheduleService[0] #1
      [Furion.Pure.dll] void Furion.Schedule.ScheduleLogger.Log(LogLevel logLevel, string message, object[] args, Exception ex)
      The <trigger_log> trigger for scheduler of <job_log> successfully appended and updated to the schedule.
info: 2023-08-28 20:49:16.5417218 +08:00 星期一 L System.Logging.ScheduleService[0] #1
      [Furion.Pure.dll] void Furion.Schedule.ScheduleLogger.Log(LogLevel logLevel, string message, object[] args, Exception ex)
      The scheduler of <job_log> successfully appended and updated to the schedule.
info: 2023-08-28 20:49:16.5436061 +08:00 星期一 L System.Logging.ScheduleService[0] #1
      [Furion.Pure.dll] void Furion.Schedule.ScheduleLogger.Log(LogLevel logLevel, string message, object[] args, Exception ex)
      The <trigger_onlineUser> trigger for scheduler of <job_onlineUser> successfully appended and updated to the schedule.
info: 2023-08-28 20:49:16.5445994 +08:00 星期一 L System.Logging.ScheduleService[0] #1
      [Furion.Pure.dll] void Furion.Schedule.ScheduleLogger.Log(LogLevel logLevel, string message, object[] args, Exception ex)
      The scheduler of <job_onlineUser> successfully appended and updated to the schedule.
info: 2023-08-28 20:56:50.4493974 +08:00 星期一 L System.Logging.LoggingMonitor[0] #29
      [Furion.Pure.dll] async Task LoggingMonitorAttribute.MonitorAsync(MethodInfo actionMethod, IDictionary<string, object> parameterValues, FilterContext context, dynamic next)
      ┏━━━━━━━━━━━  Logging Monitor ━━━━━━━━━━━
      ┣ Admin.NET.Core.JuAI.Service.UserService.GetActiveUsers
      ┣ 
      ┣ 控制器名称：       UserService
      ┣ 操作名称：         GetActiveUsers
      ┣ 显示名称：         活跃用户
      ┣ 路由信息：         [area]: ; [controller]: user; [action]: activeUsers
      ┣ 请求方式：         GET
      ┣ 请求地址：         http://localhost:5005/api/User/ActiveUsers
      ┣ 来源地址：         http://localhost:19991/
      ┣ 请求端源：         client
      ┣ 浏览器标识：       Mozilla/5.0 (Windows NT 10.0; Win64; x64) AppleWebKit/537.36 (KHTML, like Gecko) Chrome/116.0.0.0 Safari/537.36
      ┣ 客户端区域语言：   zh-CN,zh;q=0.9
      ┣ 客户端 IP 地址：   0.0.0.1
      ┣ 服务端 IP 地址：   0.0.0.1
      ┣ 客户端连接 ID：    00-63b4ce619a53dd58b50897e016c70d2d-8d77c30779491ab2-00
      ┣ 服务线程 ID：      #29
      ┣ 执行耗时：         234ms
      ┣ ━━━━━━━━━━━━━━━  Cookies ━━━━━━━━━━━━━━━
      ┣ 请求端：           
      ┣ 响应端：           
      ┣ ━━━━━━━━━━━━━━━  系统信息 ━━━━━━━━━━━━━━━
      ┣ 系统名称：         Microsoft Windows 10.0.19044
      ┣ 系统架构：         X64
      ┣ 基础框架：         Furion.Pure v4.8.8.41
      ┣ .NET 架构：        .NET 6.0.16
      ┣ ━━━━━━━━━━━━━━━  启动信息 ━━━━━━━━━━━━━━━
      ┣ 运行环境：         Production
      ┣ 启动程序集：       Admin.NET.Web.Entry
      ┣ 进程名称：         Admin.NET.Web.Entry
      ┣ 托管程序：         Kestrel
      ┣ ━━━━━━━━━━━━━━━  返回信息 ━━━━━━━━━━━━━━━
      ┣ HTTP响应状态码：   200
      ┣ 原始类型：         System.Collections.Generic.IList<Admin.NET.Core.JuAI.Service.UserInfoOutput>
      ┣ 最终类型：         Admin.NET.Core.AdminResult<System.Object>
      ┣ 最终返回值：       {"code":200,"type":"success","message":"","result":[{"nickName":"聚AI_6045","avatar":"Upload/Avatar/14194583407941.jpg","id":"14005826358213"},{"nickName":"聚AI_6045","avatar":null,"id":"14005810391877"},{"nickName":"聚AI_6045","avatar":null,"id":"13727127390021"},{"nickName":"聚AI_6047","avatar":null,"id":"13763405483077"},{"nickName":"聚AI_6046","avatar":null,"id":"13763350061253"}],"extras":null,"time":"2023-08-28T20:56:50.4079401+08:00"}
      ┗━━━━━━━━━━━  Logging Monitor ━━━━━━━━━━━
info: 2023-08-28 20:56:50.4493970 +08:00 星期一 L System.Logging.LoggingMonitor[0] #28
      [Furion.Pure.dll] async Task LoggingMonitorAttribute.MonitorAsync(MethodInfo actionMethod, IDictionary<string, object> parameterValues, FilterContext context, dynamic next)
      ┏━━━━━━━━━━━  Logging Monitor ━━━━━━━━━━━
      ┣ Admin.NET.Core.JuAI.Service.UpgradeService.GetNewst
      ┣ 
      ┣ 控制器名称：       UpgradeService
      ┣ 操作名称：         GetNewst
      ┣ 显示名称：         
      ┣ 路由信息：         [area]: ; [controller]: upgrade; [action]: newst
      ┣ 请求方式：         GET
      ┣ 请求地址：         http://localhost:5005/api/upgrade/newst
      ┣ 来源地址：         http://localhost:19991/
      ┣ 请求端源：         client
      ┣ 浏览器标识：       Mozilla/5.0 (Windows NT 10.0; Win64; x64) AppleWebKit/537.36 (KHTML, like Gecko) Chrome/116.0.0.0 Safari/537.36
      ┣ 客户端区域语言：   zh-CN,zh;q=0.9
      ┣ 客户端 IP 地址：   0.0.0.1
      ┣ 服务端 IP 地址：   0.0.0.1
      ┣ 客户端连接 ID：    00-cba240cd939ac8b64807ba41e8521c41-8c64345b36fac4a3-00
      ┣ 服务线程 ID：      #28
      ┣ 执行耗时：         257ms
      ┣ ━━━━━━━━━━━━━━━  Cookies ━━━━━━━━━━━━━━━
      ┣ 请求端：           
      ┣ 响应端：           
      ┣ ━━━━━━━━━━━━━━━  系统信息 ━━━━━━━━━━━━━━━
      ┣ 系统名称：         Microsoft Windows 10.0.19044
      ┣ 系统架构：         X64
      ┣ 基础框架：         Furion.Pure v4.8.8.41
      ┣ .NET 架构：        .NET 6.0.16
      ┣ ━━━━━━━━━━━━━━━  启动信息 ━━━━━━━━━━━━━━━
      ┣ 运行环境：         Production
      ┣ 启动程序集：       Admin.NET.Web.Entry
      ┣ 进程名称：         Admin.NET.Web.Entry
      ┣ 托管程序：         Kestrel
      ┣ ━━━━━━━━━━━━━━━  返回信息 ━━━━━━━━━━━━━━━
      ┣ HTTP响应状态码：   200
      ┣ 原始类型：         Admin.NET.Core.JuAI.AppUpgrade
      ┣ 最终类型：         Admin.NET.Core.AdminResult<System.Object>
      ┣ 最终返回值：       {"code":200,"type":"success","message":"","result":{"version":"2.12.3","desc":"修复聊天不显示","isForceUpdate":true,"isClearCache":true,"createOrgId":null,"createTime":"2023-08-08T22:29:38","updateTime":"2023-08-08T22:14:27","createUserId":null,"updateUserId":null,"isDelete":false,"id":"3334"},"extras":null,"time":"2023-08-28T20:56:50.4313573+08:00"}
      ┗━━━━━━━━━━━  Logging Monitor ━━━━━━━━━━━
info: 2023-08-28 20:56:50.4493967 +08:00 星期一 L System.Logging.LoggingMonitor[0] #37
      [Furion.Pure.dll] async Task LoggingMonitorAttribute.MonitorAsync(MethodInfo actionMethod, IDictionary<string, object> parameterValues, FilterContext context, dynamic next)
      ┏━━━━━━━━━━━  Logging Monitor ━━━━━━━━━━━
      ┣ Admin.NET.Core.JuAI.Service.SpecialService.GetNewest
      ┣ 
      ┣ 控制器名称：                SpecialService
      ┣ 操作名称：                  GetNewest
      ┣ 显示名称：                  
      ┣ 路由信息：                  [area]: ; [controller]: special; [action]: newest
      ┣ 请求方式：                  GET
      ┣ 请求地址：                  http://localhost:5005/api/special/newest?minId=
      ┣ 来源地址：                  http://localhost:19991/
      ┣ 请求端源：                  client
      ┣ 浏览器标识：                Mozilla/5.0 (Windows NT 10.0; Win64; x64) AppleWebKit/537.36 (KHTML, like Gecko) Chrome/116.0.0.0 Safari/537.36
      ┣ 客户端区域语言：            zh-CN,zh;q=0.9
      ┣ 客户端 IP 地址：            0.0.0.1
      ┣ 服务端 IP 地址：            0.0.0.1
      ┣ 客户端连接 ID：             00-86cbf121adab98bf89c50a480e620f82-125d8bb36e7715fd-00
      ┣ 服务线程 ID：               #20
      ┣ 执行耗时：                  229ms
      ┣ ━━━━━━━━━━━━━━━  Cookies ━━━━━━━━━━━━━━━
      ┣ 请求端：                    
      ┣ 响应端：                    
      ┣ ━━━━━━━━━━━━━━━  系统信息 ━━━━━━━━━━━━━━━
      ┣ 系统名称：                  Microsoft Windows 10.0.19044
      ┣ 系统架构：                  X64
      ┣ 基础框架：                  Furion.Pure v4.8.8.41
      ┣ .NET 架构：                 .NET 6.0.16
      ┣ ━━━━━━━━━━━━━━━  启动信息 ━━━━━━━━━━━━━━━
      ┣ 运行环境：                  Production
      ┣ 启动程序集：                Admin.NET.Web.Entry
      ┣ 进程名称：                  Admin.NET.Web.Entry
      ┣ 托管程序：                  Kestrel
      ┣ ━━━━━━━━━━━━━━━  参数列表 ━━━━━━━━━━━━━━━
      ┣ Content-Type：              
      ┣ 
      ┣ minId (Nullable`1)：        
      ┣ ━━━━━━━━━━━━━━━  返回信息 ━━━━━━━━━━━━━━━
      ┣ HTTP响应状态码：            200
      ┣ 原始类型：                  System.Threading.Tasks.Task<System.Collections.Generic.IList<Admin.NET.Core.JuAI.Service.SpecialOutput>>
      ┣ 最终类型：                  Admin.NET.Core.AdminResult<System.Object>
      ┣ 最终返回值：                {"code":200,"type":"success","message":"","result":[{"id":"141254407701223","title":"抓烂22223","text":"就螺丝扣搭街坊立刻就333333","cover":"http://filetest.guxin.link/Special/2023/08/14125440695621.jpg","coverFile":null},{"id":"141242588270232","title":"第一个抓烂","text":"就开始大家和弗兰克沙龙的开发建设离开的顺德府顺德府手动","cover":"http://filetest.guxin.link/Special/2023/08/14124258623685.jpg","coverFile":null},{"id":"141242586827023","title":"第一个抓烂","text":"就开始大家和弗兰克沙龙的开发建设离开的顺德府顺德府手动","cover":"http://filetest.guxin.link/Special/20
      ┗━━━━━━━━━━━  Logging Monitor ━━━━━━━━━━━
info: 2023-08-28 20:56:50.5523062 +08:00 星期一 L System.Logging.LoggingMonitor[0] #36
      [Furion.Pure.dll] async Task LoggingMonitorAttribute.MonitorAsync(MethodInfo actionMethod, IDictionary<string, object> parameterValues, FilterContext context, dynamic next)
      ┏━━━━━━━━━━━  Logging Monitor ━━━━━━━━━━━
      ┣ Admin.NET.Core.JuAI.Service.ArticleService.GetNewest
      ┣ 
      ┣ 控制器名称：                ArticleService
      ┣ 操作名称：                  GetNewest
      ┣ 显示名称：                  
      ┣ 路由信息：                  [area]: ; [controller]: article; [action]: newest
      ┣ 请求方式：                  GET
      ┣ 请求地址：                  http://localhost:5005/api/article/newest?minId=
      ┣ 来源地址：                  http://localhost:19991/
      ┣ 请求端源：                  client
      ┣ 浏览器标识：                Mozilla/5.0 (Windows NT 10.0; Win64; x64) AppleWebKit/537.36 (KHTML, like Gecko) Chrome/116.0.0.0 Safari/537.36
      ┣ 客户端区域语言：            zh-CN,zh;q=0.9
      ┣ 客户端 IP 地址：            0.0.0.1
      ┣ 服务端 IP 地址：            0.0.0.1
      ┣ 客户端连接 ID：             00-82c4553c599b78bd4e153f5080f59052-f4e787a0cdb4f411-00
      ┣ 服务线程 ID：               #32
      ┣ 执行耗时：                  356ms
      ┣ ━━━━━━━━━━━━━━━  Cookies ━━━━━━━━━━━━━━━
      ┣ 请求端：                    
      ┣ 响应端：                    
      ┣ ━━━━━━━━━━━━━━━  系统信息 ━━━━━━━━━━━━━━━
      ┣ 系统名称：                  Microsoft Windows 10.0.19044
      ┣ 系统架构：                  X64
      ┣ 基础框架：                  Furion.Pure v4.8.8.41
      ┣ .NET 架构：                 .NET 6.0.16
      ┣ ━━━━━━━━━━━━━━━  启动信息 ━━━━━━━━━━━━━━━
      ┣ 运行环境：                  Production
      ┣ 启动程序集：                Admin.NET.Web.Entry
      ┣ 进程名称：                  Admin.NET.Web.Entry
      ┣ 托管程序：                  Kestrel
      ┣ ━━━━━━━━━━━━━━━  参数列表 ━━━━━━━━━━━━━━━
      ┣ Content-Type：              
      ┣ 
      ┣ minId (Nullable`1)：        
      ┣ ━━━━━━━━━━━━━━━  返回信息 ━━━━━━━━━━━━━━━
      ┣ HTTP响应状态码：            200
      ┣ 原始类型：                  System.Threading.Tasks.Task<System.Collections.Generic.List<Admin.NET.Core.JuAI.Service.ArticleOutput>>
      ┣ 最终类型：                  Admin.NET.Core.AdminResult<System.Object>
      ┣ 最终返回值：                {"code":200,"type":"success","message":"","result":[{"id":"14194109678917","title":"测试第一个抓烂拉了进来","html":"<p>sd发士大夫胜多负少的方式顺德府顺德府阿斯弗顺德府顺德府撒地方阿斯顿阿萨德政府顺德府是的方法</p><p><br></p><hr/><ol><li>你好吗。</li><li>你不好；、。</li><li>挺好的呀。</li><li>回家后拒绝sd发士大夫胜多负少的方式顺德府顺德府阿斯弗顺德府顺德府撒地方阿斯顿阿萨德政府顺德府是的方法</li></ol><p><br></p><hr/><ol><li>你好吗。</li><li>你不好；、。</li><li>挺好的呀。</li><li>回家后拒绝sd发士大夫胜多负少的方式顺德府顺德府阿斯弗顺德府顺德府撒地方阿斯顿阿萨德政府顺德府是的方法</li></ol><p><br></p><hr/><ol><li>你好吗。</li><li>你不好；、。</li><li>挺好的呀。</li><li>回家后拒绝</li></ol>","text
      ┗━━━━━━━━━━━  Logging Monitor ━━━━━━━━━━━
info: 2023-08-28 20:56:50.5798302 +08:00 星期一 L System.Logging.LoggingMonitor[0] #37
      [Furion.Pure.dll] async Task LoggingMonitorAttribute.MonitorAsync(MethodInfo actionMethod, IDictionary<string, object> parameterValues, FilterContext context, dynamic next)
      ┏━━━━━━━━━━━  Logging Monitor ━━━━━━━━━━━
      ┣ Admin.NET.Core.JuAI.Service.ArticleService.GetRecommend
      ┣ 
      ┣ 控制器名称：       ArticleService
      ┣ 操作名称：         GetRecommend
      ┣ 显示名称：         
      ┣ 路由信息：         [area]: ; [controller]: article; [action]: recommend
      ┣ 请求方式：         GET
      ┣ 请求地址：         http://localhost:5005/api/article/recommend
      ┣ 来源地址：         http://localhost:19991/
      ┣ 请求端源：         client
      ┣ 浏览器标识：       Mozilla/5.0 (Windows NT 10.0; Win64; x64) AppleWebKit/537.36 (KHTML, like Gecko) Chrome/116.0.0.0 Safari/537.36
      ┣ 客户端区域语言：   zh-CN,zh;q=0.9
      ┣ 客户端 IP 地址：   0.0.0.1
      ┣ 服务端 IP 地址：   0.0.0.1
      ┣ 客户端连接 ID：    00-e9dba7c253d547f699a45412938165a2-44ea828137d50fad-00
      ┣ 服务线程 ID：      #34
      ┣ 执行耗时：         402ms
      ┣ ━━━━━━━━━━━━━━━  Cookies ━━━━━━━━━━━━━━━
      ┣ 请求端：           
      ┣ 响应端：           
      ┣ ━━━━━━━━━━━━━━━  系统信息 ━━━━━━━━━━━━━━━
      ┣ 系统名称：         Microsoft Windows 10.0.19044
      ┣ 系统架构：         X64
      ┣ 基础框架：         Furion.Pure v4.8.8.41
      ┣ .NET 架构：        .NET 6.0.16
      ┣ ━━━━━━━━━━━━━━━  启动信息 ━━━━━━━━━━━━━━━
      ┣ 运行环境：         Production
      ┣ 启动程序集：       Admin.NET.Web.Entry
      ┣ 进程名称：         Admin.NET.Web.Entry
      ┣ 托管程序：         Kestrel
      ┣ ━━━━━━━━━━━━━━━  返回信息 ━━━━━━━━━━━━━━━
      ┣ HTTP响应状态码：   200
      ┣ 原始类型：         System.Threading.Tasks.Task<System.Collections.Generic.List<Admin.NET.Core.JuAI.Service.ArticleSiderOutput>>
      ┣ 最终类型：         Admin.NET.Core.AdminResult<System.Object>
      ┣ 最终返回值：       {"code":200,"type":"success","message":"","result":[{"id":"14194109678917","title":"测试第一个抓烂拉了进来"},{"id":"14127539556677","title":"两个图片测试呢。"},{"id":"14127533953093","title":"设置一下图片和视频试一试呢。。哈哈"},{"id":"14127509730629","title":"一个视频和两个图片"},{"id":"14127478756933","title":"考了几分离开的分析来看都分割"},{"id":"14127257110597","title":"测试一个视频和图片功能看好不好呀"},{"id":"14084316607813","title":"111111111111111"},{"id":"14084262750277","title":"wangEditor 粘贴从 word 复制的带图片内容的最"},{"id":"14084112873669","title":"几位过气艺人的现状：开面馆、当柜
      ┗━━━━━━━━━━━  Logging Monitor ━━━━━━━━━━━
info: 2023-08-28 20:56:50.7618318 +08:00 星期一 L System.Logging.LoggingMonitor[0] #37
      [Furion.Pure.dll] async Task LoggingMonitorAttribute.MonitorAsync(MethodInfo actionMethod, IDictionary<string, object> parameterValues, FilterContext context, dynamic next)
      ┏━━━━━━━━━━━  Logging Monitor ━━━━━━━━━━━
      ┣ Admin.NET.Core.JuAI.Service.UserTokenService.GetIsQianDaoToday
      ┣ 
      ┣ 控制器名称：                   UserTokenService
      ┣ 操作名称：                     GetIsQianDaoToday
      ┣ 显示名称：                     
      ┣ 路由信息：                     [area]: ; [controller]: userToken; [action]: isQianDaoToday
      ┣ 请求方式：                     GET
      ┣ 请求地址：                     http://localhost:5005/api/userToken/isQianDaoToday
      ┣ 来源地址：                     http://localhost:19991/
      ┣ 请求端源：                     client
      ┣ 浏览器标识：                   Mozilla/5.0 (Windows NT 10.0; Win64; x64) AppleWebKit/537.36 (KHTML, like Gecko) Chrome/116.0.0.0 Safari/537.36
      ┣ 客户端区域语言：               zh-CN,zh;q=0.9
      ┣ 客户端 IP 地址：               0.0.0.1
      ┣ 服务端 IP 地址：               0.0.0.1
      ┣ 客户端连接 ID：                00-35ff3094d672529db17d48effc7d12f8-1e5797cddca104da-00
      ┣ 服务线程 ID：                  #23
      ┣ 执行耗时：                     109ms
      ┣ ━━━━━━━━━━━━━━━  Cookies ━━━━━━━━━━━━━━━
      ┣ 请求端：                       
      ┣ 响应端：                       
      ┣ ━━━━━━━━━━━━━━━  系统信息 ━━━━━━━━━━━━━━━
      ┣ 系统名称：                     Microsoft Windows 10.0.19044
      ┣ 系统架构：                     X64
      ┣ 基础框架：                     Furion.Pure v4.8.8.41
      ┣ .NET 架构：                    .NET 6.0.16
      ┣ ━━━━━━━━━━━━━━━  启动信息 ━━━━━━━━━━━━━━━
      ┣ 运行环境：                     Production
      ┣ 启动程序集：                   Admin.NET.Web.Entry
      ┣ 进程名称：                     Admin.NET.Web.Entry
      ┣ 托管程序：                     Kestrel
      ┣ ━━━━━━━━━━━━━━━  授权信息 ━━━━━━━━━━━━━━━
      ┣ JWT Token：                    Bearer eyJhbGciOiJIUzI1NiIsInR5cCI6IkpXVCJ9.eyJVc2VySWQiOjE0MDA1ODI2MzU4MjEzLCJUZW5hbnRJZCI6MTMwMDAwMDAwMDAwMSwiQWNjb3VudCI6IjE4NjAwNzY2MDQ1IiwiTmlja05hbWUiOiLogZpBSV82MDQ1IiwiQWNjb3VudFR5cGUiOjAsImlhdCI6MTY5MzAzNzg0NiwibmJmIjoxNjkzMDM3ODQ2LCJleHAiOjE2OTM2NDI2NDYsImlzcyI6IkFkbWluLk5FVCIsImF1ZCI6IkFkbWluLk5FVCJ9.Pt3OMLor8iLzYQfEoREoKU3AxA0Ja7UX_Q2sCCdnGEw
      ┣ 
      ┣ UserId (integer64)：           14005826358213
      ┣ TenantId (integer64)：         1300000000001
      ┣ Account (string)：             18600766045
      ┣ NickName (string)：            聚AI_6045
      ┣ AccountType (integer)：        0
      ┣ iat (integer)：                1693037846 (2023-08-26 16:17:26:0000(+08:00) 星期六 L)
      ┣ nbf (integer)：                1693037846 (2023-08-26 16:17:26:0000(+08:00) 星期六 L)
      ┣ exp (integer)：                1693642646 (2023-09-02 16:17:26:0000(+08:00) 星期六 L)
      ┣ iss (string)：                 Admin.NET
      ┣ aud (string)：                 Admin.NET
      ┣ ━━━━━━━━━━━━━━━  返回信息 ━━━━━━━━━━━━━━━
      ┣ HTTP响应状态码：               200
      ┣ 原始类型：                     System.Threading.Tasks.Task<System.Boolean>
      ┣ 最终类型：                     Admin.NET.Core.AdminResult<System.Object>
      ┣ 最终返回值：                   {"code":200,"type":"success","message":"","result":false,"extras":null,"time":"2023-08-28T20:56:50.7550881+08:00"}
      ┗━━━━━━━━━━━  Logging Monitor ━━━━━━━━━━━
info: 2023-08-28 20:56:51.2314008 +08:00 星期一 L System.Logging.LoggingMonitor[0] #23
      [Furion.Pure.dll] async Task LoggingMonitorAttribute.MonitorAsync(MethodInfo actionMethod, IDictionary<string, object> parameterValues, FilterContext context, dynamic next)
      ┏━━━━━━━━━━━  Logging Monitor ━━━━━━━━━━━
      ┣ Admin.NET.Core.JuAI.Service.SpecialService.GetMy
      ┣ 
      ┣ 控制器名称：                   SpecialService
      ┣ 操作名称：                     GetMy
      ┣ 显示名称：                     
      ┣ 路由信息：                     [area]: ; [controller]: special; [action]: my
      ┣ 请求方式：                     GET
      ┣ 请求地址：                     http://localhost:5005/api/special/my
      ┣ 来源地址：                     http://localhost:19991/publish
      ┣ 请求端源：                     client
      ┣ 浏览器标识：                   Mozilla/5.0 (Windows NT 10.0; Win64; x64) AppleWebKit/537.36 (KHTML, like Gecko) Chrome/116.0.0.0 Safari/537.36
      ┣ 客户端区域语言：               zh-CN,zh;q=0.9
      ┣ 客户端 IP 地址：               0.0.0.1
      ┣ 服务端 IP 地址：               0.0.0.1
      ┣ 客户端连接 ID：                00-2e5ad2336f167b40a791308bd17a3571-b0b03070c17b8adc-00
      ┣ 服务线程 ID：                  #29
      ┣ 执行耗时：                     60ms
      ┣ ━━━━━━━━━━━━━━━  Cookies ━━━━━━━━━━━━━━━
      ┣ 请求端：                       
      ┣ 响应端：                       
      ┣ ━━━━━━━━━━━━━━━  系统信息 ━━━━━━━━━━━━━━━
      ┣ 系统名称：                     Microsoft Windows 10.0.19044
      ┣ 系统架构：                     X64
      ┣ 基础框架：                     Furion.Pure v4.8.8.41
      ┣ .NET 架构：                    .NET 6.0.16
      ┣ ━━━━━━━━━━━━━━━  启动信息 ━━━━━━━━━━━━━━━
      ┣ 运行环境：                     Production
      ┣ 启动程序集：                   Admin.NET.Web.Entry
      ┣ 进程名称：                     Admin.NET.Web.Entry
      ┣ 托管程序：                     Kestrel
      ┣ ━━━━━━━━━━━━━━━  授权信息 ━━━━━━━━━━━━━━━
      ┣ JWT Token：                    Bearer eyJhbGciOiJIUzI1NiIsInR5cCI6IkpXVCJ9.eyJVc2VySWQiOjE0MDA1ODI2MzU4MjEzLCJUZW5hbnRJZCI6MTMwMDAwMDAwMDAwMSwiQWNjb3VudCI6IjE4NjAwNzY2MDQ1IiwiTmlja05hbWUiOiLogZpBSV82MDQ1IiwiQWNjb3VudFR5cGUiOjAsImlhdCI6MTY5MzAzNzg0NiwibmJmIjoxNjkzMDM3ODQ2LCJleHAiOjE2OTM2NDI2NDYsImlzcyI6IkFkbWluLk5FVCIsImF1ZCI6IkFkbWluLk5FVCJ9.Pt3OMLor8iLzYQfEoREoKU3AxA0Ja7UX_Q2sCCdnGEw
      ┣ 
      ┣ UserId (integer64)：           14005826358213
      ┣ TenantId (integer64)：         1300000000001
      ┣ Account (string)：             18600766045
      ┣ NickName (string)：            聚AI_6045
      ┣ AccountType (integer)：        0
      ┣ iat (integer)：                1693037846 (2023-08-26 16:17:26:0000(+08:00) 星期六 L)
      ┣ nbf (integer)：                1693037846 (2023-08-26 16:17:26:0000(+08:00) 星期六 L)
      ┣ exp (integer)：                1693642646 (2023-09-02 16:17:26:0000(+08:00) 星期六 L)
      ┣ iss (string)：                 Admin.NET
      ┣ aud (string)：                 Admin.NET
      ┣ ━━━━━━━━━━━━━━━  返回信息 ━━━━━━━━━━━━━━━
      ┣ HTTP响应状态码：               200
      ┣ 原始类型：                     System.Threading.Tasks.Task<System.Collections.Generic.IList<Admin.NET.Core.JuAI.Service.SpecialOutput>>
      ┣ 最终类型：                     Admin.NET.Core.AdminResult<System.Object>
      ┣ 最终返回值：                   {"code":200,"type":"success","message":"","result":[{"id":"14125440770501","title":"抓烂22223","text":"就螺丝扣搭街坊立刻就333333","cover":"http://filetest.guxin.link/Special/2023/08/14125440695621.jpg","coverFile":null},{"id":"141254407701223","title":"抓烂22223","text":"就螺丝扣搭街坊立刻就333333","cover":"http://filetest.guxin.link/Special/2023/08/14125440695621.jpg","coverFile":null},{"id":"1412425882723","title":"第一个抓烂","text":"就开始大家和弗兰克沙龙的开发建设离开的顺德府顺德府手动","cover":"http://filetest.guxin.link/Special/2023/08/141242
      ┗━━━━━━━━━━━  Logging Monitor ━━━━━━━━━━━
info: 2023-08-28 20:59:14.1957906 +08:00 星期一 L System.Logging.LoggingMonitor[0] #46
      [Furion.Pure.dll] async Task LoggingMonitorAttribute.MonitorAsync(MethodInfo actionMethod, IDictionary<string, object> parameterValues, FilterContext context, dynamic next)
      ┏━━━━━━━━━━━  Logging Monitor ━━━━━━━━━━━
      ┣ Admin.NET.Core.JuAI.Service.ArticleService.Post
      ┣ 
      ┣ 控制器名称：                         ArticleService
      ┣ 操作名称：                           Post
      ┣ 显示名称：                           
      ┣ 路由信息：                           [area]: ; [controller]: article; [action]: 
      ┣ 请求方式：                           POST
      ┣ 请求地址：                           http://localhost:5005/api/article
      ┣ 来源地址：                           http://localhost:19991/publish
      ┣ 请求端源：                           client
      ┣ 浏览器标识：                         Mozilla/5.0 (Windows NT 10.0; Win64; x64) AppleWebKit/537.36 (KHTML, like Gecko) Chrome/116.0.0.0 Safari/537.36
      ┣ 客户端区域语言：                     zh-CN,zh;q=0.9
      ┣ 客户端 IP 地址：                     0.0.0.1
      ┣ 服务端 IP 地址：                     0.0.0.1
      ┣ 客户端连接 ID：                      00-8c609c2cc8bf221abfeceeb20d2978ef-a661b1c3fd35f641-00
      ┣ 服务线程 ID：                        #35
      ┣ 执行耗时：                           214ms
      ┣ ━━━━━━━━━━━━━━━  Cookies ━━━━━━━━━━━━━━━
      ┣ 请求端：                             
      ┣ 响应端：                             
      ┣ ━━━━━━━━━━━━━━━  系统信息 ━━━━━━━━━━━━━━━
      ┣ 系统名称：                           Microsoft Windows 10.0.19044
      ┣ 系统架构：                           X64
      ┣ 基础框架：                           Furion.Pure v4.8.8.41
      ┣ .NET 架构：                          .NET 6.0.16
      ┣ ━━━━━━━━━━━━━━━  启动信息 ━━━━━━━━━━━━━━━
      ┣ 运行环境：                           Production
      ┣ 启动程序集：                         Admin.NET.Web.Entry
      ┣ 进程名称：                           Admin.NET.Web.Entry
      ┣ 托管程序：                           Kestrel
      ┣ ━━━━━━━━━━━━━━━  授权信息 ━━━━━━━━━━━━━━━
      ┣ JWT Token：                          Bearer eyJhbGciOiJIUzI1NiIsInR5cCI6IkpXVCJ9.eyJVc2VySWQiOjE0MDA1ODI2MzU4MjEzLCJUZW5hbnRJZCI6MTMwMDAwMDAwMDAwMSwiQWNjb3VudCI6IjE4NjAwNzY2MDQ1IiwiTmlja05hbWUiOiLogZpBSV82MDQ1IiwiQWNjb3VudFR5cGUiOjAsImlhdCI6MTY5MzAzNzg0NiwibmJmIjoxNjkzMDM3ODQ2LCJleHAiOjE2OTM2NDI2NDYsImlzcyI6IkFkbWluLk5FVCIsImF1ZCI6IkFkbWluLk5FVCJ9.Pt3OMLor8iLzYQfEoREoKU3AxA0Ja7UX_Q2sCCdnGEw
      ┣ 
      ┣ UserId (integer64)：                 14005826358213
      ┣ TenantId (integer64)：               1300000000001
      ┣ Account (string)：                   18600766045
      ┣ NickName (string)：                  聚AI_6045
      ┣ AccountType (integer)：              0
      ┣ iat (integer)：                      1693037846 (2023-08-26 16:17:26:0000(+08:00) 星期六 L)
      ┣ nbf (integer)：                      1693037846 (2023-08-26 16:17:26:0000(+08:00) 星期六 L)
      ┣ exp (integer)：                      1693642646 (2023-09-02 16:17:26:0000(+08:00) 星期六 L)
      ┣ iss (string)：                       Admin.NET
      ┣ aud (string)：                       Admin.NET
      ┣ ━━━━━━━━━━━━━━━  参数列表 ━━━━━━━━━━━━━━━
      ┣ Content-Type：                       multipart/form-data; boundary=----WebKitFormBoundarysryAtr88tF399B8o
      ┣ 
      ┣ articleInput (ArticleInput)：        {"title":"测试一个样式试试。。哈哈","html":"<p>大量减少离开</p><blockquote>第三方顺德府阿斯顿</blockquote><hr/><p>时间快</p><pre><code class=\"language-csharp\">烦烦烦烦烦烦\r\n顺德府阿斯蒂芬\r\n哈哈哈数据库的\r\nhahhahhkjsd </code></pre><table style=\"width: auto;\"><tbody><tr><th colSpan=\"1\" rowSpan=\"1\" width=\"auto\"></th><th colSpan=\"1\" rowSpan=\"1\" width=\"auto\"></th><th colSpan=\"1\" rowSpan=\"1\" width=\"auto\"></th><th colSpan=\"1\" rowSpan=\"1\" width=\"auto\"></th><th colSpan=\"1\" rowSpan=\"1\" width=\"auto\"></th><th colSpan=\"1\" rowSpan=\"1\" width=\"auto\"></th><th colSpan=\"1\" rowSpan=\"1\" width=\"auto\"></th></tr><tr><td colSpan=\"1\" rowSpan=\"1\" width=\"auto\"></td><td colSpan=\"1\" rowSpan=\"1\" width=\"auto\">4</td><td colSpan=\"1\" rowSpan=\"1\" width=\"auto\"></td><td colSpan=\"1\" rowSpan=\"1\" width=\"auto\"></td><td colSpan=\"1\" rowSpan=\"1\" width=\"auto\"></td><td colSpan=\"1\" rowSpan=\"1\" width=\"auto\"></td><td colSpan=\"1\" rowSpan=\"1\" width=\"auto\"></td></tr><tr><td colSpan=\"1\" rowSpan=\"1\" width=\"auto\"></td><td colSpan=\"1\" rowSpan=\"1\" width=\"auto\"></td><td colSpan=\"1\" rowSpan=\"1\" width=\"auto\">5</td><td colSpan=\"1\" rowSpan=\"1\" width=\"auto\"></td><td colSpan=\"1\" rowSpan=\"1\" width=\"auto\"></td><td colSpan=\"1\" rowSpan=\"1\" width=\"auto\"></td><td colSpan=\"1\" rowSpan=\"1\" width=\"auto\"></td></tr><tr><td colSpan=\"1\" rowSpan=\"1\" width=\"auto\">3</td><td colSpan=\"1\" rowSpan=\"1\" width=\"auto\"></td><td colSpan=\"1\" rowSpan=\"1\" width=\"auto\">6</td><td colSpan=\"1\" rowSpan=\"1\" width=\"auto\"></td><td colSpan=\"1\" rowSpan=\"1\" width=\"auto\">6</td><td colSpan=\"1\" rowSpan=\"1\" width=\"auto\"></td><td colSpan=\"1\" rowSpan=\"1\" width=\"auto\"></td></tr><tr><td colSpan=\"1\" rowSpan=\"1\" width=\"auto\"></td><td colSpan=\"1\" rowSpan=\"1\" width=\"auto\"></td><td colSpan=\"1\" rowSpan=\"1\" width=\"auto\"></td><td colSpan=\"1\" rowSpan=\"1\" width=\"auto\"></td><td colSpan=\"1\" rowSpan=\"1\" width=\"auto\"></td><td colSpan=\"1\" rowSpan=\"1\" width=\"auto\"></td><td colSpan=\"1\" rowSpan=\"1\" width=\"auto\"></td></tr><tr><td colSpan=\"1\" rowSpan=\"1\" width=\"auto\">1</td><td colSpan=\"1\" rowSpan=\"1\" width=\"auto\"></td><td colSpan=\"1\" rowSpan=\"1\" width=\"auto\"></td><td colSpan=\"1\" rowSpan=\"1\" width=\"auto\"></td><td colSpan=\"1\" rowSpan=\"1\" width=\"auto\">3</td><td colSpan=\"1\" rowSpan=\"1\" width=\"auto\">3</td><td colSpan=\"1\" rowSpan=\"1\" width=\"auto\">1</td></tr></tbody></table><p>到了附近开了</p><p><br></p><hr/><p><u>dsssssssssssssssssssssssssssssssssssss</u></p>","text":"大量减少离开\r\n第三方顺德府阿斯顿\r\n\r\n时间快\r\n烦烦烦烦烦烦\r\n顺德府阿斯蒂芬\r\n哈哈哈数据库的\r\nhahhahhkjsd \r\n453661331\r\n到了附近开了\r\n\r\n\r\ndsssssssssssssssssssssssssssssssssssss","fileIds":[],"coverUrl":null,"coverFile":null,"specialId":null,"specialName":null}
      ┣ ━━━━━━━━━━━━━━━  返回信息 ━━━━━━━━━━━━━━━
      ┣ HTTP响应状态码：                     200
      ┣ 原始类型：                           System.Threading.Tasks.Task<System.Int64>
      ┣ 最终类型：                           Admin.NET.Core.AdminResult<System.Object>
      ┣ 最终返回值：                         {"code":200,"type":"success","message":"","result":"14215981060677","extras":null,"time":"2023-08-28T20:59:14.1907215+08:00"}
      ┗━━━━━━━━━━━  Logging Monitor ━━━━━━━━━━━
info: 2023-08-28 20:59:14.4747897 +08:00 星期一 L System.Logging.LoggingMonitor[0] #46
      [Furion.Pure.dll] async Task LoggingMonitorAttribute.MonitorAsync(MethodInfo actionMethod, IDictionary<string, object> parameterValues, FilterContext context, dynamic next)
      ┏━━━━━━━━━━━  Logging Monitor ━━━━━━━━━━━
      ┣ Admin.NET.Core.JuAI.Service.ArticleService.GetDetail
      ┣ 
      ┣ 控制器名称：          ArticleService
      ┣ 操作名称：            GetDetail
      ┣ 显示名称：            
      ┣ 路由信息：            [area]: ; [controller]: article; [action]: detail
      ┣ 请求方式：            GET
      ┣ 请求地址：            http://localhost:5005/api/article/detail/14215981060677
      ┣ 来源地址：            http://localhost:19991/article/14215981060677
      ┣ 请求端源：            client
      ┣ 浏览器标识：          Mozilla/5.0 (Windows NT 10.0; Win64; x64) AppleWebKit/537.36 (KHTML, like Gecko) Chrome/116.0.0.0 Safari/537.36
      ┣ 客户端区域语言：      zh-CN,zh;q=0.9
      ┣ 客户端 IP 地址：      0.0.0.1
      ┣ 服务端 IP 地址：      0.0.0.1
      ┣ 客户端连接 ID：       00-a6118f4ac7a4b90ccfd6d6dbd98886dc-5ddfcb8f2967b6b1-00
      ┣ 服务线程 ID：         #50
      ┣ 执行耗时：            68ms
      ┣ ━━━━━━━━━━━━━━━  Cookies ━━━━━━━━━━━━━━━
      ┣ 请求端：              
      ┣ 响应端：              
      ┣ ━━━━━━━━━━━━━━━  系统信息 ━━━━━━━━━━━━━━━
      ┣ 系统名称：            Microsoft Windows 10.0.19044
      ┣ 系统架构：            X64
      ┣ 基础框架：            Furion.Pure v4.8.8.41
      ┣ .NET 架构：           .NET 6.0.16
      ┣ ━━━━━━━━━━━━━━━  启动信息 ━━━━━━━━━━━━━━━
      ┣ 运行环境：            Production
      ┣ 启动程序集：          Admin.NET.Web.Entry
      ┣ 进程名称：            Admin.NET.Web.Entry
      ┣ 托管程序：            Kestrel
      ┣ ━━━━━━━━━━━━━━━  参数列表 ━━━━━━━━━━━━━━━
      ┣ Content-Type：        
      ┣ 
      ┣ id (Int64)：          14215981060677
      ┣ ━━━━━━━━━━━━━━━  返回信息 ━━━━━━━━━━━━━━━
      ┣ HTTP响应状态码：      200
      ┣ 原始类型：            System.Threading.Tasks.Task<Admin.NET.Core.JuAI.Article>
      ┣ 最终类型：            Admin.NET.Core.AdminResult<System.Object>
      ┣ 最终返回值：          {"code":200,"type":"success","message":"","result":{"title":"测试一个样式试试。。哈哈","html":"<p>大量减少离开</p><blockquote>第三方顺德府阿斯顿</blockquote><hr/><p>时间快</p><pre><code class=\"language-csharp\">烦烦烦烦烦烦\r\n顺德府阿斯蒂芬\r\n哈哈哈数据库的\r\nhahhahhkjsd </code></pre><table style=\"width: auto;\"><tbody><tr><th colSpan=\"1\" rowSpan=\"1\" width=\"auto\"></th><th colSpan=\"1\" rowSpan=\"1\" width=\"auto\"></th><th colSpan=\"1\" rowSpan=\"1\" width=\"auto\"></th><th colSpan=\"1\" rowSpan=\"1\" width=\"auto\"></th><th colSpan=
      ┗━━━━━━━━━━━  Logging Monitor ━━━━━━━━━━━
info: 2023-08-28 21:06:02.2131140 +08:00 星期一 L System.Logging.LoggingMonitor[0] #34
      [Furion.Pure.dll] async Task LoggingMonitorAttribute.MonitorAsync(MethodInfo actionMethod, IDictionary<string, object> parameterValues, FilterContext context, dynamic next)
      ┏━━━━━━━━━━━  Logging Monitor ━━━━━━━━━━━
      ┣ Admin.NET.Core.JuAI.Service.UpgradeService.GetNewst
      ┣ 
      ┣ 控制器名称：       UpgradeService
      ┣ 操作名称：         GetNewst
      ┣ 显示名称：         
      ┣ 路由信息：         [area]: ; [controller]: upgrade; [action]: newst
      ┣ 请求方式：         GET
      ┣ 请求地址：         http://localhost:5005/api/upgrade/newst
      ┣ 来源地址：         http://localhost:19991/article/14215981060677
      ┣ 请求端源：         client
      ┣ 浏览器标识：       Mozilla/5.0 (Windows NT 10.0; Win64; x64) AppleWebKit/537.36 (KHTML, like Gecko) Chrome/116.0.0.0 Safari/537.36
      ┣ 客户端区域语言：   zh-CN,zh;q=0.9
      ┣ 客户端 IP 地址：   0.0.0.1
      ┣ 服务端 IP 地址：   0.0.0.1
      ┣ 客户端连接 ID：    00-c2069cc3e85891d0f9b6d6ca5a8dbe1b-1325193156b63e43-00
      ┣ 服务线程 ID：      #34
      ┣ 执行耗时：         239ms
      ┣ ━━━━━━━━━━━━━━━  Cookies ━━━━━━━━━━━━━━━
      ┣ 请求端：           
      ┣ 响应端：           
      ┣ ━━━━━━━━━━━━━━━  系统信息 ━━━━━━━━━━━━━━━
      ┣ 系统名称：         Microsoft Windows 10.0.19044
      ┣ 系统架构：         X64
      ┣ 基础框架：         Furion.Pure v4.8.8.41
      ┣ .NET 架构：        .NET 6.0.16
      ┣ ━━━━━━━━━━━━━━━  启动信息 ━━━━━━━━━━━━━━━
      ┣ 运行环境：         Production
      ┣ 启动程序集：       Admin.NET.Web.Entry
      ┣ 进程名称：         Admin.NET.Web.Entry
      ┣ 托管程序：         Kestrel
      ┣ ━━━━━━━━━━━━━━━  返回信息 ━━━━━━━━━━━━━━━
      ┣ HTTP响应状态码：   200
      ┣ 原始类型：         Admin.NET.Core.JuAI.AppUpgrade
      ┣ 最终类型：         Admin.NET.Core.AdminResult<System.Object>
      ┣ 最终返回值：       {"code":200,"type":"success","message":"","result":{"version":"2.12.3","desc":"修复聊天不显示","isForceUpdate":true,"isClearCache":true,"createOrgId":null,"createTime":"2023-08-08T22:29:38","updateTime":"2023-08-08T22:14:27","createUserId":null,"updateUserId":null,"isDelete":false,"id":"3334"},"extras":null,"time":"2023-08-28T21:06:02.210948+08:00"}
      ┗━━━━━━━━━━━  Logging Monitor ━━━━━━━━━━━
info: 2023-08-28 21:06:02.2707255 +08:00 星期一 L System.Logging.LoggingMonitor[0] #3
      [Furion.Pure.dll] async Task LoggingMonitorAttribute.MonitorAsync(MethodInfo actionMethod, IDictionary<string, object> parameterValues, FilterContext context, dynamic next)
      ┏━━━━━━━━━━━  Logging Monitor ━━━━━━━━━━━
      ┣ Admin.NET.Core.JuAI.Service.ArticleService.GetDetail
      ┣ 
      ┣ 控制器名称：          ArticleService
      ┣ 操作名称：            GetDetail
      ┣ 显示名称：            
      ┣ 路由信息：            [area]: ; [controller]: article; [action]: detail
      ┣ 请求方式：            GET
      ┣ 请求地址：            http://localhost:5005/api/article/detail/14215981060677
      ┣ 来源地址：            http://localhost:19991/article/14215981060677
      ┣ 请求端源：            client
      ┣ 浏览器标识：          Mozilla/5.0 (Windows NT 10.0; Win64; x64) AppleWebKit/537.36 (KHTML, like Gecko) Chrome/116.0.0.0 Safari/537.36
      ┣ 客户端区域语言：      zh-CN,zh;q=0.9
      ┣ 客户端 IP 地址：      0.0.0.1
      ┣ 服务端 IP 地址：      0.0.0.1
      ┣ 客户端连接 ID：       00-bea439d42abcaab51860d1b13e31f122-677b22611677212f-00
      ┣ 服务线程 ID：         #44
      ┣ 执行耗时：            296ms
      ┣ ━━━━━━━━━━━━━━━  Cookies ━━━━━━━━━━━━━━━
      ┣ 请求端：              
      ┣ 响应端：              
      ┣ ━━━━━━━━━━━━━━━  系统信息 ━━━━━━━━━━━━━━━
      ┣ 系统名称：            Microsoft Windows 10.0.19044
      ┣ 系统架构：            X64
      ┣ 基础框架：            Furion.Pure v4.8.8.41
      ┣ .NET 架构：           .NET 6.0.16
      ┣ ━━━━━━━━━━━━━━━  启动信息 ━━━━━━━━━━━━━━━
      ┣ 运行环境：            Production
      ┣ 启动程序集：          Admin.NET.Web.Entry
      ┣ 进程名称：            Admin.NET.Web.Entry
      ┣ 托管程序：            Kestrel
      ┣ ━━━━━━━━━━━━━━━  参数列表 ━━━━━━━━━━━━━━━
      ┣ Content-Type：        
      ┣ 
      ┣ id (Int64)：          14215981060677
      ┣ ━━━━━━━━━━━━━━━  返回信息 ━━━━━━━━━━━━━━━
      ┣ HTTP响应状态码：      200
      ┣ 原始类型：            System.Threading.Tasks.Task<Admin.NET.Core.JuAI.Article>
      ┣ 最终类型：            Admin.NET.Core.AdminResult<System.Object>
      ┣ 最终返回值：          {"code":200,"type":"success","message":"","result":{"title":"测试一个样式试试。。哈哈","html":"<p>大量减少离开</p><blockquote>第三方顺德府阿斯顿</blockquote><hr/><p>时间快</p><pre><code class=\"language-csharp\">烦烦烦烦烦烦\r\n顺德府阿斯蒂芬\r\n哈哈哈数据库的\r\nhahhahhkjsd </code></pre><table style=\"width: auto;\"><tbody><tr><th colSpan=\"1\" rowSpan=\"1\" width=\"auto\"></th><th colSpan=\"1\" rowSpan=\"1\" width=\"auto\"></th><th colSpan=\"1\" rowSpan=\"1\" width=\"auto\"></th><th colSpan=\"1\" rowSpan=\"1\" width=\"auto\"></th><th colSpan=
      ┗━━━━━━━━━━━  Logging Monitor ━━━━━━━━━━━
info: 2023-08-28 21:10:08.5537757 +08:00 星期一 L System.Logging.LoggingMonitor[0] #37
      [Furion.Pure.dll] async Task LoggingMonitorAttribute.MonitorAsync(MethodInfo actionMethod, IDictionary<string, object> parameterValues, FilterContext context, dynamic next)
      ┏━━━━━━━━━━━  Logging Monitor ━━━━━━━━━━━
      ┣ Admin.NET.Core.JuAI.Service.UpgradeService.GetNewst
      ┣ 
      ┣ 控制器名称：       UpgradeService
      ┣ 操作名称：         GetNewst
      ┣ 显示名称：         
      ┣ 路由信息：         [area]: ; [controller]: upgrade; [action]: newst
      ┣ 请求方式：         GET
      ┣ 请求地址：         http://localhost:5005/api/upgrade/newst
      ┣ 来源地址：         http://localhost:19991/article/14215981060677
      ┣ 请求端源：         client
      ┣ 浏览器标识：       Mozilla/5.0 (Windows NT 10.0; Win64; x64) AppleWebKit/537.36 (KHTML, like Gecko) Chrome/116.0.0.0 Safari/537.36
      ┣ 客户端区域语言：   zh-CN,zh;q=0.9
      ┣ 客户端 IP 地址：   0.0.0.1
      ┣ 服务端 IP 地址：   0.0.0.1
      ┣ 客户端连接 ID：    00-de2e8138bdd0b3522ae8ef67214c87bc-e15f01156651514a-00
      ┣ 服务线程 ID：      #37
      ┣ 执行耗时：         220ms
      ┣ ━━━━━━━━━━━━━━━  Cookies ━━━━━━━━━━━━━━━
      ┣ 请求端：           
      ┣ 响应端：           
      ┣ ━━━━━━━━━━━━━━━  系统信息 ━━━━━━━━━━━━━━━
      ┣ 系统名称：         Microsoft Windows 10.0.19044
      ┣ 系统架构：         X64
      ┣ 基础框架：         Furion.Pure v4.8.8.41
      ┣ .NET 架构：        .NET 6.0.16
      ┣ ━━━━━━━━━━━━━━━  启动信息 ━━━━━━━━━━━━━━━
      ┣ 运行环境：         Production
      ┣ 启动程序集：       Admin.NET.Web.Entry
      ┣ 进程名称：         Admin.NET.Web.Entry
      ┣ 托管程序：         Kestrel
      ┣ ━━━━━━━━━━━━━━━  返回信息 ━━━━━━━━━━━━━━━
      ┣ HTTP响应状态码：   200
      ┣ 原始类型：         Admin.NET.Core.JuAI.AppUpgrade
      ┣ 最终类型：         Admin.NET.Core.AdminResult<System.Object>
      ┣ 最终返回值：       {"code":200,"type":"success","message":"","result":{"version":"2.12.3","desc":"修复聊天不显示","isForceUpdate":true,"isClearCache":true,"createOrgId":null,"createTime":"2023-08-08T22:29:38","updateTime":"2023-08-08T22:14:27","createUserId":null,"updateUserId":null,"isDelete":false,"id":"3334"},"extras":null,"time":"2023-08-28T21:10:08.5515416+08:00"}
      ┗━━━━━━━━━━━  Logging Monitor ━━━━━━━━━━━
info: 2023-08-28 21:10:08.5550157 +08:00 星期一 L System.Logging.LoggingMonitor[0] #38
      [Furion.Pure.dll] async Task LoggingMonitorAttribute.MonitorAsync(MethodInfo actionMethod, IDictionary<string, object> parameterValues, FilterContext context, dynamic next)
      ┏━━━━━━━━━━━  Logging Monitor ━━━━━━━━━━━
      ┣ Admin.NET.Core.JuAI.Service.ArticleService.GetDetail
      ┣ 
      ┣ 控制器名称：          ArticleService
      ┣ 操作名称：            GetDetail
      ┣ 显示名称：            
      ┣ 路由信息：            [area]: ; [controller]: article; [action]: detail
      ┣ 请求方式：            GET
      ┣ 请求地址：            http://localhost:5005/api/article/detail/14215981060677
      ┣ 来源地址：            http://localhost:19991/article/14215981060677
      ┣ 请求端源：            client
      ┣ 浏览器标识：          Mozilla/5.0 (Windows NT 10.0; Win64; x64) AppleWebKit/537.36 (KHTML, like Gecko) Chrome/116.0.0.0 Safari/537.36
      ┣ 客户端区域语言：      zh-CN,zh;q=0.9
      ┣ 客户端 IP 地址：      0.0.0.1
      ┣ 服务端 IP 地址：      0.0.0.1
      ┣ 客户端连接 ID：       00-014b1a5ae7e73b3a2b5d199e7468d474-b8dd46befd054d27-00
      ┣ 服务线程 ID：         #43
      ┣ 执行耗时：            206ms
      ┣ ━━━━━━━━━━━━━━━  Cookies ━━━━━━━━━━━━━━━
      ┣ 请求端：              
      ┣ 响应端：              
      ┣ ━━━━━━━━━━━━━━━  系统信息 ━━━━━━━━━━━━━━━
      ┣ 系统名称：            Microsoft Windows 10.0.19044
      ┣ 系统架构：            X64
      ┣ 基础框架：            Furion.Pure v4.8.8.41
      ┣ .NET 架构：           .NET 6.0.16
      ┣ ━━━━━━━━━━━━━━━  启动信息 ━━━━━━━━━━━━━━━
      ┣ 运行环境：            Production
      ┣ 启动程序集：          Admin.NET.Web.Entry
      ┣ 进程名称：            Admin.NET.Web.Entry
      ┣ 托管程序：            Kestrel
      ┣ ━━━━━━━━━━━━━━━  参数列表 ━━━━━━━━━━━━━━━
      ┣ Content-Type：        
      ┣ 
      ┣ id (Int64)：          14215981060677
      ┣ ━━━━━━━━━━━━━━━  返回信息 ━━━━━━━━━━━━━━━
      ┣ HTTP响应状态码：      200
      ┣ 原始类型：            System.Threading.Tasks.Task<Admin.NET.Core.JuAI.Article>
      ┣ 最终类型：            Admin.NET.Core.AdminResult<System.Object>
      ┣ 最终返回值：          {"code":200,"type":"success","message":"","result":{"title":"测试一个样式试试。。哈哈","html":"<p>大量减少离开</p><blockquote>第三方顺德府阿斯顿</blockquote><hr/><p>时间快</p><pre><code class=\"language-csharp\">烦烦烦烦烦烦\r\n顺德府阿斯蒂芬\r\n哈哈哈数据库的\r\nhahhahhkjsd </code></pre><table style=\"width: auto;\"><tbody><tr><th colSpan=\"1\" rowSpan=\"1\" width=\"auto\"></th><th colSpan=\"1\" rowSpan=\"1\" width=\"auto\"></th><th colSpan=\"1\" rowSpan=\"1\" width=\"auto\"></th><th colSpan=\"1\" rowSpan=\"1\" width=\"auto\"></th><th colSpan=
      ┗━━━━━━━━━━━  Logging Monitor ━━━━━━━━━━━
info: 2023-08-28 21:13:50.4610334 +08:00 星期一 L System.Logging.LoggingMonitor[0] #43
      [Furion.Pure.dll] async Task LoggingMonitorAttribute.MonitorAsync(MethodInfo actionMethod, IDictionary<string, object> parameterValues, FilterContext context, dynamic next)
      ┏━━━━━━━━━━━  Logging Monitor ━━━━━━━━━━━
      ┣ Admin.NET.Core.JuAI.Service.UpgradeService.GetNewst
      ┣ 
      ┣ 控制器名称：       UpgradeService
      ┣ 操作名称：         GetNewst
      ┣ 显示名称：         
      ┣ 路由信息：         [area]: ; [controller]: upgrade; [action]: newst
      ┣ 请求方式：         GET
      ┣ 请求地址：         http://localhost:5005/api/upgrade/newst
      ┣ 来源地址：         http://localhost:19991/article/14215981060677
      ┣ 请求端源：         client
      ┣ 浏览器标识：       Mozilla/5.0 (Windows NT 10.0; Win64; x64) AppleWebKit/537.36 (KHTML, like Gecko) Chrome/116.0.0.0 Safari/537.36
      ┣ 客户端区域语言：   zh-CN,zh;q=0.9
      ┣ 客户端 IP 地址：   0.0.0.1
      ┣ 服务端 IP 地址：   0.0.0.1
      ┣ 客户端连接 ID：    00-00acd22d39fbf2b64e17d968d9c5db5f-5564f9ecef50daf5-00
      ┣ 服务线程 ID：      #43
      ┣ 执行耗时：         62ms
      ┣ ━━━━━━━━━━━━━━━  Cookies ━━━━━━━━━━━━━━━
      ┣ 请求端：           
      ┣ 响应端：           
      ┣ ━━━━━━━━━━━━━━━  系统信息 ━━━━━━━━━━━━━━━
      ┣ 系统名称：         Microsoft Windows 10.0.19044
      ┣ 系统架构：         X64
      ┣ 基础框架：         Furion.Pure v4.8.8.41
      ┣ .NET 架构：        .NET 6.0.16
      ┣ ━━━━━━━━━━━━━━━  启动信息 ━━━━━━━━━━━━━━━
      ┣ 运行环境：         Production
      ┣ 启动程序集：       Admin.NET.Web.Entry
      ┣ 进程名称：         Admin.NET.Web.Entry
      ┣ 托管程序：         Kestrel
      ┣ ━━━━━━━━━━━━━━━  返回信息 ━━━━━━━━━━━━━━━
      ┣ HTTP响应状态码：   200
      ┣ 原始类型：         Admin.NET.Core.JuAI.AppUpgrade
      ┣ 最终类型：         Admin.NET.Core.AdminResult<System.Object>
      ┣ 最终返回值：       {"code":200,"type":"success","message":"","result":{"version":"2.12.3","desc":"修复聊天不显示","isForceUpdate":true,"isClearCache":true,"createOrgId":null,"createTime":"2023-08-08T22:29:38","updateTime":"2023-08-08T22:14:27","createUserId":null,"updateUserId":null,"isDelete":false,"id":"3334"},"extras":null,"time":"2023-08-28T21:13:50.4584204+08:00"}
      ┗━━━━━━━━━━━  Logging Monitor ━━━━━━━━━━━
info: 2023-08-28 21:13:50.4634716 +08:00 星期一 L System.Logging.LoggingMonitor[0] #3
      [Furion.Pure.dll] async Task LoggingMonitorAttribute.MonitorAsync(MethodInfo actionMethod, IDictionary<string, object> parameterValues, FilterContext context, dynamic next)
      ┏━━━━━━━━━━━  Logging Monitor ━━━━━━━━━━━
      ┣ Admin.NET.Core.JuAI.Service.ArticleService.GetDetail
      ┣ 
      ┣ 控制器名称：          ArticleService
      ┣ 操作名称：            GetDetail
      ┣ 显示名称：            
      ┣ 路由信息：            [area]: ; [controller]: article; [action]: detail
      ┣ 请求方式：            GET
      ┣ 请求地址：            http://localhost:5005/api/article/detail/14215981060677
      ┣ 来源地址：            http://localhost:19991/article/14215981060677
      ┣ 请求端源：            client
      ┣ 浏览器标识：          Mozilla/5.0 (Windows NT 10.0; Win64; x64) AppleWebKit/537.36 (KHTML, like Gecko) Chrome/116.0.0.0 Safari/537.36
      ┣ 客户端区域语言：      zh-CN,zh;q=0.9
      ┣ 客户端 IP 地址：      0.0.0.1
      ┣ 服务端 IP 地址：      0.0.0.1
      ┣ 客户端连接 ID：       00-518d5cf8cedca14eaee8aab6ff021b7d-98a371494d1ef94a-00
      ┣ 服务线程 ID：         #48
      ┣ 执行耗时：            61ms
      ┣ ━━━━━━━━━━━━━━━  Cookies ━━━━━━━━━━━━━━━
      ┣ 请求端：              
      ┣ 响应端：              
      ┣ ━━━━━━━━━━━━━━━  系统信息 ━━━━━━━━━━━━━━━
      ┣ 系统名称：            Microsoft Windows 10.0.19044
      ┣ 系统架构：            X64
      ┣ 基础框架：            Furion.Pure v4.8.8.41
      ┣ .NET 架构：           .NET 6.0.16
      ┣ ━━━━━━━━━━━━━━━  启动信息 ━━━━━━━━━━━━━━━
      ┣ 运行环境：            Production
      ┣ 启动程序集：          Admin.NET.Web.Entry
      ┣ 进程名称：            Admin.NET.Web.Entry
      ┣ 托管程序：            Kestrel
      ┣ ━━━━━━━━━━━━━━━  参数列表 ━━━━━━━━━━━━━━━
      ┣ Content-Type：        
      ┣ 
      ┣ id (Int64)：          14215981060677
      ┣ ━━━━━━━━━━━━━━━  返回信息 ━━━━━━━━━━━━━━━
      ┣ HTTP响应状态码：      200
      ┣ 原始类型：            System.Threading.Tasks.Task<Admin.NET.Core.JuAI.Article>
      ┣ 最终类型：            Admin.NET.Core.AdminResult<System.Object>
      ┣ 最终返回值：          {"code":200,"type":"success","message":"","result":{"title":"测试一个样式试试。。哈哈","html":"<p>大量减少离开</p><blockquote>第三方顺德府阿斯顿</blockquote><hr/><p>时间快</p><pre><code class=\"language-csharp\">烦烦烦烦烦烦\r\n顺德府阿斯蒂芬\r\n哈哈哈数据库的\r\nhahhahhkjsd </code></pre><table style=\"width: auto;\"><tbody><tr><th colSpan=\"1\" rowSpan=\"1\" width=\"auto\"></th><th colSpan=\"1\" rowSpan=\"1\" width=\"auto\"></th><th colSpan=\"1\" rowSpan=\"1\" width=\"auto\"></th><th colSpan=\"1\" rowSpan=\"1\" width=\"auto\"></th><th colSpan=
      ┗━━━━━━━━━━━  Logging Monitor ━━━━━━━━━━━
info: 2023-08-28 21:14:13.5233214 +08:00 星期一 L System.Logging.LoggingMonitor[0] #28
      [Furion.Pure.dll] async Task LoggingMonitorAttribute.MonitorAsync(MethodInfo actionMethod, IDictionary<string, object> parameterValues, FilterContext context, dynamic next)
      ┏━━━━━━━━━━━  Logging Monitor ━━━━━━━━━━━
      ┣ Admin.NET.Core.JuAI.Service.UpgradeService.GetNewst
      ┣ 
      ┣ 控制器名称：       UpgradeService
      ┣ 操作名称：         GetNewst
      ┣ 显示名称：         
      ┣ 路由信息：         [area]: ; [controller]: upgrade; [action]: newst
      ┣ 请求方式：         GET
      ┣ 请求地址：         http://localhost:5005/api/upgrade/newst
      ┣ 来源地址：         http://localhost:19991/article/14215981060677
      ┣ 请求端源：         client
      ┣ 浏览器标识：       Mozilla/5.0 (Windows NT 10.0; Win64; x64) AppleWebKit/537.36 (KHTML, like Gecko) Chrome/116.0.0.0 Safari/537.36
      ┣ 客户端区域语言：   zh-CN,zh;q=0.9
      ┣ 客户端 IP 地址：   0.0.0.1
      ┣ 服务端 IP 地址：   0.0.0.1
      ┣ 客户端连接 ID：    00-c938a1e7624b3aff5c8c932b658d16ef-0a422362ba72c0d2-00
      ┣ 服务线程 ID：      #28
      ┣ 执行耗时：         73ms
      ┣ ━━━━━━━━━━━━━━━  Cookies ━━━━━━━━━━━━━━━
      ┣ 请求端：           
      ┣ 响应端：           
      ┣ ━━━━━━━━━━━━━━━  系统信息 ━━━━━━━━━━━━━━━
      ┣ 系统名称：         Microsoft Windows 10.0.19044
      ┣ 系统架构：         X64
      ┣ 基础框架：         Furion.Pure v4.8.8.41
      ┣ .NET 架构：        .NET 6.0.16
      ┣ ━━━━━━━━━━━━━━━  启动信息 ━━━━━━━━━━━━━━━
      ┣ 运行环境：         Production
      ┣ 启动程序集：       Admin.NET.Web.Entry
      ┣ 进程名称：         Admin.NET.Web.Entry
      ┣ 托管程序：         Kestrel
      ┣ ━━━━━━━━━━━━━━━  返回信息 ━━━━━━━━━━━━━━━
      ┣ HTTP响应状态码：   200
      ┣ 原始类型：         Admin.NET.Core.JuAI.AppUpgrade
      ┣ 最终类型：         Admin.NET.Core.AdminResult<System.Object>
      ┣ 最终返回值：       {"code":200,"type":"success","message":"","result":{"version":"2.12.3","desc":"修复聊天不显示","isForceUpdate":true,"isClearCache":true,"createOrgId":null,"createTime":"2023-08-08T22:29:38","updateTime":"2023-08-08T22:14:27","createUserId":null,"updateUserId":null,"isDelete":false,"id":"3334"},"extras":null,"time":"2023-08-28T21:14:13.5206136+08:00"}
      ┗━━━━━━━━━━━  Logging Monitor ━━━━━━━━━━━
info: 2023-08-28 21:14:13.5252930 +08:00 星期一 L System.Logging.LoggingMonitor[0] #47
      [Furion.Pure.dll] async Task LoggingMonitorAttribute.MonitorAsync(MethodInfo actionMethod, IDictionary<string, object> parameterValues, FilterContext context, dynamic next)
      ┏━━━━━━━━━━━  Logging Monitor ━━━━━━━━━━━
      ┣ Admin.NET.Core.JuAI.Service.ArticleService.GetDetail
      ┣ 
      ┣ 控制器名称：          ArticleService
      ┣ 操作名称：            GetDetail
      ┣ 显示名称：            
      ┣ 路由信息：            [area]: ; [controller]: article; [action]: detail
      ┣ 请求方式：            GET
      ┣ 请求地址：            http://localhost:5005/api/article/detail/14215981060677
      ┣ 来源地址：            http://localhost:19991/article/14215981060677
      ┣ 请求端源：            client
      ┣ 浏览器标识：          Mozilla/5.0 (Windows NT 10.0; Win64; x64) AppleWebKit/537.36 (KHTML, like Gecko) Chrome/116.0.0.0 Safari/537.36
      ┣ 客户端区域语言：      zh-CN,zh;q=0.9
      ┣ 客户端 IP 地址：      0.0.0.1
      ┣ 服务端 IP 地址：      0.0.0.1
      ┣ 客户端连接 ID：       00-20745c17430766e203e510ee82ef0711-9bc899d4c6859afe-00
      ┣ 服务线程 ID：         #8
      ┣ 执行耗时：            73ms
      ┣ ━━━━━━━━━━━━━━━  Cookies ━━━━━━━━━━━━━━━
      ┣ 请求端：              
      ┣ 响应端：              
      ┣ ━━━━━━━━━━━━━━━  系统信息 ━━━━━━━━━━━━━━━
      ┣ 系统名称：            Microsoft Windows 10.0.19044
      ┣ 系统架构：            X64
      ┣ 基础框架：            Furion.Pure v4.8.8.41
      ┣ .NET 架构：           .NET 6.0.16
      ┣ ━━━━━━━━━━━━━━━  启动信息 ━━━━━━━━━━━━━━━
      ┣ 运行环境：            Production
      ┣ 启动程序集：          Admin.NET.Web.Entry
      ┣ 进程名称：            Admin.NET.Web.Entry
      ┣ 托管程序：            Kestrel
      ┣ ━━━━━━━━━━━━━━━  参数列表 ━━━━━━━━━━━━━━━
      ┣ Content-Type：        
      ┣ 
      ┣ id (Int64)：          14215981060677
      ┣ ━━━━━━━━━━━━━━━  返回信息 ━━━━━━━━━━━━━━━
      ┣ HTTP响应状态码：      200
      ┣ 原始类型：            System.Threading.Tasks.Task<Admin.NET.Core.JuAI.Article>
      ┣ 最终类型：            Admin.NET.Core.AdminResult<System.Object>
      ┣ 最终返回值：          {"code":200,"type":"success","message":"","result":{"title":"测试一个样式试试。。哈哈","html":"<p>大量减少离开</p><blockquote>第三方顺德府阿斯顿</blockquote><hr/><p>时间快</p><pre><code class=\"language-csharp\">烦烦烦烦烦烦\r\n顺德府阿斯蒂芬\r\n哈哈哈数据库的\r\nhahhahhkjsd </code></pre><table style=\"width: auto;\"><tbody><tr><th colSpan=\"1\" rowSpan=\"1\" width=\"auto\"></th><th colSpan=\"1\" rowSpan=\"1\" width=\"auto\"></th><th colSpan=\"1\" rowSpan=\"1\" width=\"auto\"></th><th colSpan=\"1\" rowSpan=\"1\" width=\"auto\"></th><th colSpan=
      ┗━━━━━━━━━━━  Logging Monitor ━━━━━━━━━━━
info: 2023-08-28 21:18:34.2238102 +08:00 星期一 L System.Logging.LoggingMonitor[0] #36
      [Furion.Pure.dll] async Task LoggingMonitorAttribute.MonitorAsync(MethodInfo actionMethod, IDictionary<string, object> parameterValues, FilterContext context, dynamic next)
      ┏━━━━━━━━━━━  Logging Monitor ━━━━━━━━━━━
      ┣ Admin.NET.Core.JuAI.Service.UpgradeService.GetNewst
      ┣ 
      ┣ 控制器名称：       UpgradeService
      ┣ 操作名称：         GetNewst
      ┣ 显示名称：         
      ┣ 路由信息：         [area]: ; [controller]: upgrade; [action]: newst
      ┣ 请求方式：         GET
      ┣ 请求地址：         http://localhost:5005/api/upgrade/newst
      ┣ 来源地址：         http://localhost:19991/article/14215981060677
      ┣ 请求端源：         client
      ┣ 浏览器标识：       Mozilla/5.0 (Windows NT 10.0; Win64; x64) AppleWebKit/537.36 (KHTML, like Gecko) Chrome/116.0.0.0 Safari/537.36
      ┣ 客户端区域语言：   zh-CN,zh;q=0.9
      ┣ 客户端 IP 地址：   0.0.0.1
      ┣ 服务端 IP 地址：   0.0.0.1
      ┣ 客户端连接 ID：    00-eb90f340a49f112e610f524824c03279-f0704c7cb02cce8a-00
      ┣ 服务线程 ID：      #36
      ┣ 执行耗时：         205ms
      ┣ ━━━━━━━━━━━━━━━  Cookies ━━━━━━━━━━━━━━━
      ┣ 请求端：           
      ┣ 响应端：           
      ┣ ━━━━━━━━━━━━━━━  系统信息 ━━━━━━━━━━━━━━━
      ┣ 系统名称：         Microsoft Windows 10.0.19044
      ┣ 系统架构：         X64
      ┣ 基础框架：         Furion.Pure v4.8.8.41
      ┣ .NET 架构：        .NET 6.0.16
      ┣ ━━━━━━━━━━━━━━━  启动信息 ━━━━━━━━━━━━━━━
      ┣ 运行环境：         Production
      ┣ 启动程序集：       Admin.NET.Web.Entry
      ┣ 进程名称：         Admin.NET.Web.Entry
      ┣ 托管程序：         Kestrel
      ┣ ━━━━━━━━━━━━━━━  返回信息 ━━━━━━━━━━━━━━━
      ┣ HTTP响应状态码：   200
      ┣ 原始类型：         Admin.NET.Core.JuAI.AppUpgrade
      ┣ 最终类型：         Admin.NET.Core.AdminResult<System.Object>
      ┣ 最终返回值：       {"code":200,"type":"success","message":"","result":{"version":"2.12.3","desc":"修复聊天不显示","isForceUpdate":true,"isClearCache":true,"createOrgId":null,"createTime":"2023-08-08T22:29:38","updateTime":"2023-08-08T22:14:27","createUserId":null,"updateUserId":null,"isDelete":false,"id":"3334"},"extras":null,"time":"2023-08-28T21:18:34.2204706+08:00"}
      ┗━━━━━━━━━━━  Logging Monitor ━━━━━━━━━━━
info: 2023-08-28 21:18:34.2222805 +08:00 星期一 L System.Logging.LoggingMonitor[0] #39
      [Furion.Pure.dll] async Task LoggingMonitorAttribute.MonitorAsync(MethodInfo actionMethod, IDictionary<string, object> parameterValues, FilterContext context, dynamic next)
      ┏━━━━━━━━━━━  Logging Monitor ━━━━━━━━━━━
      ┣ Admin.NET.Core.JuAI.Service.ArticleService.GetDetail
      ┣ 
      ┣ 控制器名称：          ArticleService
      ┣ 操作名称：            GetDetail
      ┣ 显示名称：            
      ┣ 路由信息：            [area]: ; [controller]: article; [action]: detail
      ┣ 请求方式：            GET
      ┣ 请求地址：            http://localhost:5005/api/article/detail/14215981060677
      ┣ 来源地址：            http://localhost:19991/article/14215981060677
      ┣ 请求端源：            client
      ┣ 浏览器标识：          Mozilla/5.0 (Windows NT 10.0; Win64; x64) AppleWebKit/537.36 (KHTML, like Gecko) Chrome/116.0.0.0 Safari/537.36
      ┣ 客户端区域语言：      zh-CN,zh;q=0.9
      ┣ 客户端 IP 地址：      0.0.0.1
      ┣ 服务端 IP 地址：      0.0.0.1
      ┣ 客户端连接 ID：       00-71e283937a1fb0e395e720796c8d67f0-b2c93101b69cb41d-00
      ┣ 服务线程 ID：         #23
      ┣ 执行耗时：            211ms
      ┣ ━━━━━━━━━━━━━━━  Cookies ━━━━━━━━━━━━━━━
      ┣ 请求端：              
      ┣ 响应端：              
      ┣ ━━━━━━━━━━━━━━━  系统信息 ━━━━━━━━━━━━━━━
      ┣ 系统名称：            Microsoft Windows 10.0.19044
      ┣ 系统架构：            X64
      ┣ 基础框架：            Furion.Pure v4.8.8.41
      ┣ .NET 架构：           .NET 6.0.16
      ┣ ━━━━━━━━━━━━━━━  启动信息 ━━━━━━━━━━━━━━━
      ┣ 运行环境：            Production
      ┣ 启动程序集：          Admin.NET.Web.Entry
      ┣ 进程名称：            Admin.NET.Web.Entry
      ┣ 托管程序：            Kestrel
      ┣ ━━━━━━━━━━━━━━━  参数列表 ━━━━━━━━━━━━━━━
      ┣ Content-Type：        
      ┣ 
      ┣ id (Int64)：          14215981060677
      ┣ ━━━━━━━━━━━━━━━  返回信息 ━━━━━━━━━━━━━━━
      ┣ HTTP响应状态码：      200
      ┣ 原始类型：            System.Threading.Tasks.Task<Admin.NET.Core.JuAI.Article>
      ┣ 最终类型：            Admin.NET.Core.AdminResult<System.Object>
      ┣ 最终返回值：          {"code":200,"type":"success","message":"","result":{"title":"测试一个样式试试。。哈哈","html":"<p>大量减少离开</p><blockquote>第三方顺德府阿斯顿</blockquote><hr/><p>时间快</p><pre><code class=\"language-csharp\">烦烦烦烦烦烦\r\n顺德府阿斯蒂芬\r\n哈哈哈数据库的\r\nhahhahhkjsd </code></pre><table style=\"width: auto;\"><tbody><tr><th colSpan=\"1\" rowSpan=\"1\" width=\"auto\"></th><th colSpan=\"1\" rowSpan=\"1\" width=\"auto\"></th><th colSpan=\"1\" rowSpan=\"1\" width=\"auto\"></th><th colSpan=\"1\" rowSpan=\"1\" width=\"auto\"></th><th colSpan=
      ┗━━━━━━━━━━━  Logging Monitor ━━━━━━━━━━━
info: 2023-08-28 21:18:44.9161212 +08:00 星期一 L System.Logging.LoggingMonitor[0] #37
      [Furion.Pure.dll] async Task LoggingMonitorAttribute.MonitorAsync(MethodInfo actionMethod, IDictionary<string, object> parameterValues, FilterContext context, dynamic next)
      ┏━━━━━━━━━━━  Logging Monitor ━━━━━━━━━━━
      ┣ Admin.NET.Core.JuAI.Service.UpgradeService.GetNewst
      ┣ 
      ┣ 控制器名称：       UpgradeService
      ┣ 操作名称：         GetNewst
      ┣ 显示名称：         
      ┣ 路由信息：         [area]: ; [controller]: upgrade; [action]: newst
      ┣ 请求方式：         GET
      ┣ 请求地址：         http://localhost:5005/api/upgrade/newst
      ┣ 来源地址：         http://localhost:19991/article/14215981060677
      ┣ 请求端源：         client
      ┣ 浏览器标识：       Mozilla/5.0 (Windows NT 10.0; Win64; x64) AppleWebKit/537.36 (KHTML, like Gecko) Chrome/116.0.0.0 Safari/537.36
      ┣ 客户端区域语言：   zh-CN,zh;q=0.9
      ┣ 客户端 IP 地址：   0.0.0.1
      ┣ 服务端 IP 地址：   0.0.0.1
      ┣ 客户端连接 ID：    00-ee08dcd04639c628b9786230ec05e88d-67d7e385a8dbc519-00
      ┣ 服务线程 ID：      #37
      ┣ 执行耗时：         61ms
      ┣ ━━━━━━━━━━━━━━━  Cookies ━━━━━━━━━━━━━━━
      ┣ 请求端：           
      ┣ 响应端：           
      ┣ ━━━━━━━━━━━━━━━  系统信息 ━━━━━━━━━━━━━━━
      ┣ 系统名称：         Microsoft Windows 10.0.19044
      ┣ 系统架构：         X64
      ┣ 基础框架：         Furion.Pure v4.8.8.41
      ┣ .NET 架构：        .NET 6.0.16
      ┣ ━━━━━━━━━━━━━━━  启动信息 ━━━━━━━━━━━━━━━
      ┣ 运行环境：         Production
      ┣ 启动程序集：       Admin.NET.Web.Entry
      ┣ 进程名称：         Admin.NET.Web.Entry
      ┣ 托管程序：         Kestrel
      ┣ ━━━━━━━━━━━━━━━  返回信息 ━━━━━━━━━━━━━━━
      ┣ HTTP响应状态码：   200
      ┣ 原始类型：         Admin.NET.Core.JuAI.AppUpgrade
      ┣ 最终类型：         Admin.NET.Core.AdminResult<System.Object>
      ┣ 最终返回值：       {"code":200,"type":"success","message":"","result":{"version":"2.12.3","desc":"修复聊天不显示","isForceUpdate":true,"isClearCache":true,"createOrgId":null,"createTime":"2023-08-08T22:29:38","updateTime":"2023-08-08T22:14:27","createUserId":null,"updateUserId":null,"isDelete":false,"id":"3334"},"extras":null,"time":"2023-08-28T21:18:44.9125874+08:00"}
      ┗━━━━━━━━━━━  Logging Monitor ━━━━━━━━━━━
info: 2023-08-28 21:18:44.9182209 +08:00 星期一 L System.Logging.LoggingMonitor[0] #29
      [Furion.Pure.dll] async Task LoggingMonitorAttribute.MonitorAsync(MethodInfo actionMethod, IDictionary<string, object> parameterValues, FilterContext context, dynamic next)
      ┏━━━━━━━━━━━  Logging Monitor ━━━━━━━━━━━
      ┣ Admin.NET.Core.JuAI.Service.ArticleService.GetDetail
      ┣ 
      ┣ 控制器名称：          ArticleService
      ┣ 操作名称：            GetDetail
      ┣ 显示名称：            
      ┣ 路由信息：            [area]: ; [controller]: article; [action]: detail
      ┣ 请求方式：            GET
      ┣ 请求地址：            http://localhost:5005/api/article/detail/14215981060677
      ┣ 来源地址：            http://localhost:19991/article/14215981060677
      ┣ 请求端源：            client
      ┣ 浏览器标识：          Mozilla/5.0 (Windows NT 10.0; Win64; x64) AppleWebKit/537.36 (KHTML, like Gecko) Chrome/116.0.0.0 Safari/537.36
      ┣ 客户端区域语言：      zh-CN,zh;q=0.9
      ┣ 客户端 IP 地址：      0.0.0.1
      ┣ 服务端 IP 地址：      0.0.0.1
      ┣ 客户端连接 ID：       00-08e0cf6e18884d82a61fcb7a3eb2696f-c19653992eabfd6b-00
      ┣ 服务线程 ID：         #20
      ┣ 执行耗时：            60ms
      ┣ ━━━━━━━━━━━━━━━  Cookies ━━━━━━━━━━━━━━━
      ┣ 请求端：              
      ┣ 响应端：              
      ┣ ━━━━━━━━━━━━━━━  系统信息 ━━━━━━━━━━━━━━━
      ┣ 系统名称：            Microsoft Windows 10.0.19044
      ┣ 系统架构：            X64
      ┣ 基础框架：            Furion.Pure v4.8.8.41
      ┣ .NET 架构：           .NET 6.0.16
      ┣ ━━━━━━━━━━━━━━━  启动信息 ━━━━━━━━━━━━━━━
      ┣ 运行环境：            Production
      ┣ 启动程序集：          Admin.NET.Web.Entry
      ┣ 进程名称：            Admin.NET.Web.Entry
      ┣ 托管程序：            Kestrel
      ┣ ━━━━━━━━━━━━━━━  参数列表 ━━━━━━━━━━━━━━━
      ┣ Content-Type：        
      ┣ 
      ┣ id (Int64)：          14215981060677
      ┣ ━━━━━━━━━━━━━━━  返回信息 ━━━━━━━━━━━━━━━
      ┣ HTTP响应状态码：      200
      ┣ 原始类型：            System.Threading.Tasks.Task<Admin.NET.Core.JuAI.Article>
      ┣ 最终类型：            Admin.NET.Core.AdminResult<System.Object>
      ┣ 最终返回值：          {"code":200,"type":"success","message":"","result":{"title":"测试一个样式试试。。哈哈","html":"<p>大量减少离开</p><blockquote>第三方顺德府阿斯顿</blockquote><hr/><p>时间快</p><pre><code class=\"language-csharp\">烦烦烦烦烦烦\r\n顺德府阿斯蒂芬\r\n哈哈哈数据库的\r\nhahhahhkjsd </code></pre><table style=\"width: auto;\"><tbody><tr><th colSpan=\"1\" rowSpan=\"1\" width=\"auto\"></th><th colSpan=\"1\" rowSpan=\"1\" width=\"auto\"></th><th colSpan=\"1\" rowSpan=\"1\" width=\"auto\"></th><th colSpan=\"1\" rowSpan=\"1\" width=\"auto\"></th><th colSpan=
      ┗━━━━━━━━━━━  Logging Monitor ━━━━━━━━━━━
info: 2023-08-28 21:20:47.8457327 +08:00 星期一 L System.Logging.LoggingMonitor[0] #51
      [Furion.Pure.dll] async Task LoggingMonitorAttribute.MonitorAsync(MethodInfo actionMethod, IDictionary<string, object> parameterValues, FilterContext context, dynamic next)
      ┏━━━━━━━━━━━  Logging Monitor ━━━━━━━━━━━
      ┣ Admin.NET.Core.JuAI.Service.UpgradeService.GetNewst
      ┣ 
      ┣ 控制器名称：       UpgradeService
      ┣ 操作名称：         GetNewst
      ┣ 显示名称：         
      ┣ 路由信息：         [area]: ; [controller]: upgrade; [action]: newst
      ┣ 请求方式：         GET
      ┣ 请求地址：         http://localhost:5005/api/upgrade/newst
      ┣ 来源地址：         http://localhost:19991/article/14215981060677
      ┣ 请求端源：         client
      ┣ 浏览器标识：       Mozilla/5.0 (Windows NT 10.0; Win64; x64) AppleWebKit/537.36 (KHTML, like Gecko) Chrome/116.0.0.0 Safari/537.36
      ┣ 客户端区域语言：   zh-CN,zh;q=0.9
      ┣ 客户端 IP 地址：   0.0.0.1
      ┣ 服务端 IP 地址：   0.0.0.1
      ┣ 客户端连接 ID：    00-d6b22da0c213228e07b152d4eac28d7f-3c088dbf77177616-00
      ┣ 服务线程 ID：      #51
      ┣ 执行耗时：         66ms
      ┣ ━━━━━━━━━━━━━━━  Cookies ━━━━━━━━━━━━━━━
      ┣ 请求端：           
      ┣ 响应端：           
      ┣ ━━━━━━━━━━━━━━━  系统信息 ━━━━━━━━━━━━━━━
      ┣ 系统名称：         Microsoft Windows 10.0.19044
      ┣ 系统架构：         X64
      ┣ 基础框架：         Furion.Pure v4.8.8.41
      ┣ .NET 架构：        .NET 6.0.16
      ┣ ━━━━━━━━━━━━━━━  启动信息 ━━━━━━━━━━━━━━━
      ┣ 运行环境：         Production
      ┣ 启动程序集：       Admin.NET.Web.Entry
      ┣ 进程名称：         Admin.NET.Web.Entry
      ┣ 托管程序：         Kestrel
      ┣ ━━━━━━━━━━━━━━━  返回信息 ━━━━━━━━━━━━━━━
      ┣ HTTP响应状态码：   200
      ┣ 原始类型：         Admin.NET.Core.JuAI.AppUpgrade
      ┣ 最终类型：         Admin.NET.Core.AdminResult<System.Object>
      ┣ 最终返回值：       {"code":200,"type":"success","message":"","result":{"version":"2.12.3","desc":"修复聊天不显示","isForceUpdate":true,"isClearCache":true,"createOrgId":null,"createTime":"2023-08-08T22:29:38","updateTime":"2023-08-08T22:14:27","createUserId":null,"updateUserId":null,"isDelete":false,"id":"3334"},"extras":null,"time":"2023-08-28T21:20:47.8417787+08:00"}
      ┗━━━━━━━━━━━  Logging Monitor ━━━━━━━━━━━
info: 2023-08-28 21:20:47.8484808 +08:00 星期一 L System.Logging.LoggingMonitor[0] #53
      [Furion.Pure.dll] async Task LoggingMonitorAttribute.MonitorAsync(MethodInfo actionMethod, IDictionary<string, object> parameterValues, FilterContext context, dynamic next)
      ┏━━━━━━━━━━━  Logging Monitor ━━━━━━━━━━━
      ┣ Admin.NET.Core.JuAI.Service.ArticleService.GetDetail
      ┣ 
      ┣ 控制器名称：          ArticleService
      ┣ 操作名称：            GetDetail
      ┣ 显示名称：            
      ┣ 路由信息：            [area]: ; [controller]: article; [action]: detail
      ┣ 请求方式：            GET
      ┣ 请求地址：            http://localhost:5005/api/article/detail/14215981060677
      ┣ 来源地址：            http://localhost:19991/article/14215981060677
      ┣ 请求端源：            client
      ┣ 浏览器标识：          Mozilla/5.0 (Windows NT 10.0; Win64; x64) AppleWebKit/537.36 (KHTML, like Gecko) Chrome/116.0.0.0 Safari/537.36
      ┣ 客户端区域语言：      zh-CN,zh;q=0.9
      ┣ 客户端 IP 地址：      0.0.0.1
      ┣ 服务端 IP 地址：      0.0.0.1
      ┣ 客户端连接 ID：       00-f90ad0f7d5ed672f152cbc8f59a284c2-8984ce4c0e3a0a7e-00
      ┣ 服务线程 ID：         #35
      ┣ 执行耗时：            66ms
      ┣ ━━━━━━━━━━━━━━━  Cookies ━━━━━━━━━━━━━━━
      ┣ 请求端：              
      ┣ 响应端：              
      ┣ ━━━━━━━━━━━━━━━  系统信息 ━━━━━━━━━━━━━━━
      ┣ 系统名称：            Microsoft Windows 10.0.19044
      ┣ 系统架构：            X64
      ┣ 基础框架：            Furion.Pure v4.8.8.41
      ┣ .NET 架构：           .NET 6.0.16
      ┣ ━━━━━━━━━━━━━━━  启动信息 ━━━━━━━━━━━━━━━
      ┣ 运行环境：            Production
      ┣ 启动程序集：          Admin.NET.Web.Entry
      ┣ 进程名称：            Admin.NET.Web.Entry
      ┣ 托管程序：            Kestrel
      ┣ ━━━━━━━━━━━━━━━  参数列表 ━━━━━━━━━━━━━━━
      ┣ Content-Type：        
      ┣ 
      ┣ id (Int64)：          14215981060677
      ┣ ━━━━━━━━━━━━━━━  返回信息 ━━━━━━━━━━━━━━━
      ┣ HTTP响应状态码：      200
      ┣ 原始类型：            System.Threading.Tasks.Task<Admin.NET.Core.JuAI.Article>
      ┣ 最终类型：            Admin.NET.Core.AdminResult<System.Object>
      ┣ 最终返回值：          {"code":200,"type":"success","message":"","result":{"title":"测试一个样式试试。。哈哈","html":"<p>大量减少离开</p><blockquote>第三方顺德府阿斯顿</blockquote><hr/><p>时间快</p><pre><code class=\"language-csharp\">烦烦烦烦烦烦\r\n顺德府阿斯蒂芬\r\n哈哈哈数据库的\r\nhahhahhkjsd </code></pre><table style=\"width: auto;\"><tbody><tr><th colSpan=\"1\" rowSpan=\"1\" width=\"auto\"></th><th colSpan=\"1\" rowSpan=\"1\" width=\"auto\"></th><th colSpan=\"1\" rowSpan=\"1\" width=\"auto\"></th><th colSpan=\"1\" rowSpan=\"1\" width=\"auto\"></th><th colSpan=
      ┗━━━━━━━━━━━  Logging Monitor ━━━━━━━━━━━
info: 2023-08-28 21:22:09.7541719 +08:00 星期一 L System.Logging.LoggingMonitor[0] #38
      [Furion.Pure.dll] async Task LoggingMonitorAttribute.MonitorAsync(MethodInfo actionMethod, IDictionary<string, object> parameterValues, FilterContext context, dynamic next)
      ┏━━━━━━━━━━━  Logging Monitor ━━━━━━━━━━━
      ┣ Admin.NET.Core.JuAI.Service.UpgradeService.GetNewst
      ┣ 
      ┣ 控制器名称：       UpgradeService
      ┣ 操作名称：         GetNewst
      ┣ 显示名称：         
      ┣ 路由信息：         [area]: ; [controller]: upgrade; [action]: newst
      ┣ 请求方式：         GET
      ┣ 请求地址：         http://localhost:5005/api/upgrade/newst
      ┣ 来源地址：         http://localhost:19991/article/14215981060677
      ┣ 请求端源：         client
      ┣ 浏览器标识：       Mozilla/5.0 (Windows NT 10.0; Win64; x64) AppleWebKit/537.36 (KHTML, like Gecko) Chrome/116.0.0.0 Safari/537.36
      ┣ 客户端区域语言：   zh-CN,zh;q=0.9
      ┣ 客户端 IP 地址：   0.0.0.1
      ┣ 服务端 IP 地址：   0.0.0.1
      ┣ 客户端连接 ID：    00-3d4871f31ac16e4817698608041e883d-438263a9812772d3-00
      ┣ 服务线程 ID：      #38
      ┣ 执行耗时：         63ms
      ┣ ━━━━━━━━━━━━━━━  Cookies ━━━━━━━━━━━━━━━
      ┣ 请求端：           
      ┣ 响应端：           
      ┣ ━━━━━━━━━━━━━━━  系统信息 ━━━━━━━━━━━━━━━
      ┣ 系统名称：         Microsoft Windows 10.0.19044
      ┣ 系统架构：         X64
      ┣ 基础框架：         Furion.Pure v4.8.8.41
      ┣ .NET 架构：        .NET 6.0.16
      ┣ ━━━━━━━━━━━━━━━  启动信息 ━━━━━━━━━━━━━━━
      ┣ 运行环境：         Production
      ┣ 启动程序集：       Admin.NET.Web.Entry
      ┣ 进程名称：         Admin.NET.Web.Entry
      ┣ 托管程序：         Kestrel
      ┣ ━━━━━━━━━━━━━━━  返回信息 ━━━━━━━━━━━━━━━
      ┣ HTTP响应状态码：   200
      ┣ 原始类型：         Admin.NET.Core.JuAI.AppUpgrade
      ┣ 最终类型：         Admin.NET.Core.AdminResult<System.Object>
      ┣ 最终返回值：       {"code":200,"type":"success","message":"","result":{"version":"2.12.3","desc":"修复聊天不显示","isForceUpdate":true,"isClearCache":true,"createOrgId":null,"createTime":"2023-08-08T22:29:38","updateTime":"2023-08-08T22:14:27","createUserId":null,"updateUserId":null,"isDelete":false,"id":"3334"},"extras":null,"time":"2023-08-28T21:22:09.7510027+08:00"}
      ┗━━━━━━━━━━━  Logging Monitor ━━━━━━━━━━━
info: 2023-08-28 21:22:09.7565555 +08:00 星期一 L System.Logging.LoggingMonitor[0] #45
      [Furion.Pure.dll] async Task LoggingMonitorAttribute.MonitorAsync(MethodInfo actionMethod, IDictionary<string, object> parameterValues, FilterContext context, dynamic next)
      ┏━━━━━━━━━━━  Logging Monitor ━━━━━━━━━━━
      ┣ Admin.NET.Core.JuAI.Service.ArticleService.GetDetail
      ┣ 
      ┣ 控制器名称：          ArticleService
      ┣ 操作名称：            GetDetail
      ┣ 显示名称：            
      ┣ 路由信息：            [area]: ; [controller]: article; [action]: detail
      ┣ 请求方式：            GET
      ┣ 请求地址：            http://localhost:5005/api/article/detail/14215981060677
      ┣ 来源地址：            http://localhost:19991/article/14215981060677
      ┣ 请求端源：            client
      ┣ 浏览器标识：          Mozilla/5.0 (Windows NT 10.0; Win64; x64) AppleWebKit/537.36 (KHTML, like Gecko) Chrome/116.0.0.0 Safari/537.36
      ┣ 客户端区域语言：      zh-CN,zh;q=0.9
      ┣ 客户端 IP 地址：      0.0.0.1
      ┣ 服务端 IP 地址：      0.0.0.1
      ┣ 客户端连接 ID：       00-fe88714c1e4c7f2ef6c9f2dffe69ba07-e3d70a6a7f464907-00
      ┣ 服务线程 ID：         #54
      ┣ 执行耗时：            62ms
      ┣ ━━━━━━━━━━━━━━━  Cookies ━━━━━━━━━━━━━━━
      ┣ 请求端：              
      ┣ 响应端：              
      ┣ ━━━━━━━━━━━━━━━  系统信息 ━━━━━━━━━━━━━━━
      ┣ 系统名称：            Microsoft Windows 10.0.19044
      ┣ 系统架构：            X64
      ┣ 基础框架：            Furion.Pure v4.8.8.41
      ┣ .NET 架构：           .NET 6.0.16
      ┣ ━━━━━━━━━━━━━━━  启动信息 ━━━━━━━━━━━━━━━
      ┣ 运行环境：            Production
      ┣ 启动程序集：          Admin.NET.Web.Entry
      ┣ 进程名称：            Admin.NET.Web.Entry
      ┣ 托管程序：            Kestrel
      ┣ ━━━━━━━━━━━━━━━  参数列表 ━━━━━━━━━━━━━━━
      ┣ Content-Type：        
      ┣ 
      ┣ id (Int64)：          14215981060677
      ┣ ━━━━━━━━━━━━━━━  返回信息 ━━━━━━━━━━━━━━━
      ┣ HTTP响应状态码：      200
      ┣ 原始类型：            System.Threading.Tasks.Task<Admin.NET.Core.JuAI.Article>
      ┣ 最终类型：            Admin.NET.Core.AdminResult<System.Object>
      ┣ 最终返回值：          {"code":200,"type":"success","message":"","result":{"title":"测试一个样式试试。。哈哈","html":"<p>大量减少离开</p><blockquote>第三方顺德府阿斯顿</blockquote><hr/><p>时间快</p><pre><code class=\"language-csharp\">烦烦烦烦烦烦\r\n顺德府阿斯蒂芬\r\n哈哈哈数据库的\r\nhahhahhkjsd </code></pre><table style=\"width: auto;\"><tbody><tr><th colSpan=\"1\" rowSpan=\"1\" width=\"auto\"></th><th colSpan=\"1\" rowSpan=\"1\" width=\"auto\"></th><th colSpan=\"1\" rowSpan=\"1\" width=\"auto\"></th><th colSpan=\"1\" rowSpan=\"1\" width=\"auto\"></th><th colSpan=
      ┗━━━━━━━━━━━  Logging Monitor ━━━━━━━━━━━
info: 2023-08-28 21:22:25.5760650 +08:00 星期一 L System.Logging.LoggingMonitor[0] #38
      [Furion.Pure.dll] async Task LoggingMonitorAttribute.MonitorAsync(MethodInfo actionMethod, IDictionary<string, object> parameterValues, FilterContext context, dynamic next)
      ┏━━━━━━━━━━━  Logging Monitor ━━━━━━━━━━━
      ┣ Admin.NET.Core.JuAI.Service.UpgradeService.GetNewst
      ┣ 
      ┣ 控制器名称：       UpgradeService
      ┣ 操作名称：         GetNewst
      ┣ 显示名称：         
      ┣ 路由信息：         [area]: ; [controller]: upgrade; [action]: newst
      ┣ 请求方式：         GET
      ┣ 请求地址：         http://localhost:5005/api/upgrade/newst
      ┣ 来源地址：         http://localhost:19991/article/14215981060677
      ┣ 请求端源：         client
      ┣ 浏览器标识：       Mozilla/5.0 (Windows NT 10.0; Win64; x64) AppleWebKit/537.36 (KHTML, like Gecko) Chrome/116.0.0.0 Safari/537.36
      ┣ 客户端区域语言：   zh-CN,zh;q=0.9
      ┣ 客户端 IP 地址：   0.0.0.1
      ┣ 服务端 IP 地址：   0.0.0.1
      ┣ 客户端连接 ID：    00-8ab71f7d076956eccfef0018b772378b-e624f51c5ac25e14-00
      ┣ 服务线程 ID：      #38
      ┣ 执行耗时：         63ms
      ┣ ━━━━━━━━━━━━━━━  Cookies ━━━━━━━━━━━━━━━
      ┣ 请求端：           
      ┣ 响应端：           
      ┣ ━━━━━━━━━━━━━━━  系统信息 ━━━━━━━━━━━━━━━
      ┣ 系统名称：         Microsoft Windows 10.0.19044
      ┣ 系统架构：         X64
      ┣ 基础框架：         Furion.Pure v4.8.8.41
      ┣ .NET 架构：        .NET 6.0.16
      ┣ ━━━━━━━━━━━━━━━  启动信息 ━━━━━━━━━━━━━━━
      ┣ 运行环境：         Production
      ┣ 启动程序集：       Admin.NET.Web.Entry
      ┣ 进程名称：         Admin.NET.Web.Entry
      ┣ 托管程序：         Kestrel
      ┣ ━━━━━━━━━━━━━━━  返回信息 ━━━━━━━━━━━━━━━
      ┣ HTTP响应状态码：   200
      ┣ 原始类型：         Admin.NET.Core.JuAI.AppUpgrade
      ┣ 最终类型：         Admin.NET.Core.AdminResult<System.Object>
      ┣ 最终返回值：       {"code":200,"type":"success","message":"","result":{"version":"2.12.3","desc":"修复聊天不显示","isForceUpdate":true,"isClearCache":true,"createOrgId":null,"createTime":"2023-08-08T22:29:38","updateTime":"2023-08-08T22:14:27","createUserId":null,"updateUserId":null,"isDelete":false,"id":"3334"},"extras":null,"time":"2023-08-28T21:22:25.5735794+08:00"}
      ┗━━━━━━━━━━━  Logging Monitor ━━━━━━━━━━━
info: 2023-08-28 21:22:25.5788677 +08:00 星期一 L System.Logging.LoggingMonitor[0] #8
      [Furion.Pure.dll] async Task LoggingMonitorAttribute.MonitorAsync(MethodInfo actionMethod, IDictionary<string, object> parameterValues, FilterContext context, dynamic next)
      ┏━━━━━━━━━━━  Logging Monitor ━━━━━━━━━━━
      ┣ Admin.NET.Core.JuAI.Service.ArticleService.GetDetail
      ┣ 
      ┣ 控制器名称：          ArticleService
      ┣ 操作名称：            GetDetail
      ┣ 显示名称：            
      ┣ 路由信息：            [area]: ; [controller]: article; [action]: detail
      ┣ 请求方式：            GET
      ┣ 请求地址：            http://localhost:5005/api/article/detail/14215981060677
      ┣ 来源地址：            http://localhost:19991/article/14215981060677
      ┣ 请求端源：            client
      ┣ 浏览器标识：          Mozilla/5.0 (Windows NT 10.0; Win64; x64) AppleWebKit/537.36 (KHTML, like Gecko) Chrome/116.0.0.0 Safari/537.36
      ┣ 客户端区域语言：      zh-CN,zh;q=0.9
      ┣ 客户端 IP 地址：      0.0.0.1
      ┣ 服务端 IP 地址：      0.0.0.1
      ┣ 客户端连接 ID：       00-460122a7bfa3035fe6943239924a9045-3a18f8f058a5ebf8-00
      ┣ 服务线程 ID：         #54
      ┣ 执行耗时：            63ms
      ┣ ━━━━━━━━━━━━━━━  Cookies ━━━━━━━━━━━━━━━
      ┣ 请求端：              
      ┣ 响应端：              
      ┣ ━━━━━━━━━━━━━━━  系统信息 ━━━━━━━━━━━━━━━
      ┣ 系统名称：            Microsoft Windows 10.0.19044
      ┣ 系统架构：            X64
      ┣ 基础框架：            Furion.Pure v4.8.8.41
      ┣ .NET 架构：           .NET 6.0.16
      ┣ ━━━━━━━━━━━━━━━  启动信息 ━━━━━━━━━━━━━━━
      ┣ 运行环境：            Production
      ┣ 启动程序集：          Admin.NET.Web.Entry
      ┣ 进程名称：            Admin.NET.Web.Entry
      ┣ 托管程序：            Kestrel
      ┣ ━━━━━━━━━━━━━━━  参数列表 ━━━━━━━━━━━━━━━
      ┣ Content-Type：        
      ┣ 
      ┣ id (Int64)：          14215981060677
      ┣ ━━━━━━━━━━━━━━━  返回信息 ━━━━━━━━━━━━━━━
      ┣ HTTP响应状态码：      200
      ┣ 原始类型：            System.Threading.Tasks.Task<Admin.NET.Core.JuAI.Article>
      ┣ 最终类型：            Admin.NET.Core.AdminResult<System.Object>
      ┣ 最终返回值：          {"code":200,"type":"success","message":"","result":{"title":"测试一个样式试试。。哈哈","html":"<p>大量减少离开</p><blockquote>第三方顺德府阿斯顿</blockquote><hr/><p>时间快</p><pre><code class=\"language-csharp\">烦烦烦烦烦烦\r\n顺德府阿斯蒂芬\r\n哈哈哈数据库的\r\nhahhahhkjsd </code></pre><table style=\"width: auto;\"><tbody><tr><th colSpan=\"1\" rowSpan=\"1\" width=\"auto\"></th><th colSpan=\"1\" rowSpan=\"1\" width=\"auto\"></th><th colSpan=\"1\" rowSpan=\"1\" width=\"auto\"></th><th colSpan=\"1\" rowSpan=\"1\" width=\"auto\"></th><th colSpan=
      ┗━━━━━━━━━━━  Logging Monitor ━━━━━━━━━━━
info: 2023-08-28 21:23:45.8233875 +08:00 星期一 L System.Logging.LoggingMonitor[0] #35
      [Furion.Pure.dll] async Task LoggingMonitorAttribute.MonitorAsync(MethodInfo actionMethod, IDictionary<string, object> parameterValues, FilterContext context, dynamic next)
      ┏━━━━━━━━━━━  Logging Monitor ━━━━━━━━━━━
      ┣ Admin.NET.Core.JuAI.Service.UpgradeService.GetNewst
      ┣ 
      ┣ 控制器名称：       UpgradeService
      ┣ 操作名称：         GetNewst
      ┣ 显示名称：         
      ┣ 路由信息：         [area]: ; [controller]: upgrade; [action]: newst
      ┣ 请求方式：         GET
      ┣ 请求地址：         http://localhost:5005/api/upgrade/newst
      ┣ 来源地址：         http://localhost:19991/article/14215981060677
      ┣ 请求端源：         client
      ┣ 浏览器标识：       Mozilla/5.0 (Windows NT 10.0; Win64; x64) AppleWebKit/537.36 (KHTML, like Gecko) Chrome/116.0.0.0 Safari/537.36
      ┣ 客户端区域语言：   zh-CN,zh;q=0.9
      ┣ 客户端 IP 地址：   0.0.0.1
      ┣ 服务端 IP 地址：   0.0.0.1
      ┣ 客户端连接 ID：    00-bc572be2487b28777c3bcbec1beea0d2-19d461966cc1cf46-00
      ┣ 服务线程 ID：      #35
      ┣ 执行耗时：         57ms
      ┣ ━━━━━━━━━━━━━━━  Cookies ━━━━━━━━━━━━━━━
      ┣ 请求端：           
      ┣ 响应端：           
      ┣ ━━━━━━━━━━━━━━━  系统信息 ━━━━━━━━━━━━━━━
      ┣ 系统名称：         Microsoft Windows 10.0.19044
      ┣ 系统架构：         X64
      ┣ 基础框架：         Furion.Pure v4.8.8.41
      ┣ .NET 架构：        .NET 6.0.16
      ┣ ━━━━━━━━━━━━━━━  启动信息 ━━━━━━━━━━━━━━━
      ┣ 运行环境：         Production
      ┣ 启动程序集：       Admin.NET.Web.Entry
      ┣ 进程名称：         Admin.NET.Web.Entry
      ┣ 托管程序：         Kestrel
      ┣ ━━━━━━━━━━━━━━━  返回信息 ━━━━━━━━━━━━━━━
      ┣ HTTP响应状态码：   200
      ┣ 原始类型：         Admin.NET.Core.JuAI.AppUpgrade
      ┣ 最终类型：         Admin.NET.Core.AdminResult<System.Object>
      ┣ 最终返回值：       {"code":200,"type":"success","message":"","result":{"version":"2.12.3","desc":"修复聊天不显示","isForceUpdate":true,"isClearCache":true,"createOrgId":null,"createTime":"2023-08-08T22:29:38","updateTime":"2023-08-08T22:14:27","createUserId":null,"updateUserId":null,"isDelete":false,"id":"3334"},"extras":null,"time":"2023-08-28T21:23:45.8208905+08:00"}
      ┗━━━━━━━━━━━  Logging Monitor ━━━━━━━━━━━
info: 2023-08-28 21:23:45.8271081 +08:00 星期一 L System.Logging.LoggingMonitor[0] #50
      [System.Private.CoreLib.dll] void System.Runtime.CompilerServices.AsyncTaskMethodBuilder<TResult>+AsyncStateMachineBox<TStateMachine>.ExecutionContextCallback(object s)
      ┏━━━━━━━━━━━  Logging Monitor ━━━━━━━━━━━
      ┣ Admin.NET.Core.JuAI.Service.ArticleService.GetDetail
      ┣ 
      ┣ 控制器名称：          ArticleService
      ┣ 操作名称：            GetDetail
      ┣ 显示名称：            
      ┣ 路由信息：            [area]: ; [controller]: article; [action]: detail
      ┣ 请求方式：            GET
      ┣ 请求地址：            http://localhost:5005/api/article/detail/14215981060677
      ┣ 来源地址：            http://localhost:19991/article/14215981060677
      ┣ 请求端源：            client
      ┣ 浏览器标识：          Mozilla/5.0 (Windows NT 10.0; Win64; x64) AppleWebKit/537.36 (KHTML, like Gecko) Chrome/116.0.0.0 Safari/537.36
      ┣ 客户端区域语言：      zh-CN,zh;q=0.9
      ┣ 客户端 IP 地址：      0.0.0.1
      ┣ 服务端 IP 地址：      0.0.0.1
      ┣ 客户端连接 ID：       00-c2b3e85c0ff306c7a1331939dc2c1267-195f4c116c812d9b-00
      ┣ 服务线程 ID：         #38
      ┣ 执行耗时：            60ms
      ┣ ━━━━━━━━━━━━━━━  Cookies ━━━━━━━━━━━━━━━
      ┣ 请求端：              
      ┣ 响应端：              
      ┣ ━━━━━━━━━━━━━━━  系统信息 ━━━━━━━━━━━━━━━
      ┣ 系统名称：            Microsoft Windows 10.0.19044
      ┣ 系统架构：            X64
      ┣ 基础框架：            Furion.Pure v4.8.8.41
      ┣ .NET 架构：           .NET 6.0.16
      ┣ ━━━━━━━━━━━━━━━  启动信息 ━━━━━━━━━━━━━━━
      ┣ 运行环境：            Production
      ┣ 启动程序集：          Admin.NET.Web.Entry
      ┣ 进程名称：            Admin.NET.Web.Entry
      ┣ 托管程序：            Kestrel
      ┣ ━━━━━━━━━━━━━━━  参数列表 ━━━━━━━━━━━━━━━
      ┣ Content-Type：        
      ┣ 
      ┣ id (Int64)：          14215981060677
      ┣ ━━━━━━━━━━━━━━━  返回信息 ━━━━━━━━━━━━━━━
      ┣ HTTP响应状态码：      200
      ┣ 原始类型：            System.Threading.Tasks.Task<Admin.NET.Core.JuAI.Article>
      ┣ 最终类型：            Admin.NET.Core.AdminResult<System.Object>
      ┣ 最终返回值：          {"code":200,"type":"success","message":"","result":{"title":"测试一个样式试试。。哈哈","html":"<p>大量减少离开</p><blockquote>第三方顺德府阿斯顿</blockquote><hr/><p>时间快</p><pre><code class=\"language-csharp\">烦烦烦烦烦烦\r\n顺德府阿斯蒂芬\r\n哈哈哈数据库的\r\nhahhahhkjsd </code></pre><table style=\"width: auto;\"><tbody><tr><th colSpan=\"1\" rowSpan=\"1\" width=\"auto\"></th><th colSpan=\"1\" rowSpan=\"1\" width=\"auto\"></th><th colSpan=\"1\" rowSpan=\"1\" width=\"auto\"></th><th colSpan=\"1\" rowSpan=\"1\" width=\"auto\"></th><th colSpan=
      ┗━━━━━━━━━━━  Logging Monitor ━━━━━━━━━━━
info: 2023-08-28 21:24:10.9812696 +08:00 星期一 L System.Logging.LoggingMonitor[0] #8
      [System.Private.CoreLib.dll] void System.Runtime.CompilerServices.AsyncTaskMethodBuilder<TResult>+AsyncStateMachineBox<TStateMachine>.ExecutionContextCallback(object s)
      ┏━━━━━━━━━━━  Logging Monitor ━━━━━━━━━━━
      ┣ Admin.NET.Core.JuAI.Service.SpecialService.GetNewest
      ┣ 
      ┣ 控制器名称：                SpecialService
      ┣ 操作名称：                  GetNewest
      ┣ 显示名称：                  
      ┣ 路由信息：                  [area]: ; [controller]: special; [action]: newest
      ┣ 请求方式：                  GET
      ┣ 请求地址：                  http://localhost:5005/api/special/newest?minId=
      ┣ 来源地址：                  http://localhost:19991/
      ┣ 请求端源：                  client
      ┣ 浏览器标识：                Mozilla/5.0 (Windows NT 10.0; Win64; x64) AppleWebKit/537.36 (KHTML, like Gecko) Chrome/116.0.0.0 Safari/537.36
      ┣ 客户端区域语言：            zh-CN,zh;q=0.9
      ┣ 客户端 IP 地址：            0.0.0.1
      ┣ 服务端 IP 地址：            0.0.0.1
      ┣ 客户端连接 ID：             00-70e0a9acf2598d8e3ec2072a75cc990f-00d341b9a9c94890-00
      ┣ 服务线程 ID：               #38
      ┣ 执行耗时：                  69ms
      ┣ ━━━━━━━━━━━━━━━  Cookies ━━━━━━━━━━━━━━━
      ┣ 请求端：                    
      ┣ 响应端：                    
      ┣ ━━━━━━━━━━━━━━━  系统信息 ━━━━━━━━━━━━━━━
      ┣ 系统名称：                  Microsoft Windows 10.0.19044
      ┣ 系统架构：                  X64
      ┣ 基础框架：                  Furion.Pure v4.8.8.41
      ┣ .NET 架构：                 .NET 6.0.16
      ┣ ━━━━━━━━━━━━━━━  启动信息 ━━━━━━━━━━━━━━━
      ┣ 运行环境：                  Production
      ┣ 启动程序集：                Admin.NET.Web.Entry
      ┣ 进程名称：                  Admin.NET.Web.Entry
      ┣ 托管程序：                  Kestrel
      ┣ ━━━━━━━━━━━━━━━  参数列表 ━━━━━━━━━━━━━━━
      ┣ Content-Type：              
      ┣ 
      ┣ minId (Nullable`1)：        
      ┣ ━━━━━━━━━━━━━━━  返回信息 ━━━━━━━━━━━━━━━
      ┣ HTTP响应状态码：            200
      ┣ 原始类型：                  System.Threading.Tasks.Task<System.Collections.Generic.IList<Admin.NET.Core.JuAI.Service.SpecialOutput>>
      ┣ 最终类型：                  Admin.NET.Core.AdminResult<System.Object>
      ┣ 最终返回值：                {"code":200,"type":"success","message":"","result":[{"id":"141254407701223","title":"抓烂22223","text":"就螺丝扣搭街坊立刻就333333","cover":"http://filetest.guxin.link/Special/2023/08/14125440695621.jpg","coverFile":null},{"id":"141242588270232","title":"第一个抓烂","text":"就开始大家和弗兰克沙龙的开发建设离开的顺德府顺德府手动","cover":"http://filetest.guxin.link/Special/2023/08/14124258623685.jpg","coverFile":null},{"id":"141242586827023","title":"第一个抓烂","text":"就开始大家和弗兰克沙龙的开发建设离开的顺德府顺德府手动","cover":"http://filetest.guxin.link/Special/20
      ┗━━━━━━━━━━━  Logging Monitor ━━━━━━━━━━━
info: 2023-08-28 21:24:11.0756103 +08:00 星期一 L System.Logging.LoggingMonitor[0] #38
      [System.Private.CoreLib.dll] void System.Runtime.CompilerServices.AsyncMethodBuilderCore.Start<TStateMachine>(ref TStateMachine stateMachine)
      ┏━━━━━━━━━━━  Logging Monitor ━━━━━━━━━━━
      ┣ Admin.NET.Core.JuAI.Service.UserService.GetActiveUsers
      ┣ 
      ┣ 控制器名称：       UserService
      ┣ 操作名称：         GetActiveUsers
      ┣ 显示名称：         活跃用户
      ┣ 路由信息：         [area]: ; [controller]: user; [action]: activeUsers
      ┣ 请求方式：         GET
      ┣ 请求地址：         http://localhost:5005/api/User/ActiveUsers
      ┣ 来源地址：         http://localhost:19991/
      ┣ 请求端源：         client
      ┣ 浏览器标识：       Mozilla/5.0 (Windows NT 10.0; Win64; x64) AppleWebKit/537.36 (KHTML, like Gecko) Chrome/116.0.0.0 Safari/537.36
      ┣ 客户端区域语言：   zh-CN,zh;q=0.9
      ┣ 客户端 IP 地址：   0.0.0.1
      ┣ 服务端 IP 地址：   0.0.0.1
      ┣ 客户端连接 ID：    00-a2a29a9e2aea9c05eecf7aafac5f975d-9877df08466e3a4d-00
      ┣ 服务线程 ID：      #38
      ┣ 执行耗时：         85ms
      ┣ ━━━━━━━━━━━━━━━  Cookies ━━━━━━━━━━━━━━━
      ┣ 请求端：           
      ┣ 响应端：           
      ┣ ━━━━━━━━━━━━━━━  系统信息 ━━━━━━━━━━━━━━━
      ┣ 系统名称：         Microsoft Windows 10.0.19044
      ┣ 系统架构：         X64
      ┣ 基础框架：         Furion.Pure v4.8.8.41
      ┣ .NET 架构：        .NET 6.0.16
      ┣ ━━━━━━━━━━━━━━━  启动信息 ━━━━━━━━━━━━━━━
      ┣ 运行环境：         Production
      ┣ 启动程序集：       Admin.NET.Web.Entry
      ┣ 进程名称：         Admin.NET.Web.Entry
      ┣ 托管程序：         Kestrel
      ┣ ━━━━━━━━━━━━━━━  返回信息 ━━━━━━━━━━━━━━━
      ┣ HTTP响应状态码：   200
      ┣ 原始类型：         System.Collections.Generic.IList<Admin.NET.Core.JuAI.Service.UserInfoOutput>
      ┣ 最终类型：         Admin.NET.Core.AdminResult<System.Object>
      ┣ 最终返回值：       {"code":200,"type":"success","message":"","result":[{"nickName":"聚AI_6045","avatar":"Upload/Avatar/14194583407941.jpg","id":"14005826358213"},{"nickName":"聚AI_6045","avatar":null,"id":"14005810391877"},{"nickName":"聚AI_6045","avatar":null,"id":"13727127390021"},{"nickName":"聚AI_6047","avatar":null,"id":"13763405483077"},{"nickName":"聚AI_6046","avatar":null,"id":"13763350061253"}],"extras":null,"time":"2023-08-28T21:24:11.073088+08:00"}
      ┗━━━━━━━━━━━  Logging Monitor ━━━━━━━━━━━
info: 2023-08-28 21:24:11.1977568 +08:00 星期一 L System.Logging.LoggingMonitor[0] #8
      [System.Private.CoreLib.dll] void System.Runtime.CompilerServices.AsyncTaskMethodBuilder<TResult>+AsyncStateMachineBox<TStateMachine>.ExecutionContextCallback(object s)
      ┏━━━━━━━━━━━  Logging Monitor ━━━━━━━━━━━
      ┣ Admin.NET.Core.JuAI.Service.ArticleService.GetNewest
      ┣ 
      ┣ 控制器名称：                ArticleService
      ┣ 操作名称：                  GetNewest
      ┣ 显示名称：                  
      ┣ 路由信息：                  [area]: ; [controller]: article; [action]: newest
      ┣ 请求方式：                  GET
      ┣ 请求地址：                  http://localhost:5005/api/article/newest?minId=
      ┣ 来源地址：                  http://localhost:19991/
      ┣ 请求端源：                  client
      ┣ 浏览器标识：                Mozilla/5.0 (Windows NT 10.0; Win64; x64) AppleWebKit/537.36 (KHTML, like Gecko) Chrome/116.0.0.0 Safari/537.36
      ┣ 客户端区域语言：            zh-CN,zh;q=0.9
      ┣ 客户端 IP 地址：            0.0.0.1
      ┣ 服务端 IP 地址：            0.0.0.1
      ┣ 客户端连接 ID：             00-260f5b7ce89346dc88b58794b1937348-82e1f496c02cd72e-00
      ┣ 服务线程 ID：               #44
      ┣ 执行耗时：                  199ms
      ┣ ━━━━━━━━━━━━━━━  Cookies ━━━━━━━━━━━━━━━
      ┣ 请求端：                    
      ┣ 响应端：                    
      ┣ ━━━━━━━━━━━━━━━  系统信息 ━━━━━━━━━━━━━━━
      ┣ 系统名称：                  Microsoft Windows 10.0.19044
      ┣ 系统架构：                  X64
      ┣ 基础框架：                  Furion.Pure v4.8.8.41
      ┣ .NET 架构：                 .NET 6.0.16
      ┣ ━━━━━━━━━━━━━━━  启动信息 ━━━━━━━━━━━━━━━
      ┣ 运行环境：                  Production
      ┣ 启动程序集：                Admin.NET.Web.Entry
      ┣ 进程名称：                  Admin.NET.Web.Entry
      ┣ 托管程序：                  Kestrel
      ┣ ━━━━━━━━━━━━━━━  参数列表 ━━━━━━━━━━━━━━━
      ┣ Content-Type：              
      ┣ 
      ┣ minId (Nullable`1)：        
      ┣ ━━━━━━━━━━━━━━━  返回信息 ━━━━━━━━━━━━━━━
      ┣ HTTP响应状态码：            200
      ┣ 原始类型：                  System.Threading.Tasks.Task<System.Collections.Generic.List<Admin.NET.Core.JuAI.Service.ArticleOutput>>
      ┣ 最终类型：                  Admin.NET.Core.AdminResult<System.Object>
      ┣ 最终返回值：                {"code":200,"type":"success","message":"","result":[{"id":"14215981060677","title":"测试一个样式试试。。哈哈","html":"<p>大量减少离开</p><blockquote>第三方顺德府阿斯顿</blockquote><hr/><p>时间快</p><pre><code class=\"language-csharp\">烦烦烦烦烦烦\r\n顺德府阿斯蒂芬\r\n哈哈哈数据库的\r\nhahhahhkjsd </code></pre><table style=\"width: auto;\"><tbody><tr><th colSpan=\"1\" rowSpan=\"1\" width=\"auto\"></th><th colSpan=\"1\" rowSpan=\"1\" width=\"auto\"></th><th colSpan=\"1\" rowSpan=\"1\" width=\"auto\"></th><th colSpan=\"1\" rowSpan=\"1\" width=\"a
      ┗━━━━━━━━━━━  Logging Monitor ━━━━━━━━━━━
info: 2023-08-28 21:24:11.8448750 +08:00 星期一 L System.Logging.LoggingMonitor[0] #8
      [System.Private.CoreLib.dll] void System.Runtime.CompilerServices.AsyncTaskMethodBuilder<TResult>+AsyncStateMachineBox<TStateMachine>.ExecutionContextCallback(object s)
      ┏━━━━━━━━━━━  Logging Monitor ━━━━━━━━━━━
      ┣ Admin.NET.Core.JuAI.Service.UserTokenService.GetIsQianDaoToday
      ┣ 
      ┣ 控制器名称：                   UserTokenService
      ┣ 操作名称：                     GetIsQianDaoToday
      ┣ 显示名称：                     
      ┣ 路由信息：                     [area]: ; [controller]: userToken; [action]: isQianDaoToday
      ┣ 请求方式：                     GET
      ┣ 请求地址：                     http://localhost:5005/api/userToken/isQianDaoToday
      ┣ 来源地址：                     http://localhost:19991/
      ┣ 请求端源：                     client
      ┣ 浏览器标识：                   Mozilla/5.0 (Windows NT 10.0; Win64; x64) AppleWebKit/537.36 (KHTML, like Gecko) Chrome/116.0.0.0 Safari/537.36
      ┣ 客户端区域语言：               zh-CN,zh;q=0.9
      ┣ 客户端 IP 地址：               0.0.0.1
      ┣ 服务端 IP 地址：               0.0.0.1
      ┣ 客户端连接 ID：                00-ffe755c090b722258c46a3ae98a95abe-6ed4687ec3d8af25-00
      ┣ 服务线程 ID：                  #40
      ┣ 执行耗时：                     841ms
      ┣ ━━━━━━━━━━━━━━━  Cookies ━━━━━━━━━━━━━━━
      ┣ 请求端：                       
      ┣ 响应端：                       
      ┣ ━━━━━━━━━━━━━━━  系统信息 ━━━━━━━━━━━━━━━
      ┣ 系统名称：                     Microsoft Windows 10.0.19044
      ┣ 系统架构：                     X64
      ┣ 基础框架：                     Furion.Pure v4.8.8.41
      ┣ .NET 架构：                    .NET 6.0.16
      ┣ ━━━━━━━━━━━━━━━  启动信息 ━━━━━━━━━━━━━━━
      ┣ 运行环境：                     Production
      ┣ 启动程序集：                   Admin.NET.Web.Entry
      ┣ 进程名称：                     Admin.NET.Web.Entry
      ┣ 托管程序：                     Kestrel
      ┣ ━━━━━━━━━━━━━━━  授权信息 ━━━━━━━━━━━━━━━
      ┣ JWT Token：                    Bearer eyJhbGciOiJIUzI1NiIsInR5cCI6IkpXVCJ9.eyJVc2VySWQiOjE0MDA1ODI2MzU4MjEzLCJUZW5hbnRJZCI6MTMwMDAwMDAwMDAwMSwiQWNjb3VudCI6IjE4NjAwNzY2MDQ1IiwiTmlja05hbWUiOiLogZpBSV82MDQ1IiwiQWNjb3VudFR5cGUiOjAsImlhdCI6MTY5MzAzNzg0NiwibmJmIjoxNjkzMDM3ODQ2LCJleHAiOjE2OTM2NDI2NDYsImlzcyI6IkFkbWluLk5FVCIsImF1ZCI6IkFkbWluLk5FVCJ9.Pt3OMLor8iLzYQfEoREoKU3AxA0Ja7UX_Q2sCCdnGEw
      ┣ 
      ┣ UserId (integer64)：           14005826358213
      ┣ TenantId (integer64)：         1300000000001
      ┣ Account (string)：             18600766045
      ┣ NickName (string)：            聚AI_6045
      ┣ AccountType (integer)：        0
      ┣ iat (integer)：                1693037846 (2023-08-26 16:17:26:0000(+08:00) 星期六 L)
      ┣ nbf (integer)：                1693037846 (2023-08-26 16:17:26:0000(+08:00) 星期六 L)
      ┣ exp (integer)：                1693642646 (2023-09-02 16:17:26:0000(+08:00) 星期六 L)
      ┣ iss (string)：                 Admin.NET
      ┣ aud (string)：                 Admin.NET
      ┣ ━━━━━━━━━━━━━━━  返回信息 ━━━━━━━━━━━━━━━
      ┣ HTTP响应状态码：               200
      ┣ 原始类型：                     System.Threading.Tasks.Task<System.Boolean>
      ┣ 最终类型：                     Admin.NET.Core.AdminResult<System.Object>
      ┣ 最终返回值：                   {"code":200,"type":"success","message":"","result":false,"extras":null,"time":"2023-08-28T21:24:11.8423781+08:00"}
      ┗━━━━━━━━━━━  Logging Monitor ━━━━━━━━━━━
info: 2023-08-28 21:24:12.0656396 +08:00 星期一 L System.Logging.LoggingMonitor[0] #8
      [System.Private.CoreLib.dll] void System.Runtime.CompilerServices.AsyncTaskMethodBuilder<TResult>+AsyncStateMachineBox<TStateMachine>.ExecutionContextCallback(object s)
      ┏━━━━━━━━━━━  Logging Monitor ━━━━━━━━━━━
      ┣ Admin.NET.Core.JuAI.Service.ArticleService.GetRecommend
      ┣ 
      ┣ 控制器名称：       ArticleService
      ┣ 操作名称：         GetRecommend
      ┣ 显示名称：         
      ┣ 路由信息：         [area]: ; [controller]: article; [action]: recommend
      ┣ 请求方式：         GET
      ┣ 请求地址：         http://localhost:5005/api/article/recommend
      ┣ 来源地址：         http://localhost:19991/
      ┣ 请求端源：         client
      ┣ 浏览器标识：       Mozilla/5.0 (Windows NT 10.0; Win64; x64) AppleWebKit/537.36 (KHTML, like Gecko) Chrome/116.0.0.0 Safari/537.36
      ┣ 客户端区域语言：   zh-CN,zh;q=0.9
      ┣ 客户端 IP 地址：   0.0.0.1
      ┣ 服务端 IP 地址：   0.0.0.1
      ┣ 客户端连接 ID：    00-02282b1b17d6447cfbb5c61d57ab0285-7345aeb5ec42cd40-00
      ┣ 服务线程 ID：      #53
      ┣ 执行耗时：         1056ms
      ┣ ━━━━━━━━━━━━━━━  Cookies ━━━━━━━━━━━━━━━
      ┣ 请求端：           
      ┣ 响应端：           
      ┣ ━━━━━━━━━━━━━━━  系统信息 ━━━━━━━━━━━━━━━
      ┣ 系统名称：         Microsoft Windows 10.0.19044
      ┣ 系统架构：         X64
      ┣ 基础框架：         Furion.Pure v4.8.8.41
      ┣ .NET 架构：        .NET 6.0.16
      ┣ ━━━━━━━━━━━━━━━  启动信息 ━━━━━━━━━━━━━━━
      ┣ 运行环境：         Production
      ┣ 启动程序集：       Admin.NET.Web.Entry
      ┣ 进程名称：         Admin.NET.Web.Entry
      ┣ 托管程序：         Kestrel
      ┣ ━━━━━━━━━━━━━━━  返回信息 ━━━━━━━━━━━━━━━
      ┣ HTTP响应状态码：   200
      ┣ 原始类型：         System.Threading.Tasks.Task<System.Collections.Generic.List<Admin.NET.Core.JuAI.Service.ArticleSiderOutput>>
      ┣ 最终类型：         Admin.NET.Core.AdminResult<System.Object>
      ┣ 最终返回值：       {"code":200,"type":"success","message":"","result":[{"id":"14215981060677","title":"测试一个样式试试。。哈哈"},{"id":"14194109678917","title":"测试第一个抓烂拉了进来"},{"id":"14127539556677","title":"两个图片测试呢。"},{"id":"14127533953093","title":"设置一下图片和视频试一试呢。。哈哈"},{"id":"14127509730629","title":"一个视频和两个图片"},{"id":"14127478756933","title":"考了几分离开的分析来看都分割"},{"id":"14127257110597","title":"测试一个视频和图片功能看好不好呀"},{"id":"14084316607813","title":"111111111111111"},{"id":"14084262750277","title":"wangEditor 粘贴从 word 复制的带图片内容的最"},{
      ┗━━━━━━━━━━━  Logging Monitor ━━━━━━━━━━━
info: 2023-08-28 21:26:23.0402586 +08:00 星期一 L System.Logging.LoggingMonitor[0] #51
      [System.Private.CoreLib.dll] void System.Runtime.CompilerServices.AsyncMethodBuilderCore.Start<TStateMachine>(ref TStateMachine stateMachine)
      ┏━━━━━━━━━━━  Logging Monitor ━━━━━━━━━━━
      ┣ Admin.NET.Core.JuAI.Service.UserService.GetActiveUsers
      ┣ 
      ┣ 控制器名称：       UserService
      ┣ 操作名称：         GetActiveUsers
      ┣ 显示名称：         活跃用户
      ┣ 路由信息：         [area]: ; [controller]: user; [action]: activeUsers
      ┣ 请求方式：         GET
      ┣ 请求地址：         http://localhost:5005/api/User/ActiveUsers
      ┣ 来源地址：         http://localhost:19991/
      ┣ 请求端源：         client
      ┣ 浏览器标识：       Mozilla/5.0 (Windows NT 10.0; Win64; x64) AppleWebKit/537.36 (KHTML, like Gecko) Chrome/116.0.0.0 Safari/537.36
      ┣ 客户端区域语言：   zh-CN,zh;q=0.9
      ┣ 客户端 IP 地址：   0.0.0.1
      ┣ 服务端 IP 地址：   0.0.0.1
      ┣ 客户端连接 ID：    00-4ea86f630b047b5819d2726f063c5e51-1757a8050f6eceb2-00
      ┣ 服务线程 ID：      #51
      ┣ 执行耗时：         78ms
      ┣ ━━━━━━━━━━━━━━━  Cookies ━━━━━━━━━━━━━━━
      ┣ 请求端：           
      ┣ 响应端：           
      ┣ ━━━━━━━━━━━━━━━  系统信息 ━━━━━━━━━━━━━━━
      ┣ 系统名称：         Microsoft Windows 10.0.19044
      ┣ 系统架构：         X64
      ┣ 基础框架：         Furion.Pure v4.8.8.41
      ┣ .NET 架构：        .NET 6.0.16
      ┣ ━━━━━━━━━━━━━━━  启动信息 ━━━━━━━━━━━━━━━
      ┣ 运行环境：         Production
      ┣ 启动程序集：       Admin.NET.Web.Entry
      ┣ 进程名称：         Admin.NET.Web.Entry
      ┣ 托管程序：         Kestrel
      ┣ ━━━━━━━━━━━━━━━  返回信息 ━━━━━━━━━━━━━━━
      ┣ HTTP响应状态码：   200
      ┣ 原始类型：         System.Collections.Generic.IList<Admin.NET.Core.JuAI.Service.UserInfoOutput>
      ┣ 最终类型：         Admin.NET.Core.AdminResult<System.Object>
      ┣ 最终返回值：       {"code":200,"type":"success","message":"","result":[{"nickName":"聚AI_6045","avatar":"Upload/Avatar/14194583407941.jpg","id":"14005826358213"},{"nickName":"聚AI_6045","avatar":null,"id":"14005810391877"},{"nickName":"聚AI_6045","avatar":null,"id":"13727127390021"},{"nickName":"聚AI_6047","avatar":null,"id":"13763405483077"},{"nickName":"聚AI_6046","avatar":null,"id":"13763350061253"}],"extras":null,"time":"2023-08-28T21:26:23.0380409+08:00"}
      ┗━━━━━━━━━━━  Logging Monitor ━━━━━━━━━━━
info: 2023-08-28 21:26:23.0275471 +08:00 星期一 L System.Logging.LoggingMonitor[0] #49
      [System.Private.CoreLib.dll] void System.Runtime.CompilerServices.AsyncTaskMethodBuilder<TResult>+AsyncStateMachineBox<TStateMachine>.ExecutionContextCallback(object s)
      ┏━━━━━━━━━━━  Logging Monitor ━━━━━━━━━━━
      ┣ Admin.NET.Core.JuAI.Service.SpecialService.GetNewest
      ┣ 
      ┣ 控制器名称：                SpecialService
      ┣ 操作名称：                  GetNewest
      ┣ 显示名称：                  
      ┣ 路由信息：                  [area]: ; [controller]: special; [action]: newest
      ┣ 请求方式：                  GET
      ┣ 请求地址：                  http://localhost:5005/api/special/newest?minId=
      ┣ 来源地址：                  http://localhost:19991/
      ┣ 请求端源：                  client
      ┣ 浏览器标识：                Mozilla/5.0 (Windows NT 10.0; Win64; x64) AppleWebKit/537.36 (KHTML, like Gecko) Chrome/116.0.0.0 Safari/537.36
      ┣ 客户端区域语言：            zh-CN,zh;q=0.9
      ┣ 客户端 IP 地址：            0.0.0.1
      ┣ 服务端 IP 地址：            0.0.0.1
      ┣ 客户端连接 ID：             00-cee59f5629419e76d46251bc4360c659-45eca78165ecc2bc-00
      ┣ 服务线程 ID：               #29
      ┣ 执行耗时：                  63ms
      ┣ ━━━━━━━━━━━━━━━  Cookies ━━━━━━━━━━━━━━━
      ┣ 请求端：                    
      ┣ 响应端：                    
      ┣ ━━━━━━━━━━━━━━━  系统信息 ━━━━━━━━━━━━━━━
      ┣ 系统名称：                  Microsoft Windows 10.0.19044
      ┣ 系统架构：                  X64
      ┣ 基础框架：                  Furion.Pure v4.8.8.41
      ┣ .NET 架构：                 .NET 6.0.16
      ┣ ━━━━━━━━━━━━━━━  启动信息 ━━━━━━━━━━━━━━━
      ┣ 运行环境：                  Production
      ┣ 启动程序集：                Admin.NET.Web.Entry
      ┣ 进程名称：                  Admin.NET.Web.Entry
      ┣ 托管程序：                  Kestrel
      ┣ ━━━━━━━━━━━━━━━  参数列表 ━━━━━━━━━━━━━━━
      ┣ Content-Type：              
      ┣ 
      ┣ minId (Nullable`1)：        
      ┣ ━━━━━━━━━━━━━━━  返回信息 ━━━━━━━━━━━━━━━
      ┣ HTTP响应状态码：            200
      ┣ 原始类型：                  System.Threading.Tasks.Task<System.Collections.Generic.IList<Admin.NET.Core.JuAI.Service.SpecialOutput>>
      ┣ 最终类型：                  Admin.NET.Core.AdminResult<System.Object>
      ┣ 最终返回值：                {"code":200,"type":"success","message":"","result":[{"id":"141254407701223","title":"抓烂22223","text":"就螺丝扣搭街坊立刻就333333","cover":"http://filetest.guxin.link/Special/2023/08/14125440695621.jpg","coverFile":null},{"id":"141242588270232","title":"第一个抓烂","text":"就开始大家和弗兰克沙龙的开发建设离开的顺德府顺德府手动","cover":"http://filetest.guxin.link/Special/2023/08/14124258623685.jpg","coverFile":null},{"id":"141242586827023","title":"第一个抓烂","text":"就开始大家和弗兰克沙龙的开发建设离开的顺德府顺德府手动","cover":"http://filetest.guxin.link/Special/20
      ┗━━━━━━━━━━━  Logging Monitor ━━━━━━━━━━━
info: 2023-08-28 21:26:23.2912972 +08:00 星期一 L System.Logging.LoggingMonitor[0] #49
      [System.Private.CoreLib.dll] void System.Runtime.CompilerServices.AsyncTaskMethodBuilder<TResult>+AsyncStateMachineBox<TStateMachine>.ExecutionContextCallback(object s)
      ┏━━━━━━━━━━━  Logging Monitor ━━━━━━━━━━━
      ┣ Admin.NET.Core.JuAI.Service.ArticleService.GetRecommend
      ┣ 
      ┣ 控制器名称：       ArticleService
      ┣ 操作名称：         GetRecommend
      ┣ 显示名称：         
      ┣ 路由信息：         [area]: ; [controller]: article; [action]: recommend
      ┣ 请求方式：         GET
      ┣ 请求地址：         http://localhost:5005/api/article/recommend
      ┣ 来源地址：         http://localhost:19991/
      ┣ 请求端源：         client
      ┣ 浏览器标识：       Mozilla/5.0 (Windows NT 10.0; Win64; x64) AppleWebKit/537.36 (KHTML, like Gecko) Chrome/116.0.0.0 Safari/537.36
      ┣ 客户端区域语言：   zh-CN,zh;q=0.9
      ┣ 客户端 IP 地址：   0.0.0.1
      ┣ 服务端 IP 地址：   0.0.0.1
      ┣ 客户端连接 ID：    00-4d6a57c61a83448bf707883269083eb2-4b11e624f3ff17d7-00
      ┣ 服务线程 ID：      #37
      ┣ 执行耗时：         327ms
      ┣ ━━━━━━━━━━━━━━━  Cookies ━━━━━━━━━━━━━━━
      ┣ 请求端：           
      ┣ 响应端：           
      ┣ ━━━━━━━━━━━━━━━  系统信息 ━━━━━━━━━━━━━━━
      ┣ 系统名称：         Microsoft Windows 10.0.19044
      ┣ 系统架构：         X64
      ┣ 基础框架：         Furion.Pure v4.8.8.41
      ┣ .NET 架构：        .NET 6.0.16
      ┣ ━━━━━━━━━━━━━━━  启动信息 ━━━━━━━━━━━━━━━
      ┣ 运行环境：         Production
      ┣ 启动程序集：       Admin.NET.Web.Entry
      ┣ 进程名称：         Admin.NET.Web.Entry
      ┣ 托管程序：         Kestrel
      ┣ ━━━━━━━━━━━━━━━  返回信息 ━━━━━━━━━━━━━━━
      ┣ HTTP响应状态码：   200
      ┣ 原始类型：         System.Threading.Tasks.Task<System.Collections.Generic.List<Admin.NET.Core.JuAI.Service.ArticleSiderOutput>>
      ┣ 最终类型：         Admin.NET.Core.AdminResult<System.Object>
      ┣ 最终返回值：       {"code":200,"type":"success","message":"","result":[{"id":"14215981060677","title":"测试一个样式试试。。哈哈"},{"id":"14194109678917","title":"测试第一个抓烂拉了进来"},{"id":"14127539556677","title":"两个图片测试呢。"},{"id":"14127533953093","title":"设置一下图片和视频试一试呢。。哈哈"},{"id":"14127509730629","title":"一个视频和两个图片"},{"id":"14127478756933","title":"考了几分离开的分析来看都分割"},{"id":"14127257110597","title":"测试一个视频和图片功能看好不好呀"},{"id":"14084316607813","title":"111111111111111"},{"id":"14084262750277","title":"wangEditor 粘贴从 word 复制的带图片内容的最"},{
      ┗━━━━━━━━━━━  Logging Monitor ━━━━━━━━━━━
info: 2023-08-28 21:26:23.3875395 +08:00 星期一 L System.Logging.LoggingMonitor[0] #20
      [System.Private.CoreLib.dll] void System.Runtime.CompilerServices.AsyncMethodBuilderCore.Start<TStateMachine>(ref TStateMachine stateMachine)
      ┏━━━━━━━━━━━  Logging Monitor ━━━━━━━━━━━
      ┣ Admin.NET.Core.JuAI.Service.UpgradeService.GetNewst
      ┣ 
      ┣ 控制器名称：       UpgradeService
      ┣ 操作名称：         GetNewst
      ┣ 显示名称：         
      ┣ 路由信息：         [area]: ; [controller]: upgrade; [action]: newst
      ┣ 请求方式：         GET
      ┣ 请求地址：         http://localhost:5005/api/upgrade/newst
      ┣ 来源地址：         http://localhost:19991/
      ┣ 请求端源：         client
      ┣ 浏览器标识：       Mozilla/5.0 (Windows NT 10.0; Win64; x64) AppleWebKit/537.36 (KHTML, like Gecko) Chrome/116.0.0.0 Safari/537.36
      ┣ 客户端区域语言：   zh-CN,zh;q=0.9
      ┣ 客户端 IP 地址：   0.0.0.1
      ┣ 服务端 IP 地址：   0.0.0.1
      ┣ 客户端连接 ID：    00-1dfe730a775e6ac0050da668afb87fd0-80f4043ddd5d23bd-00
      ┣ 服务线程 ID：      #20
      ┣ 执行耗时：         423ms
      ┣ ━━━━━━━━━━━━━━━  Cookies ━━━━━━━━━━━━━━━
      ┣ 请求端：           
      ┣ 响应端：           
      ┣ ━━━━━━━━━━━━━━━  系统信息 ━━━━━━━━━━━━━━━
      ┣ 系统名称：         Microsoft Windows 10.0.19044
      ┣ 系统架构：         X64
      ┣ 基础框架：         Furion.Pure v4.8.8.41
      ┣ .NET 架构：        .NET 6.0.16
      ┣ ━━━━━━━━━━━━━━━  启动信息 ━━━━━━━━━━━━━━━
      ┣ 运行环境：         Production
      ┣ 启动程序集：       Admin.NET.Web.Entry
      ┣ 进程名称：         Admin.NET.Web.Entry
      ┣ 托管程序：         Kestrel
      ┣ ━━━━━━━━━━━━━━━  返回信息 ━━━━━━━━━━━━━━━
      ┣ HTTP响应状态码：   200
      ┣ 原始类型：         Admin.NET.Core.JuAI.AppUpgrade
      ┣ 最终类型：         Admin.NET.Core.AdminResult<System.Object>
      ┣ 最终返回值：       {"code":200,"type":"success","message":"","result":{"version":"2.12.3","desc":"修复聊天不显示","isForceUpdate":true,"isClearCache":true,"createOrgId":null,"createTime":"2023-08-08T22:29:38","updateTime":"2023-08-08T22:14:27","createUserId":null,"updateUserId":null,"isDelete":false,"id":"3334"},"extras":null,"time":"2023-08-28T21:26:23.3854463+08:00"}
      ┗━━━━━━━━━━━  Logging Monitor ━━━━━━━━━━━
info: 2023-08-28 21:26:23.4075164 +08:00 星期一 L System.Logging.LoggingMonitor[0] #48
      [System.Private.CoreLib.dll] void System.Runtime.CompilerServices.AsyncTaskMethodBuilder<TResult>+AsyncStateMachineBox<TStateMachine>.ExecutionContextCallback(object s)
      ┏━━━━━━━━━━━  Logging Monitor ━━━━━━━━━━━
      ┣ Admin.NET.Core.JuAI.Service.UserTokenService.GetIsQianDaoToday
      ┣ 
      ┣ 控制器名称：                   UserTokenService
      ┣ 操作名称：                     GetIsQianDaoToday
      ┣ 显示名称：                     
      ┣ 路由信息：                     [area]: ; [controller]: userToken; [action]: isQianDaoToday
      ┣ 请求方式：                     GET
      ┣ 请求地址：                     http://localhost:5005/api/userToken/isQianDaoToday
      ┣ 来源地址：                     http://localhost:19991/
      ┣ 请求端源：                     client
      ┣ 浏览器标识：                   Mozilla/5.0 (Windows NT 10.0; Win64; x64) AppleWebKit/537.36 (KHTML, like Gecko) Chrome/116.0.0.0 Safari/537.36
      ┣ 客户端区域语言：               zh-CN,zh;q=0.9
      ┣ 客户端 IP 地址：               0.0.0.1
      ┣ 服务端 IP 地址：               0.0.0.1
      ┣ 客户端连接 ID：                00-11100073db7b02017645b7c01643519c-d5649d6da89e5c0c-00
      ┣ 服务线程 ID：                  #34
      ┣ 执行耗时：                     429ms
      ┣ ━━━━━━━━━━━━━━━  Cookies ━━━━━━━━━━━━━━━
      ┣ 请求端：                       
      ┣ 响应端：                       
      ┣ ━━━━━━━━━━━━━━━  系统信息 ━━━━━━━━━━━━━━━
      ┣ 系统名称：                     Microsoft Windows 10.0.19044
      ┣ 系统架构：                     X64
      ┣ 基础框架：                     Furion.Pure v4.8.8.41
      ┣ .NET 架构：                    .NET 6.0.16
      ┣ ━━━━━━━━━━━━━━━  启动信息 ━━━━━━━━━━━━━━━
      ┣ 运行环境：                     Production
      ┣ 启动程序集：                   Admin.NET.Web.Entry
      ┣ 进程名称：                     Admin.NET.Web.Entry
      ┣ 托管程序：                     Kestrel
      ┣ ━━━━━━━━━━━━━━━  授权信息 ━━━━━━━━━━━━━━━
      ┣ JWT Token：                    Bearer eyJhbGciOiJIUzI1NiIsInR5cCI6IkpXVCJ9.eyJVc2VySWQiOjE0MDA1ODI2MzU4MjEzLCJUZW5hbnRJZCI6MTMwMDAwMDAwMDAwMSwiQWNjb3VudCI6IjE4NjAwNzY2MDQ1IiwiTmlja05hbWUiOiLogZpBSV82MDQ1IiwiQWNjb3VudFR5cGUiOjAsImlhdCI6MTY5MzAzNzg0NiwibmJmIjoxNjkzMDM3ODQ2LCJleHAiOjE2OTM2NDI2NDYsImlzcyI6IkFkbWluLk5FVCIsImF1ZCI6IkFkbWluLk5FVCJ9.Pt3OMLor8iLzYQfEoREoKU3AxA0Ja7UX_Q2sCCdnGEw
      ┣ 
      ┣ UserId (integer64)：           14005826358213
      ┣ TenantId (integer64)：         1300000000001
      ┣ Account (string)：             18600766045
      ┣ NickName (string)：            聚AI_6045
      ┣ AccountType (integer)：        0
      ┣ iat (integer)：                1693037846 (2023-08-26 16:17:26:0000(+08:00) 星期六 L)
      ┣ nbf (integer)：                1693037846 (2023-08-26 16:17:26:0000(+08:00) 星期六 L)
      ┣ exp (integer)：                1693642646 (2023-09-02 16:17:26:0000(+08:00) 星期六 L)
      ┣ iss (string)：                 Admin.NET
      ┣ aud (string)：                 Admin.NET
      ┣ ━━━━━━━━━━━━━━━  返回信息 ━━━━━━━━━━━━━━━
      ┣ HTTP响应状态码：               200
      ┣ 原始类型：                     System.Threading.Tasks.Task<System.Boolean>
      ┣ 最终类型：                     Admin.NET.Core.AdminResult<System.Object>
      ┣ 最终返回值：                   {"code":200,"type":"success","message":"","result":false,"extras":null,"time":"2023-08-28T21:26:23.4040578+08:00"}
      ┗━━━━━━━━━━━  Logging Monitor ━━━━━━━━━━━
info: 2023-08-28 21:26:23.5304107 +08:00 星期一 L System.Logging.LoggingMonitor[0] #49
      [System.Private.CoreLib.dll] void System.Runtime.CompilerServices.AsyncTaskMethodBuilder<TResult>+AsyncStateMachineBox<TStateMachine>.ExecutionContextCallback(object s)
      ┏━━━━━━━━━━━  Logging Monitor ━━━━━━━━━━━
      ┣ Admin.NET.Core.JuAI.Service.ArticleService.GetNewest
      ┣ 
      ┣ 控制器名称：                ArticleService
      ┣ 操作名称：                  GetNewest
      ┣ 显示名称：                  
      ┣ 路由信息：                  [area]: ; [controller]: article; [action]: newest
      ┣ 请求方式：                  GET
      ┣ 请求地址：                  http://localhost:5005/api/article/newest?minId=
      ┣ 来源地址：                  http://localhost:19991/
      ┣ 请求端源：                  client
      ┣ 浏览器标识：                Mozilla/5.0 (Windows NT 10.0; Win64; x64) AppleWebKit/537.36 (KHTML, like Gecko) Chrome/116.0.0.0 Safari/537.36
      ┣ 客户端区域语言：            zh-CN,zh;q=0.9
      ┣ 客户端 IP 地址：            0.0.0.1
      ┣ 服务端 IP 地址：            0.0.0.1
      ┣ 客户端连接 ID：             00-a2b892092c3c33764e43f58a132f19b5-ff6330a0727883b1-00
      ┣ 服务线程 ID：               #45
      ┣ 执行耗时：                  567ms
      ┣ ━━━━━━━━━━━━━━━  Cookies ━━━━━━━━━━━━━━━
      ┣ 请求端：                    
      ┣ 响应端：                    
      ┣ ━━━━━━━━━━━━━━━  系统信息 ━━━━━━━━━━━━━━━
      ┣ 系统名称：                  Microsoft Windows 10.0.19044
      ┣ 系统架构：                  X64
      ┣ 基础框架：                  Furion.Pure v4.8.8.41
      ┣ .NET 架构：                 .NET 6.0.16
      ┣ ━━━━━━━━━━━━━━━  启动信息 ━━━━━━━━━━━━━━━
      ┣ 运行环境：                  Production
      ┣ 启动程序集：                Admin.NET.Web.Entry
      ┣ 进程名称：                  Admin.NET.Web.Entry
      ┣ 托管程序：                  Kestrel
      ┣ ━━━━━━━━━━━━━━━  参数列表 ━━━━━━━━━━━━━━━
      ┣ Content-Type：              
      ┣ 
      ┣ minId (Nullable`1)：        
      ┣ ━━━━━━━━━━━━━━━  返回信息 ━━━━━━━━━━━━━━━
      ┣ HTTP响应状态码：            200
      ┣ 原始类型：                  System.Threading.Tasks.Task<System.Collections.Generic.List<Admin.NET.Core.JuAI.Service.ArticleOutput>>
      ┣ 最终类型：                  Admin.NET.Core.AdminResult<System.Object>
      ┣ 最终返回值：                {"code":200,"type":"success","message":"","result":[{"id":"14215981060677","title":"测试一个样式试试。。哈哈","html":"<p>大量减少离开</p><blockquote>第三方顺德府阿斯顿</blockquote><hr/><p>时间快</p><pre><code class=\"language-csharp\">烦烦烦烦烦烦\r\n顺德府阿斯蒂芬\r\n哈哈哈数据库的\r\nhahhahhkjsd </code></pre><table style=\"width: auto;\"><tbody><tr><th colSpan=\"1\" rowSpan=\"1\" width=\"auto\"></th><th colSpan=\"1\" rowSpan=\"1\" width=\"auto\"></th><th colSpan=\"1\" rowSpan=\"1\" width=\"auto\"></th><th colSpan=\"1\" rowSpan=\"1\" width=\"a
      ┗━━━━━━━━━━━  Logging Monitor ━━━━━━━━━━━
info: 2023-08-28 21:27:28.0759773 +08:00 星期一 L System.Logging.LoggingMonitor[0] #60
      [System.Private.CoreLib.dll] void System.Runtime.CompilerServices.AsyncMethodBuilderCore.Start<TStateMachine>(ref TStateMachine stateMachine)
      ┏━━━━━━━━━━━  Logging Monitor ━━━━━━━━━━━
      ┣ Admin.NET.Core.JuAI.Service.UserService.GetActiveUsers
      ┣ 
      ┣ 控制器名称：       UserService
      ┣ 操作名称：         GetActiveUsers
      ┣ 显示名称：         活跃用户
      ┣ 路由信息：         [area]: ; [controller]: user; [action]: activeUsers
      ┣ 请求方式：         GET
      ┣ 请求地址：         http://localhost:5005/api/User/ActiveUsers
      ┣ 来源地址：         http://localhost:19991/
      ┣ 请求端源：         client
      ┣ 浏览器标识：       Mozilla/5.0 (Windows NT 10.0; Win64; x64) AppleWebKit/537.36 (KHTML, like Gecko) Chrome/116.0.0.0 Safari/537.36
      ┣ 客户端区域语言：   zh-CN,zh;q=0.9
      ┣ 客户端 IP 地址：   0.0.0.1
      ┣ 服务端 IP 地址：   0.0.0.1
      ┣ 客户端连接 ID：    00-0fdc1f4cb0bd61c52e4be41950ba459d-3ddbf8edf7f8e917-00
      ┣ 服务线程 ID：      #60
      ┣ 执行耗时：         60ms
      ┣ ━━━━━━━━━━━━━━━  Cookies ━━━━━━━━━━━━━━━
      ┣ 请求端：           
      ┣ 响应端：           
      ┣ ━━━━━━━━━━━━━━━  系统信息 ━━━━━━━━━━━━━━━
      ┣ 系统名称：         Microsoft Windows 10.0.19044
      ┣ 系统架构：         X64
      ┣ 基础框架：         Furion.Pure v4.8.8.41
      ┣ .NET 架构：        .NET 6.0.16
      ┣ ━━━━━━━━━━━━━━━  启动信息 ━━━━━━━━━━━━━━━
      ┣ 运行环境：         Production
      ┣ 启动程序集：       Admin.NET.Web.Entry
      ┣ 进程名称：         Admin.NET.Web.Entry
      ┣ 托管程序：         Kestrel
      ┣ ━━━━━━━━━━━━━━━  返回信息 ━━━━━━━━━━━━━━━
      ┣ HTTP响应状态码：   200
      ┣ 原始类型：         System.Collections.Generic.IList<Admin.NET.Core.JuAI.Service.UserInfoOutput>
      ┣ 最终类型：         Admin.NET.Core.AdminResult<System.Object>
      ┣ 最终返回值：       {"code":200,"type":"success","message":"","result":[{"nickName":"聚AI_6045","avatar":"Upload/Avatar/14194583407941.jpg","id":"14005826358213"},{"nickName":"聚AI_6045","avatar":null,"id":"14005810391877"},{"nickName":"聚AI_6045","avatar":null,"id":"13727127390021"},{"nickName":"聚AI_6047","avatar":null,"id":"13763405483077"},{"nickName":"聚AI_6046","avatar":null,"id":"13763350061253"}],"extras":null,"time":"2023-08-28T21:27:28.0736864+08:00"}
      ┗━━━━━━━━━━━  Logging Monitor ━━━━━━━━━━━
info: 2023-08-28 21:27:28.0774492 +08:00 星期一 L System.Logging.LoggingMonitor[0] #37
      [System.Private.CoreLib.dll] void System.Runtime.CompilerServices.AsyncMethodBuilderCore.Start<TStateMachine>(ref TStateMachine stateMachine)
      ┏━━━━━━━━━━━  Logging Monitor ━━━━━━━━━━━
      ┣ Admin.NET.Core.JuAI.Service.UpgradeService.GetNewst
      ┣ 
      ┣ 控制器名称：       UpgradeService
      ┣ 操作名称：         GetNewst
      ┣ 显示名称：         
      ┣ 路由信息：         [area]: ; [controller]: upgrade; [action]: newst
      ┣ 请求方式：         GET
      ┣ 请求地址：         http://localhost:5005/api/upgrade/newst
      ┣ 来源地址：         http://localhost:19991/
      ┣ 请求端源：         client
      ┣ 浏览器标识：       Mozilla/5.0 (Windows NT 10.0; Win64; x64) AppleWebKit/537.36 (KHTML, like Gecko) Chrome/116.0.0.0 Safari/537.36
      ┣ 客户端区域语言：   zh-CN,zh;q=0.9
      ┣ 客户端 IP 地址：   0.0.0.1
      ┣ 服务端 IP 地址：   0.0.0.1
      ┣ 客户端连接 ID：    00-b4665190704a0e158ef6750a64194760-752dfae23113d928-00
      ┣ 服务线程 ID：      #37
      ┣ 执行耗时：         58ms
      ┣ ━━━━━━━━━━━━━━━  Cookies ━━━━━━━━━━━━━━━
      ┣ 请求端：           
      ┣ 响应端：           
      ┣ ━━━━━━━━━━━━━━━  系统信息 ━━━━━━━━━━━━━━━
      ┣ 系统名称：         Microsoft Windows 10.0.19044
      ┣ 系统架构：         X64
      ┣ 基础框架：         Furion.Pure v4.8.8.41
      ┣ .NET 架构：        .NET 6.0.16
      ┣ ━━━━━━━━━━━━━━━  启动信息 ━━━━━━━━━━━━━━━
      ┣ 运行环境：         Production
      ┣ 启动程序集：       Admin.NET.Web.Entry
      ┣ 进程名称：         Admin.NET.Web.Entry
      ┣ 托管程序：         Kestrel
      ┣ ━━━━━━━━━━━━━━━  返回信息 ━━━━━━━━━━━━━━━
      ┣ HTTP响应状态码：   200
      ┣ 原始类型：         Admin.NET.Core.JuAI.AppUpgrade
      ┣ 最终类型：         Admin.NET.Core.AdminResult<System.Object>
      ┣ 最终返回值：       {"code":200,"type":"success","message":"","result":{"version":"2.12.3","desc":"修复聊天不显示","isForceUpdate":true,"isClearCache":true,"createOrgId":null,"createTime":"2023-08-08T22:29:38","updateTime":"2023-08-08T22:14:27","createUserId":null,"updateUserId":null,"isDelete":false,"id":"3334"},"extras":null,"time":"2023-08-28T21:27:28.0736677+08:00"}
      ┗━━━━━━━━━━━  Logging Monitor ━━━━━━━━━━━
info: 2023-08-28 21:27:28.0889416 +08:00 星期一 L System.Logging.LoggingMonitor[0] #3
      [System.Private.CoreLib.dll] void System.Runtime.CompilerServices.AsyncTaskMethodBuilder<TResult>+AsyncStateMachineBox<TStateMachine>.ExecutionContextCallback(object s)
      ┏━━━━━━━━━━━  Logging Monitor ━━━━━━━━━━━
      ┣ Admin.NET.Core.JuAI.Service.UserTokenService.GetIsQianDaoToday
      ┣ 
      ┣ 控制器名称：                   UserTokenService
      ┣ 操作名称：                     GetIsQianDaoToday
      ┣ 显示名称：                     
      ┣ 路由信息：                     [area]: ; [controller]: userToken; [action]: isQianDaoToday
      ┣ 请求方式：                     GET
      ┣ 请求地址：                     http://localhost:5005/api/userToken/isQianDaoToday
      ┣ 来源地址：                     http://localhost:19991/
      ┣ 请求端源：                     client
      ┣ 浏览器标识：                   Mozilla/5.0 (Windows NT 10.0; Win64; x64) AppleWebKit/537.36 (KHTML, like Gecko) Chrome/116.0.0.0 Safari/537.36
      ┣ 客户端区域语言：               zh-CN,zh;q=0.9
      ┣ 客户端 IP 地址：               0.0.0.1
      ┣ 服务端 IP 地址：               0.0.0.1
      ┣ 客户端连接 ID：                00-fe7586e56eb31b052b28ecb62862df29-be07587fc28b337d-00
      ┣ 服务线程 ID：                  #42
      ┣ 执行耗时：                     60ms
      ┣ ━━━━━━━━━━━━━━━  Cookies ━━━━━━━━━━━━━━━
      ┣ 请求端：                       
      ┣ 响应端：                       
      ┣ ━━━━━━━━━━━━━━━  系统信息 ━━━━━━━━━━━━━━━
      ┣ 系统名称：                     Microsoft Windows 10.0.19044
      ┣ 系统架构：                     X64
      ┣ 基础框架：                     Furion.Pure v4.8.8.41
      ┣ .NET 架构：                    .NET 6.0.16
      ┣ ━━━━━━━━━━━━━━━  启动信息 ━━━━━━━━━━━━━━━
      ┣ 运行环境：                     Production
      ┣ 启动程序集：                   Admin.NET.Web.Entry
      ┣ 进程名称：                     Admin.NET.Web.Entry
      ┣ 托管程序：                     Kestrel
      ┣ ━━━━━━━━━━━━━━━  授权信息 ━━━━━━━━━━━━━━━
      ┣ JWT Token：                    Bearer eyJhbGciOiJIUzI1NiIsInR5cCI6IkpXVCJ9.eyJVc2VySWQiOjE0MDA1ODI2MzU4MjEzLCJUZW5hbnRJZCI6MTMwMDAwMDAwMDAwMSwiQWNjb3VudCI6IjE4NjAwNzY2MDQ1IiwiTmlja05hbWUiOiLogZpBSV82MDQ1IiwiQWNjb3VudFR5cGUiOjAsImlhdCI6MTY5MzAzNzg0NiwibmJmIjoxNjkzMDM3ODQ2LCJleHAiOjE2OTM2NDI2NDYsImlzcyI6IkFkbWluLk5FVCIsImF1ZCI6IkFkbWluLk5FVCJ9.Pt3OMLor8iLzYQfEoREoKU3AxA0Ja7UX_Q2sCCdnGEw
      ┣ 
      ┣ UserId (integer64)：           14005826358213
      ┣ TenantId (integer64)：         1300000000001
      ┣ Account (string)：             18600766045
      ┣ NickName (string)：            聚AI_6045
      ┣ AccountType (integer)：        0
      ┣ iat (integer)：                1693037846 (2023-08-26 16:17:26:0000(+08:00) 星期六 L)
      ┣ nbf (integer)：                1693037846 (2023-08-26 16:17:26:0000(+08:00) 星期六 L)
      ┣ exp (integer)：                1693642646 (2023-09-02 16:17:26:0000(+08:00) 星期六 L)
      ┣ iss (string)：                 Admin.NET
      ┣ aud (string)：                 Admin.NET
      ┣ ━━━━━━━━━━━━━━━  返回信息 ━━━━━━━━━━━━━━━
      ┣ HTTP响应状态码：               200
      ┣ 原始类型：                     System.Threading.Tasks.Task<System.Boolean>
      ┣ 最终类型：                     Admin.NET.Core.AdminResult<System.Object>
      ┣ 最终返回值：                   {"code":200,"type":"success","message":"","result":false,"extras":null,"time":"2023-08-28T21:27:28.0862018+08:00"}
      ┗━━━━━━━━━━━  Logging Monitor ━━━━━━━━━━━
info: 2023-08-28 21:27:28.1000977 +08:00 星期一 L System.Logging.LoggingMonitor[0] #63
      [System.Private.CoreLib.dll] void System.Runtime.CompilerServices.AsyncTaskMethodBuilder<TResult>+AsyncStateMachineBox<TStateMachine>.ExecutionContextCallback(object s)
      ┏━━━━━━━━━━━  Logging Monitor ━━━━━━━━━━━
      ┣ Admin.NET.Core.JuAI.Service.SpecialService.GetNewest
      ┣ 
      ┣ 控制器名称：                SpecialService
      ┣ 操作名称：                  GetNewest
      ┣ 显示名称：                  
      ┣ 路由信息：                  [area]: ; [controller]: special; [action]: newest
      ┣ 请求方式：                  GET
      ┣ 请求地址：                  http://localhost:5005/api/special/newest?minId=
      ┣ 来源地址：                  http://localhost:19991/
      ┣ 请求端源：                  client
      ┣ 浏览器标识：                Mozilla/5.0 (Windows NT 10.0; Win64; x64) AppleWebKit/537.36 (KHTML, like Gecko) Chrome/116.0.0.0 Safari/537.36
      ┣ 客户端区域语言：            zh-CN,zh;q=0.9
      ┣ 客户端 IP 地址：            0.0.0.1
      ┣ 服务端 IP 地址：            0.0.0.1
      ┣ 客户端连接 ID：             00-8fe18bd80f5f4a1b16951d4375ce7ade-5bf9e7fb63ce1eb7-00
      ┣ 服务线程 ID：               #55
      ┣ 执行耗时：                  78ms
      ┣ ━━━━━━━━━━━━━━━  Cookies ━━━━━━━━━━━━━━━
      ┣ 请求端：                    
      ┣ 响应端：                    
      ┣ ━━━━━━━━━━━━━━━  系统信息 ━━━━━━━━━━━━━━━
      ┣ 系统名称：                  Microsoft Windows 10.0.19044
      ┣ 系统架构：                  X64
      ┣ 基础框架：                  Furion.Pure v4.8.8.41
      ┣ .NET 架构：                 .NET 6.0.16
      ┣ ━━━━━━━━━━━━━━━  启动信息 ━━━━━━━━━━━━━━━
      ┣ 运行环境：                  Production
      ┣ 启动程序集：                Admin.NET.Web.Entry
      ┣ 进程名称：                  Admin.NET.Web.Entry
      ┣ 托管程序：                  Kestrel
      ┣ ━━━━━━━━━━━━━━━  参数列表 ━━━━━━━━━━━━━━━
      ┣ Content-Type：              
      ┣ 
      ┣ minId (Nullable`1)：        
      ┣ ━━━━━━━━━━━━━━━  返回信息 ━━━━━━━━━━━━━━━
      ┣ HTTP响应状态码：            200
      ┣ 原始类型：                  System.Threading.Tasks.Task<System.Collections.Generic.IList<Admin.NET.Core.JuAI.Service.SpecialOutput>>
      ┣ 最终类型：                  Admin.NET.Core.AdminResult<System.Object>
      ┣ 最终返回值：                {"code":200,"type":"success","message":"","result":[{"id":"141254407701223","title":"抓烂22223","text":"就螺丝扣搭街坊立刻就333333","cover":"http://filetest.guxin.link/Special/2023/08/14125440695621.jpg","coverFile":null},{"id":"141242588270232","title":"第一个抓烂","text":"就开始大家和弗兰克沙龙的开发建设离开的顺德府顺德府手动","cover":"http://filetest.guxin.link/Special/2023/08/14124258623685.jpg","coverFile":null},{"id":"141242586827023","title":"第一个抓烂","text":"就开始大家和弗兰克沙龙的开发建设离开的顺德府顺德府手动","cover":"http://filetest.guxin.link/Special/20
      ┗━━━━━━━━━━━  Logging Monitor ━━━━━━━━━━━
info: 2023-08-28 21:27:28.2404937 +08:00 星期一 L System.Logging.LoggingMonitor[0] #63
      [System.Private.CoreLib.dll] void System.Runtime.CompilerServices.AsyncTaskMethodBuilder<TResult>+AsyncStateMachineBox<TStateMachine>.ExecutionContextCallback(object s)
      ┏━━━━━━━━━━━  Logging Monitor ━━━━━━━━━━━
      ┣ Admin.NET.Core.JuAI.Service.ArticleService.GetNewest
      ┣ 
      ┣ 控制器名称：                ArticleService
      ┣ 操作名称：                  GetNewest
      ┣ 显示名称：                  
      ┣ 路由信息：                  [area]: ; [controller]: article; [action]: newest
      ┣ 请求方式：                  GET
      ┣ 请求地址：                  http://localhost:5005/api/article/newest?minId=
      ┣ 来源地址：                  http://localhost:19991/
      ┣ 请求端源：                  client
      ┣ 浏览器标识：                Mozilla/5.0 (Windows NT 10.0; Win64; x64) AppleWebKit/537.36 (KHTML, like Gecko) Chrome/116.0.0.0 Safari/537.36
      ┣ 客户端区域语言：            zh-CN,zh;q=0.9
      ┣ 客户端 IP 地址：            0.0.0.1
      ┣ 服务端 IP 地址：            0.0.0.1
      ┣ 客户端连接 ID：             00-4a2f44ab0d1ed5757d14cabf3105a57c-2df944950b7dd1e6-00
      ┣ 服务线程 ID：               #58
      ┣ 执行耗时：                  221ms
      ┣ ━━━━━━━━━━━━━━━  Cookies ━━━━━━━━━━━━━━━
      ┣ 请求端：                    
      ┣ 响应端：                    
      ┣ ━━━━━━━━━━━━━━━  系统信息 ━━━━━━━━━━━━━━━
      ┣ 系统名称：                  Microsoft Windows 10.0.19044
      ┣ 系统架构：                  X64
      ┣ 基础框架：                  Furion.Pure v4.8.8.41
      ┣ .NET 架构：                 .NET 6.0.16
      ┣ ━━━━━━━━━━━━━━━  启动信息 ━━━━━━━━━━━━━━━
      ┣ 运行环境：                  Production
      ┣ 启动程序集：                Admin.NET.Web.Entry
      ┣ 进程名称：                  Admin.NET.Web.Entry
      ┣ 托管程序：                  Kestrel
      ┣ ━━━━━━━━━━━━━━━  参数列表 ━━━━━━━━━━━━━━━
      ┣ Content-Type：              
      ┣ 
      ┣ minId (Nullable`1)：        
      ┣ ━━━━━━━━━━━━━━━  返回信息 ━━━━━━━━━━━━━━━
      ┣ HTTP响应状态码：            200
      ┣ 原始类型：                  System.Threading.Tasks.Task<System.Collections.Generic.List<Admin.NET.Core.JuAI.Service.ArticleOutput>>
      ┣ 最终类型：                  Admin.NET.Core.AdminResult<System.Object>
      ┣ 最终返回值：                {"code":200,"type":"success","message":"","result":[{"id":"14215981060677","title":"测试一个样式试试。。哈哈","html":"<p>大量减少离开</p><blockquote>第三方顺德府阿斯顿</blockquote><hr/><p>时间快</p><pre><code class=\"language-csharp\">烦烦烦烦烦烦\r\n顺德府阿斯蒂芬\r\n哈哈哈数据库的\r\nhahhahhkjsd </code></pre><table style=\"width: auto;\"><tbody><tr><th colSpan=\"1\" rowSpan=\"1\" width=\"auto\"></th><th colSpan=\"1\" rowSpan=\"1\" width=\"auto\"></th><th colSpan=\"1\" rowSpan=\"1\" width=\"auto\"></th><th colSpan=\"1\" rowSpan=\"1\" width=\"a
      ┗━━━━━━━━━━━  Logging Monitor ━━━━━━━━━━━
info: 2023-08-28 21:27:28.3492033 +08:00 星期一 L System.Logging.LoggingMonitor[0] #3
      [System.Private.CoreLib.dll] void System.Runtime.CompilerServices.AsyncTaskMethodBuilder<TResult>+AsyncStateMachineBox<TStateMachine>.ExecutionContextCallback(object s)
      ┏━━━━━━━━━━━  Logging Monitor ━━━━━━━━━━━
      ┣ Admin.NET.Core.JuAI.Service.ArticleService.GetRecommend
      ┣ 
      ┣ 控制器名称：       ArticleService
      ┣ 操作名称：         GetRecommend
      ┣ 显示名称：         
      ┣ 路由信息：         [area]: ; [controller]: article; [action]: recommend
      ┣ 请求方式：         GET
      ┣ 请求地址：         http://localhost:5005/api/article/recommend
      ┣ 来源地址：         http://localhost:19991/
      ┣ 请求端源：         client
      ┣ 浏览器标识：       Mozilla/5.0 (Windows NT 10.0; Win64; x64) AppleWebKit/537.36 (KHTML, like Gecko) Chrome/116.0.0.0 Safari/537.36
      ┣ 客户端区域语言：   zh-CN,zh;q=0.9
      ┣ 客户端 IP 地址：   0.0.0.1
      ┣ 服务端 IP 地址：   0.0.0.1
      ┣ 客户端连接 ID：    00-753d7b76dfa99d8b008b1f819a4485cf-1943850387f91779-00
      ┣ 服务线程 ID：      #59
      ┣ 执行耗时：         333ms
      ┣ ━━━━━━━━━━━━━━━  Cookies ━━━━━━━━━━━━━━━
      ┣ 请求端：           
      ┣ 响应端：           
      ┣ ━━━━━━━━━━━━━━━  系统信息 ━━━━━━━━━━━━━━━
      ┣ 系统名称：         Microsoft Windows 10.0.19044
      ┣ 系统架构：         X64
      ┣ 基础框架：         Furion.Pure v4.8.8.41
      ┣ .NET 架构：        .NET 6.0.16
      ┣ ━━━━━━━━━━━━━━━  启动信息 ━━━━━━━━━━━━━━━
      ┣ 运行环境：         Production
      ┣ 启动程序集：       Admin.NET.Web.Entry
      ┣ 进程名称：         Admin.NET.Web.Entry
      ┣ 托管程序：         Kestrel
      ┣ ━━━━━━━━━━━━━━━  返回信息 ━━━━━━━━━━━━━━━
      ┣ HTTP响应状态码：   200
      ┣ 原始类型：         System.Threading.Tasks.Task<System.Collections.Generic.List<Admin.NET.Core.JuAI.Service.ArticleSiderOutput>>
      ┣ 最终类型：         Admin.NET.Core.AdminResult<System.Object>
      ┣ 最终返回值：       {"code":200,"type":"success","message":"","result":[{"id":"14215981060677","title":"测试一个样式试试。。哈哈"},{"id":"14194109678917","title":"测试第一个抓烂拉了进来"},{"id":"14127539556677","title":"两个图片测试呢。"},{"id":"14127533953093","title":"设置一下图片和视频试一试呢。。哈哈"},{"id":"14127509730629","title":"一个视频和两个图片"},{"id":"14127478756933","title":"考了几分离开的分析来看都分割"},{"id":"14127257110597","title":"测试一个视频和图片功能看好不好呀"},{"id":"14084316607813","title":"111111111111111"},{"id":"14084262750277","title":"wangEditor 粘贴从 word 复制的带图片内容的最"},{
      ┗━━━━━━━━━━━  Logging Monitor ━━━━━━━━━━━
info: 2023-08-28 21:27:38.4556108 +08:00 星期一 L System.Logging.LoggingMonitor[0] #61
      [System.Private.CoreLib.dll] void System.Runtime.CompilerServices.AsyncMethodBuilderCore.Start<TStateMachine>(ref TStateMachine stateMachine)
      ┏━━━━━━━━━━━  Logging Monitor ━━━━━━━━━━━
      ┣ Admin.NET.Core.JuAI.Service.UpgradeService.GetNewst
      ┣ 
      ┣ 控制器名称：       UpgradeService
      ┣ 操作名称：         GetNewst
      ┣ 显示名称：         
      ┣ 路由信息：         [area]: ; [controller]: upgrade; [action]: newst
      ┣ 请求方式：         GET
      ┣ 请求地址：         http://localhost:5005/api/upgrade/newst
      ┣ 来源地址：         http://localhost:19991/
      ┣ 请求端源：         client
      ┣ 浏览器标识：       Mozilla/5.0 (Windows NT 10.0; Win64; x64) AppleWebKit/537.36 (KHTML, like Gecko) Chrome/116.0.0.0 Safari/537.36
      ┣ 客户端区域语言：   zh-CN,zh;q=0.9
      ┣ 客户端 IP 地址：   0.0.0.1
      ┣ 服务端 IP 地址：   0.0.0.1
      ┣ 客户端连接 ID：    00-dd6570be254c33d8d5551f636eed4dbe-b622e7351e50f983-00
      ┣ 服务线程 ID：      #61
      ┣ 执行耗时：         72ms
      ┣ ━━━━━━━━━━━━━━━  Cookies ━━━━━━━━━━━━━━━
      ┣ 请求端：           
      ┣ 响应端：           
      ┣ ━━━━━━━━━━━━━━━  系统信息 ━━━━━━━━━━━━━━━
      ┣ 系统名称：         Microsoft Windows 10.0.19044
      ┣ 系统架构：         X64
      ┣ 基础框架：         Furion.Pure v4.8.8.41
      ┣ .NET 架构：        .NET 6.0.16
      ┣ ━━━━━━━━━━━━━━━  启动信息 ━━━━━━━━━━━━━━━
      ┣ 运行环境：         Production
      ┣ 启动程序集：       Admin.NET.Web.Entry
      ┣ 进程名称：         Admin.NET.Web.Entry
      ┣ 托管程序：         Kestrel
      ┣ ━━━━━━━━━━━━━━━  返回信息 ━━━━━━━━━━━━━━━
      ┣ HTTP响应状态码：   200
      ┣ 原始类型：         Admin.NET.Core.JuAI.AppUpgrade
      ┣ 最终类型：         Admin.NET.Core.AdminResult<System.Object>
      ┣ 最终返回值：       {"code":200,"type":"success","message":"","result":{"version":"2.12.3","desc":"修复聊天不显示","isForceUpdate":true,"isClearCache":true,"createOrgId":null,"createTime":"2023-08-08T22:29:38","updateTime":"2023-08-08T22:14:27","createUserId":null,"updateUserId":null,"isDelete":false,"id":"3334"},"extras":null,"time":"2023-08-28T21:27:38.4522781+08:00"}
      ┗━━━━━━━━━━━  Logging Monitor ━━━━━━━━━━━
info: 2023-08-28 21:27:38.4679072 +08:00 星期一 L System.Logging.LoggingMonitor[0] #58
      [System.Private.CoreLib.dll] void System.Runtime.CompilerServices.AsyncMethodBuilderCore.Start<TStateMachine>(ref TStateMachine stateMachine)
      ┏━━━━━━━━━━━  Logging Monitor ━━━━━━━━━━━
      ┣ Admin.NET.Core.JuAI.Service.UserService.GetActiveUsers
      ┣ 
      ┣ 控制器名称：       UserService
      ┣ 操作名称：         GetActiveUsers
      ┣ 显示名称：         活跃用户
      ┣ 路由信息：         [area]: ; [controller]: user; [action]: activeUsers
      ┣ 请求方式：         GET
      ┣ 请求地址：         http://localhost:5005/api/User/ActiveUsers
      ┣ 来源地址：         http://localhost:19991/
      ┣ 请求端源：         client
      ┣ 浏览器标识：       Mozilla/5.0 (Windows NT 10.0; Win64; x64) AppleWebKit/537.36 (KHTML, like Gecko) Chrome/116.0.0.0 Safari/537.36
      ┣ 客户端区域语言：   zh-CN,zh;q=0.9
      ┣ 客户端 IP 地址：   0.0.0.1
      ┣ 服务端 IP 地址：   0.0.0.1
      ┣ 客户端连接 ID：    00-eb1ce9b305d4b48eec18ff7e94de8c0f-f4da200a0f64c618-00
      ┣ 服务线程 ID：      #58
      ┣ 执行耗时：         91ms
      ┣ ━━━━━━━━━━━━━━━  Cookies ━━━━━━━━━━━━━━━
      ┣ 请求端：           
      ┣ 响应端：           
      ┣ ━━━━━━━━━━━━━━━  系统信息 ━━━━━━━━━━━━━━━
      ┣ 系统名称：         Microsoft Windows 10.0.19044
      ┣ 系统架构：         X64
      ┣ 基础框架：         Furion.Pure v4.8.8.41
      ┣ .NET 架构：        .NET 6.0.16
      ┣ ━━━━━━━━━━━━━━━  启动信息 ━━━━━━━━━━━━━━━
      ┣ 运行环境：         Production
      ┣ 启动程序集：       Admin.NET.Web.Entry
      ┣ 进程名称：         Admin.NET.Web.Entry
      ┣ 托管程序：         Kestrel
      ┣ ━━━━━━━━━━━━━━━  返回信息 ━━━━━━━━━━━━━━━
      ┣ HTTP响应状态码：   200
      ┣ 原始类型：         System.Collections.Generic.IList<Admin.NET.Core.JuAI.Service.UserInfoOutput>
      ┣ 最终类型：         Admin.NET.Core.AdminResult<System.Object>
      ┣ 最终返回值：       {"code":200,"type":"success","message":"","result":[{"nickName":"聚AI_6045","avatar":"Upload/Avatar/14194583407941.jpg","id":"14005826358213"},{"nickName":"聚AI_6045","avatar":null,"id":"14005810391877"},{"nickName":"聚AI_6045","avatar":null,"id":"13727127390021"},{"nickName":"聚AI_6047","avatar":null,"id":"13763405483077"},{"nickName":"聚AI_6046","avatar":null,"id":"13763350061253"}],"extras":null,"time":"2023-08-28T21:27:38.4649542+08:00"}
      ┗━━━━━━━━━━━  Logging Monitor ━━━━━━━━━━━
info: 2023-08-28 21:27:38.4526307 +08:00 星期一 L System.Logging.LoggingMonitor[0] #63
      [System.Private.CoreLib.dll] void System.Runtime.CompilerServices.AsyncTaskMethodBuilder<TResult>+AsyncStateMachineBox<TStateMachine>.ExecutionContextCallback(object s)
      ┏━━━━━━━━━━━  Logging Monitor ━━━━━━━━━━━
      ┣ Admin.NET.Core.JuAI.Service.UserTokenService.GetIsQianDaoToday
      ┣ 
      ┣ 控制器名称：                   UserTokenService
      ┣ 操作名称：                     GetIsQianDaoToday
      ┣ 显示名称：                     
      ┣ 路由信息：                     [area]: ; [controller]: userToken; [action]: isQianDaoToday
      ┣ 请求方式：                     GET
      ┣ 请求地址：                     http://localhost:5005/api/userToken/isQianDaoToday
      ┣ 来源地址：                     http://localhost:19991/
      ┣ 请求端源：                     client
      ┣ 浏览器标识：                   Mozilla/5.0 (Windows NT 10.0; Win64; x64) AppleWebKit/537.36 (KHTML, like Gecko) Chrome/116.0.0.0 Safari/537.36
      ┣ 客户端区域语言：               zh-CN,zh;q=0.9
      ┣ 客户端 IP 地址：               0.0.0.1
      ┣ 服务端 IP 地址：               0.0.0.1
      ┣ 客户端连接 ID：                00-51927aaa53dbde3f005f8c204976a43e-b8be9cfce1e9c0bb-00
      ┣ 服务线程 ID：                  #32
      ┣ 执行耗时：                     59ms
      ┣ ━━━━━━━━━━━━━━━  Cookies ━━━━━━━━━━━━━━━
      ┣ 请求端：                       
      ┣ 响应端：                       
      ┣ ━━━━━━━━━━━━━━━  系统信息 ━━━━━━━━━━━━━━━
      ┣ 系统名称：                     Microsoft Windows 10.0.19044
      ┣ 系统架构：                     X64
      ┣ 基础框架：                     Furion.Pure v4.8.8.41
      ┣ .NET 架构：                    .NET 6.0.16
      ┣ ━━━━━━━━━━━━━━━  启动信息 ━━━━━━━━━━━━━━━
      ┣ 运行环境：                     Production
      ┣ 启动程序集：                   Admin.NET.Web.Entry
      ┣ 进程名称：                     Admin.NET.Web.Entry
      ┣ 托管程序：                     Kestrel
      ┣ ━━━━━━━━━━━━━━━  授权信息 ━━━━━━━━━━━━━━━
      ┣ JWT Token：                    Bearer eyJhbGciOiJIUzI1NiIsInR5cCI6IkpXVCJ9.eyJVc2VySWQiOjE0MDA1ODI2MzU4MjEzLCJUZW5hbnRJZCI6MTMwMDAwMDAwMDAwMSwiQWNjb3VudCI6IjE4NjAwNzY2MDQ1IiwiTmlja05hbWUiOiLogZpBSV82MDQ1IiwiQWNjb3VudFR5cGUiOjAsImlhdCI6MTY5MzAzNzg0NiwibmJmIjoxNjkzMDM3ODQ2LCJleHAiOjE2OTM2NDI2NDYsImlzcyI6IkFkbWluLk5FVCIsImF1ZCI6IkFkbWluLk5FVCJ9.Pt3OMLor8iLzYQfEoREoKU3AxA0Ja7UX_Q2sCCdnGEw
      ┣ 
      ┣ UserId (integer64)：           14005826358213
      ┣ TenantId (integer64)：         1300000000001
      ┣ Account (string)：             18600766045
      ┣ NickName (string)：            聚AI_6045
      ┣ AccountType (integer)：        0
      ┣ iat (integer)：                1693037846 (2023-08-26 16:17:26:0000(+08:00) 星期六 L)
      ┣ nbf (integer)：                1693037846 (2023-08-26 16:17:26:0000(+08:00) 星期六 L)
      ┣ exp (integer)：                1693642646 (2023-09-02 16:17:26:0000(+08:00) 星期六 L)
      ┣ iss (string)：                 Admin.NET
      ┣ aud (string)：                 Admin.NET
      ┣ ━━━━━━━━━━━━━━━  返回信息 ━━━━━━━━━━━━━━━
      ┣ HTTP响应状态码：               200
      ┣ 原始类型：                     System.Threading.Tasks.Task<System.Boolean>
      ┣ 最终类型：                     Admin.NET.Core.AdminResult<System.Object>
      ┣ 最终返回值：                   {"code":200,"type":"success","message":"","result":false,"extras":null,"time":"2023-08-28T21:27:38.4500167+08:00"}
      ┗━━━━━━━━━━━  Logging Monitor ━━━━━━━━━━━
info: 2023-08-28 21:27:38.4583499 +08:00 星期一 L System.Logging.LoggingMonitor[0] #21
      [System.Private.CoreLib.dll] void System.Runtime.CompilerServices.AsyncTaskMethodBuilder<TResult>+AsyncStateMachineBox<TStateMachine>.ExecutionContextCallback(object s)
      ┏━━━━━━━━━━━  Logging Monitor ━━━━━━━━━━━
      ┣ Admin.NET.Core.JuAI.Service.SpecialService.GetNewest
      ┣ 
      ┣ 控制器名称：                SpecialService
      ┣ 操作名称：                  GetNewest
      ┣ 显示名称：                  
      ┣ 路由信息：                  [area]: ; [controller]: special; [action]: newest
      ┣ 请求方式：                  GET
      ┣ 请求地址：                  http://localhost:5005/api/special/newest?minId=
      ┣ 来源地址：                  http://localhost:19991/
      ┣ 请求端源：                  client
      ┣ 浏览器标识：                Mozilla/5.0 (Windows NT 10.0; Win64; x64) AppleWebKit/537.36 (KHTML, like Gecko) Chrome/116.0.0.0 Safari/537.36
      ┣ 客户端区域语言：            zh-CN,zh;q=0.9
      ┣ 客户端 IP 地址：            0.0.0.1
      ┣ 服务端 IP 地址：            0.0.0.1
      ┣ 客户端连接 ID：             00-59ba2d41d09b649257d5cfe042f28603-d6c044f06026fe0d-00
      ┣ 服务线程 ID：               #55
      ┣ 执行耗时：                  75ms
      ┣ ━━━━━━━━━━━━━━━  Cookies ━━━━━━━━━━━━━━━
      ┣ 请求端：                    
      ┣ 响应端：                    
      ┣ ━━━━━━━━━━━━━━━  系统信息 ━━━━━━━━━━━━━━━
      ┣ 系统名称：                  Microsoft Windows 10.0.19044
      ┣ 系统架构：                  X64
      ┣ 基础框架：                  Furion.Pure v4.8.8.41
      ┣ .NET 架构：                 .NET 6.0.16
      ┣ ━━━━━━━━━━━━━━━  启动信息 ━━━━━━━━━━━━━━━
      ┣ 运行环境：                  Production
      ┣ 启动程序集：                Admin.NET.Web.Entry
      ┣ 进程名称：                  Admin.NET.Web.Entry
      ┣ 托管程序：                  Kestrel
      ┣ ━━━━━━━━━━━━━━━  参数列表 ━━━━━━━━━━━━━━━
      ┣ Content-Type：              
      ┣ 
      ┣ minId (Nullable`1)：        
      ┣ ━━━━━━━━━━━━━━━  返回信息 ━━━━━━━━━━━━━━━
      ┣ HTTP响应状态码：            200
      ┣ 原始类型：                  System.Threading.Tasks.Task<System.Collections.Generic.IList<Admin.NET.Core.JuAI.Service.SpecialOutput>>
      ┣ 最终类型：                  Admin.NET.Core.AdminResult<System.Object>
      ┣ 最终返回值：                {"code":200,"type":"success","message":"","result":[{"id":"141254407701223","title":"抓烂22223","text":"就螺丝扣搭街坊立刻就333333","cover":"http://filetest.guxin.link/Special/2023/08/14125440695621.jpg","coverFile":null},{"id":"141242588270232","title":"第一个抓烂","text":"就开始大家和弗兰克沙龙的开发建设离开的顺德府顺德府手动","cover":"http://filetest.guxin.link/Special/2023/08/14124258623685.jpg","coverFile":null},{"id":"141242586827023","title":"第一个抓烂","text":"就开始大家和弗兰克沙龙的开发建设离开的顺德府顺德府手动","cover":"http://filetest.guxin.link/Special/20
      ┗━━━━━━━━━━━  Logging Monitor ━━━━━━━━━━━
info: 2023-08-28 21:27:38.5664555 +08:00 星期一 L System.Logging.LoggingMonitor[0] #21
      [System.Private.CoreLib.dll] void System.Runtime.CompilerServices.AsyncTaskMethodBuilder<TResult>+AsyncStateMachineBox<TStateMachine>.ExecutionContextCallback(object s)
      ┏━━━━━━━━━━━  Logging Monitor ━━━━━━━━━━━
      ┣ Admin.NET.Core.JuAI.Service.ArticleService.GetNewest
      ┣ 
      ┣ 控制器名称：                ArticleService
      ┣ 操作名称：                  GetNewest
      ┣ 显示名称：                  
      ┣ 路由信息：                  [area]: ; [controller]: article; [action]: newest
      ┣ 请求方式：                  GET
      ┣ 请求地址：                  http://localhost:5005/api/article/newest?minId=
      ┣ 来源地址：                  http://localhost:19991/
      ┣ 请求端源：                  client
      ┣ 浏览器标识：                Mozilla/5.0 (Windows NT 10.0; Win64; x64) AppleWebKit/537.36 (KHTML, like Gecko) Chrome/116.0.0.0 Safari/537.36
      ┣ 客户端区域语言：            zh-CN,zh;q=0.9
      ┣ 客户端 IP 地址：            0.0.0.1
      ┣ 服务端 IP 地址：            0.0.0.1
      ┣ 客户端连接 ID：             00-ed0f5ec8b0a7fe2bbbce1144b9b24835-30b77f898304b600-00
      ┣ 服务线程 ID：               #42
      ┣ 执行耗时：                  187ms
      ┣ ━━━━━━━━━━━━━━━  Cookies ━━━━━━━━━━━━━━━
      ┣ 请求端：                    
      ┣ 响应端：                    
      ┣ ━━━━━━━━━━━━━━━  系统信息 ━━━━━━━━━━━━━━━
      ┣ 系统名称：                  Microsoft Windows 10.0.19044
      ┣ 系统架构：                  X64
      ┣ 基础框架：                  Furion.Pure v4.8.8.41
      ┣ .NET 架构：                 .NET 6.0.16
      ┣ ━━━━━━━━━━━━━━━  启动信息 ━━━━━━━━━━━━━━━
      ┣ 运行环境：                  Production
      ┣ 启动程序集：                Admin.NET.Web.Entry
      ┣ 进程名称：                  Admin.NET.Web.Entry
      ┣ 托管程序：                  Kestrel
      ┣ ━━━━━━━━━━━━━━━  参数列表 ━━━━━━━━━━━━━━━
      ┣ Content-Type：              
      ┣ 
      ┣ minId (Nullable`1)：        
      ┣ ━━━━━━━━━━━━━━━  返回信息 ━━━━━━━━━━━━━━━
      ┣ HTTP响应状态码：            200
      ┣ 原始类型：                  System.Threading.Tasks.Task<System.Collections.Generic.List<Admin.NET.Core.JuAI.Service.ArticleOutput>>
      ┣ 最终类型：                  Admin.NET.Core.AdminResult<System.Object>
      ┣ 最终返回值：                {"code":200,"type":"success","message":"","result":[{"id":"14215981060677","title":"测试一个样式试试。。哈哈","html":"<p>大量减少离开</p><blockquote>第三方顺德府阿斯顿</blockquote><hr/><p>时间快</p><pre><code class=\"language-csharp\">烦烦烦烦烦烦\r\n顺德府阿斯蒂芬\r\n哈哈哈数据库的\r\nhahhahhkjsd </code></pre><table style=\"width: auto;\"><tbody><tr><th colSpan=\"1\" rowSpan=\"1\" width=\"auto\"></th><th colSpan=\"1\" rowSpan=\"1\" width=\"auto\"></th><th colSpan=\"1\" rowSpan=\"1\" width=\"auto\"></th><th colSpan=\"1\" rowSpan=\"1\" width=\"a
      ┗━━━━━━━━━━━  Logging Monitor ━━━━━━━━━━━
info: 2023-08-28 21:27:38.7212418 +08:00 星期一 L System.Logging.LoggingMonitor[0] #63
      [System.Private.CoreLib.dll] void System.Runtime.CompilerServices.AsyncTaskMethodBuilder<TResult>+AsyncStateMachineBox<TStateMachine>.ExecutionContextCallback(object s)
      ┏━━━━━━━━━━━  Logging Monitor ━━━━━━━━━━━
      ┣ Admin.NET.Core.JuAI.Service.ArticleService.GetRecommend
      ┣ 
      ┣ 控制器名称：       ArticleService
      ┣ 操作名称：         GetRecommend
      ┣ 显示名称：         
      ┣ 路由信息：         [area]: ; [controller]: article; [action]: recommend
      ┣ 请求方式：         GET
      ┣ 请求地址：         http://localhost:5005/api/article/recommend
      ┣ 来源地址：         http://localhost:19991/
      ┣ 请求端源：         client
      ┣ 浏览器标识：       Mozilla/5.0 (Windows NT 10.0; Win64; x64) AppleWebKit/537.36 (KHTML, like Gecko) Chrome/116.0.0.0 Safari/537.36
      ┣ 客户端区域语言：   zh-CN,zh;q=0.9
      ┣ 客户端 IP 地址：   0.0.0.1
      ┣ 服务端 IP 地址：   0.0.0.1
      ┣ 客户端连接 ID：    00-44318c9c679d5ec2771291bab2c6607e-7925f1ab083ce9b6-00
      ┣ 服务线程 ID：      #51
      ┣ 执行耗时：         345ms
      ┣ ━━━━━━━━━━━━━━━  Cookies ━━━━━━━━━━━━━━━
      ┣ 请求端：           
      ┣ 响应端：           
      ┣ ━━━━━━━━━━━━━━━  系统信息 ━━━━━━━━━━━━━━━
      ┣ 系统名称：         Microsoft Windows 10.0.19044
      ┣ 系统架构：         X64
      ┣ 基础框架：         Furion.Pure v4.8.8.41
      ┣ .NET 架构：        .NET 6.0.16
      ┣ ━━━━━━━━━━━━━━━  启动信息 ━━━━━━━━━━━━━━━
      ┣ 运行环境：         Production
      ┣ 启动程序集：       Admin.NET.Web.Entry
      ┣ 进程名称：         Admin.NET.Web.Entry
      ┣ 托管程序：         Kestrel
      ┣ ━━━━━━━━━━━━━━━  返回信息 ━━━━━━━━━━━━━━━
      ┣ HTTP响应状态码：   200
      ┣ 原始类型：         System.Threading.Tasks.Task<System.Collections.Generic.List<Admin.NET.Core.JuAI.Service.ArticleSiderOutput>>
      ┣ 最终类型：         Admin.NET.Core.AdminResult<System.Object>
      ┣ 最终返回值：       {"code":200,"type":"success","message":"","result":[{"id":"14215981060677","title":"测试一个样式试试。。哈哈"},{"id":"14194109678917","title":"测试第一个抓烂拉了进来"},{"id":"14127539556677","title":"两个图片测试呢。"},{"id":"14127533953093","title":"设置一下图片和视频试一试呢。。哈哈"},{"id":"14127509730629","title":"一个视频和两个图片"},{"id":"14127478756933","title":"考了几分离开的分析来看都分割"},{"id":"14127257110597","title":"测试一个视频和图片功能看好不好呀"},{"id":"14084316607813","title":"111111111111111"},{"id":"14084262750277","title":"wangEditor 粘贴从 word 复制的带图片内容的最"},{
      ┗━━━━━━━━━━━  Logging Monitor ━━━━━━━━━━━
info: 2023-08-28 21:30:01.1731631 +08:00 星期一 L System.Logging.LoggingMonitor[0] #48
      [System.Private.CoreLib.dll] void System.Runtime.CompilerServices.AsyncMethodBuilderCore.Start<TStateMachine>(ref TStateMachine stateMachine)
      ┏━━━━━━━━━━━  Logging Monitor ━━━━━━━━━━━
      ┣ Admin.NET.Core.JuAI.Service.UserService.GetActiveUsers
      ┣ 
      ┣ 控制器名称：       UserService
      ┣ 操作名称：         GetActiveUsers
      ┣ 显示名称：         活跃用户
      ┣ 路由信息：         [area]: ; [controller]: user; [action]: activeUsers
      ┣ 请求方式：         GET
      ┣ 请求地址：         http://localhost:5005/api/User/ActiveUsers
      ┣ 来源地址：         http://localhost:19991/
      ┣ 请求端源：         client
      ┣ 浏览器标识：       Mozilla/5.0 (Windows NT 10.0; Win64; x64) AppleWebKit/537.36 (KHTML, like Gecko) Chrome/116.0.0.0 Safari/537.36
      ┣ 客户端区域语言：   zh-CN,zh;q=0.9
      ┣ 客户端 IP 地址：   0.0.0.1
      ┣ 服务端 IP 地址：   0.0.0.1
      ┣ 客户端连接 ID：    00-619cf7ef4ac06c9ffc371183d6fee133-bf5d545d04560ee5-00
      ┣ 服务线程 ID：      #48
      ┣ 执行耗时：         70ms
      ┣ ━━━━━━━━━━━━━━━  Cookies ━━━━━━━━━━━━━━━
      ┣ 请求端：           
      ┣ 响应端：           
      ┣ ━━━━━━━━━━━━━━━  系统信息 ━━━━━━━━━━━━━━━
      ┣ 系统名称：         Microsoft Windows 10.0.19044
      ┣ 系统架构：         X64
      ┣ 基础框架：         Furion.Pure v4.8.8.41
      ┣ .NET 架构：        .NET 6.0.16
      ┣ ━━━━━━━━━━━━━━━  启动信息 ━━━━━━━━━━━━━━━
      ┣ 运行环境：         Production
      ┣ 启动程序集：       Admin.NET.Web.Entry
      ┣ 进程名称：         Admin.NET.Web.Entry
      ┣ 托管程序：         Kestrel
      ┣ ━━━━━━━━━━━━━━━  返回信息 ━━━━━━━━━━━━━━━
      ┣ HTTP响应状态码：   200
      ┣ 原始类型：         System.Collections.Generic.IList<Admin.NET.Core.JuAI.Service.UserInfoOutput>
      ┣ 最终类型：         Admin.NET.Core.AdminResult<System.Object>
      ┣ 最终返回值：       {"code":200,"type":"success","message":"","result":[{"nickName":"聚AI_6045","avatar":"Upload/Avatar/14194583407941.jpg","id":"14005826358213"},{"nickName":"聚AI_6045","avatar":null,"id":"14005810391877"},{"nickName":"聚AI_6045","avatar":null,"id":"13727127390021"},{"nickName":"聚AI_6047","avatar":null,"id":"13763405483077"},{"nickName":"聚AI_6046","avatar":null,"id":"13763350061253"}],"extras":null,"time":"2023-08-28T21:30:01.1671184+08:00"}
      ┗━━━━━━━━━━━  Logging Monitor ━━━━━━━━━━━
info: 2023-08-28 21:30:01.1575105 +08:00 星期一 L System.Logging.LoggingMonitor[0] #20
      [System.Private.CoreLib.dll] void System.Runtime.CompilerServices.AsyncTaskMethodBuilder<TResult>+AsyncStateMachineBox<TStateMachine>.MoveNext(Thread threadPoolThread)
      ┏━━━━━━━━━━━  Logging Monitor ━━━━━━━━━━━
      ┣ Admin.NET.Core.JuAI.Service.SpecialService.GetNewest
      ┣ 
      ┣ 控制器名称：                SpecialService
      ┣ 操作名称：                  GetNewest
      ┣ 显示名称：                  
      ┣ 路由信息：                  [area]: ; [controller]: special; [action]: newest
      ┣ 请求方式：                  GET
      ┣ 请求地址：                  http://localhost:5005/api/special/newest?minId=
      ┣ 来源地址：                  http://localhost:19991/
      ┣ 请求端源：                  client
      ┣ 浏览器标识：                Mozilla/5.0 (Windows NT 10.0; Win64; x64) AppleWebKit/537.36 (KHTML, like Gecko) Chrome/116.0.0.0 Safari/537.36
      ┣ 客户端区域语言：            zh-CN,zh;q=0.9
      ┣ 客户端 IP 地址：            0.0.0.1
      ┣ 服务端 IP 地址：            0.0.0.1
      ┣ 客户端连接 ID：             00-21af43e3d8af765e1f6ef11e4749dfae-61249d66f1279b4f-00
      ┣ 服务线程 ID：               #34
      ┣ 执行耗时：                  62ms
      ┣ ━━━━━━━━━━━━━━━  Cookies ━━━━━━━━━━━━━━━
      ┣ 请求端：                    
      ┣ 响应端：                    
      ┣ ━━━━━━━━━━━━━━━  系统信息 ━━━━━━━━━━━━━━━
      ┣ 系统名称：                  Microsoft Windows 10.0.19044
      ┣ 系统架构：                  X64
      ┣ 基础框架：                  Furion.Pure v4.8.8.41
      ┣ .NET 架构：                 .NET 6.0.16
      ┣ ━━━━━━━━━━━━━━━  启动信息 ━━━━━━━━━━━━━━━
      ┣ 运行环境：                  Production
      ┣ 启动程序集：                Admin.NET.Web.Entry
      ┣ 进程名称：                  Admin.NET.Web.Entry
      ┣ 托管程序：                  Kestrel
      ┣ ━━━━━━━━━━━━━━━  参数列表 ━━━━━━━━━━━━━━━
      ┣ Content-Type：              
      ┣ 
      ┣ minId (Nullable`1)：        
      ┣ ━━━━━━━━━━━━━━━  返回信息 ━━━━━━━━━━━━━━━
      ┣ HTTP响应状态码：            200
      ┣ 原始类型：                  System.Threading.Tasks.Task<System.Collections.Generic.IList<Admin.NET.Core.JuAI.Service.SpecialOutput>>
      ┣ 最终类型：                  Admin.NET.Core.AdminResult<System.Object>
      ┣ 最终返回值：                {"code":200,"type":"success","message":"","result":[{"id":"141254407701223","title":"抓烂22223","text":"就螺丝扣搭街坊立刻就333333","cover":"http://filetest.guxin.link/Special/2023/08/14125440695621.jpg","coverFile":null},{"id":"141242588270232","title":"第一个抓烂","text":"就开始大家和弗兰克沙龙的开发建设离开的顺德府顺德府手动","cover":"http://filetest.guxin.link/Special/2023/08/14124258623685.jpg","coverFile":null},{"id":"141242586827023","title":"第一个抓烂","text":"就开始大家和弗兰克沙龙的开发建设离开的顺德府顺德府手动","cover":"http://filetest.guxin.link/Special/20
      ┗━━━━━━━━━━━  Logging Monitor ━━━━━━━━━━━
info: 2023-08-28 21:30:01.1758113 +08:00 星期一 L System.Logging.LoggingMonitor[0] #47
      [System.Private.CoreLib.dll] void System.Runtime.CompilerServices.AsyncMethodBuilderCore.Start<TStateMachine>(ref TStateMachine stateMachine)
      ┏━━━━━━━━━━━  Logging Monitor ━━━━━━━━━━━
      ┣ Admin.NET.Core.JuAI.Service.UpgradeService.GetNewst
      ┣ 
      ┣ 控制器名称：       UpgradeService
      ┣ 操作名称：         GetNewst
      ┣ 显示名称：         
      ┣ 路由信息：         [area]: ; [controller]: upgrade; [action]: newst
      ┣ 请求方式：         GET
      ┣ 请求地址：         http://localhost:5005/api/upgrade/newst
      ┣ 来源地址：         http://localhost:19991/
      ┣ 请求端源：         client
      ┣ 浏览器标识：       Mozilla/5.0 (Windows NT 10.0; Win64; x64) AppleWebKit/537.36 (KHTML, like Gecko) Chrome/116.0.0.0 Safari/537.36
      ┣ 客户端区域语言：   zh-CN,zh;q=0.9
      ┣ 客户端 IP 地址：   0.0.0.1
      ┣ 服务端 IP 地址：   0.0.0.1
      ┣ 客户端连接 ID：    00-d4c2189e2100496702ef4b79eb3f755d-0dd9ccb9028fe47f-00
      ┣ 服务线程 ID：      #47
      ┣ 执行耗时：         78ms
      ┣ ━━━━━━━━━━━━━━━  Cookies ━━━━━━━━━━━━━━━
      ┣ 请求端：           
      ┣ 响应端：           
      ┣ ━━━━━━━━━━━━━━━  系统信息 ━━━━━━━━━━━━━━━
      ┣ 系统名称：         Microsoft Windows 10.0.19044
      ┣ 系统架构：         X64
      ┣ 基础框架：         Furion.Pure v4.8.8.41
      ┣ .NET 架构：        .NET 6.0.16
      ┣ ━━━━━━━━━━━━━━━  启动信息 ━━━━━━━━━━━━━━━
      ┣ 运行环境：         Production
      ┣ 启动程序集：       Admin.NET.Web.Entry
      ┣ 进程名称：         Admin.NET.Web.Entry
      ┣ 托管程序：         Kestrel
      ┣ ━━━━━━━━━━━━━━━  返回信息 ━━━━━━━━━━━━━━━
      ┣ HTTP响应状态码：   200
      ┣ 原始类型：         Admin.NET.Core.JuAI.AppUpgrade
      ┣ 最终类型：         Admin.NET.Core.AdminResult<System.Object>
      ┣ 最终返回值：       {"code":200,"type":"success","message":"","result":{"version":"2.12.3","desc":"修复聊天不显示","isForceUpdate":true,"isClearCache":true,"createOrgId":null,"createTime":"2023-08-08T22:29:38","updateTime":"2023-08-08T22:14:27","createUserId":null,"updateUserId":null,"isDelete":false,"id":"3334"},"extras":null,"time":"2023-08-28T21:30:01.1693195+08:00"}
      ┗━━━━━━━━━━━  Logging Monitor ━━━━━━━━━━━
info: 2023-08-28 21:30:01.1703886 +08:00 星期一 L System.Logging.LoggingMonitor[0] #39
      [System.Private.CoreLib.dll] void System.Runtime.CompilerServices.AsyncTaskMethodBuilder<TResult>+AsyncStateMachineBox<TStateMachine>.MoveNext(Thread threadPoolThread)
      ┏━━━━━━━━━━━  Logging Monitor ━━━━━━━━━━━
      ┣ Admin.NET.Core.JuAI.Service.UserTokenService.GetIsQianDaoToday
      ┣ 
      ┣ 控制器名称：                   UserTokenService
      ┣ 操作名称：                     GetIsQianDaoToday
      ┣ 显示名称：                     
      ┣ 路由信息：                     [area]: ; [controller]: userToken; [action]: isQianDaoToday
      ┣ 请求方式：                     GET
      ┣ 请求地址：                     http://localhost:5005/api/userToken/isQianDaoToday
      ┣ 来源地址：                     http://localhost:19991/
      ┣ 请求端源：                     client
      ┣ 浏览器标识：                   Mozilla/5.0 (Windows NT 10.0; Win64; x64) AppleWebKit/537.36 (KHTML, like Gecko) Chrome/116.0.0.0 Safari/537.36
      ┣ 客户端区域语言：               zh-CN,zh;q=0.9
      ┣ 客户端 IP 地址：               0.0.0.1
      ┣ 服务端 IP 地址：               0.0.0.1
      ┣ 客户端连接 ID：                00-4cf0681779e4430161a8a2ac34f667ed-5eac060f4a7dd2ee-00
      ┣ 服务线程 ID：                  #43
      ┣ 执行耗时：                     58ms
      ┣ ━━━━━━━━━━━━━━━  Cookies ━━━━━━━━━━━━━━━
      ┣ 请求端：                       
      ┣ 响应端：                       
      ┣ ━━━━━━━━━━━━━━━  系统信息 ━━━━━━━━━━━━━━━
      ┣ 系统名称：                     Microsoft Windows 10.0.19044
      ┣ 系统架构：                     X64
      ┣ 基础框架：                     Furion.Pure v4.8.8.41
      ┣ .NET 架构：                    .NET 6.0.16
      ┣ ━━━━━━━━━━━━━━━  启动信息 ━━━━━━━━━━━━━━━
      ┣ 运行环境：                     Production
      ┣ 启动程序集：                   Admin.NET.Web.Entry
      ┣ 进程名称：                     Admin.NET.Web.Entry
      ┣ 托管程序：                     Kestrel
      ┣ ━━━━━━━━━━━━━━━  授权信息 ━━━━━━━━━━━━━━━
      ┣ JWT Token：                    Bearer eyJhbGciOiJIUzI1NiIsInR5cCI6IkpXVCJ9.eyJVc2VySWQiOjE0MDA1ODI2MzU4MjEzLCJUZW5hbnRJZCI6MTMwMDAwMDAwMDAwMSwiQWNjb3VudCI6IjE4NjAwNzY2MDQ1IiwiTmlja05hbWUiOiLogZpBSV82MDQ1IiwiQWNjb3VudFR5cGUiOjAsImlhdCI6MTY5MzAzNzg0NiwibmJmIjoxNjkzMDM3ODQ2LCJleHAiOjE2OTM2NDI2NDYsImlzcyI6IkFkbWluLk5FVCIsImF1ZCI6IkFkbWluLk5FVCJ9.Pt3OMLor8iLzYQfEoREoKU3AxA0Ja7UX_Q2sCCdnGEw
      ┣ 
      ┣ UserId (integer64)：           14005826358213
      ┣ TenantId (integer64)：         1300000000001
      ┣ Account (string)：             18600766045
      ┣ NickName (string)：            聚AI_6045
      ┣ AccountType (integer)：        0
      ┣ iat (integer)：                1693037846 (2023-08-26 16:17:26:0000(+08:00) 星期六 L)
      ┣ nbf (integer)：                1693037846 (2023-08-26 16:17:26:0000(+08:00) 星期六 L)
      ┣ exp (integer)：                1693642646 (2023-09-02 16:17:26:0000(+08:00) 星期六 L)
      ┣ iss (string)：                 Admin.NET
      ┣ aud (string)：                 Admin.NET
      ┣ ━━━━━━━━━━━━━━━  返回信息 ━━━━━━━━━━━━━━━
      ┣ HTTP响应状态码：               200
      ┣ 原始类型：                     System.Threading.Tasks.Task<System.Boolean>
      ┣ 最终类型：                     Admin.NET.Core.AdminResult<System.Object>
      ┣ 最终返回值：                   {"code":200,"type":"success","message":"","result":false,"extras":null,"time":"2023-08-28T21:30:01.1669973+08:00"}
      ┗━━━━━━━━━━━  Logging Monitor ━━━━━━━━━━━
info: 2023-08-28 21:30:01.3561331 +08:00 星期一 L System.Logging.LoggingMonitor[0] #44
      [System.Private.CoreLib.dll] void System.Runtime.CompilerServices.AsyncTaskMethodBuilder<TResult>+AsyncStateMachineBox<TStateMachine>.MoveNext(Thread threadPoolThread)
      ┏━━━━━━━━━━━  Logging Monitor ━━━━━━━━━━━
      ┣ Admin.NET.Core.JuAI.Service.ArticleService.GetNewest
      ┣ 
      ┣ 控制器名称：                ArticleService
      ┣ 操作名称：                  GetNewest
      ┣ 显示名称：                  
      ┣ 路由信息：                  [area]: ; [controller]: article; [action]: newest
      ┣ 请求方式：                  GET
      ┣ 请求地址：                  http://localhost:5005/api/article/newest?minId=
      ┣ 来源地址：                  http://localhost:19991/
      ┣ 请求端源：                  client
      ┣ 浏览器标识：                Mozilla/5.0 (Windows NT 10.0; Win64; x64) AppleWebKit/537.36 (KHTML, like Gecko) Chrome/116.0.0.0 Safari/537.36
      ┣ 客户端区域语言：            zh-CN,zh;q=0.9
      ┣ 客户端 IP 地址：            0.0.0.1
      ┣ 服务端 IP 地址：            0.0.0.1
      ┣ 客户端连接 ID：             00-7f83a6d3907e3811760768fb313935b7-eea7cab76f4b0add-00
      ┣ 服务线程 ID：               #23
      ┣ 执行耗时：                  260ms
      ┣ ━━━━━━━━━━━━━━━  Cookies ━━━━━━━━━━━━━━━
      ┣ 请求端：                    
      ┣ 响应端：                    
      ┣ ━━━━━━━━━━━━━━━  系统信息 ━━━━━━━━━━━━━━━
      ┣ 系统名称：                  Microsoft Windows 10.0.19044
      ┣ 系统架构：                  X64
      ┣ 基础框架：                  Furion.Pure v4.8.8.41
      ┣ .NET 架构：                 .NET 6.0.16
      ┣ ━━━━━━━━━━━━━━━  启动信息 ━━━━━━━━━━━━━━━
      ┣ 运行环境：                  Production
      ┣ 启动程序集：                Admin.NET.Web.Entry
      ┣ 进程名称：                  Admin.NET.Web.Entry
      ┣ 托管程序：                  Kestrel
      ┣ ━━━━━━━━━━━━━━━  参数列表 ━━━━━━━━━━━━━━━
      ┣ Content-Type：              
      ┣ 
      ┣ minId (Nullable`1)：        
      ┣ ━━━━━━━━━━━━━━━  返回信息 ━━━━━━━━━━━━━━━
      ┣ HTTP响应状态码：            200
      ┣ 原始类型：                  System.Threading.Tasks.Task<System.Collections.Generic.List<Admin.NET.Core.JuAI.Service.ArticleOutput>>
      ┣ 最终类型：                  Admin.NET.Core.AdminResult<System.Object>
      ┣ 最终返回值：                {"code":200,"type":"success","message":"","result":[{"id":"14215981060677","title":"测试一个样式试试。。哈哈","html":"<p>大量减少离开</p><blockquote>第三方顺德府阿斯顿</blockquote><hr/><p>时间快</p><pre><code class=\"language-csharp\">烦烦烦烦烦烦\r\n顺德府阿斯蒂芬\r\n哈哈哈数据库的\r\nhahhahhkjsd </code></pre><table style=\"width: auto;\"><tbody><tr><th colSpan=\"1\" rowSpan=\"1\" width=\"auto\"></th><th colSpan=\"1\" rowSpan=\"1\" width=\"auto\"></th><th colSpan=\"1\" rowSpan=\"1\" width=\"auto\"></th><th colSpan=\"1\" rowSpan=\"1\" width=\"a
      ┗━━━━━━━━━━━  Logging Monitor ━━━━━━━━━━━
info: 2023-08-28 21:30:01.5309612 +08:00 星期一 L System.Logging.LoggingMonitor[0] #20
      [System.Private.CoreLib.dll] void System.Runtime.CompilerServices.AsyncTaskMethodBuilder<TResult>+AsyncStateMachineBox<TStateMachine>.MoveNext(Thread threadPoolThread)
      ┏━━━━━━━━━━━  Logging Monitor ━━━━━━━━━━━
      ┣ Admin.NET.Core.JuAI.Service.ArticleService.GetRecommend
      ┣ 
      ┣ 控制器名称：       ArticleService
      ┣ 操作名称：         GetRecommend
      ┣ 显示名称：         
      ┣ 路由信息：         [area]: ; [controller]: article; [action]: recommend
      ┣ 请求方式：         GET
      ┣ 请求地址：         http://localhost:5005/api/article/recommend
      ┣ 来源地址：         http://localhost:19991/
      ┣ 请求端源：         client
      ┣ 浏览器标识：       Mozilla/5.0 (Windows NT 10.0; Win64; x64) AppleWebKit/537.36 (KHTML, like Gecko) Chrome/116.0.0.0 Safari/537.36
      ┣ 客户端区域语言：   zh-CN,zh;q=0.9
      ┣ 客户端 IP 地址：   0.0.0.1
      ┣ 服务端 IP 地址：   0.0.0.1
      ┣ 客户端连接 ID：    00-2d4f8fa4b611b58de34743b61e90efc8-468d9303ba9b10a8-00
      ┣ 服务线程 ID：      #62
      ┣ 执行耗时：         431ms
      ┣ ━━━━━━━━━━━━━━━  Cookies ━━━━━━━━━━━━━━━
      ┣ 请求端：           
      ┣ 响应端：           
      ┣ ━━━━━━━━━━━━━━━  系统信息 ━━━━━━━━━━━━━━━
      ┣ 系统名称：         Microsoft Windows 10.0.19044
      ┣ 系统架构：         X64
      ┣ 基础框架：         Furion.Pure v4.8.8.41
      ┣ .NET 架构：        .NET 6.0.16
      ┣ ━━━━━━━━━━━━━━━  启动信息 ━━━━━━━━━━━━━━━
      ┣ 运行环境：         Production
      ┣ 启动程序集：       Admin.NET.Web.Entry
      ┣ 进程名称：         Admin.NET.Web.Entry
      ┣ 托管程序：         Kestrel
      ┣ ━━━━━━━━━━━━━━━  返回信息 ━━━━━━━━━━━━━━━
      ┣ HTTP响应状态码：   200
      ┣ 原始类型：         System.Threading.Tasks.Task<System.Collections.Generic.List<Admin.NET.Core.JuAI.Service.ArticleSiderOutput>>
      ┣ 最终类型：         Admin.NET.Core.AdminResult<System.Object>
      ┣ 最终返回值：       {"code":200,"type":"success","message":"","result":[{"id":"14215981060677","title":"测试一个样式试试。。哈哈"},{"id":"14194109678917","title":"测试第一个抓烂拉了进来"},{"id":"14127539556677","title":"两个图片测试呢。"},{"id":"14127533953093","title":"设置一下图片和视频试一试呢。。哈哈"},{"id":"14127509730629","title":"一个视频和两个图片"},{"id":"14127478756933","title":"考了几分离开的分析来看都分割"},{"id":"14127257110597","title":"测试一个视频和图片功能看好不好呀"},{"id":"14084316607813","title":"111111111111111"},{"id":"14084262750277","title":"wangEditor 粘贴从 word 复制的带图片内容的最"},{
      ┗━━━━━━━━━━━  Logging Monitor ━━━━━━━━━━━
info: 2023-08-28 21:30:41.2338941 +08:00 星期一 L System.Logging.LoggingMonitor[0] #62
      [System.Private.CoreLib.dll] void System.Runtime.CompilerServices.AsyncMethodBuilderCore.Start<TStateMachine>(ref TStateMachine stateMachine)
      ┏━━━━━━━━━━━  Logging Monitor ━━━━━━━━━━━
      ┣ Admin.NET.Core.JuAI.Service.UserService.GetActiveUsers
      ┣ 
      ┣ 控制器名称：       UserService
      ┣ 操作名称：         GetActiveUsers
      ┣ 显示名称：         活跃用户
      ┣ 路由信息：         [area]: ; [controller]: user; [action]: activeUsers
      ┣ 请求方式：         GET
      ┣ 请求地址：         http://localhost:5005/api/User/ActiveUsers
      ┣ 来源地址：         http://localhost:19991/
      ┣ 请求端源：         client
      ┣ 浏览器标识：       Mozilla/5.0 (Windows NT 10.0; Win64; x64) AppleWebKit/537.36 (KHTML, like Gecko) Chrome/116.0.0.0 Safari/537.36
      ┣ 客户端区域语言：   zh-CN,zh;q=0.9
      ┣ 客户端 IP 地址：   0.0.0.1
      ┣ 服务端 IP 地址：   0.0.0.1
      ┣ 客户端连接 ID：    00-b2a451aa365bbb2d22c1794b6d514865-9bde13ca6c7bdb06-00
      ┣ 服务线程 ID：      #62
      ┣ 执行耗时：         68ms
      ┣ ━━━━━━━━━━━━━━━  Cookies ━━━━━━━━━━━━━━━
      ┣ 请求端：           
      ┣ 响应端：           
      ┣ ━━━━━━━━━━━━━━━  系统信息 ━━━━━━━━━━━━━━━
      ┣ 系统名称：         Microsoft Windows 10.0.19044
      ┣ 系统架构：         X64
      ┣ 基础框架：         Furion.Pure v4.8.8.41
      ┣ .NET 架构：        .NET 6.0.16
      ┣ ━━━━━━━━━━━━━━━  启动信息 ━━━━━━━━━━━━━━━
      ┣ 运行环境：         Production
      ┣ 启动程序集：       Admin.NET.Web.Entry
      ┣ 进程名称：         Admin.NET.Web.Entry
      ┣ 托管程序：         Kestrel
      ┣ ━━━━━━━━━━━━━━━  返回信息 ━━━━━━━━━━━━━━━
      ┣ HTTP响应状态码：   200
      ┣ 原始类型：         System.Collections.Generic.IList<Admin.NET.Core.JuAI.Service.UserInfoOutput>
      ┣ 最终类型：         Admin.NET.Core.AdminResult<System.Object>
      ┣ 最终返回值：       {"code":200,"type":"success","message":"","result":[{"nickName":"聚AI_6045","avatar":"Upload/Avatar/14194583407941.jpg","id":"14005826358213"},{"nickName":"聚AI_6045","avatar":null,"id":"14005810391877"},{"nickName":"聚AI_6045","avatar":null,"id":"13727127390021"},{"nickName":"聚AI_6047","avatar":null,"id":"13763405483077"},{"nickName":"聚AI_6046","avatar":null,"id":"13763350061253"}],"extras":null,"time":"2023-08-28T21:30:41.2307118+08:00"}
      ┗━━━━━━━━━━━  Logging Monitor ━━━━━━━━━━━
info: 2023-08-28 21:30:41.2368651 +08:00 星期一 L System.Logging.LoggingMonitor[0] #35
      [System.Private.CoreLib.dll] void System.Runtime.CompilerServices.AsyncTaskMethodBuilder<TResult>+AsyncStateMachineBox<TStateMachine>.MoveNext(Thread threadPoolThread)
      ┏━━━━━━━━━━━  Logging Monitor ━━━━━━━━━━━
      ┣ Admin.NET.Core.JuAI.Service.SpecialService.GetNewest
      ┣ 
      ┣ 控制器名称：                SpecialService
      ┣ 操作名称：                  GetNewest
      ┣ 显示名称：                  
      ┣ 路由信息：                  [area]: ; [controller]: special; [action]: newest
      ┣ 请求方式：                  GET
      ┣ 请求地址：                  http://localhost:5005/api/special/newest?minId=
      ┣ 来源地址：                  http://localhost:19991/
      ┣ 请求端源：                  client
      ┣ 浏览器标识：                Mozilla/5.0 (Windows NT 10.0; Win64; x64) AppleWebKit/537.36 (KHTML, like Gecko) Chrome/116.0.0.0 Safari/537.36
      ┣ 客户端区域语言：            zh-CN,zh;q=0.9
      ┣ 客户端 IP 地址：            0.0.0.1
      ┣ 服务端 IP 地址：            0.0.0.1
      ┣ 客户端连接 ID：             00-2a33392df8cc12a66f76f3ead0d8b704-cc29db4786466eb5-00
      ┣ 服务线程 ID：               #8
      ┣ 执行耗时：                  67ms
      ┣ ━━━━━━━━━━━━━━━  Cookies ━━━━━━━━━━━━━━━
      ┣ 请求端：                    
      ┣ 响应端：                    
      ┣ ━━━━━━━━━━━━━━━  系统信息 ━━━━━━━━━━━━━━━
      ┣ 系统名称：                  Microsoft Windows 10.0.19044
      ┣ 系统架构：                  X64
      ┣ 基础框架：                  Furion.Pure v4.8.8.41
      ┣ .NET 架构：                 .NET 6.0.16
      ┣ ━━━━━━━━━━━━━━━  启动信息 ━━━━━━━━━━━━━━━
      ┣ 运行环境：                  Production
      ┣ 启动程序集：                Admin.NET.Web.Entry
      ┣ 进程名称：                  Admin.NET.Web.Entry
      ┣ 托管程序：                  Kestrel
      ┣ ━━━━━━━━━━━━━━━  参数列表 ━━━━━━━━━━━━━━━
      ┣ Content-Type：              
      ┣ 
      ┣ minId (Nullable`1)：        
      ┣ ━━━━━━━━━━━━━━━  返回信息 ━━━━━━━━━━━━━━━
      ┣ HTTP响应状态码：            200
      ┣ 原始类型：                  System.Threading.Tasks.Task<System.Collections.Generic.IList<Admin.NET.Core.JuAI.Service.SpecialOutput>>
      ┣ 最终类型：                  Admin.NET.Core.AdminResult<System.Object>
      ┣ 最终返回值：                {"code":200,"type":"success","message":"","result":[{"id":"141254407701223","title":"抓烂22223","text":"就螺丝扣搭街坊立刻就333333","cover":"http://filetest.guxin.link/Special/2023/08/14125440695621.jpg","coverFile":null},{"id":"141242588270232","title":"第一个抓烂","text":"就开始大家和弗兰克沙龙的开发建设离开的顺德府顺德府手动","cover":"http://filetest.guxin.link/Special/2023/08/14124258623685.jpg","coverFile":null},{"id":"141242586827023","title":"第一个抓烂","text":"就开始大家和弗兰克沙龙的开发建设离开的顺德府顺德府手动","cover":"http://filetest.guxin.link/Special/20
      ┗━━━━━━━━━━━  Logging Monitor ━━━━━━━━━━━
info: 2023-08-28 21:30:41.2561365 +08:00 星期一 L System.Logging.LoggingMonitor[0] #47
      [System.Private.CoreLib.dll] void System.Runtime.CompilerServices.AsyncMethodBuilderCore.Start<TStateMachine>(ref TStateMachine stateMachine)
      ┏━━━━━━━━━━━  Logging Monitor ━━━━━━━━━━━
      ┣ Admin.NET.Core.JuAI.Service.UpgradeService.GetNewst
      ┣ 
      ┣ 控制器名称：       UpgradeService
      ┣ 操作名称：         GetNewst
      ┣ 显示名称：         
      ┣ 路由信息：         [area]: ; [controller]: upgrade; [action]: newst
      ┣ 请求方式：         GET
      ┣ 请求地址：         http://localhost:5005/api/upgrade/newst
      ┣ 来源地址：         http://localhost:19991/
      ┣ 请求端源：         client
      ┣ 浏览器标识：       Mozilla/5.0 (Windows NT 10.0; Win64; x64) AppleWebKit/537.36 (KHTML, like Gecko) Chrome/116.0.0.0 Safari/537.36
      ┣ 客户端区域语言：   zh-CN,zh;q=0.9
      ┣ 客户端 IP 地址：   0.0.0.1
      ┣ 服务端 IP 地址：   0.0.0.1
      ┣ 客户端连接 ID：    00-fd32d251a7e8b42800ed2dc5a38991aa-a5a99b2102eab2ac-00
      ┣ 服务线程 ID：      #47
      ┣ 执行耗时：         83ms
      ┣ ━━━━━━━━━━━━━━━  Cookies ━━━━━━━━━━━━━━━
      ┣ 请求端：           
      ┣ 响应端：           
      ┣ ━━━━━━━━━━━━━━━  系统信息 ━━━━━━━━━━━━━━━
      ┣ 系统名称：         Microsoft Windows 10.0.19044
      ┣ 系统架构：         X64
      ┣ 基础框架：         Furion.Pure v4.8.8.41
      ┣ .NET 架构：        .NET 6.0.16
      ┣ ━━━━━━━━━━━━━━━  启动信息 ━━━━━━━━━━━━━━━
      ┣ 运行环境：         Production
      ┣ 启动程序集：       Admin.NET.Web.Entry
      ┣ 进程名称：         Admin.NET.Web.Entry
      ┣ 托管程序：         Kestrel
      ┣ ━━━━━━━━━━━━━━━  返回信息 ━━━━━━━━━━━━━━━
      ┣ HTTP响应状态码：   200
      ┣ 原始类型：         Admin.NET.Core.JuAI.AppUpgrade
      ┣ 最终类型：         Admin.NET.Core.AdminResult<System.Object>
      ┣ 最终返回值：       {"code":200,"type":"success","message":"","result":{"version":"2.12.3","desc":"修复聊天不显示","isForceUpdate":true,"isClearCache":true,"createOrgId":null,"createTime":"2023-08-08T22:29:38","updateTime":"2023-08-08T22:14:27","createUserId":null,"updateUserId":null,"isDelete":false,"id":"3334"},"extras":null,"time":"2023-08-28T21:30:41.2494054+08:00"}
      ┗━━━━━━━━━━━  Logging Monitor ━━━━━━━━━━━
info: 2023-08-28 21:30:41.2526146 +08:00 星期一 L System.Logging.LoggingMonitor[0] #54
      [System.Private.CoreLib.dll] void System.Runtime.CompilerServices.AsyncTaskMethodBuilder<TResult>+AsyncStateMachineBox<TStateMachine>.MoveNext(Thread threadPoolThread)
      ┏━━━━━━━━━━━  Logging Monitor ━━━━━━━━━━━
      ┣ Admin.NET.Core.JuAI.Service.UserTokenService.GetIsQianDaoToday
      ┣ 
      ┣ 控制器名称：                   UserTokenService
      ┣ 操作名称：                     GetIsQianDaoToday
      ┣ 显示名称：                     
      ┣ 路由信息：                     [area]: ; [controller]: userToken; [action]: isQianDaoToday
      ┣ 请求方式：                     GET
      ┣ 请求地址：                     http://localhost:5005/api/userToken/isQianDaoToday
      ┣ 来源地址：                     http://localhost:19991/
      ┣ 请求端源：                     client
      ┣ 浏览器标识：                   Mozilla/5.0 (Windows NT 10.0; Win64; x64) AppleWebKit/537.36 (KHTML, like Gecko) Chrome/116.0.0.0 Safari/537.36
      ┣ 客户端区域语言：               zh-CN,zh;q=0.9
      ┣ 客户端 IP 地址：               0.0.0.1
      ┣ 服务端 IP 地址：               0.0.0.1
      ┣ 客户端连接 ID：                00-093e2700a3104e46a298bf066496446e-2bb3d2b0c1eae697-00
      ┣ 服务线程 ID：                  #34
      ┣ 执行耗时：                     70ms
      ┣ ━━━━━━━━━━━━━━━  Cookies ━━━━━━━━━━━━━━━
      ┣ 请求端：                       
      ┣ 响应端：                       
      ┣ ━━━━━━━━━━━━━━━  系统信息 ━━━━━━━━━━━━━━━
      ┣ 系统名称：                     Microsoft Windows 10.0.19044
      ┣ 系统架构：                     X64
      ┣ 基础框架：                     Furion.Pure v4.8.8.41
      ┣ .NET 架构：                    .NET 6.0.16
      ┣ ━━━━━━━━━━━━━━━  启动信息 ━━━━━━━━━━━━━━━
      ┣ 运行环境：                     Production
      ┣ 启动程序集：                   Admin.NET.Web.Entry
      ┣ 进程名称：                     Admin.NET.Web.Entry
      ┣ 托管程序：                     Kestrel
      ┣ ━━━━━━━━━━━━━━━  授权信息 ━━━━━━━━━━━━━━━
      ┣ JWT Token：                    Bearer eyJhbGciOiJIUzI1NiIsInR5cCI6IkpXVCJ9.eyJVc2VySWQiOjE0MDA1ODI2MzU4MjEzLCJUZW5hbnRJZCI6MTMwMDAwMDAwMDAwMSwiQWNjb3VudCI6IjE4NjAwNzY2MDQ1IiwiTmlja05hbWUiOiLogZpBSV82MDQ1IiwiQWNjb3VudFR5cGUiOjAsImlhdCI6MTY5MzAzNzg0NiwibmJmIjoxNjkzMDM3ODQ2LCJleHAiOjE2OTM2NDI2NDYsImlzcyI6IkFkbWluLk5FVCIsImF1ZCI6IkFkbWluLk5FVCJ9.Pt3OMLor8iLzYQfEoREoKU3AxA0Ja7UX_Q2sCCdnGEw
      ┣ 
      ┣ UserId (integer64)：           14005826358213
      ┣ TenantId (integer64)：         1300000000001
      ┣ Account (string)：             18600766045
      ┣ NickName (string)：            聚AI_6045
      ┣ AccountType (integer)：        0
      ┣ iat (integer)：                1693037846 (2023-08-26 16:17:26:0000(+08:00) 星期六 L)
      ┣ nbf (integer)：                1693037846 (2023-08-26 16:17:26:0000(+08:00) 星期六 L)
      ┣ exp (integer)：                1693642646 (2023-09-02 16:17:26:0000(+08:00) 星期六 L)
      ┣ iss (string)：                 Admin.NET
      ┣ aud (string)：                 Admin.NET
      ┣ ━━━━━━━━━━━━━━━  返回信息 ━━━━━━━━━━━━━━━
      ┣ HTTP响应状态码：               200
      ┣ 原始类型：                     System.Threading.Tasks.Task<System.Boolean>
      ┣ 最终类型：                     Admin.NET.Core.AdminResult<System.Object>
      ┣ 最终返回值：                   {"code":200,"type":"success","message":"","result":false,"extras":null,"time":"2023-08-28T21:30:41.2474525+08:00"}
      ┗━━━━━━━━━━━  Logging Monitor ━━━━━━━━━━━
info: 2023-08-28 21:30:41.5746177 +08:00 星期一 L System.Logging.LoggingMonitor[0] #54
      [System.Private.CoreLib.dll] void System.Runtime.CompilerServices.AsyncTaskMethodBuilder<TResult>+AsyncStateMachineBox<TStateMachine>.MoveNext(Thread threadPoolThread)
      ┏━━━━━━━━━━━  Logging Monitor ━━━━━━━━━━━
      ┣ Admin.NET.Core.JuAI.Service.ArticleService.GetNewest
      ┣ 
      ┣ 控制器名称：                ArticleService
      ┣ 操作名称：                  GetNewest
      ┣ 显示名称：                  
      ┣ 路由信息：                  [area]: ; [controller]: article; [action]: newest
      ┣ 请求方式：                  GET
      ┣ 请求地址：                  http://localhost:5005/api/article/newest?minId=
      ┣ 来源地址：                  http://localhost:19991/
      ┣ 请求端源：                  client
      ┣ 浏览器标识：                Mozilla/5.0 (Windows NT 10.0; Win64; x64) AppleWebKit/537.36 (KHTML, like Gecko) Chrome/116.0.0.0 Safari/537.36
      ┣ 客户端区域语言：            zh-CN,zh;q=0.9
      ┣ 客户端 IP 地址：            0.0.0.1
      ┣ 服务端 IP 地址：            0.0.0.1
      ┣ 客户端连接 ID：             00-a2ce7acc5955587a8a98b6e2d45f9d57-d4eef4c31e684eb0-00
      ┣ 服务线程 ID：               #53
      ┣ 执行耗时：                  408ms
      ┣ ━━━━━━━━━━━━━━━  Cookies ━━━━━━━━━━━━━━━
      ┣ 请求端：                    
      ┣ 响应端：                    
      ┣ ━━━━━━━━━━━━━━━  系统信息 ━━━━━━━━━━━━━━━
      ┣ 系统名称：                  Microsoft Windows 10.0.19044
      ┣ 系统架构：                  X64
      ┣ 基础框架：                  Furion.Pure v4.8.8.41
      ┣ .NET 架构：                 .NET 6.0.16
      ┣ ━━━━━━━━━━━━━━━  启动信息 ━━━━━━━━━━━━━━━
      ┣ 运行环境：                  Production
      ┣ 启动程序集：                Admin.NET.Web.Entry
      ┣ 进程名称：                  Admin.NET.Web.Entry
      ┣ 托管程序：                  Kestrel
      ┣ ━━━━━━━━━━━━━━━  参数列表 ━━━━━━━━━━━━━━━
      ┣ Content-Type：              
      ┣ 
      ┣ minId (Nullable`1)：        
      ┣ ━━━━━━━━━━━━━━━  返回信息 ━━━━━━━━━━━━━━━
      ┣ HTTP响应状态码：            200
      ┣ 原始类型：                  System.Threading.Tasks.Task<System.Collections.Generic.List<Admin.NET.Core.JuAI.Service.ArticleOutput>>
      ┣ 最终类型：                  Admin.NET.Core.AdminResult<System.Object>
      ┣ 最终返回值：                {"code":200,"type":"success","message":"","result":[{"id":"14215981060677","title":"测试一个样式试试。。哈哈","html":"<p>大量减少离开</p><blockquote>第三方顺德府阿斯顿</blockquote><hr/><p>时间快</p><pre><code class=\"language-csharp\">烦烦烦烦烦烦\r\n顺德府阿斯蒂芬\r\n哈哈哈数据库的\r\nhahhahhkjsd </code></pre><table style=\"width: auto;\"><tbody><tr><th colSpan=\"1\" rowSpan=\"1\" width=\"auto\"></th><th colSpan=\"1\" rowSpan=\"1\" width=\"auto\"></th><th colSpan=\"1\" rowSpan=\"1\" width=\"auto\"></th><th colSpan=\"1\" rowSpan=\"1\" width=\"a
      ┗━━━━━━━━━━━  Logging Monitor ━━━━━━━━━━━
info: 2023-08-28 21:30:41.5830239 +08:00 星期一 L System.Logging.LoggingMonitor[0] #35
      [System.Private.CoreLib.dll] void System.Runtime.CompilerServices.AsyncTaskMethodBuilder<TResult>+AsyncStateMachineBox<TStateMachine>.MoveNext(Thread threadPoolThread)
      ┏━━━━━━━━━━━  Logging Monitor ━━━━━━━━━━━
      ┣ Admin.NET.Core.JuAI.Service.ArticleService.GetRecommend
      ┣ 
      ┣ 控制器名称：       ArticleService
      ┣ 操作名称：         GetRecommend
      ┣ 显示名称：         
      ┣ 路由信息：         [area]: ; [controller]: article; [action]: recommend
      ┣ 请求方式：         GET
      ┣ 请求地址：         http://localhost:5005/api/article/recommend
      ┣ 来源地址：         http://localhost:19991/
      ┣ 请求端源：         client
      ┣ 浏览器标识：       Mozilla/5.0 (Windows NT 10.0; Win64; x64) AppleWebKit/537.36 (KHTML, like Gecko) Chrome/116.0.0.0 Safari/537.36
      ┣ 客户端区域语言：   zh-CN,zh;q=0.9
      ┣ 客户端 IP 地址：   0.0.0.1
      ┣ 服务端 IP 地址：   0.0.0.1
      ┣ 客户端连接 ID：    00-c0fc8193882da321ac1a275fa84e021a-dfd4011da5b3c62d-00
      ┣ 服务线程 ID：      #43
      ┣ 执行耗时：         417ms
      ┣ ━━━━━━━━━━━━━━━  Cookies ━━━━━━━━━━━━━━━
      ┣ 请求端：           
      ┣ 响应端：           
      ┣ ━━━━━━━━━━━━━━━  系统信息 ━━━━━━━━━━━━━━━
      ┣ 系统名称：         Microsoft Windows 10.0.19044
      ┣ 系统架构：         X64
      ┣ 基础框架：         Furion.Pure v4.8.8.41
      ┣ .NET 架构：        .NET 6.0.16
      ┣ ━━━━━━━━━━━━━━━  启动信息 ━━━━━━━━━━━━━━━
      ┣ 运行环境：         Production
      ┣ 启动程序集：       Admin.NET.Web.Entry
      ┣ 进程名称：         Admin.NET.Web.Entry
      ┣ 托管程序：         Kestrel
      ┣ ━━━━━━━━━━━━━━━  返回信息 ━━━━━━━━━━━━━━━
      ┣ HTTP响应状态码：   200
      ┣ 原始类型：         System.Threading.Tasks.Task<System.Collections.Generic.List<Admin.NET.Core.JuAI.Service.ArticleSiderOutput>>
      ┣ 最终类型：         Admin.NET.Core.AdminResult<System.Object>
      ┣ 最终返回值：       {"code":200,"type":"success","message":"","result":[{"id":"14215981060677","title":"测试一个样式试试。。哈哈"},{"id":"14194109678917","title":"测试第一个抓烂拉了进来"},{"id":"14127539556677","title":"两个图片测试呢。"},{"id":"14127533953093","title":"设置一下图片和视频试一试呢。。哈哈"},{"id":"14127509730629","title":"一个视频和两个图片"},{"id":"14127478756933","title":"考了几分离开的分析来看都分割"},{"id":"14127257110597","title":"测试一个视频和图片功能看好不好呀"},{"id":"14084316607813","title":"111111111111111"},{"id":"14084262750277","title":"wangEditor 粘贴从 word 复制的带图片内容的最"},{
      ┗━━━━━━━━━━━  Logging Monitor ━━━━━━━━━━━
info: 2023-08-28 21:30:58.5640131 +08:00 星期一 L System.Logging.LoggingMonitor[0] #47
      [System.Private.CoreLib.dll] void System.Runtime.CompilerServices.AsyncMethodBuilderCore.Start<TStateMachine>(ref TStateMachine stateMachine)
      ┏━━━━━━━━━━━  Logging Monitor ━━━━━━━━━━━
      ┣ Admin.NET.Core.JuAI.Service.UserService.GetActiveUsers
      ┣ 
      ┣ 控制器名称：       UserService
      ┣ 操作名称：         GetActiveUsers
      ┣ 显示名称：         活跃用户
      ┣ 路由信息：         [area]: ; [controller]: user; [action]: activeUsers
      ┣ 请求方式：         GET
      ┣ 请求地址：         http://localhost:5005/api/User/ActiveUsers
      ┣ 来源地址：         http://localhost:19991/
      ┣ 请求端源：         client
      ┣ 浏览器标识：       Mozilla/5.0 (Windows NT 10.0; Win64; x64) AppleWebKit/537.36 (KHTML, like Gecko) Chrome/116.0.0.0 Safari/537.36
      ┣ 客户端区域语言：   zh-CN,zh;q=0.9
      ┣ 客户端 IP 地址：   0.0.0.1
      ┣ 服务端 IP 地址：   0.0.0.1
      ┣ 客户端连接 ID：    00-f732286a3ed51350c73440ebc45ff972-4e427ff8cbecbce6-00
      ┣ 服务线程 ID：      #47
      ┣ 执行耗时：         79ms
      ┣ ━━━━━━━━━━━━━━━  Cookies ━━━━━━━━━━━━━━━
      ┣ 请求端：           
      ┣ 响应端：           
      ┣ ━━━━━━━━━━━━━━━  系统信息 ━━━━━━━━━━━━━━━
      ┣ 系统名称：         Microsoft Windows 10.0.19044
      ┣ 系统架构：         X64
      ┣ 基础框架：         Furion.Pure v4.8.8.41
      ┣ .NET 架构：        .NET 6.0.16
      ┣ ━━━━━━━━━━━━━━━  启动信息 ━━━━━━━━━━━━━━━
      ┣ 运行环境：         Production
      ┣ 启动程序集：       Admin.NET.Web.Entry
      ┣ 进程名称：         Admin.NET.Web.Entry
      ┣ 托管程序：         Kestrel
      ┣ ━━━━━━━━━━━━━━━  返回信息 ━━━━━━━━━━━━━━━
      ┣ HTTP响应状态码：   200
      ┣ 原始类型：         System.Collections.Generic.IList<Admin.NET.Core.JuAI.Service.UserInfoOutput>
      ┣ 最终类型：         Admin.NET.Core.AdminResult<System.Object>
      ┣ 最终返回值：       {"code":200,"type":"success","message":"","result":[{"nickName":"聚AI_6045","avatar":"Upload/Avatar/14194583407941.jpg","id":"14005826358213"},{"nickName":"聚AI_6045","avatar":null,"id":"14005810391877"},{"nickName":"聚AI_6045","avatar":null,"id":"13727127390021"},{"nickName":"聚AI_6047","avatar":null,"id":"13763405483077"},{"nickName":"聚AI_6046","avatar":null,"id":"13763350061253"}],"extras":null,"time":"2023-08-28T21:30:58.560887+08:00"}
      ┗━━━━━━━━━━━  Logging Monitor ━━━━━━━━━━━
info: 2023-08-28 21:30:58.5836845 +08:00 星期一 L System.Logging.LoggingMonitor[0] #49
      [System.Private.CoreLib.dll] void System.Runtime.CompilerServices.AsyncMethodBuilderCore.Start<TStateMachine>(ref TStateMachine stateMachine)
      ┏━━━━━━━━━━━  Logging Monitor ━━━━━━━━━━━
      ┣ Admin.NET.Core.JuAI.Service.UpgradeService.GetNewst
      ┣ 
      ┣ 控制器名称：       UpgradeService
      ┣ 操作名称：         GetNewst
      ┣ 显示名称：         
      ┣ 路由信息：         [area]: ; [controller]: upgrade; [action]: newst
      ┣ 请求方式：         GET
      ┣ 请求地址：         http://localhost:5005/api/upgrade/newst
      ┣ 来源地址：         http://localhost:19991/
      ┣ 请求端源：         client
      ┣ 浏览器标识：       Mozilla/5.0 (Windows NT 10.0; Win64; x64) AppleWebKit/537.36 (KHTML, like Gecko) Chrome/116.0.0.0 Safari/537.36
      ┣ 客户端区域语言：   zh-CN,zh;q=0.9
      ┣ 客户端 IP 地址：   0.0.0.1
      ┣ 服务端 IP 地址：   0.0.0.1
      ┣ 客户端连接 ID：    00-5b77b30d3b7168336e5749ec07b64f22-513b2e701b05912d-00
      ┣ 服务线程 ID：      #49
      ┣ 执行耗时：         97ms
      ┣ ━━━━━━━━━━━━━━━  Cookies ━━━━━━━━━━━━━━━
      ┣ 请求端：           
      ┣ 响应端：           
      ┣ ━━━━━━━━━━━━━━━  系统信息 ━━━━━━━━━━━━━━━
      ┣ 系统名称：         Microsoft Windows 10.0.19044
      ┣ 系统架构：         X64
      ┣ 基础框架：         Furion.Pure v4.8.8.41
      ┣ .NET 架构：        .NET 6.0.16
      ┣ ━━━━━━━━━━━━━━━  启动信息 ━━━━━━━━━━━━━━━
      ┣ 运行环境：         Production
      ┣ 启动程序集：       Admin.NET.Web.Entry
      ┣ 进程名称：         Admin.NET.Web.Entry
      ┣ 托管程序：         Kestrel
      ┣ ━━━━━━━━━━━━━━━  返回信息 ━━━━━━━━━━━━━━━
      ┣ HTTP响应状态码：   200
      ┣ 原始类型：         Admin.NET.Core.JuAI.AppUpgrade
      ┣ 最终类型：         Admin.NET.Core.AdminResult<System.Object>
      ┣ 最终返回值：       {"code":200,"type":"success","message":"","result":{"version":"2.12.3","desc":"修复聊天不显示","isForceUpdate":true,"isClearCache":true,"createOrgId":null,"createTime":"2023-08-08T22:29:38","updateTime":"2023-08-08T22:14:27","createUserId":null,"updateUserId":null,"isDelete":false,"id":"3334"},"extras":null,"time":"2023-08-28T21:30:58.5797124+08:00"}
      ┗━━━━━━━━━━━  Logging Monitor ━━━━━━━━━━━
info: 2023-08-28 21:30:58.5856931 +08:00 星期一 L System.Logging.LoggingMonitor[0] #40
      [System.Private.CoreLib.dll] void System.Runtime.CompilerServices.AsyncTaskMethodBuilder<TResult>+AsyncStateMachineBox<TStateMachine>.MoveNext(Thread threadPoolThread)
      ┏━━━━━━━━━━━  Logging Monitor ━━━━━━━━━━━
      ┣ Admin.NET.Core.JuAI.Service.SpecialService.GetNewest
      ┣ 
      ┣ 控制器名称：                SpecialService
      ┣ 操作名称：                  GetNewest
      ┣ 显示名称：                  
      ┣ 路由信息：                  [area]: ; [controller]: special; [action]: newest
      ┣ 请求方式：                  GET
      ┣ 请求地址：                  http://localhost:5005/api/special/newest?minId=
      ┣ 来源地址：                  http://localhost:19991/
      ┣ 请求端源：                  client
      ┣ 浏览器标识：                Mozilla/5.0 (Windows NT 10.0; Win64; x64) AppleWebKit/537.36 (KHTML, like Gecko) Chrome/116.0.0.0 Safari/537.36
      ┣ 客户端区域语言：            zh-CN,zh;q=0.9
      ┣ 客户端 IP 地址：            0.0.0.1
      ┣ 服务端 IP 地址：            0.0.0.1
      ┣ 客户端连接 ID：             00-06c7c2545aecd7217749204439071b27-a3329847f9354857-00
      ┣ 服务线程 ID：               #62
      ┣ 执行耗时：                  93ms
      ┣ ━━━━━━━━━━━━━━━  Cookies ━━━━━━━━━━━━━━━
      ┣ 请求端：                    
      ┣ 响应端：                    
      ┣ ━━━━━━━━━━━━━━━  系统信息 ━━━━━━━━━━━━━━━
      ┣ 系统名称：                  Microsoft Windows 10.0.19044
      ┣ 系统架构：                  X64
      ┣ 基础框架：                  Furion.Pure v4.8.8.41
      ┣ .NET 架构：                 .NET 6.0.16
      ┣ ━━━━━━━━━━━━━━━  启动信息 ━━━━━━━━━━━━━━━
      ┣ 运行环境：                  Production
      ┣ 启动程序集：                Admin.NET.Web.Entry
      ┣ 进程名称：                  Admin.NET.Web.Entry
      ┣ 托管程序：                  Kestrel
      ┣ ━━━━━━━━━━━━━━━  参数列表 ━━━━━━━━━━━━━━━
      ┣ Content-Type：              
      ┣ 
      ┣ minId (Nullable`1)：        
      ┣ ━━━━━━━━━━━━━━━  返回信息 ━━━━━━━━━━━━━━━
      ┣ HTTP响应状态码：            200
      ┣ 原始类型：                  System.Threading.Tasks.Task<System.Collections.Generic.IList<Admin.NET.Core.JuAI.Service.SpecialOutput>>
      ┣ 最终类型：                  Admin.NET.Core.AdminResult<System.Object>
      ┣ 最终返回值：                {"code":200,"type":"success","message":"","result":[{"id":"141254407701223","title":"抓烂22223","text":"就螺丝扣搭街坊立刻就333333","cover":"http://filetest.guxin.link/Special/2023/08/14125440695621.jpg","coverFile":null},{"id":"141242588270232","title":"第一个抓烂","text":"就开始大家和弗兰克沙龙的开发建设离开的顺德府顺德府手动","cover":"http://filetest.guxin.link/Special/2023/08/14124258623685.jpg","coverFile":null},{"id":"141242586827023","title":"第一个抓烂","text":"就开始大家和弗兰克沙龙的开发建设离开的顺德府顺德府手动","cover":"http://filetest.guxin.link/Special/20
      ┗━━━━━━━━━━━  Logging Monitor ━━━━━━━━━━━
info: 2023-08-28 21:30:58.5856955 +08:00 星期一 L System.Logging.LoggingMonitor[0] #50
      [System.Private.CoreLib.dll] void System.Runtime.CompilerServices.AsyncTaskMethodBuilder<TResult>+AsyncStateMachineBox<TStateMachine>.MoveNext(Thread threadPoolThread)
      ┏━━━━━━━━━━━  Logging Monitor ━━━━━━━━━━━
      ┣ Admin.NET.Core.JuAI.Service.UserTokenService.GetIsQianDaoToday
      ┣ 
      ┣ 控制器名称：                   UserTokenService
      ┣ 操作名称：                     GetIsQianDaoToday
      ┣ 显示名称：                     
      ┣ 路由信息：                     [area]: ; [controller]: userToken; [action]: isQianDaoToday
      ┣ 请求方式：                     GET
      ┣ 请求地址：                     http://localhost:5005/api/userToken/isQianDaoToday
      ┣ 来源地址：                     http://localhost:19991/
      ┣ 请求端源：                     client
      ┣ 浏览器标识：                   Mozilla/5.0 (Windows NT 10.0; Win64; x64) AppleWebKit/537.36 (KHTML, like Gecko) Chrome/116.0.0.0 Safari/537.36
      ┣ 客户端区域语言：               zh-CN,zh;q=0.9
      ┣ 客户端 IP 地址：               0.0.0.1
      ┣ 服务端 IP 地址：               0.0.0.1
      ┣ 客户端连接 ID：                00-8542254b12d0a1ba869e66b18b4db8d0-c9f242bf28e9032d-00
      ┣ 服务线程 ID：                  #53
      ┣ 执行耗时：                     85ms
      ┣ ━━━━━━━━━━━━━━━  Cookies ━━━━━━━━━━━━━━━
      ┣ 请求端：                       
      ┣ 响应端：                       
      ┣ ━━━━━━━━━━━━━━━  系统信息 ━━━━━━━━━━━━━━━
      ┣ 系统名称：                     Microsoft Windows 10.0.19044
      ┣ 系统架构：                     X64
      ┣ 基础框架：                     Furion.Pure v4.8.8.41
      ┣ .NET 架构：                    .NET 6.0.16
      ┣ ━━━━━━━━━━━━━━━  启动信息 ━━━━━━━━━━━━━━━
      ┣ 运行环境：                     Production
      ┣ 启动程序集：                   Admin.NET.Web.Entry
      ┣ 进程名称：                     Admin.NET.Web.Entry
      ┣ 托管程序：                     Kestrel
      ┣ ━━━━━━━━━━━━━━━  授权信息 ━━━━━━━━━━━━━━━
      ┣ JWT Token：                    Bearer eyJhbGciOiJIUzI1NiIsInR5cCI6IkpXVCJ9.eyJVc2VySWQiOjE0MDA1ODI2MzU4MjEzLCJUZW5hbnRJZCI6MTMwMDAwMDAwMDAwMSwiQWNjb3VudCI6IjE4NjAwNzY2MDQ1IiwiTmlja05hbWUiOiLogZpBSV82MDQ1IiwiQWNjb3VudFR5cGUiOjAsImlhdCI6MTY5MzAzNzg0NiwibmJmIjoxNjkzMDM3ODQ2LCJleHAiOjE2OTM2NDI2NDYsImlzcyI6IkFkbWluLk5FVCIsImF1ZCI6IkFkbWluLk5FVCJ9.Pt3OMLor8iLzYQfEoREoKU3AxA0Ja7UX_Q2sCCdnGEw
      ┣ 
      ┣ UserId (integer64)：           14005826358213
      ┣ TenantId (integer64)：         1300000000001
      ┣ Account (string)：             18600766045
      ┣ NickName (string)：            聚AI_6045
      ┣ AccountType (integer)：        0
      ┣ iat (integer)：                1693037846 (2023-08-26 16:17:26:0000(+08:00) 星期六 L)
      ┣ nbf (integer)：                1693037846 (2023-08-26 16:17:26:0000(+08:00) 星期六 L)
      ┣ exp (integer)：                1693642646 (2023-09-02 16:17:26:0000(+08:00) 星期六 L)
      ┣ iss (string)：                 Admin.NET
      ┣ aud (string)：                 Admin.NET
      ┣ ━━━━━━━━━━━━━━━  返回信息 ━━━━━━━━━━━━━━━
      ┣ HTTP响应状态码：               200
      ┣ 原始类型：                     System.Threading.Tasks.Task<System.Boolean>
      ┣ 最终类型：                     Admin.NET.Core.AdminResult<System.Object>
      ┣ 最终返回值：                   {"code":200,"type":"success","message":"","result":false,"extras":null,"time":"2023-08-28T21:30:58.5797204+08:00"}
      ┗━━━━━━━━━━━  Logging Monitor ━━━━━━━━━━━
info: 2023-08-28 21:30:58.8339177 +08:00 星期一 L System.Logging.LoggingMonitor[0] #50
      [System.Private.CoreLib.dll] void System.Runtime.CompilerServices.AsyncTaskMethodBuilder<TResult>+AsyncStateMachineBox<TStateMachine>.MoveNext(Thread threadPoolThread)
      ┏━━━━━━━━━━━  Logging Monitor ━━━━━━━━━━━
      ┣ Admin.NET.Core.JuAI.Service.ArticleService.GetNewest
      ┣ 
      ┣ 控制器名称：                ArticleService
      ┣ 操作名称：                  GetNewest
      ┣ 显示名称：                  
      ┣ 路由信息：                  [area]: ; [controller]: article; [action]: newest
      ┣ 请求方式：                  GET
      ┣ 请求地址：                  http://localhost:5005/api/article/newest?minId=
      ┣ 来源地址：                  http://localhost:19991/
      ┣ 请求端源：                  client
      ┣ 浏览器标识：                Mozilla/5.0 (Windows NT 10.0; Win64; x64) AppleWebKit/537.36 (KHTML, like Gecko) Chrome/116.0.0.0 Safari/537.36
      ┣ 客户端区域语言：            zh-CN,zh;q=0.9
      ┣ 客户端 IP 地址：            0.0.0.1
      ┣ 服务端 IP 地址：            0.0.0.1
      ┣ 客户端连接 ID：             00-e955a601b28b73fc6cc7ca1e6964c33e-b299b3d914e435e6-00
      ┣ 服务线程 ID：               #8
      ┣ 执行耗时：                  350ms
      ┣ ━━━━━━━━━━━━━━━  Cookies ━━━━━━━━━━━━━━━
      ┣ 请求端：                    
      ┣ 响应端：                    
      ┣ ━━━━━━━━━━━━━━━  系统信息 ━━━━━━━━━━━━━━━
      ┣ 系统名称：                  Microsoft Windows 10.0.19044
      ┣ 系统架构：                  X64
      ┣ 基础框架：                  Furion.Pure v4.8.8.41
      ┣ .NET 架构：                 .NET 6.0.16
      ┣ ━━━━━━━━━━━━━━━  启动信息 ━━━━━━━━━━━━━━━
      ┣ 运行环境：                  Production
      ┣ 启动程序集：                Admin.NET.Web.Entry
      ┣ 进程名称：                  Admin.NET.Web.Entry
      ┣ 托管程序：                  Kestrel
      ┣ ━━━━━━━━━━━━━━━  参数列表 ━━━━━━━━━━━━━━━
      ┣ Content-Type：              
      ┣ 
      ┣ minId (Nullable`1)：        
      ┣ ━━━━━━━━━━━━━━━  返回信息 ━━━━━━━━━━━━━━━
      ┣ HTTP响应状态码：            200
      ┣ 原始类型：                  System.Threading.Tasks.Task<System.Collections.Generic.List<Admin.NET.Core.JuAI.Service.ArticleOutput>>
      ┣ 最终类型：                  Admin.NET.Core.AdminResult<System.Object>
      ┣ 最终返回值：                {"code":200,"type":"success","message":"","result":[{"id":"14215981060677","title":"测试一个样式试试。。哈哈","html":"<p>大量减少离开</p><blockquote>第三方顺德府阿斯顿</blockquote><hr/><p>时间快</p><pre><code class=\"language-csharp\">烦烦烦烦烦烦\r\n顺德府阿斯蒂芬\r\n哈哈哈数据库的\r\nhahhahhkjsd </code></pre><table style=\"width: auto;\"><tbody><tr><th colSpan=\"1\" rowSpan=\"1\" width=\"auto\"></th><th colSpan=\"1\" rowSpan=\"1\" width=\"auto\"></th><th colSpan=\"1\" rowSpan=\"1\" width=\"auto\"></th><th colSpan=\"1\" rowSpan=\"1\" width=\"a
      ┗━━━━━━━━━━━  Logging Monitor ━━━━━━━━━━━
info: 2023-08-28 21:30:58.9026057 +08:00 星期一 L System.Logging.LoggingMonitor[0] #40
      [System.Private.CoreLib.dll] void System.Runtime.CompilerServices.AsyncTaskMethodBuilder<TResult>+AsyncStateMachineBox<TStateMachine>.MoveNext(Thread threadPoolThread)
      ┏━━━━━━━━━━━  Logging Monitor ━━━━━━━━━━━
      ┣ Admin.NET.Core.JuAI.Service.ArticleService.GetRecommend
      ┣ 
      ┣ 控制器名称：       ArticleService
      ┣ 操作名称：         GetRecommend
      ┣ 显示名称：         
      ┣ 路由信息：         [area]: ; [controller]: article; [action]: recommend
      ┣ 请求方式：         GET
      ┣ 请求地址：         http://localhost:5005/api/article/recommend
      ┣ 来源地址：         http://localhost:19991/
      ┣ 请求端源：         client
      ┣ 浏览器标识：       Mozilla/5.0 (Windows NT 10.0; Win64; x64) AppleWebKit/537.36 (KHTML, like Gecko) Chrome/116.0.0.0 Safari/537.36
      ┣ 客户端区域语言：   zh-CN,zh;q=0.9
      ┣ 客户端 IP 地址：   0.0.0.1
      ┣ 服务端 IP 地址：   0.0.0.1
      ┣ 客户端连接 ID：    00-05b508444645a1858c065fcd753888e2-3674c28344c892bc-00
      ┣ 服务线程 ID：      #34
      ┣ 执行耗时：         416ms
      ┣ ━━━━━━━━━━━━━━━  Cookies ━━━━━━━━━━━━━━━
      ┣ 请求端：           
      ┣ 响应端：           
      ┣ ━━━━━━━━━━━━━━━  系统信息 ━━━━━━━━━━━━━━━
      ┣ 系统名称：         Microsoft Windows 10.0.19044
      ┣ 系统架构：         X64
      ┣ 基础框架：         Furion.Pure v4.8.8.41
      ┣ .NET 架构：        .NET 6.0.16
      ┣ ━━━━━━━━━━━━━━━  启动信息 ━━━━━━━━━━━━━━━
      ┣ 运行环境：         Production
      ┣ 启动程序集：       Admin.NET.Web.Entry
      ┣ 进程名称：         Admin.NET.Web.Entry
      ┣ 托管程序：         Kestrel
      ┣ ━━━━━━━━━━━━━━━  返回信息 ━━━━━━━━━━━━━━━
      ┣ HTTP响应状态码：   200
      ┣ 原始类型：         System.Threading.Tasks.Task<System.Collections.Generic.List<Admin.NET.Core.JuAI.Service.ArticleSiderOutput>>
      ┣ 最终类型：         Admin.NET.Core.AdminResult<System.Object>
      ┣ 最终返回值：       {"code":200,"type":"success","message":"","result":[{"id":"14215981060677","title":"测试一个样式试试。。哈哈"},{"id":"14194109678917","title":"测试第一个抓烂拉了进来"},{"id":"14127539556677","title":"两个图片测试呢。"},{"id":"14127533953093","title":"设置一下图片和视频试一试呢。。哈哈"},{"id":"14127509730629","title":"一个视频和两个图片"},{"id":"14127478756933","title":"考了几分离开的分析来看都分割"},{"id":"14127257110597","title":"测试一个视频和图片功能看好不好呀"},{"id":"14084316607813","title":"111111111111111"},{"id":"14084262750277","title":"wangEditor 粘贴从 word 复制的带图片内容的最"},{
      ┗━━━━━━━━━━━  Logging Monitor ━━━━━━━━━━━
info: 2023-08-28 21:31:19.1071700 +08:00 星期一 L System.Logging.LoggingMonitor[0] #47
      [System.Private.CoreLib.dll] void System.Runtime.CompilerServices.AsyncMethodBuilderCore.Start<TStateMachine>(ref TStateMachine stateMachine)
      ┏━━━━━━━━━━━  Logging Monitor ━━━━━━━━━━━
      ┣ Admin.NET.Core.JuAI.Service.UserService.GetActiveUsers
      ┣ 
      ┣ 控制器名称：       UserService
      ┣ 操作名称：         GetActiveUsers
      ┣ 显示名称：         活跃用户
      ┣ 路由信息：         [area]: ; [controller]: user; [action]: activeUsers
      ┣ 请求方式：         GET
      ┣ 请求地址：         http://localhost:5005/api/User/ActiveUsers
      ┣ 来源地址：         http://localhost:19991/
      ┣ 请求端源：         client
      ┣ 浏览器标识：       Mozilla/5.0 (Windows NT 10.0; Win64; x64) AppleWebKit/537.36 (KHTML, like Gecko) Chrome/116.0.0.0 Safari/537.36
      ┣ 客户端区域语言：   zh-CN,zh;q=0.9
      ┣ 客户端 IP 地址：   0.0.0.1
      ┣ 服务端 IP 地址：   0.0.0.1
      ┣ 客户端连接 ID：    00-3768c76267a1527842153e9b54a9b675-c24c82c18f65457a-00
      ┣ 服务线程 ID：      #47
      ┣ 执行耗时：         65ms
      ┣ ━━━━━━━━━━━━━━━  Cookies ━━━━━━━━━━━━━━━
      ┣ 请求端：           
      ┣ 响应端：           
      ┣ ━━━━━━━━━━━━━━━  系统信息 ━━━━━━━━━━━━━━━
      ┣ 系统名称：         Microsoft Windows 10.0.19044
      ┣ 系统架构：         X64
      ┣ 基础框架：         Furion.Pure v4.8.8.41
      ┣ .NET 架构：        .NET 6.0.16
      ┣ ━━━━━━━━━━━━━━━  启动信息 ━━━━━━━━━━━━━━━
      ┣ 运行环境：         Production
      ┣ 启动程序集：       Admin.NET.Web.Entry
      ┣ 进程名称：         Admin.NET.Web.Entry
      ┣ 托管程序：         Kestrel
      ┣ ━━━━━━━━━━━━━━━  返回信息 ━━━━━━━━━━━━━━━
      ┣ HTTP响应状态码：   200
      ┣ 原始类型：         System.Collections.Generic.IList<Admin.NET.Core.JuAI.Service.UserInfoOutput>
      ┣ 最终类型：         Admin.NET.Core.AdminResult<System.Object>
      ┣ 最终返回值：       {"code":200,"type":"success","message":"","result":[{"nickName":"聚AI_6045","avatar":"Upload/Avatar/14194583407941.jpg","id":"14005826358213"},{"nickName":"聚AI_6045","avatar":null,"id":"14005810391877"},{"nickName":"聚AI_6045","avatar":null,"id":"13727127390021"},{"nickName":"聚AI_6047","avatar":null,"id":"13763405483077"},{"nickName":"聚AI_6046","avatar":null,"id":"13763350061253"}],"extras":null,"time":"2023-08-28T21:31:19.1033216+08:00"}
      ┗━━━━━━━━━━━  Logging Monitor ━━━━━━━━━━━
info: 2023-08-28 21:31:19.1134973 +08:00 星期一 L System.Logging.LoggingMonitor[0] #62
      [System.Private.CoreLib.dll] void System.Runtime.CompilerServices.AsyncMethodBuilderCore.Start<TStateMachine>(ref TStateMachine stateMachine)
      ┏━━━━━━━━━━━  Logging Monitor ━━━━━━━━━━━
      ┣ Admin.NET.Core.JuAI.Service.UpgradeService.GetNewst
      ┣ 
      ┣ 控制器名称：       UpgradeService
      ┣ 操作名称：         GetNewst
      ┣ 显示名称：         
      ┣ 路由信息：         [area]: ; [controller]: upgrade; [action]: newst
      ┣ 请求方式：         GET
      ┣ 请求地址：         http://localhost:5005/api/upgrade/newst
      ┣ 来源地址：         http://localhost:19991/
      ┣ 请求端源：         client
      ┣ 浏览器标识：       Mozilla/5.0 (Windows NT 10.0; Win64; x64) AppleWebKit/537.36 (KHTML, like Gecko) Chrome/116.0.0.0 Safari/537.36
      ┣ 客户端区域语言：   zh-CN,zh;q=0.9
      ┣ 客户端 IP 地址：   0.0.0.1
      ┣ 服务端 IP 地址：   0.0.0.1
      ┣ 客户端连接 ID：    00-58a0f83a08ca5b438f60656492df4f31-1fda2a978fa52a12-00
      ┣ 服务线程 ID：      #62
      ┣ 执行耗时：         77ms
      ┣ ━━━━━━━━━━━━━━━  Cookies ━━━━━━━━━━━━━━━
      ┣ 请求端：           
      ┣ 响应端：           
      ┣ ━━━━━━━━━━━━━━━  系统信息 ━━━━━━━━━━━━━━━
      ┣ 系统名称：         Microsoft Windows 10.0.19044
      ┣ 系统架构：         X64
      ┣ 基础框架：         Furion.Pure v4.8.8.41
      ┣ .NET 架构：        .NET 6.0.16
      ┣ ━━━━━━━━━━━━━━━  启动信息 ━━━━━━━━━━━━━━━
      ┣ 运行环境：         Production
      ┣ 启动程序集：       Admin.NET.Web.Entry
      ┣ 进程名称：         Admin.NET.Web.Entry
      ┣ 托管程序：         Kestrel
      ┣ ━━━━━━━━━━━━━━━  返回信息 ━━━━━━━━━━━━━━━
      ┣ HTTP响应状态码：   200
      ┣ 原始类型：         Admin.NET.Core.JuAI.AppUpgrade
      ┣ 最终类型：         Admin.NET.Core.AdminResult<System.Object>
      ┣ 最终返回值：       {"code":200,"type":"success","message":"","result":{"version":"2.12.3","desc":"修复聊天不显示","isForceUpdate":true,"isClearCache":true,"createOrgId":null,"createTime":"2023-08-08T22:29:38","updateTime":"2023-08-08T22:14:27","createUserId":null,"updateUserId":null,"isDelete":false,"id":"3334"},"extras":null,"time":"2023-08-28T21:31:19.1113986+08:00"}
      ┗━━━━━━━━━━━  Logging Monitor ━━━━━━━━━━━
info: 2023-08-28 21:31:19.1059057 +08:00 星期一 L System.Logging.LoggingMonitor[0] #36
      [System.Private.CoreLib.dll] void System.Runtime.CompilerServices.AsyncTaskMethodBuilder<TResult>+AsyncStateMachineBox<TStateMachine>.MoveNext(Thread threadPoolThread)
      ┏━━━━━━━━━━━  Logging Monitor ━━━━━━━━━━━
      ┣ Admin.NET.Core.JuAI.Service.SpecialService.GetNewest
      ┣ 
      ┣ 控制器名称：                SpecialService
      ┣ 操作名称：                  GetNewest
      ┣ 显示名称：                  
      ┣ 路由信息：                  [area]: ; [controller]: special; [action]: newest
      ┣ 请求方式：                  GET
      ┣ 请求地址：                  http://localhost:5005/api/special/newest?minId=
      ┣ 来源地址：                  http://localhost:19991/
      ┣ 请求端源：                  client
      ┣ 浏览器标识：                Mozilla/5.0 (Windows NT 10.0; Win64; x64) AppleWebKit/537.36 (KHTML, like Gecko) Chrome/116.0.0.0 Safari/537.36
      ┣ 客户端区域语言：            zh-CN,zh;q=0.9
      ┣ 客户端 IP 地址：            0.0.0.1
      ┣ 服务端 IP 地址：            0.0.0.1
      ┣ 客户端连接 ID：             00-c9f4f70058c1351b5386874cf6b97011-8c74d015fea8b856-00
      ┣ 服务线程 ID：               #41
      ┣ 执行耗时：                  68ms
      ┣ ━━━━━━━━━━━━━━━  Cookies ━━━━━━━━━━━━━━━
      ┣ 请求端：                    
      ┣ 响应端：                    
      ┣ ━━━━━━━━━━━━━━━  系统信息 ━━━━━━━━━━━━━━━
      ┣ 系统名称：                  Microsoft Windows 10.0.19044
      ┣ 系统架构：                  X64
      ┣ 基础框架：                  Furion.Pure v4.8.8.41
      ┣ .NET 架构：                 .NET 6.0.16
      ┣ ━━━━━━━━━━━━━━━  启动信息 ━━━━━━━━━━━━━━━
      ┣ 运行环境：                  Production
      ┣ 启动程序集：                Admin.NET.Web.Entry
      ┣ 进程名称：                  Admin.NET.Web.Entry
      ┣ 托管程序：                  Kestrel
      ┣ ━━━━━━━━━━━━━━━  参数列表 ━━━━━━━━━━━━━━━
      ┣ Content-Type：              
      ┣ 
      ┣ minId (Nullable`1)：        
      ┣ ━━━━━━━━━━━━━━━  返回信息 ━━━━━━━━━━━━━━━
      ┣ HTTP响应状态码：            200
      ┣ 原始类型：                  System.Threading.Tasks.Task<System.Collections.Generic.IList<Admin.NET.Core.JuAI.Service.SpecialOutput>>
      ┣ 最终类型：                  Admin.NET.Core.AdminResult<System.Object>
      ┣ 最终返回值：                {"code":200,"type":"success","message":"","result":[{"id":"141254407701223","title":"抓烂22223","text":"就螺丝扣搭街坊立刻就333333","cover":"http://filetest.guxin.link/Special/2023/08/14125440695621.jpg","coverFile":null},{"id":"141242588270232","title":"第一个抓烂","text":"就开始大家和弗兰克沙龙的开发建设离开的顺德府顺德府手动","cover":"http://filetest.guxin.link/Special/2023/08/14124258623685.jpg","coverFile":null},{"id":"141242586827023","title":"第一个抓烂","text":"就开始大家和弗兰克沙龙的开发建设离开的顺德府顺德府手动","cover":"http://filetest.guxin.link/Special/20
      ┗━━━━━━━━━━━  Logging Monitor ━━━━━━━━━━━
info: 2023-08-28 21:31:19.1112397 +08:00 星期一 L System.Logging.LoggingMonitor[0] #39
      [System.Private.CoreLib.dll] void System.Runtime.CompilerServices.AsyncTaskMethodBuilder<TResult>+AsyncStateMachineBox<TStateMachine>.MoveNext(Thread threadPoolThread)
      ┏━━━━━━━━━━━  Logging Monitor ━━━━━━━━━━━
      ┣ Admin.NET.Core.JuAI.Service.UserTokenService.GetIsQianDaoToday
      ┣ 
      ┣ 控制器名称：                   UserTokenService
      ┣ 操作名称：                     GetIsQianDaoToday
      ┣ 显示名称：                     
      ┣ 路由信息：                     [area]: ; [controller]: userToken; [action]: isQianDaoToday
      ┣ 请求方式：                     GET
      ┣ 请求地址：                     http://localhost:5005/api/userToken/isQianDaoToday
      ┣ 来源地址：                     http://localhost:19991/
      ┣ 请求端源：                     client
      ┣ 浏览器标识：                   Mozilla/5.0 (Windows NT 10.0; Win64; x64) AppleWebKit/537.36 (KHTML, like Gecko) Chrome/116.0.0.0 Safari/537.36
      ┣ 客户端区域语言：               zh-CN,zh;q=0.9
      ┣ 客户端 IP 地址：               0.0.0.1
      ┣ 服务端 IP 地址：               0.0.0.1
      ┣ 客户端连接 ID：                00-d779b7ea081c7f490e3911fe27fef0f8-129e2be8a844022b-00
      ┣ 服务线程 ID：                  #8
      ┣ 执行耗时：                     60ms
      ┣ ━━━━━━━━━━━━━━━  Cookies ━━━━━━━━━━━━━━━
      ┣ 请求端：                       
      ┣ 响应端：                       
      ┣ ━━━━━━━━━━━━━━━  系统信息 ━━━━━━━━━━━━━━━
      ┣ 系统名称：                     Microsoft Windows 10.0.19044
      ┣ 系统架构：                     X64
      ┣ 基础框架：                     Furion.Pure v4.8.8.41
      ┣ .NET 架构：                    .NET 6.0.16
      ┣ ━━━━━━━━━━━━━━━  启动信息 ━━━━━━━━━━━━━━━
      ┣ 运行环境：                     Production
      ┣ 启动程序集：                   Admin.NET.Web.Entry
      ┣ 进程名称：                     Admin.NET.Web.Entry
      ┣ 托管程序：                     Kestrel
      ┣ ━━━━━━━━━━━━━━━  授权信息 ━━━━━━━━━━━━━━━
      ┣ JWT Token：                    Bearer eyJhbGciOiJIUzI1NiIsInR5cCI6IkpXVCJ9.eyJVc2VySWQiOjE0MDA1ODI2MzU4MjEzLCJUZW5hbnRJZCI6MTMwMDAwMDAwMDAwMSwiQWNjb3VudCI6IjE4NjAwNzY2MDQ1IiwiTmlja05hbWUiOiLogZpBSV82MDQ1IiwiQWNjb3VudFR5cGUiOjAsImlhdCI6MTY5MzAzNzg0NiwibmJmIjoxNjkzMDM3ODQ2LCJleHAiOjE2OTM2NDI2NDYsImlzcyI6IkFkbWluLk5FVCIsImF1ZCI6IkFkbWluLk5FVCJ9.Pt3OMLor8iLzYQfEoREoKU3AxA0Ja7UX_Q2sCCdnGEw
      ┣ 
      ┣ UserId (integer64)：           14005826358213
      ┣ TenantId (integer64)：         1300000000001
      ┣ Account (string)：             18600766045
      ┣ NickName (string)：            聚AI_6045
      ┣ AccountType (integer)：        0
      ┣ iat (integer)：                1693037846 (2023-08-26 16:17:26:0000(+08:00) 星期六 L)
      ┣ nbf (integer)：                1693037846 (2023-08-26 16:17:26:0000(+08:00) 星期六 L)
      ┣ exp (integer)：                1693642646 (2023-09-02 16:17:26:0000(+08:00) 星期六 L)
      ┣ iss (string)：                 Admin.NET
      ┣ aud (string)：                 Admin.NET
      ┣ ━━━━━━━━━━━━━━━  返回信息 ━━━━━━━━━━━━━━━
      ┣ HTTP响应状态码：               200
      ┣ 原始类型：                     System.Threading.Tasks.Task<System.Boolean>
      ┣ 最终类型：                     Admin.NET.Core.AdminResult<System.Object>
      ┣ 最终返回值：                   {"code":200,"type":"success","message":"","result":false,"extras":null,"time":"2023-08-28T21:31:19.1090507+08:00"}
      ┗━━━━━━━━━━━  Logging Monitor ━━━━━━━━━━━
info: 2023-08-28 21:31:19.2985724 +08:00 星期一 L System.Logging.LoggingMonitor[0] #36
      [System.Private.CoreLib.dll] void System.Runtime.CompilerServices.AsyncTaskMethodBuilder<TResult>+AsyncStateMachineBox<TStateMachine>.MoveNext(Thread threadPoolThread)
      ┏━━━━━━━━━━━  Logging Monitor ━━━━━━━━━━━
      ┣ Admin.NET.Core.JuAI.Service.ArticleService.GetNewest
      ┣ 
      ┣ 控制器名称：                ArticleService
      ┣ 操作名称：                  GetNewest
      ┣ 显示名称：                  
      ┣ 路由信息：                  [area]: ; [controller]: article; [action]: newest
      ┣ 请求方式：                  GET
      ┣ 请求地址：                  http://localhost:5005/api/article/newest?minId=
      ┣ 来源地址：                  http://localhost:19991/
      ┣ 请求端源：                  client
      ┣ 浏览器标识：                Mozilla/5.0 (Windows NT 10.0; Win64; x64) AppleWebKit/537.36 (KHTML, like Gecko) Chrome/116.0.0.0 Safari/537.36
      ┣ 客户端区域语言：            zh-CN,zh;q=0.9
      ┣ 客户端 IP 地址：            0.0.0.1
      ┣ 服务端 IP 地址：            0.0.0.1
      ┣ 客户端连接 ID：             00-c165fa1873a13ac2c39f686fb5a2906c-d89c1f1af916643c-00
      ┣ 服务线程 ID：               #53
      ┣ 执行耗时：                  260ms
      ┣ ━━━━━━━━━━━━━━━  Cookies ━━━━━━━━━━━━━━━
      ┣ 请求端：                    
      ┣ 响应端：                    
      ┣ ━━━━━━━━━━━━━━━  系统信息 ━━━━━━━━━━━━━━━
      ┣ 系统名称：                  Microsoft Windows 10.0.19044
      ┣ 系统架构：                  X64
      ┣ 基础框架：                  Furion.Pure v4.8.8.41
      ┣ .NET 架构：                 .NET 6.0.16
      ┣ ━━━━━━━━━━━━━━━  启动信息 ━━━━━━━━━━━━━━━
      ┣ 运行环境：                  Production
      ┣ 启动程序集：                Admin.NET.Web.Entry
      ┣ 进程名称：                  Admin.NET.Web.Entry
      ┣ 托管程序：                  Kestrel
      ┣ ━━━━━━━━━━━━━━━  参数列表 ━━━━━━━━━━━━━━━
      ┣ Content-Type：              
      ┣ 
      ┣ minId (Nullable`1)：        
      ┣ ━━━━━━━━━━━━━━━  返回信息 ━━━━━━━━━━━━━━━
      ┣ HTTP响应状态码：            200
      ┣ 原始类型：                  System.Threading.Tasks.Task<System.Collections.Generic.List<Admin.NET.Core.JuAI.Service.ArticleOutput>>
      ┣ 最终类型：                  Admin.NET.Core.AdminResult<System.Object>
      ┣ 最终返回值：                {"code":200,"type":"success","message":"","result":[{"id":"14215981060677","title":"测试一个样式试试。。哈哈","html":"<p>大量减少离开</p><blockquote>第三方顺德府阿斯顿</blockquote><hr/><p>时间快</p><pre><code class=\"language-csharp\">烦烦烦烦烦烦\r\n顺德府阿斯蒂芬\r\n哈哈哈数据库的\r\nhahhahhkjsd </code></pre><table style=\"width: auto;\"><tbody><tr><th colSpan=\"1\" rowSpan=\"1\" width=\"auto\"></th><th colSpan=\"1\" rowSpan=\"1\" width=\"auto\"></th><th colSpan=\"1\" rowSpan=\"1\" width=\"auto\"></th><th colSpan=\"1\" rowSpan=\"1\" width=\"a
      ┗━━━━━━━━━━━  Logging Monitor ━━━━━━━━━━━
info: 2023-08-28 21:31:19.4595529 +08:00 星期一 L System.Logging.LoggingMonitor[0] #39
      [System.Private.CoreLib.dll] void System.Runtime.CompilerServices.AsyncTaskMethodBuilder<TResult>+AsyncStateMachineBox<TStateMachine>.MoveNext(Thread threadPoolThread)
      ┏━━━━━━━━━━━  Logging Monitor ━━━━━━━━━━━
      ┣ Admin.NET.Core.JuAI.Service.ArticleService.GetRecommend
      ┣ 
      ┣ 控制器名称：       ArticleService
      ┣ 操作名称：         GetRecommend
      ┣ 显示名称：         
      ┣ 路由信息：         [area]: ; [controller]: article; [action]: recommend
      ┣ 请求方式：         GET
      ┣ 请求地址：         http://localhost:5005/api/article/recommend
      ┣ 来源地址：         http://localhost:19991/
      ┣ 请求端源：         client
      ┣ 浏览器标识：       Mozilla/5.0 (Windows NT 10.0; Win64; x64) AppleWebKit/537.36 (KHTML, like Gecko) Chrome/116.0.0.0 Safari/537.36
      ┣ 客户端区域语言：   zh-CN,zh;q=0.9
      ┣ 客户端 IP 地址：   0.0.0.1
      ┣ 服务端 IP 地址：   0.0.0.1
      ┣ 客户端连接 ID：    00-5eb0e36b56f21afb554ef34fb1928963-97aa6dcad5648b76-00
      ┣ 服务线程 ID：      #43
      ┣ 执行耗时：         423ms
      ┣ ━━━━━━━━━━━━━━━  Cookies ━━━━━━━━━━━━━━━
      ┣ 请求端：           
      ┣ 响应端：           
      ┣ ━━━━━━━━━━━━━━━  系统信息 ━━━━━━━━━━━━━━━
      ┣ 系统名称：         Microsoft Windows 10.0.19044
      ┣ 系统架构：         X64
      ┣ 基础框架：         Furion.Pure v4.8.8.41
      ┣ .NET 架构：        .NET 6.0.16
      ┣ ━━━━━━━━━━━━━━━  启动信息 ━━━━━━━━━━━━━━━
      ┣ 运行环境：         Production
      ┣ 启动程序集：       Admin.NET.Web.Entry
      ┣ 进程名称：         Admin.NET.Web.Entry
      ┣ 托管程序：         Kestrel
      ┣ ━━━━━━━━━━━━━━━  返回信息 ━━━━━━━━━━━━━━━
      ┣ HTTP响应状态码：   200
      ┣ 原始类型：         System.Threading.Tasks.Task<System.Collections.Generic.List<Admin.NET.Core.JuAI.Service.ArticleSiderOutput>>
      ┣ 最终类型：         Admin.NET.Core.AdminResult<System.Object>
      ┣ 最终返回值：       {"code":200,"type":"success","message":"","result":[{"id":"14215981060677","title":"测试一个样式试试。。哈哈"},{"id":"14194109678917","title":"测试第一个抓烂拉了进来"},{"id":"14127539556677","title":"两个图片测试呢。"},{"id":"14127533953093","title":"设置一下图片和视频试一试呢。。哈哈"},{"id":"14127509730629","title":"一个视频和两个图片"},{"id":"14127478756933","title":"考了几分离开的分析来看都分割"},{"id":"14127257110597","title":"测试一个视频和图片功能看好不好呀"},{"id":"14084316607813","title":"111111111111111"},{"id":"14084262750277","title":"wangEditor 粘贴从 word 复制的带图片内容的最"},{
      ┗━━━━━━━━━━━  Logging Monitor ━━━━━━━━━━━
info: 2023-08-28 21:31:38.9773260 +08:00 星期一 L System.Logging.LoggingMonitor[0] #34
      [System.Private.CoreLib.dll] void System.Runtime.CompilerServices.AsyncMethodBuilderCore.Start<TStateMachine>(ref TStateMachine stateMachine)
      ┏━━━━━━━━━━━  Logging Monitor ━━━━━━━━━━━
      ┣ Admin.NET.Core.JuAI.Service.UpgradeService.GetNewst
      ┣ 
      ┣ 控制器名称：       UpgradeService
      ┣ 操作名称：         GetNewst
      ┣ 显示名称：         
      ┣ 路由信息：         [area]: ; [controller]: upgrade; [action]: newst
      ┣ 请求方式：         GET
      ┣ 请求地址：         http://localhost:5005/api/upgrade/newst
      ┣ 来源地址：         http://localhost:19991/
      ┣ 请求端源：         client
      ┣ 浏览器标识：       Mozilla/5.0 (Windows NT 10.0; Win64; x64) AppleWebKit/537.36 (KHTML, like Gecko) Chrome/116.0.0.0 Safari/537.36
      ┣ 客户端区域语言：   zh-CN,zh;q=0.9
      ┣ 客户端 IP 地址：   0.0.0.1
      ┣ 服务端 IP 地址：   0.0.0.1
      ┣ 客户端连接 ID：    00-17322ae837b7f0062302af427f92f5cb-7c90b5f49998e18d-00
      ┣ 服务线程 ID：      #34
      ┣ 执行耗时：         64ms
      ┣ ━━━━━━━━━━━━━━━  Cookies ━━━━━━━━━━━━━━━
      ┣ 请求端：           
      ┣ 响应端：           
      ┣ ━━━━━━━━━━━━━━━  系统信息 ━━━━━━━━━━━━━━━
      ┣ 系统名称：         Microsoft Windows 10.0.19044
      ┣ 系统架构：         X64
      ┣ 基础框架：         Furion.Pure v4.8.8.41
      ┣ .NET 架构：        .NET 6.0.16
      ┣ ━━━━━━━━━━━━━━━  启动信息 ━━━━━━━━━━━━━━━
      ┣ 运行环境：         Production
      ┣ 启动程序集：       Admin.NET.Web.Entry
      ┣ 进程名称：         Admin.NET.Web.Entry
      ┣ 托管程序：         Kestrel
      ┣ ━━━━━━━━━━━━━━━  返回信息 ━━━━━━━━━━━━━━━
      ┣ HTTP响应状态码：   200
      ┣ 原始类型：         Admin.NET.Core.JuAI.AppUpgrade
      ┣ 最终类型：         Admin.NET.Core.AdminResult<System.Object>
      ┣ 最终返回值：       {"code":200,"type":"success","message":"","result":{"version":"2.12.3","desc":"修复聊天不显示","isForceUpdate":true,"isClearCache":true,"createOrgId":null,"createTime":"2023-08-08T22:29:38","updateTime":"2023-08-08T22:14:27","createUserId":null,"updateUserId":null,"isDelete":false,"id":"3334"},"extras":null,"time":"2023-08-28T21:31:38.9739087+08:00"}
      ┗━━━━━━━━━━━  Logging Monitor ━━━━━━━━━━━
info: 2023-08-28 21:31:38.9917600 +08:00 星期一 L System.Logging.LoggingMonitor[0] #53
      [System.Private.CoreLib.dll] void System.Runtime.CompilerServices.AsyncMethodBuilderCore.Start<TStateMachine>(ref TStateMachine stateMachine)
      ┏━━━━━━━━━━━  Logging Monitor ━━━━━━━━━━━
      ┣ Admin.NET.Core.JuAI.Service.UserService.GetActiveUsers
      ┣ 
      ┣ 控制器名称：       UserService
      ┣ 操作名称：         GetActiveUsers
      ┣ 显示名称：         活跃用户
      ┣ 路由信息：         [area]: ; [controller]: user; [action]: activeUsers
      ┣ 请求方式：         GET
      ┣ 请求地址：         http://localhost:5005/api/User/ActiveUsers
      ┣ 来源地址：         http://localhost:19991/
      ┣ 请求端源：         client
      ┣ 浏览器标识：       Mozilla/5.0 (Windows NT 10.0; Win64; x64) AppleWebKit/537.36 (KHTML, like Gecko) Chrome/116.0.0.0 Safari/537.36
      ┣ 客户端区域语言：   zh-CN,zh;q=0.9
      ┣ 客户端 IP 地址：   0.0.0.1
      ┣ 服务端 IP 地址：   0.0.0.1
      ┣ 客户端连接 ID：    00-233a6424587f51d36d856774139bf8e6-65bd01e2d7755294-00
      ┣ 服务线程 ID：      #53
      ┣ 执行耗时：         75ms
      ┣ ━━━━━━━━━━━━━━━  Cookies ━━━━━━━━━━━━━━━
      ┣ 请求端：           
      ┣ 响应端：           
      ┣ ━━━━━━━━━━━━━━━  系统信息 ━━━━━━━━━━━━━━━
      ┣ 系统名称：         Microsoft Windows 10.0.19044
      ┣ 系统架构：         X64
      ┣ 基础框架：         Furion.Pure v4.8.8.41
      ┣ .NET 架构：        .NET 6.0.16
      ┣ ━━━━━━━━━━━━━━━  启动信息 ━━━━━━━━━━━━━━━
      ┣ 运行环境：         Production
      ┣ 启动程序集：       Admin.NET.Web.Entry
      ┣ 进程名称：         Admin.NET.Web.Entry
      ┣ 托管程序：         Kestrel
      ┣ ━━━━━━━━━━━━━━━  返回信息 ━━━━━━━━━━━━━━━
      ┣ HTTP响应状态码：   200
      ┣ 原始类型：         System.Collections.Generic.IList<Admin.NET.Core.JuAI.Service.UserInfoOutput>
      ┣ 最终类型：         Admin.NET.Core.AdminResult<System.Object>
      ┣ 最终返回值：       {"code":200,"type":"success","message":"","result":[{"nickName":"聚AI_6045","avatar":"Upload/Avatar/14194583407941.jpg","id":"14005826358213"},{"nickName":"聚AI_6045","avatar":null,"id":"14005810391877"},{"nickName":"聚AI_6045","avatar":null,"id":"13727127390021"},{"nickName":"聚AI_6047","avatar":null,"id":"13763405483077"},{"nickName":"聚AI_6046","avatar":null,"id":"13763350061253"}],"extras":null,"time":"2023-08-28T21:31:38.9847254+08:00"}
      ┗━━━━━━━━━━━  Logging Monitor ━━━━━━━━━━━
info: 2023-08-28 21:31:38.9877521 +08:00 星期一 L System.Logging.LoggingMonitor[0] #48
      [System.Private.CoreLib.dll] void System.Runtime.CompilerServices.AsyncTaskMethodBuilder<TResult>+AsyncStateMachineBox<TStateMachine>.MoveNext(Thread threadPoolThread)
      ┏━━━━━━━━━━━  Logging Monitor ━━━━━━━━━━━
      ┣ Admin.NET.Core.JuAI.Service.SpecialService.GetNewest
      ┣ 
      ┣ 控制器名称：                SpecialService
      ┣ 操作名称：                  GetNewest
      ┣ 显示名称：                  
      ┣ 路由信息：                  [area]: ; [controller]: special; [action]: newest
      ┣ 请求方式：                  GET
      ┣ 请求地址：                  http://localhost:5005/api/special/newest?minId=
      ┣ 来源地址：                  http://localhost:19991/
      ┣ 请求端源：                  client
      ┣ 浏览器标识：                Mozilla/5.0 (Windows NT 10.0; Win64; x64) AppleWebKit/537.36 (KHTML, like Gecko) Chrome/116.0.0.0 Safari/537.36
      ┣ 客户端区域语言：            zh-CN,zh;q=0.9
      ┣ 客户端 IP 地址：            0.0.0.1
      ┣ 服务端 IP 地址：            0.0.0.1
      ┣ 客户端连接 ID：             00-6c36119e18be602c708462e2f8b254b3-04d5d394c8fbf001-00
      ┣ 服务线程 ID：               #8
      ┣ 执行耗时：                  73ms
      ┣ ━━━━━━━━━━━━━━━  Cookies ━━━━━━━━━━━━━━━
      ┣ 请求端：                    
      ┣ 响应端：                    
      ┣ ━━━━━━━━━━━━━━━  系统信息 ━━━━━━━━━━━━━━━
      ┣ 系统名称：                  Microsoft Windows 10.0.19044
      ┣ 系统架构：                  X64
      ┣ 基础框架：                  Furion.Pure v4.8.8.41
      ┣ .NET 架构：                 .NET 6.0.16
      ┣ ━━━━━━━━━━━━━━━  启动信息 ━━━━━━━━━━━━━━━
      ┣ 运行环境：                  Production
      ┣ 启动程序集：                Admin.NET.Web.Entry
      ┣ 进程名称：                  Admin.NET.Web.Entry
      ┣ 托管程序：                  Kestrel
      ┣ ━━━━━━━━━━━━━━━  参数列表 ━━━━━━━━━━━━━━━
      ┣ Content-Type：              
      ┣ 
      ┣ minId (Nullable`1)：        
      ┣ ━━━━━━━━━━━━━━━  返回信息 ━━━━━━━━━━━━━━━
      ┣ HTTP响应状态码：            200
      ┣ 原始类型：                  System.Threading.Tasks.Task<System.Collections.Generic.IList<Admin.NET.Core.JuAI.Service.SpecialOutput>>
      ┣ 最终类型：                  Admin.NET.Core.AdminResult<System.Object>
      ┣ 最终返回值：                {"code":200,"type":"success","message":"","result":[{"id":"141254407701223","title":"抓烂22223","text":"就螺丝扣搭街坊立刻就333333","cover":"http://filetest.guxin.link/Special/2023/08/14125440695621.jpg","coverFile":null},{"id":"141242588270232","title":"第一个抓烂","text":"就开始大家和弗兰克沙龙的开发建设离开的顺德府顺德府手动","cover":"http://filetest.guxin.link/Special/2023/08/14124258623685.jpg","coverFile":null},{"id":"141242586827023","title":"第一个抓烂","text":"就开始大家和弗兰克沙龙的开发建设离开的顺德府顺德府手动","cover":"http://filetest.guxin.link/Special/20
      ┗━━━━━━━━━━━  Logging Monitor ━━━━━━━━━━━
info: 2023-08-28 21:31:39.0126156 +08:00 星期一 L System.Logging.LoggingMonitor[0] #33
      [System.Private.CoreLib.dll] void System.Runtime.CompilerServices.AsyncTaskMethodBuilder<TResult>+AsyncStateMachineBox<TStateMachine>.MoveNext(Thread threadPoolThread)
      ┏━━━━━━━━━━━  Logging Monitor ━━━━━━━━━━━
      ┣ Admin.NET.Core.JuAI.Service.UserTokenService.GetIsQianDaoToday
      ┣ 
      ┣ 控制器名称：                   UserTokenService
      ┣ 操作名称：                     GetIsQianDaoToday
      ┣ 显示名称：                     
      ┣ 路由信息：                     [area]: ; [controller]: userToken; [action]: isQianDaoToday
      ┣ 请求方式：                     GET
      ┣ 请求地址：                     http://localhost:5005/api/userToken/isQianDaoToday
      ┣ 来源地址：                     http://localhost:19991/
      ┣ 请求端源：                     client
      ┣ 浏览器标识：                   Mozilla/5.0 (Windows NT 10.0; Win64; x64) AppleWebKit/537.36 (KHTML, like Gecko) Chrome/116.0.0.0 Safari/537.36
      ┣ 客户端区域语言：               zh-CN,zh;q=0.9
      ┣ 客户端 IP 地址：               0.0.0.1
      ┣ 服务端 IP 地址：               0.0.0.1
      ┣ 客户端连接 ID：                00-7b78d0f8dd42a3fdf6c7a2d8870aa71d-e7200c24eda81571-00
      ┣ 服务线程 ID：                  #43
      ┣ 执行耗时：                     72ms
      ┣ ━━━━━━━━━━━━━━━  Cookies ━━━━━━━━━━━━━━━
      ┣ 请求端：                       
      ┣ 响应端：                       
      ┣ ━━━━━━━━━━━━━━━  系统信息 ━━━━━━━━━━━━━━━
      ┣ 系统名称：                     Microsoft Windows 10.0.19044
      ┣ 系统架构：                     X64
      ┣ 基础框架：                     Furion.Pure v4.8.8.41
      ┣ .NET 架构：                    .NET 6.0.16
      ┣ ━━━━━━━━━━━━━━━  启动信息 ━━━━━━━━━━━━━━━
      ┣ 运行环境：                     Production
      ┣ 启动程序集：                   Admin.NET.Web.Entry
      ┣ 进程名称：                     Admin.NET.Web.Entry
      ┣ 托管程序：                     Kestrel
      ┣ ━━━━━━━━━━━━━━━  授权信息 ━━━━━━━━━━━━━━━
      ┣ JWT Token：                    Bearer eyJhbGciOiJIUzI1NiIsInR5cCI6IkpXVCJ9.eyJVc2VySWQiOjE0MDA1ODI2MzU4MjEzLCJUZW5hbnRJZCI6MTMwMDAwMDAwMDAwMSwiQWNjb3VudCI6IjE4NjAwNzY2MDQ1IiwiTmlja05hbWUiOiLogZpBSV82MDQ1IiwiQWNjb3VudFR5cGUiOjAsImlhdCI6MTY5MzAzNzg0NiwibmJmIjoxNjkzMDM3ODQ2LCJleHAiOjE2OTM2NDI2NDYsImlzcyI6IkFkbWluLk5FVCIsImF1ZCI6IkFkbWluLk5FVCJ9.Pt3OMLor8iLzYQfEoREoKU3AxA0Ja7UX_Q2sCCdnGEw
      ┣ 
      ┣ UserId (integer64)：           14005826358213
      ┣ TenantId (integer64)：         1300000000001
      ┣ Account (string)：             18600766045
      ┣ NickName (string)：            聚AI_6045
      ┣ AccountType (integer)：        0
      ┣ iat (integer)：                1693037846 (2023-08-26 16:17:26:0000(+08:00) 星期六 L)
      ┣ nbf (integer)：                1693037846 (2023-08-26 16:17:26:0000(+08:00) 星期六 L)
      ┣ exp (integer)：                1693642646 (2023-09-02 16:17:26:0000(+08:00) 星期六 L)
      ┣ iss (string)：                 Admin.NET
      ┣ aud (string)：                 Admin.NET
      ┣ ━━━━━━━━━━━━━━━  返回信息 ━━━━━━━━━━━━━━━
      ┣ HTTP响应状态码：               200
      ┣ 原始类型：                     System.Threading.Tasks.Task<System.Boolean>
      ┣ 最终类型：                     Admin.NET.Core.AdminResult<System.Object>
      ┣ 最终返回值：                   {"code":200,"type":"success","message":"","result":false,"extras":null,"time":"2023-08-28T21:31:39.0100877+08:00"}
      ┗━━━━━━━━━━━  Logging Monitor ━━━━━━━━━━━
info: 2023-08-28 21:31:39.1173227 +08:00 星期一 L System.Logging.LoggingMonitor[0] #33
      [System.Private.CoreLib.dll] void System.Runtime.CompilerServices.AsyncTaskMethodBuilder<TResult>+AsyncStateMachineBox<TStateMachine>.MoveNext(Thread threadPoolThread)
      ┏━━━━━━━━━━━  Logging Monitor ━━━━━━━━━━━
      ┣ Admin.NET.Core.JuAI.Service.ArticleService.GetNewest
      ┣ 
      ┣ 控制器名称：                ArticleService
      ┣ 操作名称：                  GetNewest
      ┣ 显示名称：                  
      ┣ 路由信息：                  [area]: ; [controller]: article; [action]: newest
      ┣ 请求方式：                  GET
      ┣ 请求地址：                  http://localhost:5005/api/article/newest?minId=
      ┣ 来源地址：                  http://localhost:19991/
      ┣ 请求端源：                  client
      ┣ 浏览器标识：                Mozilla/5.0 (Windows NT 10.0; Win64; x64) AppleWebKit/537.36 (KHTML, like Gecko) Chrome/116.0.0.0 Safari/537.36
      ┣ 客户端区域语言：            zh-CN,zh;q=0.9
      ┣ 客户端 IP 地址：            0.0.0.1
      ┣ 服务端 IP 地址：            0.0.0.1
      ┣ 客户端连接 ID：             00-aab1c78fcb5ce4e6630f76f9f66f8dbc-b3357b189cafdf06-00
      ┣ 服务线程 ID：               #62
      ┣ 执行耗时：                  197ms
      ┣ ━━━━━━━━━━━━━━━  Cookies ━━━━━━━━━━━━━━━
      ┣ 请求端：                    
      ┣ 响应端：                    
      ┣ ━━━━━━━━━━━━━━━  系统信息 ━━━━━━━━━━━━━━━
      ┣ 系统名称：                  Microsoft Windows 10.0.19044
      ┣ 系统架构：                  X64
      ┣ 基础框架：                  Furion.Pure v4.8.8.41
      ┣ .NET 架构：                 .NET 6.0.16
      ┣ ━━━━━━━━━━━━━━━  启动信息 ━━━━━━━━━━━━━━━
      ┣ 运行环境：                  Production
      ┣ 启动程序集：                Admin.NET.Web.Entry
      ┣ 进程名称：                  Admin.NET.Web.Entry
      ┣ 托管程序：                  Kestrel
      ┣ ━━━━━━━━━━━━━━━  参数列表 ━━━━━━━━━━━━━━━
      ┣ Content-Type：              
      ┣ 
      ┣ minId (Nullable`1)：        
      ┣ ━━━━━━━━━━━━━━━  返回信息 ━━━━━━━━━━━━━━━
      ┣ HTTP响应状态码：            200
      ┣ 原始类型：                  System.Threading.Tasks.Task<System.Collections.Generic.List<Admin.NET.Core.JuAI.Service.ArticleOutput>>
      ┣ 最终类型：                  Admin.NET.Core.AdminResult<System.Object>
      ┣ 最终返回值：                {"code":200,"type":"success","message":"","result":[{"id":"14215981060677","title":"测试一个样式试试。。哈哈","html":"<p>大量减少离开</p><blockquote>第三方顺德府阿斯顿</blockquote><hr/><p>时间快</p><pre><code class=\"language-csharp\">烦烦烦烦烦烦\r\n顺德府阿斯蒂芬\r\n哈哈哈数据库的\r\nhahhahhkjsd </code></pre><table style=\"width: auto;\"><tbody><tr><th colSpan=\"1\" rowSpan=\"1\" width=\"auto\"></th><th colSpan=\"1\" rowSpan=\"1\" width=\"auto\"></th><th colSpan=\"1\" rowSpan=\"1\" width=\"auto\"></th><th colSpan=\"1\" rowSpan=\"1\" width=\"a
      ┗━━━━━━━━━━━  Logging Monitor ━━━━━━━━━━━
info: 2023-08-28 21:31:39.3103480 +08:00 星期一 L System.Logging.LoggingMonitor[0] #50
      [System.Private.CoreLib.dll] void System.Runtime.CompilerServices.AsyncTaskMethodBuilder<TResult>+AsyncStateMachineBox<TStateMachine>.MoveNext(Thread threadPoolThread)
      ┏━━━━━━━━━━━  Logging Monitor ━━━━━━━━━━━
      ┣ Admin.NET.Core.JuAI.Service.ArticleService.GetRecommend
      ┣ 
      ┣ 控制器名称：       ArticleService
      ┣ 操作名称：         GetRecommend
      ┣ 显示名称：         
      ┣ 路由信息：         [area]: ; [controller]: article; [action]: recommend
      ┣ 请求方式：         GET
      ┣ 请求地址：         http://localhost:5005/api/article/recommend
      ┣ 来源地址：         http://localhost:19991/
      ┣ 请求端源：         client
      ┣ 浏览器标识：       Mozilla/5.0 (Windows NT 10.0; Win64; x64) AppleWebKit/537.36 (KHTML, like Gecko) Chrome/116.0.0.0 Safari/537.36
      ┣ 客户端区域语言：   zh-CN,zh;q=0.9
      ┣ 客户端 IP 地址：   0.0.0.1
      ┣ 服务端 IP 地址：   0.0.0.1
      ┣ 客户端连接 ID：    00-2e09f47ba2fbb5b0cdf4f8bf4c619b3c-e45d8e90275156eb-00
      ┣ 服务线程 ID：      #41
      ┣ 执行耗时：         398ms
      ┣ ━━━━━━━━━━━━━━━  Cookies ━━━━━━━━━━━━━━━
      ┣ 请求端：           
      ┣ 响应端：           
      ┣ ━━━━━━━━━━━━━━━  系统信息 ━━━━━━━━━━━━━━━
      ┣ 系统名称：         Microsoft Windows 10.0.19044
      ┣ 系统架构：         X64
      ┣ 基础框架：         Furion.Pure v4.8.8.41
      ┣ .NET 架构：        .NET 6.0.16
      ┣ ━━━━━━━━━━━━━━━  启动信息 ━━━━━━━━━━━━━━━
      ┣ 运行环境：         Production
      ┣ 启动程序集：       Admin.NET.Web.Entry
      ┣ 进程名称：         Admin.NET.Web.Entry
      ┣ 托管程序：         Kestrel
      ┣ ━━━━━━━━━━━━━━━  返回信息 ━━━━━━━━━━━━━━━
      ┣ HTTP响应状态码：   200
      ┣ 原始类型：         System.Threading.Tasks.Task<System.Collections.Generic.List<Admin.NET.Core.JuAI.Service.ArticleSiderOutput>>
      ┣ 最终类型：         Admin.NET.Core.AdminResult<System.Object>
      ┣ 最终返回值：       {"code":200,"type":"success","message":"","result":[{"id":"14215981060677","title":"测试一个样式试试。。哈哈"},{"id":"14194109678917","title":"测试第一个抓烂拉了进来"},{"id":"14127539556677","title":"两个图片测试呢。"},{"id":"14127533953093","title":"设置一下图片和视频试一试呢。。哈哈"},{"id":"14127509730629","title":"一个视频和两个图片"},{"id":"14127478756933","title":"考了几分离开的分析来看都分割"},{"id":"14127257110597","title":"测试一个视频和图片功能看好不好呀"},{"id":"14084316607813","title":"111111111111111"},{"id":"14084262750277","title":"wangEditor 粘贴从 word 复制的带图片内容的最"},{
      ┗━━━━━━━━━━━  Logging Monitor ━━━━━━━━━━━
info: 2023-08-28 21:31:57.5786461 +08:00 星期一 L System.Logging.LoggingMonitor[0] #8
      [System.Private.CoreLib.dll] void System.Runtime.CompilerServices.AsyncMethodBuilderCore.Start<TStateMachine>(ref TStateMachine stateMachine)
      ┏━━━━━━━━━━━  Logging Monitor ━━━━━━━━━━━
      ┣ Admin.NET.Core.JuAI.Service.UserService.GetActiveUsers
      ┣ 
      ┣ 控制器名称：       UserService
      ┣ 操作名称：         GetActiveUsers
      ┣ 显示名称：         活跃用户
      ┣ 路由信息：         [area]: ; [controller]: user; [action]: activeUsers
      ┣ 请求方式：         GET
      ┣ 请求地址：         http://localhost:5005/api/User/ActiveUsers
      ┣ 来源地址：         http://localhost:19991/
      ┣ 请求端源：         client
      ┣ 浏览器标识：       Mozilla/5.0 (Windows NT 10.0; Win64; x64) AppleWebKit/537.36 (KHTML, like Gecko) Chrome/116.0.0.0 Safari/537.36
      ┣ 客户端区域语言：   zh-CN,zh;q=0.9
      ┣ 客户端 IP 地址：   0.0.0.1
      ┣ 服务端 IP 地址：   0.0.0.1
      ┣ 客户端连接 ID：    00-63bf542fa99ae4c83739d5d3f1236859-af7aebeb222e95ff-00
      ┣ 服务线程 ID：      #8
      ┣ 执行耗时：         61ms
      ┣ ━━━━━━━━━━━━━━━  Cookies ━━━━━━━━━━━━━━━
      ┣ 请求端：           
      ┣ 响应端：           
      ┣ ━━━━━━━━━━━━━━━  系统信息 ━━━━━━━━━━━━━━━
      ┣ 系统名称：         Microsoft Windows 10.0.19044
      ┣ 系统架构：         X64
      ┣ 基础框架：         Furion.Pure v4.8.8.41
      ┣ .NET 架构：        .NET 6.0.16
      ┣ ━━━━━━━━━━━━━━━  启动信息 ━━━━━━━━━━━━━━━
      ┣ 运行环境：         Production
      ┣ 启动程序集：       Admin.NET.Web.Entry
      ┣ 进程名称：         Admin.NET.Web.Entry
      ┣ 托管程序：         Kestrel
      ┣ ━━━━━━━━━━━━━━━  返回信息 ━━━━━━━━━━━━━━━
      ┣ HTTP响应状态码：   200
      ┣ 原始类型：         System.Collections.Generic.IList<Admin.NET.Core.JuAI.Service.UserInfoOutput>
      ┣ 最终类型：         Admin.NET.Core.AdminResult<System.Object>
      ┣ 最终返回值：       {"code":200,"type":"success","message":"","result":[{"nickName":"聚AI_6045","avatar":"Upload/Avatar/14194583407941.jpg","id":"14005826358213"},{"nickName":"聚AI_6045","avatar":null,"id":"14005810391877"},{"nickName":"聚AI_6045","avatar":null,"id":"13727127390021"},{"nickName":"聚AI_6047","avatar":null,"id":"13763405483077"},{"nickName":"聚AI_6046","avatar":null,"id":"13763350061253"}],"extras":null,"time":"2023-08-28T21:31:57.5765498+08:00"}
      ┗━━━━━━━━━━━  Logging Monitor ━━━━━━━━━━━
info: 2023-08-28 21:31:57.5858076 +08:00 星期一 L System.Logging.LoggingMonitor[0] #61
      [System.Private.CoreLib.dll] void System.Runtime.CompilerServices.AsyncTaskMethodBuilder<TResult>+AsyncStateMachineBox<TStateMachine>.MoveNext(Thread threadPoolThread)
      ┏━━━━━━━━━━━  Logging Monitor ━━━━━━━━━━━
      ┣ Admin.NET.Core.JuAI.Service.SpecialService.GetNewest
      ┣ 
      ┣ 控制器名称：                SpecialService
      ┣ 操作名称：                  GetNewest
      ┣ 显示名称：                  
      ┣ 路由信息：                  [area]: ; [controller]: special; [action]: newest
      ┣ 请求方式：                  GET
      ┣ 请求地址：                  http://localhost:5005/api/special/newest?minId=
      ┣ 来源地址：                  http://localhost:19991/
      ┣ 请求端源：                  client
      ┣ 浏览器标识：                Mozilla/5.0 (Windows NT 10.0; Win64; x64) AppleWebKit/537.36 (KHTML, like Gecko) Chrome/116.0.0.0 Safari/537.36
      ┣ 客户端区域语言：            zh-CN,zh;q=0.9
      ┣ 客户端 IP 地址：            0.0.0.1
      ┣ 服务端 IP 地址：            0.0.0.1
      ┣ 客户端连接 ID：             00-8cee668f1eaeb898f1234fad6f60ff59-8e53dae3c6dcdeb3-00
      ┣ 服务线程 ID：               #41
      ┣ 执行耗时：                  67ms
      ┣ ━━━━━━━━━━━━━━━  Cookies ━━━━━━━━━━━━━━━
      ┣ 请求端：                    
      ┣ 响应端：                    
      ┣ ━━━━━━━━━━━━━━━  系统信息 ━━━━━━━━━━━━━━━
      ┣ 系统名称：                  Microsoft Windows 10.0.19044
      ┣ 系统架构：                  X64
      ┣ 基础框架：                  Furion.Pure v4.8.8.41
      ┣ .NET 架构：                 .NET 6.0.16
      ┣ ━━━━━━━━━━━━━━━  启动信息 ━━━━━━━━━━━━━━━
      ┣ 运行环境：                  Production
      ┣ 启动程序集：                Admin.NET.Web.Entry
      ┣ 进程名称：                  Admin.NET.Web.Entry
      ┣ 托管程序：                  Kestrel
      ┣ ━━━━━━━━━━━━━━━  参数列表 ━━━━━━━━━━━━━━━
      ┣ Content-Type：              
      ┣ 
      ┣ minId (Nullable`1)：        
      ┣ ━━━━━━━━━━━━━━━  返回信息 ━━━━━━━━━━━━━━━
      ┣ HTTP响应状态码：            200
      ┣ 原始类型：                  System.Threading.Tasks.Task<System.Collections.Generic.IList<Admin.NET.Core.JuAI.Service.SpecialOutput>>
      ┣ 最终类型：                  Admin.NET.Core.AdminResult<System.Object>
      ┣ 最终返回值：                {"code":200,"type":"success","message":"","result":[{"id":"141254407701223","title":"抓烂22223","text":"就螺丝扣搭街坊立刻就333333","cover":"http://filetest.guxin.link/Special/2023/08/14125440695621.jpg","coverFile":null},{"id":"141242588270232","title":"第一个抓烂","text":"就开始大家和弗兰克沙龙的开发建设离开的顺德府顺德府手动","cover":"http://filetest.guxin.link/Special/2023/08/14124258623685.jpg","coverFile":null},{"id":"141242586827023","title":"第一个抓烂","text":"就开始大家和弗兰克沙龙的开发建设离开的顺德府顺德府手动","cover":"http://filetest.guxin.link/Special/20
      ┗━━━━━━━━━━━  Logging Monitor ━━━━━━━━━━━
info: 2023-08-28 21:31:57.6079790 +08:00 星期一 L System.Logging.LoggingMonitor[0] #49
      [System.Private.CoreLib.dll] void System.Runtime.CompilerServices.AsyncMethodBuilderCore.Start<TStateMachine>(ref TStateMachine stateMachine)
      ┏━━━━━━━━━━━  Logging Monitor ━━━━━━━━━━━
      ┣ Admin.NET.Core.JuAI.Service.UpgradeService.GetNewst
      ┣ 
      ┣ 控制器名称：       UpgradeService
      ┣ 操作名称：         GetNewst
      ┣ 显示名称：         
      ┣ 路由信息：         [area]: ; [controller]: upgrade; [action]: newst
      ┣ 请求方式：         GET
      ┣ 请求地址：         http://localhost:5005/api/upgrade/newst
      ┣ 来源地址：         http://localhost:19991/
      ┣ 请求端源：         client
      ┣ 浏览器标识：       Mozilla/5.0 (Windows NT 10.0; Win64; x64) AppleWebKit/537.36 (KHTML, like Gecko) Chrome/116.0.0.0 Safari/537.36
      ┣ 客户端区域语言：   zh-CN,zh;q=0.9
      ┣ 客户端 IP 地址：   0.0.0.1
      ┣ 服务端 IP 地址：   0.0.0.1
      ┣ 客户端连接 ID：    00-d780fdf7a7e41f3ef2849cc42297209f-d95c87c2d5820585-00
      ┣ 服务线程 ID：      #49
      ┣ 执行耗时：         80ms
      ┣ ━━━━━━━━━━━━━━━  Cookies ━━━━━━━━━━━━━━━
      ┣ 请求端：           
      ┣ 响应端：           
      ┣ ━━━━━━━━━━━━━━━  系统信息 ━━━━━━━━━━━━━━━
      ┣ 系统名称：         Microsoft Windows 10.0.19044
      ┣ 系统架构：         X64
      ┣ 基础框架：         Furion.Pure v4.8.8.41
      ┣ .NET 架构：        .NET 6.0.16
      ┣ ━━━━━━━━━━━━━━━  启动信息 ━━━━━━━━━━━━━━━
      ┣ 运行环境：         Production
      ┣ 启动程序集：       Admin.NET.Web.Entry
      ┣ 进程名称：         Admin.NET.Web.Entry
      ┣ 托管程序：         Kestrel
      ┣ ━━━━━━━━━━━━━━━  返回信息 ━━━━━━━━━━━━━━━
      ┣ HTTP响应状态码：   200
      ┣ 原始类型：         Admin.NET.Core.JuAI.AppUpgrade
      ┣ 最终类型：         Admin.NET.Core.AdminResult<System.Object>
      ┣ 最终返回值：       {"code":200,"type":"success","message":"","result":{"version":"2.12.3","desc":"修复聊天不显示","isForceUpdate":true,"isClearCache":true,"createOrgId":null,"createTime":"2023-08-08T22:29:38","updateTime":"2023-08-08T22:14:27","createUserId":null,"updateUserId":null,"isDelete":false,"id":"3334"},"extras":null,"time":"2023-08-28T21:31:57.6041272+08:00"}
      ┗━━━━━━━━━━━  Logging Monitor ━━━━━━━━━━━
info: 2023-08-28 21:31:57.5988753 +08:00 星期一 L System.Logging.LoggingMonitor[0] #35
      [System.Private.CoreLib.dll] void System.Runtime.CompilerServices.AsyncTaskMethodBuilder<TResult>+AsyncStateMachineBox<TStateMachine>.MoveNext(Thread threadPoolThread)
      ┏━━━━━━━━━━━  Logging Monitor ━━━━━━━━━━━
      ┣ Admin.NET.Core.JuAI.Service.UserTokenService.GetIsQianDaoToday
      ┣ 
      ┣ 控制器名称：                   UserTokenService
      ┣ 操作名称：                     GetIsQianDaoToday
      ┣ 显示名称：                     
      ┣ 路由信息：                     [area]: ; [controller]: userToken; [action]: isQianDaoToday
      ┣ 请求方式：                     GET
      ┣ 请求地址：                     http://localhost:5005/api/userToken/isQianDaoToday
      ┣ 来源地址：                     http://localhost:19991/
      ┣ 请求端源：                     client
      ┣ 浏览器标识：                   Mozilla/5.0 (Windows NT 10.0; Win64; x64) AppleWebKit/537.36 (KHTML, like Gecko) Chrome/116.0.0.0 Safari/537.36
      ┣ 客户端区域语言：               zh-CN,zh;q=0.9
      ┣ 客户端 IP 地址：               0.0.0.1
      ┣ 服务端 IP 地址：               0.0.0.1
      ┣ 客户端连接 ID：                00-50bbd2dc00240870ecd00d554cefd9a2-61d8cb10b24c8b06-00
      ┣ 服务线程 ID：                  #53
      ┣ 执行耗时：                     64ms
      ┣ ━━━━━━━━━━━━━━━  Cookies ━━━━━━━━━━━━━━━
      ┣ 请求端：                       
      ┣ 响应端：                       
      ┣ ━━━━━━━━━━━━━━━  系统信息 ━━━━━━━━━━━━━━━
      ┣ 系统名称：                     Microsoft Windows 10.0.19044
      ┣ 系统架构：                     X64
      ┣ 基础框架：                     Furion.Pure v4.8.8.41
      ┣ .NET 架构：                    .NET 6.0.16
      ┣ ━━━━━━━━━━━━━━━  启动信息 ━━━━━━━━━━━━━━━
      ┣ 运行环境：                     Production
      ┣ 启动程序集：                   Admin.NET.Web.Entry
      ┣ 进程名称：                     Admin.NET.Web.Entry
      ┣ 托管程序：                     Kestrel
      ┣ ━━━━━━━━━━━━━━━  授权信息 ━━━━━━━━━━━━━━━
      ┣ JWT Token：                    Bearer eyJhbGciOiJIUzI1NiIsInR5cCI6IkpXVCJ9.eyJVc2VySWQiOjE0MDA1ODI2MzU4MjEzLCJUZW5hbnRJZCI6MTMwMDAwMDAwMDAwMSwiQWNjb3VudCI6IjE4NjAwNzY2MDQ1IiwiTmlja05hbWUiOiLogZpBSV82MDQ1IiwiQWNjb3VudFR5cGUiOjAsImlhdCI6MTY5MzAzNzg0NiwibmJmIjoxNjkzMDM3ODQ2LCJleHAiOjE2OTM2NDI2NDYsImlzcyI6IkFkbWluLk5FVCIsImF1ZCI6IkFkbWluLk5FVCJ9.Pt3OMLor8iLzYQfEoREoKU3AxA0Ja7UX_Q2sCCdnGEw
      ┣ 
      ┣ UserId (integer64)：           14005826358213
      ┣ TenantId (integer64)：         1300000000001
      ┣ Account (string)：             18600766045
      ┣ NickName (string)：            聚AI_6045
      ┣ AccountType (integer)：        0
      ┣ iat (integer)：                1693037846 (2023-08-26 16:17:26:0000(+08:00) 星期六 L)
      ┣ nbf (integer)：                1693037846 (2023-08-26 16:17:26:0000(+08:00) 星期六 L)
      ┣ exp (integer)：                1693642646 (2023-09-02 16:17:26:0000(+08:00) 星期六 L)
      ┣ iss (string)：                 Admin.NET
      ┣ aud (string)：                 Admin.NET
      ┣ ━━━━━━━━━━━━━━━  返回信息 ━━━━━━━━━━━━━━━
      ┣ HTTP响应状态码：               200
      ┣ 原始类型：                     System.Threading.Tasks.Task<System.Boolean>
      ┣ 最终类型：                     Admin.NET.Core.AdminResult<System.Object>
      ┣ 最终返回值：                   {"code":200,"type":"success","message":"","result":false,"extras":null,"time":"2023-08-28T21:31:57.5963863+08:00"}
      ┗━━━━━━━━━━━  Logging Monitor ━━━━━━━━━━━
info: 2023-08-28 21:31:57.7170362 +08:00 星期一 L System.Logging.LoggingMonitor[0] #35
      [System.Private.CoreLib.dll] void System.Runtime.CompilerServices.AsyncTaskMethodBuilder<TResult>+AsyncStateMachineBox<TStateMachine>.MoveNext(Thread threadPoolThread)
      ┏━━━━━━━━━━━  Logging Monitor ━━━━━━━━━━━
      ┣ Admin.NET.Core.JuAI.Service.ArticleService.GetNewest
      ┣ 
      ┣ 控制器名称：                ArticleService
      ┣ 操作名称：                  GetNewest
      ┣ 显示名称：                  
      ┣ 路由信息：                  [area]: ; [controller]: article; [action]: newest
      ┣ 请求方式：                  GET
      ┣ 请求地址：                  http://localhost:5005/api/article/newest?minId=
      ┣ 来源地址：                  http://localhost:19991/
      ┣ 请求端源：                  client
      ┣ 浏览器标识：                Mozilla/5.0 (Windows NT 10.0; Win64; x64) AppleWebKit/537.36 (KHTML, like Gecko) Chrome/116.0.0.0 Safari/537.36
      ┣ 客户端区域语言：            zh-CN,zh;q=0.9
      ┣ 客户端 IP 地址：            0.0.0.1
      ┣ 服务端 IP 地址：            0.0.0.1
      ┣ 客户端连接 ID：             00-ca88363e76329a76c8a64113ef414873-44a8f5148015c1c1-00
      ┣ 服务线程 ID：               #62
      ┣ 执行耗时：                  198ms
      ┣ ━━━━━━━━━━━━━━━  Cookies ━━━━━━━━━━━━━━━
      ┣ 请求端：                    
      ┣ 响应端：                    
      ┣ ━━━━━━━━━━━━━━━  系统信息 ━━━━━━━━━━━━━━━
      ┣ 系统名称：                  Microsoft Windows 10.0.19044
      ┣ 系统架构：                  X64
      ┣ 基础框架：                  Furion.Pure v4.8.8.41
      ┣ .NET 架构：                 .NET 6.0.16
      ┣ ━━━━━━━━━━━━━━━  启动信息 ━━━━━━━━━━━━━━━
      ┣ 运行环境：                  Production
      ┣ 启动程序集：                Admin.NET.Web.Entry
      ┣ 进程名称：                  Admin.NET.Web.Entry
      ┣ 托管程序：                  Kestrel
      ┣ ━━━━━━━━━━━━━━━  参数列表 ━━━━━━━━━━━━━━━
      ┣ Content-Type：              
      ┣ 
      ┣ minId (Nullable`1)：        
      ┣ ━━━━━━━━━━━━━━━  返回信息 ━━━━━━━━━━━━━━━
      ┣ HTTP响应状态码：            200
      ┣ 原始类型：                  System.Threading.Tasks.Task<System.Collections.Generic.List<Admin.NET.Core.JuAI.Service.ArticleOutput>>
      ┣ 最终类型：                  Admin.NET.Core.AdminResult<System.Object>
      ┣ 最终返回值：                {"code":200,"type":"success","message":"","result":[{"id":"14215981060677","title":"测试一个样式试试。。哈哈","html":"<p>大量减少离开</p><blockquote>第三方顺德府阿斯顿</blockquote><hr/><p>时间快</p><pre><code class=\"language-csharp\">烦烦烦烦烦烦\r\n顺德府阿斯蒂芬\r\n哈哈哈数据库的\r\nhahhahhkjsd </code></pre><table style=\"width: auto;\"><tbody><tr><th colSpan=\"1\" rowSpan=\"1\" width=\"auto\"></th><th colSpan=\"1\" rowSpan=\"1\" width=\"auto\"></th><th colSpan=\"1\" rowSpan=\"1\" width=\"auto\"></th><th colSpan=\"1\" rowSpan=\"1\" width=\"a
      ┗━━━━━━━━━━━  Logging Monitor ━━━━━━━━━━━
info: 2023-08-28 21:31:57.9187795 +08:00 星期一 L System.Logging.LoggingMonitor[0] #61
      [System.Private.CoreLib.dll] void System.Runtime.CompilerServices.AsyncTaskMethodBuilder<TResult>+AsyncStateMachineBox<TStateMachine>.MoveNext(Thread threadPoolThread)
      ┏━━━━━━━━━━━  Logging Monitor ━━━━━━━━━━━
      ┣ Admin.NET.Core.JuAI.Service.ArticleService.GetRecommend
      ┣ 
      ┣ 控制器名称：       ArticleService
      ┣ 操作名称：         GetRecommend
      ┣ 显示名称：         
      ┣ 路由信息：         [area]: ; [controller]: article; [action]: recommend
      ┣ 请求方式：         GET
      ┣ 请求地址：         http://localhost:5005/api/article/recommend
      ┣ 来源地址：         http://localhost:19991/
      ┣ 请求端源：         client
      ┣ 浏览器标识：       Mozilla/5.0 (Windows NT 10.0; Win64; x64) AppleWebKit/537.36 (KHTML, like Gecko) Chrome/116.0.0.0 Safari/537.36
      ┣ 客户端区域语言：   zh-CN,zh;q=0.9
      ┣ 客户端 IP 地址：   0.0.0.1
      ┣ 服务端 IP 地址：   0.0.0.1
      ┣ 客户端连接 ID：    00-6abb1c94578f0cd541a331eb6287d77a-1b556ab3332443f6-00
      ┣ 服务线程 ID：      #59
      ┣ 执行耗时：         395ms
      ┣ ━━━━━━━━━━━━━━━  Cookies ━━━━━━━━━━━━━━━
      ┣ 请求端：           
      ┣ 响应端：           
      ┣ ━━━━━━━━━━━━━━━  系统信息 ━━━━━━━━━━━━━━━
      ┣ 系统名称：         Microsoft Windows 10.0.19044
      ┣ 系统架构：         X64
      ┣ 基础框架：         Furion.Pure v4.8.8.41
      ┣ .NET 架构：        .NET 6.0.16
      ┣ ━━━━━━━━━━━━━━━  启动信息 ━━━━━━━━━━━━━━━
      ┣ 运行环境：         Production
      ┣ 启动程序集：       Admin.NET.Web.Entry
      ┣ 进程名称：         Admin.NET.Web.Entry
      ┣ 托管程序：         Kestrel
      ┣ ━━━━━━━━━━━━━━━  返回信息 ━━━━━━━━━━━━━━━
      ┣ HTTP响应状态码：   200
      ┣ 原始类型：         System.Threading.Tasks.Task<System.Collections.Generic.List<Admin.NET.Core.JuAI.Service.ArticleSiderOutput>>
      ┣ 最终类型：         Admin.NET.Core.AdminResult<System.Object>
      ┣ 最终返回值：       {"code":200,"type":"success","message":"","result":[{"id":"14215981060677","title":"测试一个样式试试。。哈哈"},{"id":"14194109678917","title":"测试第一个抓烂拉了进来"},{"id":"14127539556677","title":"两个图片测试呢。"},{"id":"14127533953093","title":"设置一下图片和视频试一试呢。。哈哈"},{"id":"14127509730629","title":"一个视频和两个图片"},{"id":"14127478756933","title":"考了几分离开的分析来看都分割"},{"id":"14127257110597","title":"测试一个视频和图片功能看好不好呀"},{"id":"14084316607813","title":"111111111111111"},{"id":"14084262750277","title":"wangEditor 粘贴从 word 复制的带图片内容的最"},{
      ┗━━━━━━━━━━━  Logging Monitor ━━━━━━━━━━━
info: 2023-08-28 21:32:43.4596724 +08:00 星期一 L System.Logging.LoggingMonitor[0] #49
      [System.Private.CoreLib.dll] void System.Runtime.CompilerServices.AsyncMethodBuilderCore.Start<TStateMachine>(ref TStateMachine stateMachine)
      ┏━━━━━━━━━━━  Logging Monitor ━━━━━━━━━━━
      ┣ Admin.NET.Core.JuAI.Service.UpgradeService.GetNewst
      ┣ 
      ┣ 控制器名称：       UpgradeService
      ┣ 操作名称：         GetNewst
      ┣ 显示名称：         
      ┣ 路由信息：         [area]: ; [controller]: upgrade; [action]: newst
      ┣ 请求方式：         GET
      ┣ 请求地址：         http://localhost:5005/api/upgrade/newst
      ┣ 来源地址：         http://localhost:19991/
      ┣ 请求端源：         client
      ┣ 浏览器标识：       Mozilla/5.0 (Windows NT 10.0; Win64; x64) AppleWebKit/537.36 (KHTML, like Gecko) Chrome/116.0.0.0 Safari/537.36
      ┣ 客户端区域语言：   zh-CN,zh;q=0.9
      ┣ 客户端 IP 地址：   0.0.0.1
      ┣ 服务端 IP 地址：   0.0.0.1
      ┣ 客户端连接 ID：    00-6379c42c8f462261a4240434e921de3a-eb2b4e620c56d025-00
      ┣ 服务线程 ID：      #49
      ┣ 执行耗时：         67ms
      ┣ ━━━━━━━━━━━━━━━  Cookies ━━━━━━━━━━━━━━━
      ┣ 请求端：           
      ┣ 响应端：           
      ┣ ━━━━━━━━━━━━━━━  系统信息 ━━━━━━━━━━━━━━━
      ┣ 系统名称：         Microsoft Windows 10.0.19044
      ┣ 系统架构：         X64
      ┣ 基础框架：         Furion.Pure v4.8.8.41
      ┣ .NET 架构：        .NET 6.0.16
      ┣ ━━━━━━━━━━━━━━━  启动信息 ━━━━━━━━━━━━━━━
      ┣ 运行环境：         Production
      ┣ 启动程序集：       Admin.NET.Web.Entry
      ┣ 进程名称：         Admin.NET.Web.Entry
      ┣ 托管程序：         Kestrel
      ┣ ━━━━━━━━━━━━━━━  返回信息 ━━━━━━━━━━━━━━━
      ┣ HTTP响应状态码：   200
      ┣ 原始类型：         Admin.NET.Core.JuAI.AppUpgrade
      ┣ 最终类型：         Admin.NET.Core.AdminResult<System.Object>
      ┣ 最终返回值：       {"code":200,"type":"success","message":"","result":{"version":"2.12.3","desc":"修复聊天不显示","isForceUpdate":true,"isClearCache":true,"createOrgId":null,"createTime":"2023-08-08T22:29:38","updateTime":"2023-08-08T22:14:27","createUserId":null,"updateUserId":null,"isDelete":false,"id":"3334"},"extras":null,"time":"2023-08-28T21:32:43.4572538+08:00"}
      ┗━━━━━━━━━━━  Logging Monitor ━━━━━━━━━━━
info: 2023-08-28 21:32:43.4729907 +08:00 星期一 L System.Logging.LoggingMonitor[0] #48
      [System.Private.CoreLib.dll] void System.Runtime.CompilerServices.AsyncMethodBuilderCore.Start<TStateMachine>(ref TStateMachine stateMachine)
      ┏━━━━━━━━━━━  Logging Monitor ━━━━━━━━━━━
      ┣ Admin.NET.Core.JuAI.Service.UserService.GetActiveUsers
      ┣ 
      ┣ 控制器名称：       UserService
      ┣ 操作名称：         GetActiveUsers
      ┣ 显示名称：         活跃用户
      ┣ 路由信息：         [area]: ; [controller]: user; [action]: activeUsers
      ┣ 请求方式：         GET
      ┣ 请求地址：         http://localhost:5005/api/User/ActiveUsers
      ┣ 来源地址：         http://localhost:19991/
      ┣ 请求端源：         client
      ┣ 浏览器标识：       Mozilla/5.0 (Windows NT 10.0; Win64; x64) AppleWebKit/537.36 (KHTML, like Gecko) Chrome/116.0.0.0 Safari/537.36
      ┣ 客户端区域语言：   zh-CN,zh;q=0.9
      ┣ 客户端 IP 地址：   0.0.0.1
      ┣ 服务端 IP 地址：   0.0.0.1
      ┣ 客户端连接 ID：    00-ac3854fbf584e5876f0cfcf927323f1c-a74afe18c4df9110-00
      ┣ 服务线程 ID：      #48
      ┣ 执行耗时：         78ms
      ┣ ━━━━━━━━━━━━━━━  Cookies ━━━━━━━━━━━━━━━
      ┣ 请求端：           
      ┣ 响应端：           
      ┣ ━━━━━━━━━━━━━━━  系统信息 ━━━━━━━━━━━━━━━
      ┣ 系统名称：         Microsoft Windows 10.0.19044
      ┣ 系统架构：         X64
      ┣ 基础框架：         Furion.Pure v4.8.8.41
      ┣ .NET 架构：        .NET 6.0.16
      ┣ ━━━━━━━━━━━━━━━  启动信息 ━━━━━━━━━━━━━━━
      ┣ 运行环境：         Production
      ┣ 启动程序集：       Admin.NET.Web.Entry
      ┣ 进程名称：         Admin.NET.Web.Entry
      ┣ 托管程序：         Kestrel
      ┣ ━━━━━━━━━━━━━━━  返回信息 ━━━━━━━━━━━━━━━
      ┣ HTTP响应状态码：   200
      ┣ 原始类型：         System.Collections.Generic.IList<Admin.NET.Core.JuAI.Service.UserInfoOutput>
      ┣ 最终类型：         Admin.NET.Core.AdminResult<System.Object>
      ┣ 最终返回值：       {"code":200,"type":"success","message":"","result":[{"nickName":"聚AI_6045","avatar":"Upload/Avatar/14194583407941.jpg","id":"14005826358213"},{"nickName":"聚AI_6045","avatar":null,"id":"14005810391877"},{"nickName":"聚AI_6045","avatar":null,"id":"13727127390021"},{"nickName":"聚AI_6047","avatar":null,"id":"13763405483077"},{"nickName":"聚AI_6046","avatar":null,"id":"13763350061253"}],"extras":null,"time":"2023-08-28T21:32:43.4682886+08:00"}
      ┗━━━━━━━━━━━  Logging Monitor ━━━━━━━━━━━
info: 2023-08-28 21:32:43.4619498 +08:00 星期一 L System.Logging.LoggingMonitor[0] #55
      [System.Private.CoreLib.dll] void System.Runtime.CompilerServices.AsyncTaskMethodBuilder<TResult>+AsyncStateMachineBox<TStateMachine>.MoveNext(Thread threadPoolThread)
      ┏━━━━━━━━━━━  Logging Monitor ━━━━━━━━━━━
      ┣ Admin.NET.Core.JuAI.Service.UserTokenService.GetIsQianDaoToday
      ┣ 
      ┣ 控制器名称：                   UserTokenService
      ┣ 操作名称：                     GetIsQianDaoToday
      ┣ 显示名称：                     
      ┣ 路由信息：                     [area]: ; [controller]: userToken; [action]: isQianDaoToday
      ┣ 请求方式：                     GET
      ┣ 请求地址：                     http://localhost:5005/api/userToken/isQianDaoToday
      ┣ 来源地址：                     http://localhost:19991/
      ┣ 请求端源：                     client
      ┣ 浏览器标识：                   Mozilla/5.0 (Windows NT 10.0; Win64; x64) AppleWebKit/537.36 (KHTML, like Gecko) Chrome/116.0.0.0 Safari/537.36
      ┣ 客户端区域语言：               zh-CN,zh;q=0.9
      ┣ 客户端 IP 地址：               0.0.0.1
      ┣ 服务端 IP 地址：               0.0.0.1
      ┣ 客户端连接 ID：                00-50fbcf41d3571fd9187f7b129d0411eb-deff12c9a055b04e-00
      ┣ 服务线程 ID：                  #47
      ┣ 执行耗时：                     57ms
      ┣ ━━━━━━━━━━━━━━━  Cookies ━━━━━━━━━━━━━━━
      ┣ 请求端：                       
      ┣ 响应端：                       
      ┣ ━━━━━━━━━━━━━━━  系统信息 ━━━━━━━━━━━━━━━
      ┣ 系统名称：                     Microsoft Windows 10.0.19044
      ┣ 系统架构：                     X64
      ┣ 基础框架：                     Furion.Pure v4.8.8.41
      ┣ .NET 架构：                    .NET 6.0.16
      ┣ ━━━━━━━━━━━━━━━  启动信息 ━━━━━━━━━━━━━━━
      ┣ 运行环境：                     Production
      ┣ 启动程序集：                   Admin.NET.Web.Entry
      ┣ 进程名称：                     Admin.NET.Web.Entry
      ┣ 托管程序：                     Kestrel
      ┣ ━━━━━━━━━━━━━━━  授权信息 ━━━━━━━━━━━━━━━
      ┣ JWT Token：                    Bearer eyJhbGciOiJIUzI1NiIsInR5cCI6IkpXVCJ9.eyJVc2VySWQiOjE0MDA1ODI2MzU4MjEzLCJUZW5hbnRJZCI6MTMwMDAwMDAwMDAwMSwiQWNjb3VudCI6IjE4NjAwNzY2MDQ1IiwiTmlja05hbWUiOiLogZpBSV82MDQ1IiwiQWNjb3VudFR5cGUiOjAsImlhdCI6MTY5MzAzNzg0NiwibmJmIjoxNjkzMDM3ODQ2LCJleHAiOjE2OTM2NDI2NDYsImlzcyI6IkFkbWluLk5FVCIsImF1ZCI6IkFkbWluLk5FVCJ9.Pt3OMLor8iLzYQfEoREoKU3AxA0Ja7UX_Q2sCCdnGEw
      ┣ 
      ┣ UserId (integer64)：           14005826358213
      ┣ TenantId (integer64)：         1300000000001
      ┣ Account (string)：             18600766045
      ┣ NickName (string)：            聚AI_6045
      ┣ AccountType (integer)：        0
      ┣ iat (integer)：                1693037846 (2023-08-26 16:17:26:0000(+08:00) 星期六 L)
      ┣ nbf (integer)：                1693037846 (2023-08-26 16:17:26:0000(+08:00) 星期六 L)
      ┣ exp (integer)：                1693642646 (2023-09-02 16:17:26:0000(+08:00) 星期六 L)
      ┣ iss (string)：                 Admin.NET
      ┣ aud (string)：                 Admin.NET
      ┣ ━━━━━━━━━━━━━━━  返回信息 ━━━━━━━━━━━━━━━
      ┣ HTTP响应状态码：               200
      ┣ 原始类型：                     System.Threading.Tasks.Task<System.Boolean>
      ┣ 最终类型：                     Admin.NET.Core.AdminResult<System.Object>
      ┣ 最终返回值：                   {"code":200,"type":"success","message":"","result":false,"extras":null,"time":"2023-08-28T21:32:43.4596248+08:00"}
      ┗━━━━━━━━━━━  Logging Monitor ━━━━━━━━━━━
info: 2023-08-28 21:32:43.4765291 +08:00 星期一 L System.Logging.LoggingMonitor[0] #39
      [System.Private.CoreLib.dll] void System.Runtime.CompilerServices.AsyncTaskMethodBuilder<TResult>+AsyncStateMachineBox<TStateMachine>.MoveNext(Thread threadPoolThread)
      ┏━━━━━━━━━━━  Logging Monitor ━━━━━━━━━━━
      ┣ Admin.NET.Core.JuAI.Service.SpecialService.GetNewest
      ┣ 
      ┣ 控制器名称：                SpecialService
      ┣ 操作名称：                  GetNewest
      ┣ 显示名称：                  
      ┣ 路由信息：                  [area]: ; [controller]: special; [action]: newest
      ┣ 请求方式：                  GET
      ┣ 请求地址：                  http://localhost:5005/api/special/newest?minId=
      ┣ 来源地址：                  http://localhost:19991/
      ┣ 请求端源：                  client
      ┣ 浏览器标识：                Mozilla/5.0 (Windows NT 10.0; Win64; x64) AppleWebKit/537.36 (KHTML, like Gecko) Chrome/116.0.0.0 Safari/537.36
      ┣ 客户端区域语言：            zh-CN,zh;q=0.9
      ┣ 客户端 IP 地址：            0.0.0.1
      ┣ 服务端 IP 地址：            0.0.0.1
      ┣ 客户端连接 ID：             00-95be94acecc79a19ef950bd943b90ee4-22a9a344854aa9b6-00
      ┣ 服务线程 ID：               #53
      ┣ 执行耗时：                  76ms
      ┣ ━━━━━━━━━━━━━━━  Cookies ━━━━━━━━━━━━━━━
      ┣ 请求端：                    
      ┣ 响应端：                    
      ┣ ━━━━━━━━━━━━━━━  系统信息 ━━━━━━━━━━━━━━━
      ┣ 系统名称：                  Microsoft Windows 10.0.19044
      ┣ 系统架构：                  X64
      ┣ 基础框架：                  Furion.Pure v4.8.8.41
      ┣ .NET 架构：                 .NET 6.0.16
      ┣ ━━━━━━━━━━━━━━━  启动信息 ━━━━━━━━━━━━━━━
      ┣ 运行环境：                  Production
      ┣ 启动程序集：                Admin.NET.Web.Entry
      ┣ 进程名称：                  Admin.NET.Web.Entry
      ┣ 托管程序：                  Kestrel
      ┣ ━━━━━━━━━━━━━━━  参数列表 ━━━━━━━━━━━━━━━
      ┣ Content-Type：              
      ┣ 
      ┣ minId (Nullable`1)：        
      ┣ ━━━━━━━━━━━━━━━  返回信息 ━━━━━━━━━━━━━━━
      ┣ HTTP响应状态码：            200
      ┣ 原始类型：                  System.Threading.Tasks.Task<System.Collections.Generic.IList<Admin.NET.Core.JuAI.Service.SpecialOutput>>
      ┣ 最终类型：                  Admin.NET.Core.AdminResult<System.Object>
      ┣ 最终返回值：                {"code":200,"type":"success","message":"","result":[{"id":"141254407701223","title":"抓烂22223","text":"就螺丝扣搭街坊立刻就333333","cover":"http://filetest.guxin.link/Special/2023/08/14125440695621.jpg","coverFile":null},{"id":"141242588270232","title":"第一个抓烂","text":"就开始大家和弗兰克沙龙的开发建设离开的顺德府顺德府手动","cover":"http://filetest.guxin.link/Special/2023/08/14124258623685.jpg","coverFile":null},{"id":"141242586827023","title":"第一个抓烂","text":"就开始大家和弗兰克沙龙的开发建设离开的顺德府顺德府手动","cover":"http://filetest.guxin.link/Special/20
      ┗━━━━━━━━━━━  Logging Monitor ━━━━━━━━━━━
info: 2023-08-28 21:32:43.6444147 +08:00 星期一 L System.Logging.LoggingMonitor[0] #39
      [System.Private.CoreLib.dll] void System.Runtime.CompilerServices.AsyncTaskMethodBuilder<TResult>+AsyncStateMachineBox<TStateMachine>.MoveNext(Thread threadPoolThread)
      ┏━━━━━━━━━━━  Logging Monitor ━━━━━━━━━━━
      ┣ Admin.NET.Core.JuAI.Service.ArticleService.GetRecommend
      ┣ 
      ┣ 控制器名称：       ArticleService
      ┣ 操作名称：         GetRecommend
      ┣ 显示名称：         
      ┣ 路由信息：         [area]: ; [controller]: article; [action]: recommend
      ┣ 请求方式：         GET
      ┣ 请求地址：         http://localhost:5005/api/article/recommend
      ┣ 来源地址：         http://localhost:19991/
      ┣ 请求端源：         client
      ┣ 浏览器标识：       Mozilla/5.0 (Windows NT 10.0; Win64; x64) AppleWebKit/537.36 (KHTML, like Gecko) Chrome/116.0.0.0 Safari/537.36
      ┣ 客户端区域语言：   zh-CN,zh;q=0.9
      ┣ 客户端 IP 地址：   0.0.0.1
      ┣ 服务端 IP 地址：   0.0.0.1
      ┣ 客户端连接 ID：    00-ac8d28d2f4cca66db324ccf06b23c85d-111d73a477081010-00
      ┣ 服务线程 ID：      #46
      ┣ 执行耗时：         250ms
      ┣ ━━━━━━━━━━━━━━━  Cookies ━━━━━━━━━━━━━━━
      ┣ 请求端：           
      ┣ 响应端：           
      ┣ ━━━━━━━━━━━━━━━  系统信息 ━━━━━━━━━━━━━━━
      ┣ 系统名称：         Microsoft Windows 10.0.19044
      ┣ 系统架构：         X64
      ┣ 基础框架：         Furion.Pure v4.8.8.41
      ┣ .NET 架构：        .NET 6.0.16
      ┣ ━━━━━━━━━━━━━━━  启动信息 ━━━━━━━━━━━━━━━
      ┣ 运行环境：         Production
      ┣ 启动程序集：       Admin.NET.Web.Entry
      ┣ 进程名称：         Admin.NET.Web.Entry
      ┣ 托管程序：         Kestrel
      ┣ ━━━━━━━━━━━━━━━  返回信息 ━━━━━━━━━━━━━━━
      ┣ HTTP响应状态码：   200
      ┣ 原始类型：         System.Threading.Tasks.Task<System.Collections.Generic.List<Admin.NET.Core.JuAI.Service.ArticleSiderOutput>>
      ┣ 最终类型：         Admin.NET.Core.AdminResult<System.Object>
      ┣ 最终返回值：       {"code":200,"type":"success","message":"","result":[{"id":"14215981060677","title":"测试一个样式试试。。哈哈"},{"id":"14194109678917","title":"测试第一个抓烂拉了进来"},{"id":"14127539556677","title":"两个图片测试呢。"},{"id":"14127533953093","title":"设置一下图片和视频试一试呢。。哈哈"},{"id":"14127509730629","title":"一个视频和两个图片"},{"id":"14127478756933","title":"考了几分离开的分析来看都分割"},{"id":"14127257110597","title":"测试一个视频和图片功能看好不好呀"},{"id":"14084316607813","title":"111111111111111"},{"id":"14084262750277","title":"wangEditor 粘贴从 word 复制的带图片内容的最"},{
      ┗━━━━━━━━━━━  Logging Monitor ━━━━━━━━━━━
info: 2023-08-28 21:32:43.8025265 +08:00 星期一 L System.Logging.LoggingMonitor[0] #39
      [System.Private.CoreLib.dll] void System.Runtime.CompilerServices.AsyncTaskMethodBuilder<TResult>+AsyncStateMachineBox<TStateMachine>.MoveNext(Thread threadPoolThread)
      ┏━━━━━━━━━━━  Logging Monitor ━━━━━━━━━━━
      ┣ Admin.NET.Core.JuAI.Service.ArticleService.GetNewest
      ┣ 
      ┣ 控制器名称：                ArticleService
      ┣ 操作名称：                  GetNewest
      ┣ 显示名称：                  
      ┣ 路由信息：                  [area]: ; [controller]: article; [action]: newest
      ┣ 请求方式：                  GET
      ┣ 请求地址：                  http://localhost:5005/api/article/newest?minId=
      ┣ 来源地址：                  http://localhost:19991/
      ┣ 请求端源：                  client
      ┣ 浏览器标识：                Mozilla/5.0 (Windows NT 10.0; Win64; x64) AppleWebKit/537.36 (KHTML, like Gecko) Chrome/116.0.0.0 Safari/537.36
      ┣ 客户端区域语言：            zh-CN,zh;q=0.9
      ┣ 客户端 IP 地址：            0.0.0.1
      ┣ 服务端 IP 地址：            0.0.0.1
      ┣ 客户端连接 ID：             00-7bf6093987d2aa27182eacc7fed0f841-1f225315af82928d-00
      ┣ 服务线程 ID：               #44
      ┣ 执行耗时：                  408ms
      ┣ ━━━━━━━━━━━━━━━  Cookies ━━━━━━━━━━━━━━━
      ┣ 请求端：                    
      ┣ 响应端：                    
      ┣ ━━━━━━━━━━━━━━━  系统信息 ━━━━━━━━━━━━━━━
      ┣ 系统名称：                  Microsoft Windows 10.0.19044
      ┣ 系统架构：                  X64
      ┣ 基础框架：                  Furion.Pure v4.8.8.41
      ┣ .NET 架构：                 .NET 6.0.16
      ┣ ━━━━━━━━━━━━━━━  启动信息 ━━━━━━━━━━━━━━━
      ┣ 运行环境：                  Production
      ┣ 启动程序集：                Admin.NET.Web.Entry
      ┣ 进程名称：                  Admin.NET.Web.Entry
      ┣ 托管程序：                  Kestrel
      ┣ ━━━━━━━━━━━━━━━  参数列表 ━━━━━━━━━━━━━━━
      ┣ Content-Type：              
      ┣ 
      ┣ minId (Nullable`1)：        
      ┣ ━━━━━━━━━━━━━━━  返回信息 ━━━━━━━━━━━━━━━
      ┣ HTTP响应状态码：            200
      ┣ 原始类型：                  System.Threading.Tasks.Task<System.Collections.Generic.List<Admin.NET.Core.JuAI.Service.ArticleOutput>>
      ┣ 最终类型：                  Admin.NET.Core.AdminResult<System.Object>
      ┣ 最终返回值：                {"code":200,"type":"success","message":"","result":[{"id":"14215981060677","title":"测试一个样式试试。。哈哈","html":"<p>大量减少离开</p><blockquote>第三方顺德府阿斯顿</blockquote><hr/><p>时间快</p><pre><code class=\"language-csharp\">烦烦烦烦烦烦\r\n顺德府阿斯蒂芬\r\n哈哈哈数据库的\r\nhahhahhkjsd </code></pre><table style=\"width: auto;\"><tbody><tr><th colSpan=\"1\" rowSpan=\"1\" width=\"auto\"></th><th colSpan=\"1\" rowSpan=\"1\" width=\"auto\"></th><th colSpan=\"1\" rowSpan=\"1\" width=\"auto\"></th><th colSpan=\"1\" rowSpan=\"1\" width=\"a
      ┗━━━━━━━━━━━  Logging Monitor ━━━━━━━━━━━
info: 2023-08-28 21:32:51.3725183 +08:00 星期一 L System.Logging.LoggingMonitor[0] #59
      [System.Private.CoreLib.dll] void System.Runtime.CompilerServices.AsyncMethodBuilderCore.Start<TStateMachine>(ref TStateMachine stateMachine)
      ┏━━━━━━━━━━━  Logging Monitor ━━━━━━━━━━━
      ┣ Admin.NET.Core.JuAI.Service.UserService.GetActiveUsers
      ┣ 
      ┣ 控制器名称：       UserService
      ┣ 操作名称：         GetActiveUsers
      ┣ 显示名称：         活跃用户
      ┣ 路由信息：         [area]: ; [controller]: user; [action]: activeUsers
      ┣ 请求方式：         GET
      ┣ 请求地址：         http://localhost:5005/api/User/ActiveUsers
      ┣ 来源地址：         http://localhost:19991/
      ┣ 请求端源：         client
      ┣ 浏览器标识：       Mozilla/5.0 (Windows NT 10.0; Win64; x64) AppleWebKit/537.36 (KHTML, like Gecko) Chrome/116.0.0.0 Safari/537.36
      ┣ 客户端区域语言：   zh-CN,zh;q=0.9
      ┣ 客户端 IP 地址：   0.0.0.1
      ┣ 服务端 IP 地址：   0.0.0.1
      ┣ 客户端连接 ID：    00-51f6050f4d5663672fc3ce4661213c18-00d7074fcf3ac37b-00
      ┣ 服务线程 ID：      #59
      ┣ 执行耗时：         62ms
      ┣ ━━━━━━━━━━━━━━━  Cookies ━━━━━━━━━━━━━━━
      ┣ 请求端：           
      ┣ 响应端：           
      ┣ ━━━━━━━━━━━━━━━  系统信息 ━━━━━━━━━━━━━━━
      ┣ 系统名称：         Microsoft Windows 10.0.19044
      ┣ 系统架构：         X64
      ┣ 基础框架：         Furion.Pure v4.8.8.41
      ┣ .NET 架构：        .NET 6.0.16
      ┣ ━━━━━━━━━━━━━━━  启动信息 ━━━━━━━━━━━━━━━
      ┣ 运行环境：         Production
      ┣ 启动程序集：       Admin.NET.Web.Entry
      ┣ 进程名称：         Admin.NET.Web.Entry
      ┣ 托管程序：         Kestrel
      ┣ ━━━━━━━━━━━━━━━  返回信息 ━━━━━━━━━━━━━━━
      ┣ HTTP响应状态码：   200
      ┣ 原始类型：         System.Collections.Generic.IList<Admin.NET.Core.JuAI.Service.UserInfoOutput>
      ┣ 最终类型：         Admin.NET.Core.AdminResult<System.Object>
      ┣ 最终返回值：       {"code":200,"type":"success","message":"","result":[{"nickName":"聚AI_6045","avatar":"Upload/Avatar/14194583407941.jpg","id":"14005826358213"},{"nickName":"聚AI_6045","avatar":null,"id":"14005810391877"},{"nickName":"聚AI_6045","avatar":null,"id":"13727127390021"},{"nickName":"聚AI_6047","avatar":null,"id":"13763405483077"},{"nickName":"聚AI_6046","avatar":null,"id":"13763350061253"}],"extras":null,"time":"2023-08-28T21:32:51.3701979+08:00"}
      ┗━━━━━━━━━━━  Logging Monitor ━━━━━━━━━━━
info: 2023-08-28 21:32:51.3795846 +08:00 星期一 L System.Logging.LoggingMonitor[0] #39
      [System.Private.CoreLib.dll] void System.Runtime.CompilerServices.AsyncTaskMethodBuilder<TResult>+AsyncStateMachineBox<TStateMachine>.MoveNext(Thread threadPoolThread)
      ┏━━━━━━━━━━━  Logging Monitor ━━━━━━━━━━━
      ┣ Admin.NET.Core.JuAI.Service.SpecialService.GetNewest
      ┣ 
      ┣ 控制器名称：                SpecialService
      ┣ 操作名称：                  GetNewest
      ┣ 显示名称：                  
      ┣ 路由信息：                  [area]: ; [controller]: special; [action]: newest
      ┣ 请求方式：                  GET
      ┣ 请求地址：                  http://localhost:5005/api/special/newest?minId=
      ┣ 来源地址：                  http://localhost:19991/
      ┣ 请求端源：                  client
      ┣ 浏览器标识：                Mozilla/5.0 (Windows NT 10.0; Win64; x64) AppleWebKit/537.36 (KHTML, like Gecko) Chrome/116.0.0.0 Safari/537.36
      ┣ 客户端区域语言：            zh-CN,zh;q=0.9
      ┣ 客户端 IP 地址：            0.0.0.1
      ┣ 服务端 IP 地址：            0.0.0.1
      ┣ 客户端连接 ID：             00-27ec721bf427141d1a10e4862e0a475e-b89d187690314159-00
      ┣ 服务线程 ID：               #49
      ┣ 执行耗时：                  68ms
      ┣ ━━━━━━━━━━━━━━━  Cookies ━━━━━━━━━━━━━━━
      ┣ 请求端：                    
      ┣ 响应端：                    
      ┣ ━━━━━━━━━━━━━━━  系统信息 ━━━━━━━━━━━━━━━
      ┣ 系统名称：                  Microsoft Windows 10.0.19044
      ┣ 系统架构：                  X64
      ┣ 基础框架：                  Furion.Pure v4.8.8.41
      ┣ .NET 架构：                 .NET 6.0.16
      ┣ ━━━━━━━━━━━━━━━  启动信息 ━━━━━━━━━━━━━━━
      ┣ 运行环境：                  Production
      ┣ 启动程序集：                Admin.NET.Web.Entry
      ┣ 进程名称：                  Admin.NET.Web.Entry
      ┣ 托管程序：                  Kestrel
      ┣ ━━━━━━━━━━━━━━━  参数列表 ━━━━━━━━━━━━━━━
      ┣ Content-Type：              
      ┣ 
      ┣ minId (Nullable`1)：        
      ┣ ━━━━━━━━━━━━━━━  返回信息 ━━━━━━━━━━━━━━━
      ┣ HTTP响应状态码：            200
      ┣ 原始类型：                  System.Threading.Tasks.Task<System.Collections.Generic.IList<Admin.NET.Core.JuAI.Service.SpecialOutput>>
      ┣ 最终类型：                  Admin.NET.Core.AdminResult<System.Object>
      ┣ 最终返回值：                {"code":200,"type":"success","message":"","result":[{"id":"141254407701223","title":"抓烂22223","text":"就螺丝扣搭街坊立刻就333333","cover":"http://filetest.guxin.link/Special/2023/08/14125440695621.jpg","coverFile":null},{"id":"141242588270232","title":"第一个抓烂","text":"就开始大家和弗兰克沙龙的开发建设离开的顺德府顺德府手动","cover":"http://filetest.guxin.link/Special/2023/08/14124258623685.jpg","coverFile":null},{"id":"141242586827023","title":"第一个抓烂","text":"就开始大家和弗兰克沙龙的开发建设离开的顺德府顺德府手动","cover":"http://filetest.guxin.link/Special/20
      ┗━━━━━━━━━━━  Logging Monitor ━━━━━━━━━━━
info: 2023-08-28 21:32:51.3958612 +08:00 星期一 L System.Logging.LoggingMonitor[0] #53
      [System.Private.CoreLib.dll] void System.Runtime.CompilerServices.AsyncMethodBuilderCore.Start<TStateMachine>(ref TStateMachine stateMachine)
      ┏━━━━━━━━━━━  Logging Monitor ━━━━━━━━━━━
      ┣ Admin.NET.Core.JuAI.Service.UpgradeService.GetNewst
      ┣ 
      ┣ 控制器名称：       UpgradeService
      ┣ 操作名称：         GetNewst
      ┣ 显示名称：         
      ┣ 路由信息：         [area]: ; [controller]: upgrade; [action]: newst
      ┣ 请求方式：         GET
      ┣ 请求地址：         http://localhost:5005/api/upgrade/newst
      ┣ 来源地址：         http://localhost:19991/
      ┣ 请求端源：         client
      ┣ 浏览器标识：       Mozilla/5.0 (Windows NT 10.0; Win64; x64) AppleWebKit/537.36 (KHTML, like Gecko) Chrome/116.0.0.0 Safari/537.36
      ┣ 客户端区域语言：   zh-CN,zh;q=0.9
      ┣ 客户端 IP 地址：   0.0.0.1
      ┣ 服务端 IP 地址：   0.0.0.1
      ┣ 客户端连接 ID：    00-b16aa9ec5f1d519682c80d45591c6fc8-de8cc7122a9d3f2e-00
      ┣ 服务线程 ID：      #53
      ┣ 执行耗时：         84ms
      ┣ ━━━━━━━━━━━━━━━  Cookies ━━━━━━━━━━━━━━━
      ┣ 请求端：           
      ┣ 响应端：           
      ┣ ━━━━━━━━━━━━━━━  系统信息 ━━━━━━━━━━━━━━━
      ┣ 系统名称：         Microsoft Windows 10.0.19044
      ┣ 系统架构：         X64
      ┣ 基础框架：         Furion.Pure v4.8.8.41
      ┣ .NET 架构：        .NET 6.0.16
      ┣ ━━━━━━━━━━━━━━━  启动信息 ━━━━━━━━━━━━━━━
      ┣ 运行环境：         Production
      ┣ 启动程序集：       Admin.NET.Web.Entry
      ┣ 进程名称：         Admin.NET.Web.Entry
      ┣ 托管程序：         Kestrel
      ┣ ━━━━━━━━━━━━━━━  返回信息 ━━━━━━━━━━━━━━━
      ┣ HTTP响应状态码：   200
      ┣ 原始类型：         Admin.NET.Core.JuAI.AppUpgrade
      ┣ 最终类型：         Admin.NET.Core.AdminResult<System.Object>
      ┣ 最终返回值：       {"code":200,"type":"success","message":"","result":{"version":"2.12.3","desc":"修复聊天不显示","isForceUpdate":true,"isClearCache":true,"createOrgId":null,"createTime":"2023-08-08T22:29:38","updateTime":"2023-08-08T22:14:27","createUserId":null,"updateUserId":null,"isDelete":false,"id":"3334"},"extras":null,"time":"2023-08-28T21:32:51.3926342+08:00"}
      ┗━━━━━━━━━━━  Logging Monitor ━━━━━━━━━━━
info: 2023-08-28 21:32:51.3853982 +08:00 星期一 L System.Logging.LoggingMonitor[0] #55
      [System.Private.CoreLib.dll] void System.Runtime.CompilerServices.AsyncTaskMethodBuilder<TResult>+AsyncStateMachineBox<TStateMachine>.MoveNext(Thread threadPoolThread)
      ┏━━━━━━━━━━━  Logging Monitor ━━━━━━━━━━━
      ┣ Admin.NET.Core.JuAI.Service.UserTokenService.GetIsQianDaoToday
      ┣ 
      ┣ 控制器名称：                   UserTokenService
      ┣ 操作名称：                     GetIsQianDaoToday
      ┣ 显示名称：                     
      ┣ 路由信息：                     [area]: ; [controller]: userToken; [action]: isQianDaoToday
      ┣ 请求方式：                     GET
      ┣ 请求地址：                     http://localhost:5005/api/userToken/isQianDaoToday
      ┣ 来源地址：                     http://localhost:19991/
      ┣ 请求端源：                     client
      ┣ 浏览器标识：                   Mozilla/5.0 (Windows NT 10.0; Win64; x64) AppleWebKit/537.36 (KHTML, like Gecko) Chrome/116.0.0.0 Safari/537.36
      ┣ 客户端区域语言：               zh-CN,zh;q=0.9
      ┣ 客户端 IP 地址：               0.0.0.1
      ┣ 服务端 IP 地址：               0.0.0.1
      ┣ 客户端连接 ID：                00-a9e5361947c0c2e81b2f087c5501a4a1-a7a52ad776d2ed1f-00
      ┣ 服务线程 ID：                  #47
      ┣ 执行耗时：                     61ms
      ┣ ━━━━━━━━━━━━━━━  Cookies ━━━━━━━━━━━━━━━
      ┣ 请求端：                       
      ┣ 响应端：                       
      ┣ ━━━━━━━━━━━━━━━  系统信息 ━━━━━━━━━━━━━━━
      ┣ 系统名称：                     Microsoft Windows 10.0.19044
      ┣ 系统架构：                     X64
      ┣ 基础框架：                     Furion.Pure v4.8.8.41
      ┣ .NET 架构：                    .NET 6.0.16
      ┣ ━━━━━━━━━━━━━━━  启动信息 ━━━━━━━━━━━━━━━
      ┣ 运行环境：                     Production
      ┣ 启动程序集：                   Admin.NET.Web.Entry
      ┣ 进程名称：                     Admin.NET.Web.Entry
      ┣ 托管程序：                     Kestrel
      ┣ ━━━━━━━━━━━━━━━  授权信息 ━━━━━━━━━━━━━━━
      ┣ JWT Token：                    Bearer eyJhbGciOiJIUzI1NiIsInR5cCI6IkpXVCJ9.eyJVc2VySWQiOjE0MDA1ODI2MzU4MjEzLCJUZW5hbnRJZCI6MTMwMDAwMDAwMDAwMSwiQWNjb3VudCI6IjE4NjAwNzY2MDQ1IiwiTmlja05hbWUiOiLogZpBSV82MDQ1IiwiQWNjb3VudFR5cGUiOjAsImlhdCI6MTY5MzAzNzg0NiwibmJmIjoxNjkzMDM3ODQ2LCJleHAiOjE2OTM2NDI2NDYsImlzcyI6IkFkbWluLk5FVCIsImF1ZCI6IkFkbWluLk5FVCJ9.Pt3OMLor8iLzYQfEoREoKU3AxA0Ja7UX_Q2sCCdnGEw
      ┣ 
      ┣ UserId (integer64)：           14005826358213
      ┣ TenantId (integer64)：         1300000000001
      ┣ Account (string)：             18600766045
      ┣ NickName (string)：            聚AI_6045
      ┣ AccountType (integer)：        0
      ┣ iat (integer)：                1693037846 (2023-08-26 16:17:26:0000(+08:00) 星期六 L)
      ┣ nbf (integer)：                1693037846 (2023-08-26 16:17:26:0000(+08:00) 星期六 L)
      ┣ exp (integer)：                1693642646 (2023-09-02 16:17:26:0000(+08:00) 星期六 L)
      ┣ iss (string)：                 Admin.NET
      ┣ aud (string)：                 Admin.NET
      ┣ ━━━━━━━━━━━━━━━  返回信息 ━━━━━━━━━━━━━━━
      ┣ HTTP响应状态码：               200
      ┣ 原始类型：                     System.Threading.Tasks.Task<System.Boolean>
      ┣ 最终类型：                     Admin.NET.Core.AdminResult<System.Object>
      ┣ 最终返回值：                   {"code":200,"type":"success","message":"","result":false,"extras":null,"time":"2023-08-28T21:32:51.382324+08:00"}
      ┗━━━━━━━━━━━  Logging Monitor ━━━━━━━━━━━
info: 2023-08-28 21:32:51.6322382 +08:00 星期一 L System.Logging.LoggingMonitor[0] #55
      [System.Private.CoreLib.dll] void System.Runtime.CompilerServices.AsyncTaskMethodBuilder<TResult>+AsyncStateMachineBox<TStateMachine>.MoveNext(Thread threadPoolThread)
      ┏━━━━━━━━━━━  Logging Monitor ━━━━━━━━━━━
      ┣ Admin.NET.Core.JuAI.Service.ArticleService.GetNewest
      ┣ 
      ┣ 控制器名称：                ArticleService
      ┣ 操作名称：                  GetNewest
      ┣ 显示名称：                  
      ┣ 路由信息：                  [area]: ; [controller]: article; [action]: newest
      ┣ 请求方式：                  GET
      ┣ 请求地址：                  http://localhost:5005/api/article/newest?minId=
      ┣ 来源地址：                  http://localhost:19991/
      ┣ 请求端源：                  client
      ┣ 浏览器标识：                Mozilla/5.0 (Windows NT 10.0; Win64; x64) AppleWebKit/537.36 (KHTML, like Gecko) Chrome/116.0.0.0 Safari/537.36
      ┣ 客户端区域语言：            zh-CN,zh;q=0.9
      ┣ 客户端 IP 地址：            0.0.0.1
      ┣ 服务端 IP 地址：            0.0.0.1
      ┣ 客户端连接 ID：             00-d4011a90f7cbc0069553c72d4541d9df-073b751a377af4b7-00
      ┣ 服务线程 ID：               #44
      ┣ 执行耗时：                  318ms
      ┣ ━━━━━━━━━━━━━━━  Cookies ━━━━━━━━━━━━━━━
      ┣ 请求端：                    
      ┣ 响应端：                    
      ┣ ━━━━━━━━━━━━━━━  系统信息 ━━━━━━━━━━━━━━━
      ┣ 系统名称：                  Microsoft Windows 10.0.19044
      ┣ 系统架构：                  X64
      ┣ 基础框架：                  Furion.Pure v4.8.8.41
      ┣ .NET 架构：                 .NET 6.0.16
      ┣ ━━━━━━━━━━━━━━━  启动信息 ━━━━━━━━━━━━━━━
      ┣ 运行环境：                  Production
      ┣ 启动程序集：                Admin.NET.Web.Entry
      ┣ 进程名称：                  Admin.NET.Web.Entry
      ┣ 托管程序：                  Kestrel
      ┣ ━━━━━━━━━━━━━━━  参数列表 ━━━━━━━━━━━━━━━
      ┣ Content-Type：              
      ┣ 
      ┣ minId (Nullable`1)：        
      ┣ ━━━━━━━━━━━━━━━  返回信息 ━━━━━━━━━━━━━━━
      ┣ HTTP响应状态码：            200
      ┣ 原始类型：                  System.Threading.Tasks.Task<System.Collections.Generic.List<Admin.NET.Core.JuAI.Service.ArticleOutput>>
      ┣ 最终类型：                  Admin.NET.Core.AdminResult<System.Object>
      ┣ 最终返回值：                {"code":200,"type":"success","message":"","result":[{"id":"14215981060677","title":"测试一个样式试试。。哈哈","html":"<p>大量减少离开</p><blockquote>第三方顺德府阿斯顿</blockquote><hr/><p>时间快</p><pre><code class=\"language-csharp\">烦烦烦烦烦烦\r\n顺德府阿斯蒂芬\r\n哈哈哈数据库的\r\nhahhahhkjsd </code></pre><table style=\"width: auto;\"><tbody><tr><th colSpan=\"1\" rowSpan=\"1\" width=\"auto\"></th><th colSpan=\"1\" rowSpan=\"1\" width=\"auto\"></th><th colSpan=\"1\" rowSpan=\"1\" width=\"auto\"></th><th colSpan=\"1\" rowSpan=\"1\" width=\"a
      ┗━━━━━━━━━━━  Logging Monitor ━━━━━━━━━━━
info: 2023-08-28 21:32:51.6789930 +08:00 星期一 L System.Logging.LoggingMonitor[0] #39
      [System.Private.CoreLib.dll] void System.Runtime.CompilerServices.AsyncTaskMethodBuilder<TResult>+AsyncStateMachineBox<TStateMachine>.MoveNext(Thread threadPoolThread)
      ┏━━━━━━━━━━━  Logging Monitor ━━━━━━━━━━━
      ┣ Admin.NET.Core.JuAI.Service.ArticleService.GetRecommend
      ┣ 
      ┣ 控制器名称：       ArticleService
      ┣ 操作名称：         GetRecommend
      ┣ 显示名称：         
      ┣ 路由信息：         [area]: ; [controller]: article; [action]: recommend
      ┣ 请求方式：         GET
      ┣ 请求地址：         http://localhost:5005/api/article/recommend
      ┣ 来源地址：         http://localhost:19991/
      ┣ 请求端源：         client
      ┣ 浏览器标识：       Mozilla/5.0 (Windows NT 10.0; Win64; x64) AppleWebKit/537.36 (KHTML, like Gecko) Chrome/116.0.0.0 Safari/537.36
      ┣ 客户端区域语言：   zh-CN,zh;q=0.9
      ┣ 客户端 IP 地址：   0.0.0.1
      ┣ 服务端 IP 地址：   0.0.0.1
      ┣ 客户端连接 ID：    00-02a63bb3ed4e37667d868ebefaccc68f-336a1ec59f572f4c-00
      ┣ 服务线程 ID：      #48
      ┣ 执行耗时：         351ms
      ┣ ━━━━━━━━━━━━━━━  Cookies ━━━━━━━━━━━━━━━
      ┣ 请求端：           
      ┣ 响应端：           
      ┣ ━━━━━━━━━━━━━━━  系统信息 ━━━━━━━━━━━━━━━
      ┣ 系统名称：         Microsoft Windows 10.0.19044
      ┣ 系统架构：         X64
      ┣ 基础框架：         Furion.Pure v4.8.8.41
      ┣ .NET 架构：        .NET 6.0.16
      ┣ ━━━━━━━━━━━━━━━  启动信息 ━━━━━━━━━━━━━━━
      ┣ 运行环境：         Production
      ┣ 启动程序集：       Admin.NET.Web.Entry
      ┣ 进程名称：         Admin.NET.Web.Entry
      ┣ 托管程序：         Kestrel
      ┣ ━━━━━━━━━━━━━━━  返回信息 ━━━━━━━━━━━━━━━
      ┣ HTTP响应状态码：   200
      ┣ 原始类型：         System.Threading.Tasks.Task<System.Collections.Generic.List<Admin.NET.Core.JuAI.Service.ArticleSiderOutput>>
      ┣ 最终类型：         Admin.NET.Core.AdminResult<System.Object>
      ┣ 最终返回值：       {"code":200,"type":"success","message":"","result":[{"id":"14215981060677","title":"测试一个样式试试。。哈哈"},{"id":"14194109678917","title":"测试第一个抓烂拉了进来"},{"id":"14127539556677","title":"两个图片测试呢。"},{"id":"14127533953093","title":"设置一下图片和视频试一试呢。。哈哈"},{"id":"14127509730629","title":"一个视频和两个图片"},{"id":"14127478756933","title":"考了几分离开的分析来看都分割"},{"id":"14127257110597","title":"测试一个视频和图片功能看好不好呀"},{"id":"14084316607813","title":"111111111111111"},{"id":"14084262750277","title":"wangEditor 粘贴从 word 复制的带图片内容的最"},{
      ┗━━━━━━━━━━━  Logging Monitor ━━━━━━━━━━━
info: 2023-08-28 21:33:19.5221623 +08:00 星期一 L System.Logging.LoggingMonitor[0] #34
      [System.Private.CoreLib.dll] void System.Runtime.CompilerServices.AsyncMethodBuilderCore.Start<TStateMachine>(ref TStateMachine stateMachine)
      ┏━━━━━━━━━━━  Logging Monitor ━━━━━━━━━━━
      ┣ Admin.NET.Core.JuAI.Service.UserService.GetActiveUsers
      ┣ 
      ┣ 控制器名称：       UserService
      ┣ 操作名称：         GetActiveUsers
      ┣ 显示名称：         活跃用户
      ┣ 路由信息：         [area]: ; [controller]: user; [action]: activeUsers
      ┣ 请求方式：         GET
      ┣ 请求地址：         http://localhost:5005/api/User/ActiveUsers
      ┣ 来源地址：         http://localhost:19991/
      ┣ 请求端源：         client
      ┣ 浏览器标识：       Mozilla/5.0 (Windows NT 10.0; Win64; x64) AppleWebKit/537.36 (KHTML, like Gecko) Chrome/116.0.0.0 Safari/537.36
      ┣ 客户端区域语言：   zh-CN,zh;q=0.9
      ┣ 客户端 IP 地址：   0.0.0.1
      ┣ 服务端 IP 地址：   0.0.0.1
      ┣ 客户端连接 ID：    00-ff5dd2960eeaa59bb09ca08cd653024d-7071819480e1b57c-00
      ┣ 服务线程 ID：      #34
      ┣ 执行耗时：         76ms
      ┣ ━━━━━━━━━━━━━━━  Cookies ━━━━━━━━━━━━━━━
      ┣ 请求端：           
      ┣ 响应端：           
      ┣ ━━━━━━━━━━━━━━━  系统信息 ━━━━━━━━━━━━━━━
      ┣ 系统名称：         Microsoft Windows 10.0.19044
      ┣ 系统架构：         X64
      ┣ 基础框架：         Furion.Pure v4.8.8.41
      ┣ .NET 架构：        .NET 6.0.16
      ┣ ━━━━━━━━━━━━━━━  启动信息 ━━━━━━━━━━━━━━━
      ┣ 运行环境：         Production
      ┣ 启动程序集：       Admin.NET.Web.Entry
      ┣ 进程名称：         Admin.NET.Web.Entry
      ┣ 托管程序：         Kestrel
      ┣ ━━━━━━━━━━━━━━━  返回信息 ━━━━━━━━━━━━━━━
      ┣ HTTP响应状态码：   200
      ┣ 原始类型：         System.Collections.Generic.IList<Admin.NET.Core.JuAI.Service.UserInfoOutput>
      ┣ 最终类型：         Admin.NET.Core.AdminResult<System.Object>
      ┣ 最终返回值：       {"code":200,"type":"success","message":"","result":[{"nickName":"聚AI_6045","avatar":"Upload/Avatar/14194583407941.jpg","id":"14005826358213"},{"nickName":"聚AI_6045","avatar":null,"id":"14005810391877"},{"nickName":"聚AI_6045","avatar":null,"id":"13727127390021"},{"nickName":"聚AI_6047","avatar":null,"id":"13763405483077"},{"nickName":"聚AI_6046","avatar":null,"id":"13763350061253"}],"extras":null,"time":"2023-08-28T21:33:19.5200161+08:00"}
      ┗━━━━━━━━━━━  Logging Monitor ━━━━━━━━━━━
info: 2023-08-28 21:33:19.5268607 +08:00 星期一 L System.Logging.LoggingMonitor[0] #48
      [System.Private.CoreLib.dll] void System.Runtime.CompilerServices.AsyncMethodBuilderCore.Start<TStateMachine>(ref TStateMachine stateMachine)
      ┏━━━━━━━━━━━  Logging Monitor ━━━━━━━━━━━
      ┣ Admin.NET.Core.JuAI.Service.UpgradeService.GetNewst
      ┣ 
      ┣ 控制器名称：       UpgradeService
      ┣ 操作名称：         GetNewst
      ┣ 显示名称：         
      ┣ 路由信息：         [area]: ; [controller]: upgrade; [action]: newst
      ┣ 请求方式：         GET
      ┣ 请求地址：         http://localhost:5005/api/upgrade/newst
      ┣ 来源地址：         http://localhost:19991/
      ┣ 请求端源：         client
      ┣ 浏览器标识：       Mozilla/5.0 (Windows NT 10.0; Win64; x64) AppleWebKit/537.36 (KHTML, like Gecko) Chrome/116.0.0.0 Safari/537.36
      ┣ 客户端区域语言：   zh-CN,zh;q=0.9
      ┣ 客户端 IP 地址：   0.0.0.1
      ┣ 服务端 IP 地址：   0.0.0.1
      ┣ 客户端连接 ID：    00-b4b56368da5f7f1d675f31ac342016ae-476cac807a9aec8b-00
      ┣ 服务线程 ID：      #48
      ┣ 执行耗时：         77ms
      ┣ ━━━━━━━━━━━━━━━  Cookies ━━━━━━━━━━━━━━━
      ┣ 请求端：           
      ┣ 响应端：           
      ┣ ━━━━━━━━━━━━━━━  系统信息 ━━━━━━━━━━━━━━━
      ┣ 系统名称：         Microsoft Windows 10.0.19044
      ┣ 系统架构：         X64
      ┣ 基础框架：         Furion.Pure v4.8.8.41
      ┣ .NET 架构：        .NET 6.0.16
      ┣ ━━━━━━━━━━━━━━━  启动信息 ━━━━━━━━━━━━━━━
      ┣ 运行环境：         Production
      ┣ 启动程序集：       Admin.NET.Web.Entry
      ┣ 进程名称：         Admin.NET.Web.Entry
      ┣ 托管程序：         Kestrel
      ┣ ━━━━━━━━━━━━━━━  返回信息 ━━━━━━━━━━━━━━━
      ┣ HTTP响应状态码：   200
      ┣ 原始类型：         Admin.NET.Core.JuAI.AppUpgrade
      ┣ 最终类型：         Admin.NET.Core.AdminResult<System.Object>
      ┣ 最终返回值：       {"code":200,"type":"success","message":"","result":{"version":"2.12.3","desc":"修复聊天不显示","isForceUpdate":true,"isClearCache":true,"createOrgId":null,"createTime":"2023-08-08T22:29:38","updateTime":"2023-08-08T22:14:27","createUserId":null,"updateUserId":null,"isDelete":false,"id":"3334"},"extras":null,"time":"2023-08-28T21:33:19.5242761+08:00"}
      ┗━━━━━━━━━━━  Logging Monitor ━━━━━━━━━━━
info: 2023-08-28 21:33:19.5122022 +08:00 星期一 L System.Logging.LoggingMonitor[0] #55
      [System.Private.CoreLib.dll] void System.Runtime.CompilerServices.AsyncTaskMethodBuilder<TResult>+AsyncStateMachineBox<TStateMachine>.MoveNext(Thread threadPoolThread)
      ┏━━━━━━━━━━━  Logging Monitor ━━━━━━━━━━━
      ┣ Admin.NET.Core.JuAI.Service.SpecialService.GetNewest
      ┣ 
      ┣ 控制器名称：                SpecialService
      ┣ 操作名称：                  GetNewest
      ┣ 显示名称：                  
      ┣ 路由信息：                  [area]: ; [controller]: special; [action]: newest
      ┣ 请求方式：                  GET
      ┣ 请求地址：                  http://localhost:5005/api/special/newest?minId=
      ┣ 来源地址：                  http://localhost:19991/
      ┣ 请求端源：                  client
      ┣ 浏览器标识：                Mozilla/5.0 (Windows NT 10.0; Win64; x64) AppleWebKit/537.36 (KHTML, like Gecko) Chrome/116.0.0.0 Safari/537.36
      ┣ 客户端区域语言：            zh-CN,zh;q=0.9
      ┣ 客户端 IP 地址：            0.0.0.1
      ┣ 服务端 IP 地址：            0.0.0.1
      ┣ 客户端连接 ID：             00-f8ac8abbec4f15fefa1bd32dbbd80b64-39fb48c48667813e-00
      ┣ 服务线程 ID：               #47
      ┣ 执行耗时：                  63ms
      ┣ ━━━━━━━━━━━━━━━  Cookies ━━━━━━━━━━━━━━━
      ┣ 请求端：                    
      ┣ 响应端：                    
      ┣ ━━━━━━━━━━━━━━━  系统信息 ━━━━━━━━━━━━━━━
      ┣ 系统名称：                  Microsoft Windows 10.0.19044
      ┣ 系统架构：                  X64
      ┣ 基础框架：                  Furion.Pure v4.8.8.41
      ┣ .NET 架构：                 .NET 6.0.16
      ┣ ━━━━━━━━━━━━━━━  启动信息 ━━━━━━━━━━━━━━━
      ┣ 运行环境：                  Production
      ┣ 启动程序集：                Admin.NET.Web.Entry
      ┣ 进程名称：                  Admin.NET.Web.Entry
      ┣ 托管程序：                  Kestrel
      ┣ ━━━━━━━━━━━━━━━  参数列表 ━━━━━━━━━━━━━━━
      ┣ Content-Type：              
      ┣ 
      ┣ minId (Nullable`1)：        
      ┣ ━━━━━━━━━━━━━━━  返回信息 ━━━━━━━━━━━━━━━
      ┣ HTTP响应状态码：            200
      ┣ 原始类型：                  System.Threading.Tasks.Task<System.Collections.Generic.IList<Admin.NET.Core.JuAI.Service.SpecialOutput>>
      ┣ 最终类型：                  Admin.NET.Core.AdminResult<System.Object>
      ┣ 最终返回值：                {"code":200,"type":"success","message":"","result":[{"id":"141254407701223","title":"抓烂22223","text":"就螺丝扣搭街坊立刻就333333","cover":"http://filetest.guxin.link/Special/2023/08/14125440695621.jpg","coverFile":null},{"id":"141242588270232","title":"第一个抓烂","text":"就开始大家和弗兰克沙龙的开发建设离开的顺德府顺德府手动","cover":"http://filetest.guxin.link/Special/2023/08/14124258623685.jpg","coverFile":null},{"id":"141242586827023","title":"第一个抓烂","text":"就开始大家和弗兰克沙龙的开发建设离开的顺德府顺德府手动","cover":"http://filetest.guxin.link/Special/20
      ┗━━━━━━━━━━━  Logging Monitor ━━━━━━━━━━━
info: 2023-08-28 21:33:19.5318823 +08:00 星期一 L System.Logging.LoggingMonitor[0] #23
      [System.Private.CoreLib.dll] void System.Runtime.CompilerServices.AsyncTaskMethodBuilder<TResult>+AsyncStateMachineBox<TStateMachine>.MoveNext(Thread threadPoolThread)
      ┏━━━━━━━━━━━  Logging Monitor ━━━━━━━━━━━
      ┣ Admin.NET.Core.JuAI.Service.UserTokenService.GetIsQianDaoToday
      ┣ 
      ┣ 控制器名称：                   UserTokenService
      ┣ 操作名称：                     GetIsQianDaoToday
      ┣ 显示名称：                     
      ┣ 路由信息：                     [area]: ; [controller]: userToken; [action]: isQianDaoToday
      ┣ 请求方式：                     GET
      ┣ 请求地址：                     http://localhost:5005/api/userToken/isQianDaoToday
      ┣ 来源地址：                     http://localhost:19991/
      ┣ 请求端源：                     client
      ┣ 浏览器标识：                   Mozilla/5.0 (Windows NT 10.0; Win64; x64) AppleWebKit/537.36 (KHTML, like Gecko) Chrome/116.0.0.0 Safari/537.36
      ┣ 客户端区域语言：               zh-CN,zh;q=0.9
      ┣ 客户端 IP 地址：               0.0.0.1
      ┣ 服务端 IP 地址：               0.0.0.1
      ┣ 客户端连接 ID：                00-9186a5ce883f74181c8145a51ed71cc2-ecbf3cd642a8279b-00
      ┣ 服务线程 ID：                  #41
      ┣ 执行耗时：                     61ms
      ┣ ━━━━━━━━━━━━━━━  Cookies ━━━━━━━━━━━━━━━
      ┣ 请求端：                       
      ┣ 响应端：                       
      ┣ ━━━━━━━━━━━━━━━  系统信息 ━━━━━━━━━━━━━━━
      ┣ 系统名称：                     Microsoft Windows 10.0.19044
      ┣ 系统架构：                     X64
      ┣ 基础框架：                     Furion.Pure v4.8.8.41
      ┣ .NET 架构：                    .NET 6.0.16
      ┣ ━━━━━━━━━━━━━━━  启动信息 ━━━━━━━━━━━━━━━
      ┣ 运行环境：                     Production
      ┣ 启动程序集：                   Admin.NET.Web.Entry
      ┣ 进程名称：                     Admin.NET.Web.Entry
      ┣ 托管程序：                     Kestrel
      ┣ ━━━━━━━━━━━━━━━  授权信息 ━━━━━━━━━━━━━━━
      ┣ JWT Token：                    Bearer eyJhbGciOiJIUzI1NiIsInR5cCI6IkpXVCJ9.eyJVc2VySWQiOjE0MDA1ODI2MzU4MjEzLCJUZW5hbnRJZCI6MTMwMDAwMDAwMDAwMSwiQWNjb3VudCI6IjE4NjAwNzY2MDQ1IiwiTmlja05hbWUiOiLogZpBSV82MDQ1IiwiQWNjb3VudFR5cGUiOjAsImlhdCI6MTY5MzAzNzg0NiwibmJmIjoxNjkzMDM3ODQ2LCJleHAiOjE2OTM2NDI2NDYsImlzcyI6IkFkbWluLk5FVCIsImF1ZCI6IkFkbWluLk5FVCJ9.Pt3OMLor8iLzYQfEoREoKU3AxA0Ja7UX_Q2sCCdnGEw
      ┣ 
      ┣ UserId (integer64)：           14005826358213
      ┣ TenantId (integer64)：         1300000000001
      ┣ Account (string)：             18600766045
      ┣ NickName (string)：            聚AI_6045
      ┣ AccountType (integer)：        0
      ┣ iat (integer)：                1693037846 (2023-08-26 16:17:26:0000(+08:00) 星期六 L)
      ┣ nbf (integer)：                1693037846 (2023-08-26 16:17:26:0000(+08:00) 星期六 L)
      ┣ exp (integer)：                1693642646 (2023-09-02 16:17:26:0000(+08:00) 星期六 L)
      ┣ iss (string)：                 Admin.NET
      ┣ aud (string)：                 Admin.NET
      ┣ ━━━━━━━━━━━━━━━  返回信息 ━━━━━━━━━━━━━━━
      ┣ HTTP响应状态码：               200
      ┣ 原始类型：                     System.Threading.Tasks.Task<System.Boolean>
      ┣ 最终类型：                     Admin.NET.Core.AdminResult<System.Object>
      ┣ 最终返回值：                   {"code":200,"type":"success","message":"","result":false,"extras":null,"time":"2023-08-28T21:33:19.5294877+08:00"}
      ┗━━━━━━━━━━━  Logging Monitor ━━━━━━━━━━━
info: 2023-08-28 21:33:19.6443428 +08:00 星期一 L System.Logging.LoggingMonitor[0] #23
      [System.Private.CoreLib.dll] void System.Runtime.CompilerServices.AsyncTaskMethodBuilder<TResult>+AsyncStateMachineBox<TStateMachine>.MoveNext(Thread threadPoolThread)
      ┏━━━━━━━━━━━  Logging Monitor ━━━━━━━━━━━
      ┣ Admin.NET.Core.JuAI.Service.ArticleService.GetNewest
      ┣ 
      ┣ 控制器名称：                ArticleService
      ┣ 操作名称：                  GetNewest
      ┣ 显示名称：                  
      ┣ 路由信息：                  [area]: ; [controller]: article; [action]: newest
      ┣ 请求方式：                  GET
      ┣ 请求地址：                  http://localhost:5005/api/article/newest?minId=
      ┣ 来源地址：                  http://localhost:19991/
      ┣ 请求端源：                  client
      ┣ 浏览器标识：                Mozilla/5.0 (Windows NT 10.0; Win64; x64) AppleWebKit/537.36 (KHTML, like Gecko) Chrome/116.0.0.0 Safari/537.36
      ┣ 客户端区域语言：            zh-CN,zh;q=0.9
      ┣ 客户端 IP 地址：            0.0.0.1
      ┣ 服务端 IP 地址：            0.0.0.1
      ┣ 客户端连接 ID：             00-806c329e4791110275970b5e28f10205-3cec11ab22ef1572-00
      ┣ 服务线程 ID：               #59
      ┣ 执行耗时：                  197ms
      ┣ ━━━━━━━━━━━━━━━  Cookies ━━━━━━━━━━━━━━━
      ┣ 请求端：                    
      ┣ 响应端：                    
      ┣ ━━━━━━━━━━━━━━━  系统信息 ━━━━━━━━━━━━━━━
      ┣ 系统名称：                  Microsoft Windows 10.0.19044
      ┣ 系统架构：                  X64
      ┣ 基础框架：                  Furion.Pure v4.8.8.41
      ┣ .NET 架构：                 .NET 6.0.16
      ┣ ━━━━━━━━━━━━━━━  启动信息 ━━━━━━━━━━━━━━━
      ┣ 运行环境：                  Production
      ┣ 启动程序集：                Admin.NET.Web.Entry
      ┣ 进程名称：                  Admin.NET.Web.Entry
      ┣ 托管程序：                  Kestrel
      ┣ ━━━━━━━━━━━━━━━  参数列表 ━━━━━━━━━━━━━━━
      ┣ Content-Type：              
      ┣ 
      ┣ minId (Nullable`1)：        
      ┣ ━━━━━━━━━━━━━━━  返回信息 ━━━━━━━━━━━━━━━
      ┣ HTTP响应状态码：            200
      ┣ 原始类型：                  System.Threading.Tasks.Task<System.Collections.Generic.List<Admin.NET.Core.JuAI.Service.ArticleOutput>>
      ┣ 最终类型：                  Admin.NET.Core.AdminResult<System.Object>
      ┣ 最终返回值：                {"code":200,"type":"success","message":"","result":[{"id":"14215981060677","title":"测试一个样式试试。。哈哈","html":"<p>大量减少离开</p><blockquote>第三方顺德府阿斯顿</blockquote><hr/><p>时间快</p><pre><code class=\"language-csharp\">烦烦烦烦烦烦\r\n顺德府阿斯蒂芬\r\n哈哈哈数据库的\r\nhahhahhkjsd </code></pre><table style=\"width: auto;\"><tbody><tr><th colSpan=\"1\" rowSpan=\"1\" width=\"auto\"></th><th colSpan=\"1\" rowSpan=\"1\" width=\"auto\"></th><th colSpan=\"1\" rowSpan=\"1\" width=\"auto\"></th><th colSpan=\"1\" rowSpan=\"1\" width=\"a
      ┗━━━━━━━━━━━  Logging Monitor ━━━━━━━━━━━
info: 2023-08-28 21:33:19.7670277 +08:00 星期一 L System.Logging.LoggingMonitor[0] #52
      [System.Private.CoreLib.dll] void System.Runtime.CompilerServices.AsyncTaskMethodBuilder<TResult>+AsyncStateMachineBox<TStateMachine>.MoveNext(Thread threadPoolThread)
      ┏━━━━━━━━━━━  Logging Monitor ━━━━━━━━━━━
      ┣ Admin.NET.Core.JuAI.Service.ArticleService.GetRecommend
      ┣ 
      ┣ 控制器名称：       ArticleService
      ┣ 操作名称：         GetRecommend
      ┣ 显示名称：         
      ┣ 路由信息：         [area]: ; [controller]: article; [action]: recommend
      ┣ 请求方式：         GET
      ┣ 请求地址：         http://localhost:5005/api/article/recommend
      ┣ 来源地址：         http://localhost:19991/
      ┣ 请求端源：         client
      ┣ 浏览器标识：       Mozilla/5.0 (Windows NT 10.0; Win64; x64) AppleWebKit/537.36 (KHTML, like Gecko) Chrome/116.0.0.0 Safari/537.36
      ┣ 客户端区域语言：   zh-CN,zh;q=0.9
      ┣ 客户端 IP 地址：   0.0.0.1
      ┣ 服务端 IP 地址：   0.0.0.1
      ┣ 客户端连接 ID：    00-e5069a40f1453e25d91d997f6af757df-02956c0acdebc4b9-00
      ┣ 服务线程 ID：      #33
      ┣ 执行耗时：         317ms
      ┣ ━━━━━━━━━━━━━━━  Cookies ━━━━━━━━━━━━━━━
      ┣ 请求端：           
      ┣ 响应端：           
      ┣ ━━━━━━━━━━━━━━━  系统信息 ━━━━━━━━━━━━━━━
      ┣ 系统名称：         Microsoft Windows 10.0.19044
      ┣ 系统架构：         X64
      ┣ 基础框架：         Furion.Pure v4.8.8.41
      ┣ .NET 架构：        .NET 6.0.16
      ┣ ━━━━━━━━━━━━━━━  启动信息 ━━━━━━━━━━━━━━━
      ┣ 运行环境：         Production
      ┣ 启动程序集：       Admin.NET.Web.Entry
      ┣ 进程名称：         Admin.NET.Web.Entry
      ┣ 托管程序：         Kestrel
      ┣ ━━━━━━━━━━━━━━━  返回信息 ━━━━━━━━━━━━━━━
      ┣ HTTP响应状态码：   200
      ┣ 原始类型：         System.Threading.Tasks.Task<System.Collections.Generic.List<Admin.NET.Core.JuAI.Service.ArticleSiderOutput>>
      ┣ 最终类型：         Admin.NET.Core.AdminResult<System.Object>
      ┣ 最终返回值：       {"code":200,"type":"success","message":"","result":[{"id":"14215981060677","title":"测试一个样式试试。。哈哈"},{"id":"14194109678917","title":"测试第一个抓烂拉了进来"},{"id":"14127539556677","title":"两个图片测试呢。"},{"id":"14127533953093","title":"设置一下图片和视频试一试呢。。哈哈"},{"id":"14127509730629","title":"一个视频和两个图片"},{"id":"14127478756933","title":"考了几分离开的分析来看都分割"},{"id":"14127257110597","title":"测试一个视频和图片功能看好不好呀"},{"id":"14084316607813","title":"111111111111111"},{"id":"14084262750277","title":"wangEditor 粘贴从 word 复制的带图片内容的最"},{
      ┗━━━━━━━━━━━  Logging Monitor ━━━━━━━━━━━
info: 2023-08-28 21:33:34.5526119 +08:00 星期一 L System.Logging.LoggingMonitor[0] #59
      [System.Private.CoreLib.dll] void System.Runtime.CompilerServices.AsyncMethodBuilderCore.Start<TStateMachine>(ref TStateMachine stateMachine)
      ┏━━━━━━━━━━━  Logging Monitor ━━━━━━━━━━━
      ┣ Admin.NET.Core.JuAI.Service.UserService.GetActiveUsers
      ┣ 
      ┣ 控制器名称：       UserService
      ┣ 操作名称：         GetActiveUsers
      ┣ 显示名称：         活跃用户
      ┣ 路由信息：         [area]: ; [controller]: user; [action]: activeUsers
      ┣ 请求方式：         GET
      ┣ 请求地址：         http://localhost:5005/api/User/ActiveUsers
      ┣ 来源地址：         http://localhost:19991/
      ┣ 请求端源：         client
      ┣ 浏览器标识：       Mozilla/5.0 (Windows NT 10.0; Win64; x64) AppleWebKit/537.36 (KHTML, like Gecko) Chrome/116.0.0.0 Safari/537.36
      ┣ 客户端区域语言：   zh-CN,zh;q=0.9
      ┣ 客户端 IP 地址：   0.0.0.1
      ┣ 服务端 IP 地址：   0.0.0.1
      ┣ 客户端连接 ID：    00-53d87f8b3aedf61a7a17aee08a3759ee-22861c639a860f61-00
      ┣ 服务线程 ID：      #59
      ┣ 执行耗时：         74ms
      ┣ ━━━━━━━━━━━━━━━  Cookies ━━━━━━━━━━━━━━━
      ┣ 请求端：           
      ┣ 响应端：           
      ┣ ━━━━━━━━━━━━━━━  系统信息 ━━━━━━━━━━━━━━━
      ┣ 系统名称：         Microsoft Windows 10.0.19044
      ┣ 系统架构：         X64
      ┣ 基础框架：         Furion.Pure v4.8.8.41
      ┣ .NET 架构：        .NET 6.0.16
      ┣ ━━━━━━━━━━━━━━━  启动信息 ━━━━━━━━━━━━━━━
      ┣ 运行环境：         Production
      ┣ 启动程序集：       Admin.NET.Web.Entry
      ┣ 进程名称：         Admin.NET.Web.Entry
      ┣ 托管程序：         Kestrel
      ┣ ━━━━━━━━━━━━━━━  返回信息 ━━━━━━━━━━━━━━━
      ┣ HTTP响应状态码：   200
      ┣ 原始类型：         System.Collections.Generic.IList<Admin.NET.Core.JuAI.Service.UserInfoOutput>
      ┣ 最终类型：         Admin.NET.Core.AdminResult<System.Object>
      ┣ 最终返回值：       {"code":200,"type":"success","message":"","result":[{"nickName":"聚AI_6045","avatar":"Upload/Avatar/14194583407941.jpg","id":"14005826358213"},{"nickName":"聚AI_6045","avatar":null,"id":"14005810391877"},{"nickName":"聚AI_6045","avatar":null,"id":"13727127390021"},{"nickName":"聚AI_6047","avatar":null,"id":"13763405483077"},{"nickName":"聚AI_6046","avatar":null,"id":"13763350061253"}],"extras":null,"time":"2023-08-28T21:33:34.549344+08:00"}
      ┗━━━━━━━━━━━  Logging Monitor ━━━━━━━━━━━
info: 2023-08-28 21:33:34.5502181 +08:00 星期一 L System.Logging.LoggingMonitor[0] #52
      [System.Private.CoreLib.dll] void System.Runtime.CompilerServices.AsyncTaskMethodBuilder<TResult>+AsyncStateMachineBox<TStateMachine>.MoveNext(Thread threadPoolThread)
      ┏━━━━━━━━━━━  Logging Monitor ━━━━━━━━━━━
      ┣ Admin.NET.Core.JuAI.Service.SpecialService.GetNewest
      ┣ 
      ┣ 控制器名称：                SpecialService
      ┣ 操作名称：                  GetNewest
      ┣ 显示名称：                  
      ┣ 路由信息：                  [area]: ; [controller]: special; [action]: newest
      ┣ 请求方式：                  GET
      ┣ 请求地址：                  http://localhost:5005/api/special/newest?minId=
      ┣ 来源地址：                  http://localhost:19991/
      ┣ 请求端源：                  client
      ┣ 浏览器标识：                Mozilla/5.0 (Windows NT 10.0; Win64; x64) AppleWebKit/537.36 (KHTML, like Gecko) Chrome/116.0.0.0 Safari/537.36
      ┣ 客户端区域语言：            zh-CN,zh;q=0.9
      ┣ 客户端 IP 地址：            0.0.0.1
      ┣ 服务端 IP 地址：            0.0.0.1
      ┣ 客户端连接 ID：             00-cac30d7ac7e3adc8ac7d0df963cc4d80-af2a57f5076e7e65-00
      ┣ 服务线程 ID：               #47
      ┣ 执行耗时：                  71ms
      ┣ ━━━━━━━━━━━━━━━  Cookies ━━━━━━━━━━━━━━━
      ┣ 请求端：                    
      ┣ 响应端：                    
      ┣ ━━━━━━━━━━━━━━━  系统信息 ━━━━━━━━━━━━━━━
      ┣ 系统名称：                  Microsoft Windows 10.0.19044
      ┣ 系统架构：                  X64
      ┣ 基础框架：                  Furion.Pure v4.8.8.41
      ┣ .NET 架构：                 .NET 6.0.16
      ┣ ━━━━━━━━━━━━━━━  启动信息 ━━━━━━━━━━━━━━━
      ┣ 运行环境：                  Production
      ┣ 启动程序集：                Admin.NET.Web.Entry
      ┣ 进程名称：                  Admin.NET.Web.Entry
      ┣ 托管程序：                  Kestrel
      ┣ ━━━━━━━━━━━━━━━  参数列表 ━━━━━━━━━━━━━━━
      ┣ Content-Type：              
      ┣ 
      ┣ minId (Nullable`1)：        
      ┣ ━━━━━━━━━━━━━━━  返回信息 ━━━━━━━━━━━━━━━
      ┣ HTTP响应状态码：            200
      ┣ 原始类型：                  System.Threading.Tasks.Task<System.Collections.Generic.IList<Admin.NET.Core.JuAI.Service.SpecialOutput>>
      ┣ 最终类型：                  Admin.NET.Core.AdminResult<System.Object>
      ┣ 最终返回值：                {"code":200,"type":"success","message":"","result":[{"id":"141254407701223","title":"抓烂22223","text":"就螺丝扣搭街坊立刻就333333","cover":"http://filetest.guxin.link/Special/2023/08/14125440695621.jpg","coverFile":null},{"id":"141242588270232","title":"第一个抓烂","text":"就开始大家和弗兰克沙龙的开发建设离开的顺德府顺德府手动","cover":"http://filetest.guxin.link/Special/2023/08/14124258623685.jpg","coverFile":null},{"id":"141242586827023","title":"第一个抓烂","text":"就开始大家和弗兰克沙龙的开发建设离开的顺德府顺德府手动","cover":"http://filetest.guxin.link/Special/20
      ┗━━━━━━━━━━━  Logging Monitor ━━━━━━━━━━━
info: 2023-08-28 21:33:34.5691829 +08:00 星期一 L System.Logging.LoggingMonitor[0] #8
      [System.Private.CoreLib.dll] void System.Runtime.CompilerServices.AsyncMethodBuilderCore.Start<TStateMachine>(ref TStateMachine stateMachine)
      ┏━━━━━━━━━━━  Logging Monitor ━━━━━━━━━━━
      ┣ Admin.NET.Core.JuAI.Service.UpgradeService.GetNewst
      ┣ 
      ┣ 控制器名称：       UpgradeService
      ┣ 操作名称：         GetNewst
      ┣ 显示名称：         
      ┣ 路由信息：         [area]: ; [controller]: upgrade; [action]: newst
      ┣ 请求方式：         GET
      ┣ 请求地址：         http://localhost:5005/api/upgrade/newst
      ┣ 来源地址：         http://localhost:19991/
      ┣ 请求端源：         client
      ┣ 浏览器标识：       Mozilla/5.0 (Windows NT 10.0; Win64; x64) AppleWebKit/537.36 (KHTML, like Gecko) Chrome/116.0.0.0 Safari/537.36
      ┣ 客户端区域语言：   zh-CN,zh;q=0.9
      ┣ 客户端 IP 地址：   0.0.0.1
      ┣ 服务端 IP 地址：   0.0.0.1
      ┣ 客户端连接 ID：    00-b1acbb43c3cfc02f2bc71d34553f8eba-d70186816c8322cd-00
      ┣ 服务线程 ID：      #8
      ┣ 执行耗时：         91ms
      ┣ ━━━━━━━━━━━━━━━  Cookies ━━━━━━━━━━━━━━━
      ┣ 请求端：           
      ┣ 响应端：           
      ┣ ━━━━━━━━━━━━━━━  系统信息 ━━━━━━━━━━━━━━━
      ┣ 系统名称：         Microsoft Windows 10.0.19044
      ┣ 系统架构：         X64
      ┣ 基础框架：         Furion.Pure v4.8.8.41
      ┣ .NET 架构：        .NET 6.0.16
      ┣ ━━━━━━━━━━━━━━━  启动信息 ━━━━━━━━━━━━━━━
      ┣ 运行环境：         Production
      ┣ 启动程序集：       Admin.NET.Web.Entry
      ┣ 进程名称：         Admin.NET.Web.Entry
      ┣ 托管程序：         Kestrel
      ┣ ━━━━━━━━━━━━━━━  返回信息 ━━━━━━━━━━━━━━━
      ┣ HTTP响应状态码：   200
      ┣ 原始类型：         Admin.NET.Core.JuAI.AppUpgrade
      ┣ 最终类型：         Admin.NET.Core.AdminResult<System.Object>
      ┣ 最终返回值：       {"code":200,"type":"success","message":"","result":{"version":"2.12.3","desc":"修复聊天不显示","isForceUpdate":true,"isClearCache":true,"createOrgId":null,"createTime":"2023-08-08T22:29:38","updateTime":"2023-08-08T22:14:27","createUserId":null,"updateUserId":null,"isDelete":false,"id":"3334"},"extras":null,"time":"2023-08-28T21:33:34.5662316+08:00"}
      ┗━━━━━━━━━━━  Logging Monitor ━━━━━━━━━━━
info: 2023-08-28 21:33:34.5627630 +08:00 星期一 L System.Logging.LoggingMonitor[0] #55
      [System.Private.CoreLib.dll] void System.Runtime.CompilerServices.AsyncTaskMethodBuilder<TResult>+AsyncStateMachineBox<TStateMachine>.MoveNext(Thread threadPoolThread)
      ┏━━━━━━━━━━━  Logging Monitor ━━━━━━━━━━━
      ┣ Admin.NET.Core.JuAI.Service.UserTokenService.GetIsQianDaoToday
      ┣ 
      ┣ 控制器名称：                   UserTokenService
      ┣ 操作名称：                     GetIsQianDaoToday
      ┣ 显示名称：                     
      ┣ 路由信息：                     [area]: ; [controller]: userToken; [action]: isQianDaoToday
      ┣ 请求方式：                     GET
      ┣ 请求地址：                     http://localhost:5005/api/userToken/isQianDaoToday
      ┣ 来源地址：                     http://localhost:19991/
      ┣ 请求端源：                     client
      ┣ 浏览器标识：                   Mozilla/5.0 (Windows NT 10.0; Win64; x64) AppleWebKit/537.36 (KHTML, like Gecko) Chrome/116.0.0.0 Safari/537.36
      ┣ 客户端区域语言：               zh-CN,zh;q=0.9
      ┣ 客户端 IP 地址：               0.0.0.1
      ┣ 服务端 IP 地址：               0.0.0.1
      ┣ 客户端连接 ID：                00-a27acce672c220f970640efca1326ce4-fc5ba2b4e7d93d80-00
      ┣ 服务线程 ID：                  #34
      ┣ 执行耗时：                     67ms
      ┣ ━━━━━━━━━━━━━━━  Cookies ━━━━━━━━━━━━━━━
      ┣ 请求端：                       
      ┣ 响应端：                       
      ┣ ━━━━━━━━━━━━━━━  系统信息 ━━━━━━━━━━━━━━━
      ┣ 系统名称：                     Microsoft Windows 10.0.19044
      ┣ 系统架构：                     X64
      ┣ 基础框架：                     Furion.Pure v4.8.8.41
      ┣ .NET 架构：                    .NET 6.0.16
      ┣ ━━━━━━━━━━━━━━━  启动信息 ━━━━━━━━━━━━━━━
      ┣ 运行环境：                     Production
      ┣ 启动程序集：                   Admin.NET.Web.Entry
      ┣ 进程名称：                     Admin.NET.Web.Entry
      ┣ 托管程序：                     Kestrel
      ┣ ━━━━━━━━━━━━━━━  授权信息 ━━━━━━━━━━━━━━━
      ┣ JWT Token：                    Bearer eyJhbGciOiJIUzI1NiIsInR5cCI6IkpXVCJ9.eyJVc2VySWQiOjE0MDA1ODI2MzU4MjEzLCJUZW5hbnRJZCI6MTMwMDAwMDAwMDAwMSwiQWNjb3VudCI6IjE4NjAwNzY2MDQ1IiwiTmlja05hbWUiOiLogZpBSV82MDQ1IiwiQWNjb3VudFR5cGUiOjAsImlhdCI6MTY5MzAzNzg0NiwibmJmIjoxNjkzMDM3ODQ2LCJleHAiOjE2OTM2NDI2NDYsImlzcyI6IkFkbWluLk5FVCIsImF1ZCI6IkFkbWluLk5FVCJ9.Pt3OMLor8iLzYQfEoREoKU3AxA0Ja7UX_Q2sCCdnGEw
      ┣ 
      ┣ UserId (integer64)：           14005826358213
      ┣ TenantId (integer64)：         1300000000001
      ┣ Account (string)：             18600766045
      ┣ NickName (string)：            聚AI_6045
      ┣ AccountType (integer)：        0
      ┣ iat (integer)：                1693037846 (2023-08-26 16:17:26:0000(+08:00) 星期六 L)
      ┣ nbf (integer)：                1693037846 (2023-08-26 16:17:26:0000(+08:00) 星期六 L)
      ┣ exp (integer)：                1693642646 (2023-09-02 16:17:26:0000(+08:00) 星期六 L)
      ┣ iss (string)：                 Admin.NET
      ┣ aud (string)：                 Admin.NET
      ┣ ━━━━━━━━━━━━━━━  返回信息 ━━━━━━━━━━━━━━━
      ┣ HTTP响应状态码：               200
      ┣ 原始类型：                     System.Threading.Tasks.Task<System.Boolean>
      ┣ 最终类型：                     Admin.NET.Core.AdminResult<System.Object>
      ┣ 最终返回值：                   {"code":200,"type":"success","message":"","result":false,"extras":null,"time":"2023-08-28T21:33:34.5603116+08:00"}
      ┗━━━━━━━━━━━  Logging Monitor ━━━━━━━━━━━
info: 2023-08-28 21:33:34.7496064 +08:00 星期一 L System.Logging.LoggingMonitor[0] #52
      [System.Private.CoreLib.dll] void System.Runtime.CompilerServices.AsyncTaskMethodBuilder<TResult>+AsyncStateMachineBox<TStateMachine>.MoveNext(Thread threadPoolThread)
      ┏━━━━━━━━━━━  Logging Monitor ━━━━━━━━━━━
      ┣ Admin.NET.Core.JuAI.Service.ArticleService.GetNewest
      ┣ 
      ┣ 控制器名称：                ArticleService
      ┣ 操作名称：                  GetNewest
      ┣ 显示名称：                  
      ┣ 路由信息：                  [area]: ; [controller]: article; [action]: newest
      ┣ 请求方式：                  GET
      ┣ 请求地址：                  http://localhost:5005/api/article/newest?minId=
      ┣ 来源地址：                  http://localhost:19991/
      ┣ 请求端源：                  client
      ┣ 浏览器标识：                Mozilla/5.0 (Windows NT 10.0; Win64; x64) AppleWebKit/537.36 (KHTML, like Gecko) Chrome/116.0.0.0 Safari/537.36
      ┣ 客户端区域语言：            zh-CN,zh;q=0.9
      ┣ 客户端 IP 地址：            0.0.0.1
      ┣ 服务端 IP 地址：            0.0.0.1
      ┣ 客户端连接 ID：             00-764a9d4c9d819486e69cb25c64808d94-371c1c690190ced4-00
      ┣ 服务线程 ID：               #41
      ┣ 执行耗时：                  268ms
      ┣ ━━━━━━━━━━━━━━━  Cookies ━━━━━━━━━━━━━━━
      ┣ 请求端：                    
      ┣ 响应端：                    
      ┣ ━━━━━━━━━━━━━━━  系统信息 ━━━━━━━━━━━━━━━
      ┣ 系统名称：                  Microsoft Windows 10.0.19044
      ┣ 系统架构：                  X64
      ┣ 基础框架：                  Furion.Pure v4.8.8.41
      ┣ .NET 架构：                 .NET 6.0.16
      ┣ ━━━━━━━━━━━━━━━  启动信息 ━━━━━━━━━━━━━━━
      ┣ 运行环境：                  Production
      ┣ 启动程序集：                Admin.NET.Web.Entry
      ┣ 进程名称：                  Admin.NET.Web.Entry
      ┣ 托管程序：                  Kestrel
      ┣ ━━━━━━━━━━━━━━━  参数列表 ━━━━━━━━━━━━━━━
      ┣ Content-Type：              
      ┣ 
      ┣ minId (Nullable`1)：        
      ┣ ━━━━━━━━━━━━━━━  返回信息 ━━━━━━━━━━━━━━━
      ┣ HTTP响应状态码：            200
      ┣ 原始类型：                  System.Threading.Tasks.Task<System.Collections.Generic.List<Admin.NET.Core.JuAI.Service.ArticleOutput>>
      ┣ 最终类型：                  Admin.NET.Core.AdminResult<System.Object>
      ┣ 最终返回值：                {"code":200,"type":"success","message":"","result":[{"id":"14215981060677","title":"测试一个样式试试。。哈哈","html":"<p>大量减少离开</p><blockquote>第三方顺德府阿斯顿</blockquote><hr/><p>时间快</p><pre><code class=\"language-csharp\">烦烦烦烦烦烦\r\n顺德府阿斯蒂芬\r\n哈哈哈数据库的\r\nhahhahhkjsd </code></pre><table style=\"width: auto;\"><tbody><tr><th colSpan=\"1\" rowSpan=\"1\" width=\"auto\"></th><th colSpan=\"1\" rowSpan=\"1\" width=\"auto\"></th><th colSpan=\"1\" rowSpan=\"1\" width=\"auto\"></th><th colSpan=\"1\" rowSpan=\"1\" width=\"a
      ┗━━━━━━━━━━━  Logging Monitor ━━━━━━━━━━━
info: 2023-08-28 21:33:34.8022628 +08:00 星期一 L System.Logging.LoggingMonitor[0] #55
      [System.Private.CoreLib.dll] void System.Runtime.CompilerServices.AsyncTaskMethodBuilder<TResult>+AsyncStateMachineBox<TStateMachine>.MoveNext(Thread threadPoolThread)
      ┏━━━━━━━━━━━  Logging Monitor ━━━━━━━━━━━
      ┣ Admin.NET.Core.JuAI.Service.ArticleService.GetRecommend
      ┣ 
      ┣ 控制器名称：       ArticleService
      ┣ 操作名称：         GetRecommend
      ┣ 显示名称：         
      ┣ 路由信息：         [area]: ; [controller]: article; [action]: recommend
      ┣ 请求方式：         GET
      ┣ 请求地址：         http://localhost:5005/api/article/recommend
      ┣ 来源地址：         http://localhost:19991/
      ┣ 请求端源：         client
      ┣ 浏览器标识：       Mozilla/5.0 (Windows NT 10.0; Win64; x64) AppleWebKit/537.36 (KHTML, like Gecko) Chrome/116.0.0.0 Safari/537.36
      ┣ 客户端区域语言：   zh-CN,zh;q=0.9
      ┣ 客户端 IP 地址：   0.0.0.1
      ┣ 服务端 IP 地址：   0.0.0.1
      ┣ 客户端连接 ID：    00-76ec378aa05a1398b9c4c77827c8258b-7e198647da86484a-00
      ┣ 服务线程 ID：      #44
      ┣ 执行耗时：         324ms
      ┣ ━━━━━━━━━━━━━━━  Cookies ━━━━━━━━━━━━━━━
      ┣ 请求端：           
      ┣ 响应端：           
      ┣ ━━━━━━━━━━━━━━━  系统信息 ━━━━━━━━━━━━━━━
      ┣ 系统名称：         Microsoft Windows 10.0.19044
      ┣ 系统架构：         X64
      ┣ 基础框架：         Furion.Pure v4.8.8.41
      ┣ .NET 架构：        .NET 6.0.16
      ┣ ━━━━━━━━━━━━━━━  启动信息 ━━━━━━━━━━━━━━━
      ┣ 运行环境：         Production
      ┣ 启动程序集：       Admin.NET.Web.Entry
      ┣ 进程名称：         Admin.NET.Web.Entry
      ┣ 托管程序：         Kestrel
      ┣ ━━━━━━━━━━━━━━━  返回信息 ━━━━━━━━━━━━━━━
      ┣ HTTP响应状态码：   200
      ┣ 原始类型：         System.Threading.Tasks.Task<System.Collections.Generic.List<Admin.NET.Core.JuAI.Service.ArticleSiderOutput>>
      ┣ 最终类型：         Admin.NET.Core.AdminResult<System.Object>
      ┣ 最终返回值：       {"code":200,"type":"success","message":"","result":[{"id":"14215981060677","title":"测试一个样式试试。。哈哈"},{"id":"14194109678917","title":"测试第一个抓烂拉了进来"},{"id":"14127539556677","title":"两个图片测试呢。"},{"id":"14127533953093","title":"设置一下图片和视频试一试呢。。哈哈"},{"id":"14127509730629","title":"一个视频和两个图片"},{"id":"14127478756933","title":"考了几分离开的分析来看都分割"},{"id":"14127257110597","title":"测试一个视频和图片功能看好不好呀"},{"id":"14084316607813","title":"111111111111111"},{"id":"14084262750277","title":"wangEditor 粘贴从 word 复制的带图片内容的最"},{
      ┗━━━━━━━━━━━  Logging Monitor ━━━━━━━━━━━
info: 2023-08-28 21:33:44.8195345 +08:00 星期一 L System.Logging.LoggingMonitor[0] #54
      [System.Private.CoreLib.dll] void System.Runtime.CompilerServices.AsyncMethodBuilderCore.Start<TStateMachine>(ref TStateMachine stateMachine)
      ┏━━━━━━━━━━━  Logging Monitor ━━━━━━━━━━━
      ┣ Admin.NET.Core.JuAI.Service.UserService.GetActiveUsers
      ┣ 
      ┣ 控制器名称：       UserService
      ┣ 操作名称：         GetActiveUsers
      ┣ 显示名称：         活跃用户
      ┣ 路由信息：         [area]: ; [controller]: user; [action]: activeUsers
      ┣ 请求方式：         GET
      ┣ 请求地址：         http://localhost:5005/api/User/ActiveUsers
      ┣ 来源地址：         http://localhost:19991/
      ┣ 请求端源：         client
      ┣ 浏览器标识：       Mozilla/5.0 (Windows NT 10.0; Win64; x64) AppleWebKit/537.36 (KHTML, like Gecko) Chrome/116.0.0.0 Safari/537.36
      ┣ 客户端区域语言：   zh-CN,zh;q=0.9
      ┣ 客户端 IP 地址：   0.0.0.1
      ┣ 服务端 IP 地址：   0.0.0.1
      ┣ 客户端连接 ID：    00-5c0364d02f6f45efa0e264f61a89370f-bffed35e8efd409b-00
      ┣ 服务线程 ID：      #54
      ┣ 执行耗时：         78ms
      ┣ ━━━━━━━━━━━━━━━  Cookies ━━━━━━━━━━━━━━━
      ┣ 请求端：           
      ┣ 响应端：           
      ┣ ━━━━━━━━━━━━━━━  系统信息 ━━━━━━━━━━━━━━━
      ┣ 系统名称：         Microsoft Windows 10.0.19044
      ┣ 系统架构：         X64
      ┣ 基础框架：         Furion.Pure v4.8.8.41
      ┣ .NET 架构：        .NET 6.0.16
      ┣ ━━━━━━━━━━━━━━━  启动信息 ━━━━━━━━━━━━━━━
      ┣ 运行环境：         Production
      ┣ 启动程序集：       Admin.NET.Web.Entry
      ┣ 进程名称：         Admin.NET.Web.Entry
      ┣ 托管程序：         Kestrel
      ┣ ━━━━━━━━━━━━━━━  返回信息 ━━━━━━━━━━━━━━━
      ┣ HTTP响应状态码：   200
      ┣ 原始类型：         System.Collections.Generic.IList<Admin.NET.Core.JuAI.Service.UserInfoOutput>
      ┣ 最终类型：         Admin.NET.Core.AdminResult<System.Object>
      ┣ 最终返回值：       {"code":200,"type":"success","message":"","result":[{"nickName":"聚AI_6045","avatar":"Upload/Avatar/14194583407941.jpg","id":"14005826358213"},{"nickName":"聚AI_6045","avatar":null,"id":"14005810391877"},{"nickName":"聚AI_6045","avatar":null,"id":"13727127390021"},{"nickName":"聚AI_6047","avatar":null,"id":"13763405483077"},{"nickName":"聚AI_6046","avatar":null,"id":"13763350061253"}],"extras":null,"time":"2023-08-28T21:33:44.8169546+08:00"}
      ┗━━━━━━━━━━━  Logging Monitor ━━━━━━━━━━━
info: 2023-08-28 21:33:44.8195116 +08:00 星期一 L System.Logging.LoggingMonitor[0] #46
      [System.Private.CoreLib.dll] void System.Runtime.CompilerServices.AsyncMethodBuilderCore.Start<TStateMachine>(ref TStateMachine stateMachine)
      ┏━━━━━━━━━━━  Logging Monitor ━━━━━━━━━━━
      ┣ Admin.NET.Core.JuAI.Service.UpgradeService.GetNewst
      ┣ 
      ┣ 控制器名称：       UpgradeService
      ┣ 操作名称：         GetNewst
      ┣ 显示名称：         
      ┣ 路由信息：         [area]: ; [controller]: upgrade; [action]: newst
      ┣ 请求方式：         GET
      ┣ 请求地址：         http://localhost:5005/api/upgrade/newst
      ┣ 来源地址：         http://localhost:19991/
      ┣ 请求端源：         client
      ┣ 浏览器标识：       Mozilla/5.0 (Windows NT 10.0; Win64; x64) AppleWebKit/537.36 (KHTML, like Gecko) Chrome/116.0.0.0 Safari/537.36
      ┣ 客户端区域语言：   zh-CN,zh;q=0.9
      ┣ 客户端 IP 地址：   0.0.0.1
      ┣ 服务端 IP 地址：   0.0.0.1
      ┣ 客户端连接 ID：    00-4e4858ceecb37d877ff392307f7f717b-f1e1131fed0bb5b2-00
      ┣ 服务线程 ID：      #46
      ┣ 执行耗时：         76ms
      ┣ ━━━━━━━━━━━━━━━  Cookies ━━━━━━━━━━━━━━━
      ┣ 请求端：           
      ┣ 响应端：           
      ┣ ━━━━━━━━━━━━━━━  系统信息 ━━━━━━━━━━━━━━━
      ┣ 系统名称：         Microsoft Windows 10.0.19044
      ┣ 系统架构：         X64
      ┣ 基础框架：         Furion.Pure v4.8.8.41
      ┣ .NET 架构：        .NET 6.0.16
      ┣ ━━━━━━━━━━━━━━━  启动信息 ━━━━━━━━━━━━━━━
      ┣ 运行环境：         Production
      ┣ 启动程序集：       Admin.NET.Web.Entry
      ┣ 进程名称：         Admin.NET.Web.Entry
      ┣ 托管程序：         Kestrel
      ┣ ━━━━━━━━━━━━━━━  返回信息 ━━━━━━━━━━━━━━━
      ┣ HTTP响应状态码：   200
      ┣ 原始类型：         Admin.NET.Core.JuAI.AppUpgrade
      ┣ 最终类型：         Admin.NET.Core.AdminResult<System.Object>
      ┣ 最终返回值：       {"code":200,"type":"success","message":"","result":{"version":"2.12.3","desc":"修复聊天不显示","isForceUpdate":true,"isClearCache":true,"createOrgId":null,"createTime":"2023-08-08T22:29:38","updateTime":"2023-08-08T22:14:27","createUserId":null,"updateUserId":null,"isDelete":false,"id":"3334"},"extras":null,"time":"2023-08-28T21:33:44.8155208+08:00"}
      ┗━━━━━━━━━━━  Logging Monitor ━━━━━━━━━━━
info: 2023-08-28 21:33:44.8047251 +08:00 星期一 L System.Logging.LoggingMonitor[0] #55
      [System.Private.CoreLib.dll] void System.Runtime.CompilerServices.AsyncTaskMethodBuilder<TResult>+AsyncStateMachineBox<TStateMachine>.MoveNext(Thread threadPoolThread)
      ┏━━━━━━━━━━━  Logging Monitor ━━━━━━━━━━━
      ┣ Admin.NET.Core.JuAI.Service.SpecialService.GetNewest
      ┣ 
      ┣ 控制器名称：                SpecialService
      ┣ 操作名称：                  GetNewest
      ┣ 显示名称：                  
      ┣ 路由信息：                  [area]: ; [controller]: special; [action]: newest
      ┣ 请求方式：                  GET
      ┣ 请求地址：                  http://localhost:5005/api/special/newest?minId=
      ┣ 来源地址：                  http://localhost:19991/
      ┣ 请求端源：                  client
      ┣ 浏览器标识：                Mozilla/5.0 (Windows NT 10.0; Win64; x64) AppleWebKit/537.36 (KHTML, like Gecko) Chrome/116.0.0.0 Safari/537.36
      ┣ 客户端区域语言：            zh-CN,zh;q=0.9
      ┣ 客户端 IP 地址：            0.0.0.1
      ┣ 服务端 IP 地址：            0.0.0.1
      ┣ 客户端连接 ID：             00-0c400a59bc6f952430787d9148b22bec-0409aee67d02b235-00
      ┣ 服务线程 ID：               #47
      ┣ 执行耗时：                  61ms
      ┣ ━━━━━━━━━━━━━━━  Cookies ━━━━━━━━━━━━━━━
      ┣ 请求端：                    
      ┣ 响应端：                    
      ┣ ━━━━━━━━━━━━━━━  系统信息 ━━━━━━━━━━━━━━━
      ┣ 系统名称：                  Microsoft Windows 10.0.19044
      ┣ 系统架构：                  X64
      ┣ 基础框架：                  Furion.Pure v4.8.8.41
      ┣ .NET 架构：                 .NET 6.0.16
      ┣ ━━━━━━━━━━━━━━━  启动信息 ━━━━━━━━━━━━━━━
      ┣ 运行环境：                  Production
      ┣ 启动程序集：                Admin.NET.Web.Entry
      ┣ 进程名称：                  Admin.NET.Web.Entry
      ┣ 托管程序：                  Kestrel
      ┣ ━━━━━━━━━━━━━━━  参数列表 ━━━━━━━━━━━━━━━
      ┣ Content-Type：              
      ┣ 
      ┣ minId (Nullable`1)：        
      ┣ ━━━━━━━━━━━━━━━  返回信息 ━━━━━━━━━━━━━━━
      ┣ HTTP响应状态码：            200
      ┣ 原始类型：                  System.Threading.Tasks.Task<System.Collections.Generic.IList<Admin.NET.Core.JuAI.Service.SpecialOutput>>
      ┣ 最终类型：                  Admin.NET.Core.AdminResult<System.Object>
      ┣ 最终返回值：                {"code":200,"type":"success","message":"","result":[{"id":"141254407701223","title":"抓烂22223","text":"就螺丝扣搭街坊立刻就333333","cover":"http://filetest.guxin.link/Special/2023/08/14125440695621.jpg","coverFile":null},{"id":"141242588270232","title":"第一个抓烂","text":"就开始大家和弗兰克沙龙的开发建设离开的顺德府顺德府手动","cover":"http://filetest.guxin.link/Special/2023/08/14124258623685.jpg","coverFile":null},{"id":"141242586827023","title":"第一个抓烂","text":"就开始大家和弗兰克沙龙的开发建设离开的顺德府顺德府手动","cover":"http://filetest.guxin.link/Special/20
      ┗━━━━━━━━━━━  Logging Monitor ━━━━━━━━━━━
info: 2023-08-28 21:33:44.8168438 +08:00 星期一 L System.Logging.LoggingMonitor[0] #38
      [System.Private.CoreLib.dll] void System.Runtime.CompilerServices.AsyncTaskMethodBuilder<TResult>+AsyncStateMachineBox<TStateMachine>.MoveNext(Thread threadPoolThread)
      ┏━━━━━━━━━━━  Logging Monitor ━━━━━━━━━━━
      ┣ Admin.NET.Core.JuAI.Service.UserTokenService.GetIsQianDaoToday
      ┣ 
      ┣ 控制器名称：                   UserTokenService
      ┣ 操作名称：                     GetIsQianDaoToday
      ┣ 显示名称：                     
      ┣ 路由信息：                     [area]: ; [controller]: userToken; [action]: isQianDaoToday
      ┣ 请求方式：                     GET
      ┣ 请求地址：                     http://localhost:5005/api/userToken/isQianDaoToday
      ┣ 来源地址：                     http://localhost:19991/
      ┣ 请求端源：                     client
      ┣ 浏览器标识：                   Mozilla/5.0 (Windows NT 10.0; Win64; x64) AppleWebKit/537.36 (KHTML, like Gecko) Chrome/116.0.0.0 Safari/537.36
      ┣ 客户端区域语言：               zh-CN,zh;q=0.9
      ┣ 客户端 IP 地址：               0.0.0.1
      ┣ 服务端 IP 地址：               0.0.0.1
      ┣ 客户端连接 ID：                00-9ddf9a3ea2071344d173d0da03016f3c-fcda5ffff15fa15e-00
      ┣ 服务线程 ID：                  #45
      ┣ 执行耗时：                     63ms
      ┣ ━━━━━━━━━━━━━━━  Cookies ━━━━━━━━━━━━━━━
      ┣ 请求端：                       
      ┣ 响应端：                       
      ┣ ━━━━━━━━━━━━━━━  系统信息 ━━━━━━━━━━━━━━━
      ┣ 系统名称：                     Microsoft Windows 10.0.19044
      ┣ 系统架构：                     X64
      ┣ 基础框架：                     Furion.Pure v4.8.8.41
      ┣ .NET 架构：                    .NET 6.0.16
      ┣ ━━━━━━━━━━━━━━━  启动信息 ━━━━━━━━━━━━━━━
      ┣ 运行环境：                     Production
      ┣ 启动程序集：                   Admin.NET.Web.Entry
      ┣ 进程名称：                     Admin.NET.Web.Entry
      ┣ 托管程序：                     Kestrel
      ┣ ━━━━━━━━━━━━━━━  授权信息 ━━━━━━━━━━━━━━━
      ┣ JWT Token：                    Bearer eyJhbGciOiJIUzI1NiIsInR5cCI6IkpXVCJ9.eyJVc2VySWQiOjE0MDA1ODI2MzU4MjEzLCJUZW5hbnRJZCI6MTMwMDAwMDAwMDAwMSwiQWNjb3VudCI6IjE4NjAwNzY2MDQ1IiwiTmlja05hbWUiOiLogZpBSV82MDQ1IiwiQWNjb3VudFR5cGUiOjAsImlhdCI6MTY5MzAzNzg0NiwibmJmIjoxNjkzMDM3ODQ2LCJleHAiOjE2OTM2NDI2NDYsImlzcyI6IkFkbWluLk5FVCIsImF1ZCI6IkFkbWluLk5FVCJ9.Pt3OMLor8iLzYQfEoREoKU3AxA0Ja7UX_Q2sCCdnGEw
      ┣ 
      ┣ UserId (integer64)：           14005826358213
      ┣ TenantId (integer64)：         1300000000001
      ┣ Account (string)：             18600766045
      ┣ NickName (string)：            聚AI_6045
      ┣ AccountType (integer)：        0
      ┣ iat (integer)：                1693037846 (2023-08-26 16:17:26:0000(+08:00) 星期六 L)
      ┣ nbf (integer)：                1693037846 (2023-08-26 16:17:26:0000(+08:00) 星期六 L)
      ┣ exp (integer)：                1693642646 (2023-09-02 16:17:26:0000(+08:00) 星期六 L)
      ┣ iss (string)：                 Admin.NET
      ┣ aud (string)：                 Admin.NET
      ┣ ━━━━━━━━━━━━━━━  返回信息 ━━━━━━━━━━━━━━━
      ┣ HTTP响应状态码：               200
      ┣ 原始类型：                     System.Threading.Tasks.Task<System.Boolean>
      ┣ 最终类型：                     Admin.NET.Core.AdminResult<System.Object>
      ┣ 最终返回值：                   {"code":200,"type":"success","message":"","result":false,"extras":null,"time":"2023-08-28T21:33:44.8138321+08:00"}
      ┗━━━━━━━━━━━  Logging Monitor ━━━━━━━━━━━
info: 2023-08-28 21:33:45.0811843 +08:00 星期一 L System.Logging.LoggingMonitor[0] #55
      [System.Private.CoreLib.dll] void System.Runtime.CompilerServices.AsyncTaskMethodBuilder<TResult>+AsyncStateMachineBox<TStateMachine>.MoveNext(Thread threadPoolThread)
      ┏━━━━━━━━━━━  Logging Monitor ━━━━━━━━━━━
      ┣ Admin.NET.Core.JuAI.Service.ArticleService.GetNewest
      ┣ 
      ┣ 控制器名称：                ArticleService
      ┣ 操作名称：                  GetNewest
      ┣ 显示名称：                  
      ┣ 路由信息：                  [area]: ; [controller]: article; [action]: newest
      ┣ 请求方式：                  GET
      ┣ 请求地址：                  http://localhost:5005/api/article/newest?minId=
      ┣ 来源地址：                  http://localhost:19991/
      ┣ 请求端源：                  client
      ┣ 浏览器标识：                Mozilla/5.0 (Windows NT 10.0; Win64; x64) AppleWebKit/537.36 (KHTML, like Gecko) Chrome/116.0.0.0 Safari/537.36
      ┣ 客户端区域语言：            zh-CN,zh;q=0.9
      ┣ 客户端 IP 地址：            0.0.0.1
      ┣ 服务端 IP 地址：            0.0.0.1
      ┣ 客户端连接 ID：             00-248ede22fb9b8594a89d053c743aaeab-7fa2d712a219a0c2-00
      ┣ 服务线程 ID：               #34
      ┣ 执行耗时：                  337ms
      ┣ ━━━━━━━━━━━━━━━  Cookies ━━━━━━━━━━━━━━━
      ┣ 请求端：                    
      ┣ 响应端：                    
      ┣ ━━━━━━━━━━━━━━━  系统信息 ━━━━━━━━━━━━━━━
      ┣ 系统名称：                  Microsoft Windows 10.0.19044
      ┣ 系统架构：                  X64
      ┣ 基础框架：                  Furion.Pure v4.8.8.41
      ┣ .NET 架构：                 .NET 6.0.16
      ┣ ━━━━━━━━━━━━━━━  启动信息 ━━━━━━━━━━━━━━━
      ┣ 运行环境：                  Production
      ┣ 启动程序集：                Admin.NET.Web.Entry
      ┣ 进程名称：                  Admin.NET.Web.Entry
      ┣ 托管程序：                  Kestrel
      ┣ ━━━━━━━━━━━━━━━  参数列表 ━━━━━━━━━━━━━━━
      ┣ Content-Type：              
      ┣ 
      ┣ minId (Nullable`1)：        
      ┣ ━━━━━━━━━━━━━━━  返回信息 ━━━━━━━━━━━━━━━
      ┣ HTTP响应状态码：            200
      ┣ 原始类型：                  System.Threading.Tasks.Task<System.Collections.Generic.List<Admin.NET.Core.JuAI.Service.ArticleOutput>>
      ┣ 最终类型：                  Admin.NET.Core.AdminResult<System.Object>
      ┣ 最终返回值：                {"code":200,"type":"success","message":"","result":[{"id":"14215981060677","title":"测试一个样式试试。。哈哈","html":"<p>大量减少离开</p><blockquote>第三方顺德府阿斯顿</blockquote><hr/><p>时间快</p><pre><code class=\"language-csharp\">烦烦烦烦烦烦\r\n顺德府阿斯蒂芬\r\n哈哈哈数据库的\r\nhahhahhkjsd </code></pre><table style=\"width: auto;\"><tbody><tr><th colSpan=\"1\" rowSpan=\"1\" width=\"auto\"></th><th colSpan=\"1\" rowSpan=\"1\" width=\"auto\"></th><th colSpan=\"1\" rowSpan=\"1\" width=\"auto\"></th><th colSpan=\"1\" rowSpan=\"1\" width=\"a
      ┗━━━━━━━━━━━  Logging Monitor ━━━━━━━━━━━
info: 2023-08-28 21:33:45.1520013 +08:00 星期一 L System.Logging.LoggingMonitor[0] #38
      [System.Private.CoreLib.dll] void System.Runtime.CompilerServices.AsyncTaskMethodBuilder<TResult>+AsyncStateMachineBox<TStateMachine>.MoveNext(Thread threadPoolThread)
      ┏━━━━━━━━━━━  Logging Monitor ━━━━━━━━━━━
      ┣ Admin.NET.Core.JuAI.Service.ArticleService.GetRecommend
      ┣ 
      ┣ 控制器名称：       ArticleService
      ┣ 操作名称：         GetRecommend
      ┣ 显示名称：         
      ┣ 路由信息：         [area]: ; [controller]: article; [action]: recommend
      ┣ 请求方式：         GET
      ┣ 请求地址：         http://localhost:5005/api/article/recommend
      ┣ 来源地址：         http://localhost:19991/
      ┣ 请求端源：         client
      ┣ 浏览器标识：       Mozilla/5.0 (Windows NT 10.0; Win64; x64) AppleWebKit/537.36 (KHTML, like Gecko) Chrome/116.0.0.0 Safari/537.36
      ┣ 客户端区域语言：   zh-CN,zh;q=0.9
      ┣ 客户端 IP 地址：   0.0.0.1
      ┣ 服务端 IP 地址：   0.0.0.1
      ┣ 客户端连接 ID：    00-7cdf73e47cae540e5c444ef082a024bd-a1981ed57a588d2b-00
      ┣ 服务线程 ID：      #59
      ┣ 执行耗时：         410ms
      ┣ ━━━━━━━━━━━━━━━  Cookies ━━━━━━━━━━━━━━━
      ┣ 请求端：           
      ┣ 响应端：           
      ┣ ━━━━━━━━━━━━━━━  系统信息 ━━━━━━━━━━━━━━━
      ┣ 系统名称：         Microsoft Windows 10.0.19044
      ┣ 系统架构：         X64
      ┣ 基础框架：         Furion.Pure v4.8.8.41
      ┣ .NET 架构：        .NET 6.0.16
      ┣ ━━━━━━━━━━━━━━━  启动信息 ━━━━━━━━━━━━━━━
      ┣ 运行环境：         Production
      ┣ 启动程序集：       Admin.NET.Web.Entry
      ┣ 进程名称：         Admin.NET.Web.Entry
      ┣ 托管程序：         Kestrel
      ┣ ━━━━━━━━━━━━━━━  返回信息 ━━━━━━━━━━━━━━━
      ┣ HTTP响应状态码：   200
      ┣ 原始类型：         System.Threading.Tasks.Task<System.Collections.Generic.List<Admin.NET.Core.JuAI.Service.ArticleSiderOutput>>
      ┣ 最终类型：         Admin.NET.Core.AdminResult<System.Object>
      ┣ 最终返回值：       {"code":200,"type":"success","message":"","result":[{"id":"14215981060677","title":"测试一个样式试试。。哈哈"},{"id":"14194109678917","title":"测试第一个抓烂拉了进来"},{"id":"14127539556677","title":"两个图片测试呢。"},{"id":"14127533953093","title":"设置一下图片和视频试一试呢。。哈哈"},{"id":"14127509730629","title":"一个视频和两个图片"},{"id":"14127478756933","title":"考了几分离开的分析来看都分割"},{"id":"14127257110597","title":"测试一个视频和图片功能看好不好呀"},{"id":"14084316607813","title":"111111111111111"},{"id":"14084262750277","title":"wangEditor 粘贴从 word 复制的带图片内容的最"},{
      ┗━━━━━━━━━━━  Logging Monitor ━━━━━━━━━━━
info: 2023-08-28 21:34:31.3490558 +08:00 星期一 L System.Logging.LoggingMonitor[0] #35
      [System.Private.CoreLib.dll] void System.Runtime.CompilerServices.AsyncMethodBuilderCore.Start<TStateMachine>(ref TStateMachine stateMachine)
      ┏━━━━━━━━━━━  Logging Monitor ━━━━━━━━━━━
      ┣ Admin.NET.Core.JuAI.Service.UpgradeService.GetNewst
      ┣ 
      ┣ 控制器名称：       UpgradeService
      ┣ 操作名称：         GetNewst
      ┣ 显示名称：         
      ┣ 路由信息：         [area]: ; [controller]: upgrade; [action]: newst
      ┣ 请求方式：         GET
      ┣ 请求地址：         http://localhost:5005/api/upgrade/newst
      ┣ 来源地址：         http://localhost:19991/
      ┣ 请求端源：         client
      ┣ 浏览器标识：       Mozilla/5.0 (Windows NT 10.0; Win64; x64) AppleWebKit/537.36 (KHTML, like Gecko) Chrome/116.0.0.0 Safari/537.36
      ┣ 客户端区域语言：   zh-CN,zh;q=0.9
      ┣ 客户端 IP 地址：   0.0.0.1
      ┣ 服务端 IP 地址：   0.0.0.1
      ┣ 客户端连接 ID：    00-c327e61e7176586f88fb406b91fdbf8c-9a9d38494a221a28-00
      ┣ 服务线程 ID：      #35
      ┣ 执行耗时：         65ms
      ┣ ━━━━━━━━━━━━━━━  Cookies ━━━━━━━━━━━━━━━
      ┣ 请求端：           
      ┣ 响应端：           
      ┣ ━━━━━━━━━━━━━━━  系统信息 ━━━━━━━━━━━━━━━
      ┣ 系统名称：         Microsoft Windows 10.0.19044
      ┣ 系统架构：         X64
      ┣ 基础框架：         Furion.Pure v4.8.8.41
      ┣ .NET 架构：        .NET 6.0.16
      ┣ ━━━━━━━━━━━━━━━  启动信息 ━━━━━━━━━━━━━━━
      ┣ 运行环境：         Production
      ┣ 启动程序集：       Admin.NET.Web.Entry
      ┣ 进程名称：         Admin.NET.Web.Entry
      ┣ 托管程序：         Kestrel
      ┣ ━━━━━━━━━━━━━━━  返回信息 ━━━━━━━━━━━━━━━
      ┣ HTTP响应状态码：   200
      ┣ 原始类型：         Admin.NET.Core.JuAI.AppUpgrade
      ┣ 最终类型：         Admin.NET.Core.AdminResult<System.Object>
      ┣ 最终返回值：       {"code":200,"type":"success","message":"","result":{"version":"2.12.3","desc":"修复聊天不显示","isForceUpdate":true,"isClearCache":true,"createOrgId":null,"createTime":"2023-08-08T22:29:38","updateTime":"2023-08-08T22:14:27","createUserId":null,"updateUserId":null,"isDelete":false,"id":"3334"},"extras":null,"time":"2023-08-28T21:34:31.3470083+08:00"}
      ┗━━━━━━━━━━━  Logging Monitor ━━━━━━━━━━━
info: 2023-08-28 21:34:31.3634286 +08:00 星期一 L System.Logging.LoggingMonitor[0] #8
      [System.Private.CoreLib.dll] void System.Runtime.CompilerServices.AsyncMethodBuilderCore.Start<TStateMachine>(ref TStateMachine stateMachine)
      ┏━━━━━━━━━━━  Logging Monitor ━━━━━━━━━━━
      ┣ Admin.NET.Core.JuAI.Service.UserService.GetActiveUsers
      ┣ 
      ┣ 控制器名称：       UserService
      ┣ 操作名称：         GetActiveUsers
      ┣ 显示名称：         活跃用户
      ┣ 路由信息：         [area]: ; [controller]: user; [action]: activeUsers
      ┣ 请求方式：         GET
      ┣ 请求地址：         http://localhost:5005/api/User/ActiveUsers
      ┣ 来源地址：         http://localhost:19991/
      ┣ 请求端源：         client
      ┣ 浏览器标识：       Mozilla/5.0 (Windows NT 10.0; Win64; x64) AppleWebKit/537.36 (KHTML, like Gecko) Chrome/116.0.0.0 Safari/537.36
      ┣ 客户端区域语言：   zh-CN,zh;q=0.9
      ┣ 客户端 IP 地址：   0.0.0.1
      ┣ 服务端 IP 地址：   0.0.0.1
      ┣ 客户端连接 ID：    00-0294339bacf2c7fd4aa9d66696502efe-4c7858ae55631b65-00
      ┣ 服务线程 ID：      #8
      ┣ 执行耗时：         78ms
      ┣ ━━━━━━━━━━━━━━━  Cookies ━━━━━━━━━━━━━━━
      ┣ 请求端：           
      ┣ 响应端：           
      ┣ ━━━━━━━━━━━━━━━  系统信息 ━━━━━━━━━━━━━━━
      ┣ 系统名称：         Microsoft Windows 10.0.19044
      ┣ 系统架构：         X64
      ┣ 基础框架：         Furion.Pure v4.8.8.41
      ┣ .NET 架构：        .NET 6.0.16
      ┣ ━━━━━━━━━━━━━━━  启动信息 ━━━━━━━━━━━━━━━
      ┣ 运行环境：         Production
      ┣ 启动程序集：       Admin.NET.Web.Entry
      ┣ 进程名称：         Admin.NET.Web.Entry
      ┣ 托管程序：         Kestrel
      ┣ ━━━━━━━━━━━━━━━  返回信息 ━━━━━━━━━━━━━━━
      ┣ HTTP响应状态码：   200
      ┣ 原始类型：         System.Collections.Generic.IList<Admin.NET.Core.JuAI.Service.UserInfoOutput>
      ┣ 最终类型：         Admin.NET.Core.AdminResult<System.Object>
      ┣ 最终返回值：       {"code":200,"type":"success","message":"","result":[{"nickName":"聚AI_6045","avatar":"Upload/Avatar/14194583407941.jpg","id":"14005826358213"},{"nickName":"聚AI_6045","avatar":null,"id":"14005810391877"},{"nickName":"聚AI_6045","avatar":null,"id":"13727127390021"},{"nickName":"聚AI_6047","avatar":null,"id":"13763405483077"},{"nickName":"聚AI_6046","avatar":null,"id":"13763350061253"}],"extras":null,"time":"2023-08-28T21:34:31.3600601+08:00"}
      ┗━━━━━━━━━━━  Logging Monitor ━━━━━━━━━━━
info: 2023-08-28 21:34:31.3567559 +08:00 星期一 L System.Logging.LoggingMonitor[0] #43
      [System.Private.CoreLib.dll] void System.Runtime.CompilerServices.AsyncTaskMethodBuilder<TResult>+AsyncStateMachineBox<TStateMachine>.MoveNext(Thread threadPoolThread)
      ┏━━━━━━━━━━━  Logging Monitor ━━━━━━━━━━━
      ┣ Admin.NET.Core.JuAI.Service.SpecialService.GetNewest
      ┣ 
      ┣ 控制器名称：                SpecialService
      ┣ 操作名称：                  GetNewest
      ┣ 显示名称：                  
      ┣ 路由信息：                  [area]: ; [controller]: special; [action]: newest
      ┣ 请求方式：                  GET
      ┣ 请求地址：                  http://localhost:5005/api/special/newest?minId=
      ┣ 来源地址：                  http://localhost:19991/
      ┣ 请求端源：                  client
      ┣ 浏览器标识：                Mozilla/5.0 (Windows NT 10.0; Win64; x64) AppleWebKit/537.36 (KHTML, like Gecko) Chrome/116.0.0.0 Safari/537.36
      ┣ 客户端区域语言：            zh-CN,zh;q=0.9
      ┣ 客户端 IP 地址：            0.0.0.1
      ┣ 服务端 IP 地址：            0.0.0.1
      ┣ 客户端连接 ID：             00-20b23985fcb70ae7648b7f209d1028a3-330500fc7da0cbe8-00
      ┣ 服务线程 ID：               #54
      ┣ 执行耗时：                  72ms
      ┣ ━━━━━━━━━━━━━━━  Cookies ━━━━━━━━━━━━━━━
      ┣ 请求端：                    
      ┣ 响应端：                    
      ┣ ━━━━━━━━━━━━━━━  系统信息 ━━━━━━━━━━━━━━━
      ┣ 系统名称：                  Microsoft Windows 10.0.19044
      ┣ 系统架构：                  X64
      ┣ 基础框架：                  Furion.Pure v4.8.8.41
      ┣ .NET 架构：                 .NET 6.0.16
      ┣ ━━━━━━━━━━━━━━━  启动信息 ━━━━━━━━━━━━━━━
      ┣ 运行环境：                  Production
      ┣ 启动程序集：                Admin.NET.Web.Entry
      ┣ 进程名称：                  Admin.NET.Web.Entry
      ┣ 托管程序：                  Kestrel
      ┣ ━━━━━━━━━━━━━━━  参数列表 ━━━━━━━━━━━━━━━
      ┣ Content-Type：              
      ┣ 
      ┣ minId (Nullable`1)：        
      ┣ ━━━━━━━━━━━━━━━  返回信息 ━━━━━━━━━━━━━━━
      ┣ HTTP响应状态码：            200
      ┣ 原始类型：                  System.Threading.Tasks.Task<System.Collections.Generic.IList<Admin.NET.Core.JuAI.Service.SpecialOutput>>
      ┣ 最终类型：                  Admin.NET.Core.AdminResult<System.Object>
      ┣ 最终返回值：                {"code":200,"type":"success","message":"","result":[{"id":"141254407701223","title":"抓烂22223","text":"就螺丝扣搭街坊立刻就333333","cover":"http://filetest.guxin.link/Special/2023/08/14125440695621.jpg","coverFile":null},{"id":"141242588270232","title":"第一个抓烂","text":"就开始大家和弗兰克沙龙的开发建设离开的顺德府顺德府手动","cover":"http://filetest.guxin.link/Special/2023/08/14124258623685.jpg","coverFile":null},{"id":"141242586827023","title":"第一个抓烂","text":"就开始大家和弗兰克沙龙的开发建设离开的顺德府顺德府手动","cover":"http://filetest.guxin.link/Special/20
      ┗━━━━━━━━━━━  Logging Monitor ━━━━━━━━━━━
info: 2023-08-28 21:34:31.3664849 +08:00 星期一 L System.Logging.LoggingMonitor[0] #60
      [System.Private.CoreLib.dll] void System.Runtime.CompilerServices.AsyncTaskMethodBuilder<TResult>+AsyncStateMachineBox<TStateMachine>.MoveNext(Thread threadPoolThread)
      ┏━━━━━━━━━━━  Logging Monitor ━━━━━━━━━━━
      ┣ Admin.NET.Core.JuAI.Service.UserTokenService.GetIsQianDaoToday
      ┣ 
      ┣ 控制器名称：                   UserTokenService
      ┣ 操作名称：                     GetIsQianDaoToday
      ┣ 显示名称：                     
      ┣ 路由信息：                     [area]: ; [controller]: userToken; [action]: isQianDaoToday
      ┣ 请求方式：                     GET
      ┣ 请求地址：                     http://localhost:5005/api/userToken/isQianDaoToday
      ┣ 来源地址：                     http://localhost:19991/
      ┣ 请求端源：                     client
      ┣ 浏览器标识：                   Mozilla/5.0 (Windows NT 10.0; Win64; x64) AppleWebKit/537.36 (KHTML, like Gecko) Chrome/116.0.0.0 Safari/537.36
      ┣ 客户端区域语言：               zh-CN,zh;q=0.9
      ┣ 客户端 IP 地址：               0.0.0.1
      ┣ 服务端 IP 地址：               0.0.0.1
      ┣ 客户端连接 ID：                00-8012c24a55b3a4fd7a60dca2f5c9bb4d-b30dc406f645cbb4-00
      ┣ 服务线程 ID：                  #21
      ┣ 执行耗时：                     67ms
      ┣ ━━━━━━━━━━━━━━━  Cookies ━━━━━━━━━━━━━━━
      ┣ 请求端：                       
      ┣ 响应端：                       
      ┣ ━━━━━━━━━━━━━━━  系统信息 ━━━━━━━━━━━━━━━
      ┣ 系统名称：                     Microsoft Windows 10.0.19044
      ┣ 系统架构：                     X64
      ┣ 基础框架：                     Furion.Pure v4.8.8.41
      ┣ .NET 架构：                    .NET 6.0.16
      ┣ ━━━━━━━━━━━━━━━  启动信息 ━━━━━━━━━━━━━━━
      ┣ 运行环境：                     Production
      ┣ 启动程序集：                   Admin.NET.Web.Entry
      ┣ 进程名称：                     Admin.NET.Web.Entry
      ┣ 托管程序：                     Kestrel
      ┣ ━━━━━━━━━━━━━━━  授权信息 ━━━━━━━━━━━━━━━
      ┣ JWT Token：                    Bearer eyJhbGciOiJIUzI1NiIsInR5cCI6IkpXVCJ9.eyJVc2VySWQiOjE0MDA1ODI2MzU4MjEzLCJUZW5hbnRJZCI6MTMwMDAwMDAwMDAwMSwiQWNjb3VudCI6IjE4NjAwNzY2MDQ1IiwiTmlja05hbWUiOiLogZpBSV82MDQ1IiwiQWNjb3VudFR5cGUiOjAsImlhdCI6MTY5MzAzNzg0NiwibmJmIjoxNjkzMDM3ODQ2LCJleHAiOjE2OTM2NDI2NDYsImlzcyI6IkFkbWluLk5FVCIsImF1ZCI6IkFkbWluLk5FVCJ9.Pt3OMLor8iLzYQfEoREoKU3AxA0Ja7UX_Q2sCCdnGEw
      ┣ 
      ┣ UserId (integer64)：           14005826358213
      ┣ TenantId (integer64)：         1300000000001
      ┣ Account (string)：             18600766045
      ┣ NickName (string)：            聚AI_6045
      ┣ AccountType (integer)：        0
      ┣ iat (integer)：                1693037846 (2023-08-26 16:17:26:0000(+08:00) 星期六 L)
      ┣ nbf (integer)：                1693037846 (2023-08-26 16:17:26:0000(+08:00) 星期六 L)
      ┣ exp (integer)：                1693642646 (2023-09-02 16:17:26:0000(+08:00) 星期六 L)
      ┣ iss (string)：                 Admin.NET
      ┣ aud (string)：                 Admin.NET
      ┣ ━━━━━━━━━━━━━━━  返回信息 ━━━━━━━━━━━━━━━
      ┣ HTTP响应状态码：               200
      ┣ 原始类型：                     System.Threading.Tasks.Task<System.Boolean>
      ┣ 最终类型：                     Admin.NET.Core.AdminResult<System.Object>
      ┣ 最终返回值：                   {"code":200,"type":"success","message":"","result":false,"extras":null,"time":"2023-08-28T21:34:31.3620084+08:00"}
      ┗━━━━━━━━━━━  Logging Monitor ━━━━━━━━━━━
info: 2023-08-28 21:34:31.5814718 +08:00 星期一 L System.Logging.LoggingMonitor[0] #60
      [System.Private.CoreLib.dll] void System.Runtime.CompilerServices.AsyncTaskMethodBuilder<TResult>+AsyncStateMachineBox<TStateMachine>.MoveNext(Thread threadPoolThread)
      ┏━━━━━━━━━━━  Logging Monitor ━━━━━━━━━━━
      ┣ Admin.NET.Core.JuAI.Service.ArticleService.GetNewest
      ┣ 
      ┣ 控制器名称：                ArticleService
      ┣ 操作名称：                  GetNewest
      ┣ 显示名称：                  
      ┣ 路由信息：                  [area]: ; [controller]: article; [action]: newest
      ┣ 请求方式：                  GET
      ┣ 请求地址：                  http://localhost:5005/api/article/newest?minId=
      ┣ 来源地址：                  http://localhost:19991/
      ┣ 请求端源：                  client
      ┣ 浏览器标识：                Mozilla/5.0 (Windows NT 10.0; Win64; x64) AppleWebKit/537.36 (KHTML, like Gecko) Chrome/116.0.0.0 Safari/537.36
      ┣ 客户端区域语言：            zh-CN,zh;q=0.9
      ┣ 客户端 IP 地址：            0.0.0.1
      ┣ 服务端 IP 地址：            0.0.0.1
      ┣ 客户端连接 ID：             00-258ed237932ccac542467dc1a880b399-cda2cd61b7da1b95-00
      ┣ 服务线程 ID：               #49
      ┣ 执行耗时：                  297ms
      ┣ ━━━━━━━━━━━━━━━  Cookies ━━━━━━━━━━━━━━━
      ┣ 请求端：                    
      ┣ 响应端：                    
      ┣ ━━━━━━━━━━━━━━━  系统信息 ━━━━━━━━━━━━━━━
      ┣ 系统名称：                  Microsoft Windows 10.0.19044
      ┣ 系统架构：                  X64
      ┣ 基础框架：                  Furion.Pure v4.8.8.41
      ┣ .NET 架构：                 .NET 6.0.16
      ┣ ━━━━━━━━━━━━━━━  启动信息 ━━━━━━━━━━━━━━━
      ┣ 运行环境：                  Production
      ┣ 启动程序集：                Admin.NET.Web.Entry
      ┣ 进程名称：                  Admin.NET.Web.Entry
      ┣ 托管程序：                  Kestrel
      ┣ ━━━━━━━━━━━━━━━  参数列表 ━━━━━━━━━━━━━━━
      ┣ Content-Type：              
      ┣ 
      ┣ minId (Nullable`1)：        
      ┣ ━━━━━━━━━━━━━━━  返回信息 ━━━━━━━━━━━━━━━
      ┣ HTTP响应状态码：            200
      ┣ 原始类型：                  System.Threading.Tasks.Task<System.Collections.Generic.List<Admin.NET.Core.JuAI.Service.ArticleOutput>>
      ┣ 最终类型：                  Admin.NET.Core.AdminResult<System.Object>
      ┣ 最终返回值：                {"code":200,"type":"success","message":"","result":[{"id":"14215981060677","title":"测试一个样式试试。。哈哈","html":"<p>大量减少离开</p><blockquote>第三方顺德府阿斯顿</blockquote><hr/><p>时间快</p><pre><code class=\"language-csharp\">烦烦烦烦烦烦\r\n顺德府阿斯蒂芬\r\n哈哈哈数据库的\r\nhahhahhkjsd </code></pre><table style=\"width: auto;\"><tbody><tr><th colSpan=\"1\" rowSpan=\"1\" width=\"auto\"></th><th colSpan=\"1\" rowSpan=\"1\" width=\"auto\"></th><th colSpan=\"1\" rowSpan=\"1\" width=\"auto\"></th><th colSpan=\"1\" rowSpan=\"1\" width=\"a
      ┗━━━━━━━━━━━  Logging Monitor ━━━━━━━━━━━
info: 2023-08-28 21:34:31.6315370 +08:00 星期一 L System.Logging.LoggingMonitor[0] #43
      [System.Private.CoreLib.dll] void System.Runtime.CompilerServices.AsyncTaskMethodBuilder<TResult>+AsyncStateMachineBox<TStateMachine>.MoveNext(Thread threadPoolThread)
      ┏━━━━━━━━━━━  Logging Monitor ━━━━━━━━━━━
      ┣ Admin.NET.Core.JuAI.Service.ArticleService.GetRecommend
      ┣ 
      ┣ 控制器名称：       ArticleService
      ┣ 操作名称：         GetRecommend
      ┣ 显示名称：         
      ┣ 路由信息：         [area]: ; [controller]: article; [action]: recommend
      ┣ 请求方式：         GET
      ┣ 请求地址：         http://localhost:5005/api/article/recommend
      ┣ 来源地址：         http://localhost:19991/
      ┣ 请求端源：         client
      ┣ 浏览器标识：       Mozilla/5.0 (Windows NT 10.0; Win64; x64) AppleWebKit/537.36 (KHTML, like Gecko) Chrome/116.0.0.0 Safari/537.36
      ┣ 客户端区域语言：   zh-CN,zh;q=0.9
      ┣ 客户端 IP 地址：   0.0.0.1
      ┣ 服务端 IP 地址：   0.0.0.1
      ┣ 客户端连接 ID：    00-b5d124b48e7ca6be4f4e7ed11c67b954-2b774db9a4ca8c24-00
      ┣ 服务线程 ID：      #59
      ┣ 执行耗时：         343ms
      ┣ ━━━━━━━━━━━━━━━  Cookies ━━━━━━━━━━━━━━━
      ┣ 请求端：           
      ┣ 响应端：           
      ┣ ━━━━━━━━━━━━━━━  系统信息 ━━━━━━━━━━━━━━━
      ┣ 系统名称：         Microsoft Windows 10.0.19044
      ┣ 系统架构：         X64
      ┣ 基础框架：         Furion.Pure v4.8.8.41
      ┣ .NET 架构：        .NET 6.0.16
      ┣ ━━━━━━━━━━━━━━━  启动信息 ━━━━━━━━━━━━━━━
      ┣ 运行环境：         Production
      ┣ 启动程序集：       Admin.NET.Web.Entry
      ┣ 进程名称：         Admin.NET.Web.Entry
      ┣ 托管程序：         Kestrel
      ┣ ━━━━━━━━━━━━━━━  返回信息 ━━━━━━━━━━━━━━━
      ┣ HTTP响应状态码：   200
      ┣ 原始类型：         System.Threading.Tasks.Task<System.Collections.Generic.List<Admin.NET.Core.JuAI.Service.ArticleSiderOutput>>
      ┣ 最终类型：         Admin.NET.Core.AdminResult<System.Object>
      ┣ 最终返回值：       {"code":200,"type":"success","message":"","result":[{"id":"14215981060677","title":"测试一个样式试试。。哈哈"},{"id":"14194109678917","title":"测试第一个抓烂拉了进来"},{"id":"14127539556677","title":"两个图片测试呢。"},{"id":"14127533953093","title":"设置一下图片和视频试一试呢。。哈哈"},{"id":"14127509730629","title":"一个视频和两个图片"},{"id":"14127478756933","title":"考了几分离开的分析来看都分割"},{"id":"14127257110597","title":"测试一个视频和图片功能看好不好呀"},{"id":"14084316607813","title":"111111111111111"},{"id":"14084262750277","title":"wangEditor 粘贴从 word 复制的带图片内容的最"},{
      ┗━━━━━━━━━━━  Logging Monitor ━━━━━━━━━━━
info: 2023-08-28 21:36:31.5655770 +08:00 星期一 L System.Logging.LoggingMonitor[0] #47
      [System.Private.CoreLib.dll] void System.Runtime.CompilerServices.AsyncMethodBuilderCore.Start<TStateMachine>(ref TStateMachine stateMachine)
      ┏━━━━━━━━━━━  Logging Monitor ━━━━━━━━━━━
      ┣ Admin.NET.Core.JuAI.Service.UpgradeService.GetNewst
      ┣ 
      ┣ 控制器名称：       UpgradeService
      ┣ 操作名称：         GetNewst
      ┣ 显示名称：         
      ┣ 路由信息：         [area]: ; [controller]: upgrade; [action]: newst
      ┣ 请求方式：         GET
      ┣ 请求地址：         http://localhost:5005/api/upgrade/newst
      ┣ 来源地址：         http://localhost:19991/
      ┣ 请求端源：         client
      ┣ 浏览器标识：       Mozilla/5.0 (Windows NT 10.0; Win64; x64) AppleWebKit/537.36 (KHTML, like Gecko) Chrome/116.0.0.0 Safari/537.36
      ┣ 客户端区域语言：   zh-CN,zh;q=0.9
      ┣ 客户端 IP 地址：   0.0.0.1
      ┣ 服务端 IP 地址：   0.0.0.1
      ┣ 客户端连接 ID：    00-643e820185aecfb681c58422529775b3-9bc49c364aa6bd9e-00
      ┣ 服务线程 ID：      #47
      ┣ 执行耗时：         62ms
      ┣ ━━━━━━━━━━━━━━━  Cookies ━━━━━━━━━━━━━━━
      ┣ 请求端：           
      ┣ 响应端：           
      ┣ ━━━━━━━━━━━━━━━  系统信息 ━━━━━━━━━━━━━━━
      ┣ 系统名称：         Microsoft Windows 10.0.19044
      ┣ 系统架构：         X64
      ┣ 基础框架：         Furion.Pure v4.8.8.41
      ┣ .NET 架构：        .NET 6.0.16
      ┣ ━━━━━━━━━━━━━━━  启动信息 ━━━━━━━━━━━━━━━
      ┣ 运行环境：         Production
      ┣ 启动程序集：       Admin.NET.Web.Entry
      ┣ 进程名称：         Admin.NET.Web.Entry
      ┣ 托管程序：         Kestrel
      ┣ ━━━━━━━━━━━━━━━  返回信息 ━━━━━━━━━━━━━━━
      ┣ HTTP响应状态码：   200
      ┣ 原始类型：         Admin.NET.Core.JuAI.AppUpgrade
      ┣ 最终类型：         Admin.NET.Core.AdminResult<System.Object>
      ┣ 最终返回值：       {"code":200,"type":"success","message":"","result":{"version":"2.12.3","desc":"修复聊天不显示","isForceUpdate":true,"isClearCache":true,"createOrgId":null,"createTime":"2023-08-08T22:29:38","updateTime":"2023-08-08T22:14:27","createUserId":null,"updateUserId":null,"isDelete":false,"id":"3334"},"extras":null,"time":"2023-08-28T21:36:31.5616929+08:00"}
      ┗━━━━━━━━━━━  Logging Monitor ━━━━━━━━━━━
info: 2023-08-28 21:36:31.5790997 +08:00 星期一 L System.Logging.LoggingMonitor[0] #59
      [System.Private.CoreLib.dll] void System.Runtime.CompilerServices.AsyncMethodBuilderCore.Start<TStateMachine>(ref TStateMachine stateMachine)
      ┏━━━━━━━━━━━  Logging Monitor ━━━━━━━━━━━
      ┣ Admin.NET.Core.JuAI.Service.UserService.GetActiveUsers
      ┣ 
      ┣ 控制器名称：       UserService
      ┣ 操作名称：         GetActiveUsers
      ┣ 显示名称：         活跃用户
      ┣ 路由信息：         [area]: ; [controller]: user; [action]: activeUsers
      ┣ 请求方式：         GET
      ┣ 请求地址：         http://localhost:5005/api/User/ActiveUsers
      ┣ 来源地址：         http://localhost:19991/
      ┣ 请求端源：         client
      ┣ 浏览器标识：       Mozilla/5.0 (Windows NT 10.0; Win64; x64) AppleWebKit/537.36 (KHTML, like Gecko) Chrome/116.0.0.0 Safari/537.36
      ┣ 客户端区域语言：   zh-CN,zh;q=0.9
      ┣ 客户端 IP 地址：   0.0.0.1
      ┣ 服务端 IP 地址：   0.0.0.1
      ┣ 客户端连接 ID：    00-96e0299af2c83bfa544e4f5cb47d2c63-12575f8444c30eea-00
      ┣ 服务线程 ID：      #59
      ┣ 执行耗时：         76ms
      ┣ ━━━━━━━━━━━━━━━  Cookies ━━━━━━━━━━━━━━━
      ┣ 请求端：           
      ┣ 响应端：           
      ┣ ━━━━━━━━━━━━━━━  系统信息 ━━━━━━━━━━━━━━━
      ┣ 系统名称：         Microsoft Windows 10.0.19044
      ┣ 系统架构：         X64
      ┣ 基础框架：         Furion.Pure v4.8.8.41
      ┣ .NET 架构：        .NET 6.0.16
      ┣ ━━━━━━━━━━━━━━━  启动信息 ━━━━━━━━━━━━━━━
      ┣ 运行环境：         Production
      ┣ 启动程序集：       Admin.NET.Web.Entry
      ┣ 进程名称：         Admin.NET.Web.Entry
      ┣ 托管程序：         Kestrel
      ┣ ━━━━━━━━━━━━━━━  返回信息 ━━━━━━━━━━━━━━━
      ┣ HTTP响应状态码：   200
      ┣ 原始类型：         System.Collections.Generic.IList<Admin.NET.Core.JuAI.Service.UserInfoOutput>
      ┣ 最终类型：         Admin.NET.Core.AdminResult<System.Object>
      ┣ 最终返回值：       {"code":200,"type":"success","message":"","result":[{"nickName":"聚AI_6045","avatar":"Upload/Avatar/14194583407941.jpg","id":"14005826358213"},{"nickName":"聚AI_6045","avatar":null,"id":"14005810391877"},{"nickName":"聚AI_6045","avatar":null,"id":"13727127390021"},{"nickName":"聚AI_6047","avatar":null,"id":"13763405483077"},{"nickName":"聚AI_6046","avatar":null,"id":"13763350061253"}],"extras":null,"time":"2023-08-28T21:36:31.5752799+08:00"}
      ┗━━━━━━━━━━━  Logging Monitor ━━━━━━━━━━━
info: 2023-08-28 21:36:31.5644829 +08:00 星期一 L System.Logging.LoggingMonitor[0] #34
      [System.Private.CoreLib.dll] void System.Runtime.CompilerServices.AsyncTaskMethodBuilder<TResult>+AsyncStateMachineBox<TStateMachine>.MoveNext(Thread threadPoolThread)
      ┏━━━━━━━━━━━  Logging Monitor ━━━━━━━━━━━
      ┣ Admin.NET.Core.JuAI.Service.SpecialService.GetNewest
      ┣ 
      ┣ 控制器名称：                SpecialService
      ┣ 操作名称：                  GetNewest
      ┣ 显示名称：                  
      ┣ 路由信息：                  [area]: ; [controller]: special; [action]: newest
      ┣ 请求方式：                  GET
      ┣ 请求地址：                  http://localhost:5005/api/special/newest?minId=
      ┣ 来源地址：                  http://localhost:19991/
      ┣ 请求端源：                  client
      ┣ 浏览器标识：                Mozilla/5.0 (Windows NT 10.0; Win64; x64) AppleWebKit/537.36 (KHTML, like Gecko) Chrome/116.0.0.0 Safari/537.36
      ┣ 客户端区域语言：            zh-CN,zh;q=0.9
      ┣ 客户端 IP 地址：            0.0.0.1
      ┣ 服务端 IP 地址：            0.0.0.1
      ┣ 客户端连接 ID：             00-a35fbd1896297416270def949f30ab58-d833322bf0375ae8-00
      ┣ 服务线程 ID：               #21
      ┣ 执行耗时：                  62ms
      ┣ ━━━━━━━━━━━━━━━  Cookies ━━━━━━━━━━━━━━━
      ┣ 请求端：                    
      ┣ 响应端：                    
      ┣ ━━━━━━━━━━━━━━━  系统信息 ━━━━━━━━━━━━━━━
      ┣ 系统名称：                  Microsoft Windows 10.0.19044
      ┣ 系统架构：                  X64
      ┣ 基础框架：                  Furion.Pure v4.8.8.41
      ┣ .NET 架构：                 .NET 6.0.16
      ┣ ━━━━━━━━━━━━━━━  启动信息 ━━━━━━━━━━━━━━━
      ┣ 运行环境：                  Production
      ┣ 启动程序集：                Admin.NET.Web.Entry
      ┣ 进程名称：                  Admin.NET.Web.Entry
      ┣ 托管程序：                  Kestrel
      ┣ ━━━━━━━━━━━━━━━  参数列表 ━━━━━━━━━━━━━━━
      ┣ Content-Type：              
      ┣ 
      ┣ minId (Nullable`1)：        
      ┣ ━━━━━━━━━━━━━━━  返回信息 ━━━━━━━━━━━━━━━
      ┣ HTTP响应状态码：            200
      ┣ 原始类型：                  System.Threading.Tasks.Task<System.Collections.Generic.IList<Admin.NET.Core.JuAI.Service.SpecialOutput>>
      ┣ 最终类型：                  Admin.NET.Core.AdminResult<System.Object>
      ┣ 最终返回值：                {"code":200,"type":"success","message":"","result":[{"id":"141254407701223","title":"抓烂22223","text":"就螺丝扣搭街坊立刻就333333","cover":"http://filetest.guxin.link/Special/2023/08/14125440695621.jpg","coverFile":null},{"id":"141242588270232","title":"第一个抓烂","text":"就开始大家和弗兰克沙龙的开发建设离开的顺德府顺德府手动","cover":"http://filetest.guxin.link/Special/2023/08/14124258623685.jpg","coverFile":null},{"id":"141242586827023","title":"第一个抓烂","text":"就开始大家和弗兰克沙龙的开发建设离开的顺德府顺德府手动","cover":"http://filetest.guxin.link/Special/20
      ┗━━━━━━━━━━━  Logging Monitor ━━━━━━━━━━━
info: 2023-08-28 21:36:31.5740212 +08:00 星期一 L System.Logging.LoggingMonitor[0] #29
      [System.Private.CoreLib.dll] void System.Runtime.CompilerServices.AsyncTaskMethodBuilder<TResult>+AsyncStateMachineBox<TStateMachine>.MoveNext(Thread threadPoolThread)
      ┏━━━━━━━━━━━  Logging Monitor ━━━━━━━━━━━
      ┣ Admin.NET.Core.JuAI.Service.UserTokenService.GetIsQianDaoToday
      ┣ 
      ┣ 控制器名称：                   UserTokenService
      ┣ 操作名称：                     GetIsQianDaoToday
      ┣ 显示名称：                     
      ┣ 路由信息：                     [area]: ; [controller]: userToken; [action]: isQianDaoToday
      ┣ 请求方式：                     GET
      ┣ 请求地址：                     http://localhost:5005/api/userToken/isQianDaoToday
      ┣ 来源地址：                     http://localhost:19991/
      ┣ 请求端源：                     client
      ┣ 浏览器标识：                   Mozilla/5.0 (Windows NT 10.0; Win64; x64) AppleWebKit/537.36 (KHTML, like Gecko) Chrome/116.0.0.0 Safari/537.36
      ┣ 客户端区域语言：               zh-CN,zh;q=0.9
      ┣ 客户端 IP 地址：               0.0.0.1
      ┣ 服务端 IP 地址：               0.0.0.1
      ┣ 客户端连接 ID：                00-950546735ff790d5f1ded428eebd2a61-a2059afd9ad51f47-00
      ┣ 服务线程 ID：                  #54
      ┣ 执行耗时：                     59ms
      ┣ ━━━━━━━━━━━━━━━  Cookies ━━━━━━━━━━━━━━━
      ┣ 请求端：                       
      ┣ 响应端：                       
      ┣ ━━━━━━━━━━━━━━━  系统信息 ━━━━━━━━━━━━━━━
      ┣ 系统名称：                     Microsoft Windows 10.0.19044
      ┣ 系统架构：                     X64
      ┣ 基础框架：                     Furion.Pure v4.8.8.41
      ┣ .NET 架构：                    .NET 6.0.16
      ┣ ━━━━━━━━━━━━━━━  启动信息 ━━━━━━━━━━━━━━━
      ┣ 运行环境：                     Production
      ┣ 启动程序集：                   Admin.NET.Web.Entry
      ┣ 进程名称：                     Admin.NET.Web.Entry
      ┣ 托管程序：                     Kestrel
      ┣ ━━━━━━━━━━━━━━━  授权信息 ━━━━━━━━━━━━━━━
      ┣ JWT Token：                    Bearer eyJhbGciOiJIUzI1NiIsInR5cCI6IkpXVCJ9.eyJVc2VySWQiOjE0MDA1ODI2MzU4MjEzLCJUZW5hbnRJZCI6MTMwMDAwMDAwMDAwMSwiQWNjb3VudCI6IjE4NjAwNzY2MDQ1IiwiTmlja05hbWUiOiLogZpBSV82MDQ1IiwiQWNjb3VudFR5cGUiOjAsImlhdCI6MTY5MzAzNzg0NiwibmJmIjoxNjkzMDM3ODQ2LCJleHAiOjE2OTM2NDI2NDYsImlzcyI6IkFkbWluLk5FVCIsImF1ZCI6IkFkbWluLk5FVCJ9.Pt3OMLor8iLzYQfEoREoKU3AxA0Ja7UX_Q2sCCdnGEw
      ┣ 
      ┣ UserId (integer64)：           14005826358213
      ┣ TenantId (integer64)：         1300000000001
      ┣ Account (string)：             18600766045
      ┣ NickName (string)：            聚AI_6045
      ┣ AccountType (integer)：        0
      ┣ iat (integer)：                1693037846 (2023-08-26 16:17:26:0000(+08:00) 星期六 L)
      ┣ nbf (integer)：                1693037846 (2023-08-26 16:17:26:0000(+08:00) 星期六 L)
      ┣ exp (integer)：                1693642646 (2023-09-02 16:17:26:0000(+08:00) 星期六 L)
      ┣ iss (string)：                 Admin.NET
      ┣ aud (string)：                 Admin.NET
      ┣ ━━━━━━━━━━━━━━━  返回信息 ━━━━━━━━━━━━━━━
      ┣ HTTP响应状态码：               200
      ┣ 原始类型：                     System.Threading.Tasks.Task<System.Boolean>
      ┣ 最终类型：                     Admin.NET.Core.AdminResult<System.Object>
      ┣ 最终返回值：                   {"code":200,"type":"success","message":"","result":false,"extras":null,"time":"2023-08-28T21:36:31.5709121+08:00"}
      ┗━━━━━━━━━━━  Logging Monitor ━━━━━━━━━━━
info: 2023-08-28 21:36:31.7302749 +08:00 星期一 L System.Logging.LoggingMonitor[0] #34
      [System.Private.CoreLib.dll] void System.Runtime.CompilerServices.AsyncTaskMethodBuilder<TResult>+AsyncStateMachineBox<TStateMachine>.MoveNext(Thread threadPoolThread)
      ┏━━━━━━━━━━━  Logging Monitor ━━━━━━━━━━━
      ┣ Admin.NET.Core.JuAI.Service.ArticleService.GetNewest
      ┣ 
      ┣ 控制器名称：                ArticleService
      ┣ 操作名称：                  GetNewest
      ┣ 显示名称：                  
      ┣ 路由信息：                  [area]: ; [controller]: article; [action]: newest
      ┣ 请求方式：                  GET
      ┣ 请求地址：                  http://localhost:5005/api/article/newest?minId=
      ┣ 来源地址：                  http://localhost:19991/
      ┣ 请求端源：                  client
      ┣ 浏览器标识：                Mozilla/5.0 (Windows NT 10.0; Win64; x64) AppleWebKit/537.36 (KHTML, like Gecko) Chrome/116.0.0.0 Safari/537.36
      ┣ 客户端区域语言：            zh-CN,zh;q=0.9
      ┣ 客户端 IP 地址：            0.0.0.1
      ┣ 服务端 IP 地址：            0.0.0.1
      ┣ 客户端连接 ID：             00-bd60979ba5280402bc4b2f6f11ea7897-768035103d1c8f09-00
      ┣ 服务线程 ID：               #28
      ┣ 执行耗时：                  227ms
      ┣ ━━━━━━━━━━━━━━━  Cookies ━━━━━━━━━━━━━━━
      ┣ 请求端：                    
      ┣ 响应端：                    
      ┣ ━━━━━━━━━━━━━━━  系统信息 ━━━━━━━━━━━━━━━
      ┣ 系统名称：                  Microsoft Windows 10.0.19044
      ┣ 系统架构：                  X64
      ┣ 基础框架：                  Furion.Pure v4.8.8.41
      ┣ .NET 架构：                 .NET 6.0.16
      ┣ ━━━━━━━━━━━━━━━  启动信息 ━━━━━━━━━━━━━━━
      ┣ 运行环境：                  Production
      ┣ 启动程序集：                Admin.NET.Web.Entry
      ┣ 进程名称：                  Admin.NET.Web.Entry
      ┣ 托管程序：                  Kestrel
      ┣ ━━━━━━━━━━━━━━━  参数列表 ━━━━━━━━━━━━━━━
      ┣ Content-Type：              
      ┣ 
      ┣ minId (Nullable`1)：        
      ┣ ━━━━━━━━━━━━━━━  返回信息 ━━━━━━━━━━━━━━━
      ┣ HTTP响应状态码：            200
      ┣ 原始类型：                  System.Threading.Tasks.Task<System.Collections.Generic.List<Admin.NET.Core.JuAI.Service.ArticleOutput>>
      ┣ 最终类型：                  Admin.NET.Core.AdminResult<System.Object>
      ┣ 最终返回值：                {"code":200,"type":"success","message":"","result":[{"id":"14215981060677","title":"测试一个样式试试。。哈哈","html":"<p>大量减少离开</p><blockquote>第三方顺德府阿斯顿</blockquote><hr/><p>时间快</p><pre><code class=\"language-csharp\">烦烦烦烦烦烦\r\n顺德府阿斯蒂芬\r\n哈哈哈数据库的\r\nhahhahhkjsd </code></pre><table style=\"width: auto;\"><tbody><tr><th colSpan=\"1\" rowSpan=\"1\" width=\"auto\"></th><th colSpan=\"1\" rowSpan=\"1\" width=\"auto\"></th><th colSpan=\"1\" rowSpan=\"1\" width=\"auto\"></th><th colSpan=\"1\" rowSpan=\"1\" width=\"a
      ┗━━━━━━━━━━━  Logging Monitor ━━━━━━━━━━━
info: 2023-08-28 21:36:31.9166631 +08:00 星期一 L System.Logging.LoggingMonitor[0] #29
      [System.Private.CoreLib.dll] void System.Runtime.CompilerServices.AsyncTaskMethodBuilder<TResult>+AsyncStateMachineBox<TStateMachine>.MoveNext(Thread threadPoolThread)
      ┏━━━━━━━━━━━  Logging Monitor ━━━━━━━━━━━
      ┣ Admin.NET.Core.JuAI.Service.ArticleService.GetRecommend
      ┣ 
      ┣ 控制器名称：       ArticleService
      ┣ 操作名称：         GetRecommend
      ┣ 显示名称：         
      ┣ 路由信息：         [area]: ; [controller]: article; [action]: recommend
      ┣ 请求方式：         GET
      ┣ 请求地址：         http://localhost:5005/api/article/recommend
      ┣ 来源地址：         http://localhost:19991/
      ┣ 请求端源：         client
      ┣ 浏览器标识：       Mozilla/5.0 (Windows NT 10.0; Win64; x64) AppleWebKit/537.36 (KHTML, like Gecko) Chrome/116.0.0.0 Safari/537.36
      ┣ 客户端区域语言：   zh-CN,zh;q=0.9
      ┣ 客户端 IP 地址：   0.0.0.1
      ┣ 服务端 IP 地址：   0.0.0.1
      ┣ 客户端连接 ID：    00-d8b39d6af6b93dfc2fd79fb942186605-61aaea9401829cdf-00
      ┣ 服务线程 ID：      #52
      ┣ 执行耗时：         413ms
      ┣ ━━━━━━━━━━━━━━━  Cookies ━━━━━━━━━━━━━━━
      ┣ 请求端：           
      ┣ 响应端：           
      ┣ ━━━━━━━━━━━━━━━  系统信息 ━━━━━━━━━━━━━━━
      ┣ 系统名称：         Microsoft Windows 10.0.19044
      ┣ 系统架构：         X64
      ┣ 基础框架：         Furion.Pure v4.8.8.41
      ┣ .NET 架构：        .NET 6.0.16
      ┣ ━━━━━━━━━━━━━━━  启动信息 ━━━━━━━━━━━━━━━
      ┣ 运行环境：         Production
      ┣ 启动程序集：       Admin.NET.Web.Entry
      ┣ 进程名称：         Admin.NET.Web.Entry
      ┣ 托管程序：         Kestrel
      ┣ ━━━━━━━━━━━━━━━  返回信息 ━━━━━━━━━━━━━━━
      ┣ HTTP响应状态码：   200
      ┣ 原始类型：         System.Threading.Tasks.Task<System.Collections.Generic.List<Admin.NET.Core.JuAI.Service.ArticleSiderOutput>>
      ┣ 最终类型：         Admin.NET.Core.AdminResult<System.Object>
      ┣ 最终返回值：       {"code":200,"type":"success","message":"","result":[{"id":"14215981060677","title":"测试一个样式试试。。哈哈"},{"id":"14194109678917","title":"测试第一个抓烂拉了进来"},{"id":"14127539556677","title":"两个图片测试呢。"},{"id":"14127533953093","title":"设置一下图片和视频试一试呢。。哈哈"},{"id":"14127509730629","title":"一个视频和两个图片"},{"id":"14127478756933","title":"考了几分离开的分析来看都分割"},{"id":"14127257110597","title":"测试一个视频和图片功能看好不好呀"},{"id":"14084316607813","title":"111111111111111"},{"id":"14084262750277","title":"wangEditor 粘贴从 word 复制的带图片内容的最"},{
      ┗━━━━━━━━━━━  Logging Monitor ━━━━━━━━━━━
info: 2023-08-28 21:37:26.7706519 +08:00 星期一 L System.Logging.LoggingMonitor[0] #23
      [System.Private.CoreLib.dll] void System.Runtime.CompilerServices.AsyncMethodBuilderCore.Start<TStateMachine>(ref TStateMachine stateMachine)
      ┏━━━━━━━━━━━  Logging Monitor ━━━━━━━━━━━
      ┣ Admin.NET.Core.JuAI.Service.UpgradeService.GetNewst
      ┣ 
      ┣ 控制器名称：       UpgradeService
      ┣ 操作名称：         GetNewst
      ┣ 显示名称：         
      ┣ 路由信息：         [area]: ; [controller]: upgrade; [action]: newst
      ┣ 请求方式：         GET
      ┣ 请求地址：         http://localhost:5005/api/upgrade/newst
      ┣ 来源地址：         http://localhost:19991/
      ┣ 请求端源：         client
      ┣ 浏览器标识：       Mozilla/5.0 (Windows NT 10.0; Win64; x64) AppleWebKit/537.36 (KHTML, like Gecko) Chrome/116.0.0.0 Safari/537.36
      ┣ 客户端区域语言：   zh-CN,zh;q=0.9
      ┣ 客户端 IP 地址：   0.0.0.1
      ┣ 服务端 IP 地址：   0.0.0.1
      ┣ 客户端连接 ID：    00-904aa73c19fbc892f479d579b55b66da-243bb624ff93e524-00
      ┣ 服务线程 ID：      #23
      ┣ 执行耗时：         67ms
      ┣ ━━━━━━━━━━━━━━━  Cookies ━━━━━━━━━━━━━━━
      ┣ 请求端：           
      ┣ 响应端：           
      ┣ ━━━━━━━━━━━━━━━  系统信息 ━━━━━━━━━━━━━━━
      ┣ 系统名称：         Microsoft Windows 10.0.19044
      ┣ 系统架构：         X64
      ┣ 基础框架：         Furion.Pure v4.8.8.41
      ┣ .NET 架构：        .NET 6.0.16
      ┣ ━━━━━━━━━━━━━━━  启动信息 ━━━━━━━━━━━━━━━
      ┣ 运行环境：         Production
      ┣ 启动程序集：       Admin.NET.Web.Entry
      ┣ 进程名称：         Admin.NET.Web.Entry
      ┣ 托管程序：         Kestrel
      ┣ ━━━━━━━━━━━━━━━  返回信息 ━━━━━━━━━━━━━━━
      ┣ HTTP响应状态码：   200
      ┣ 原始类型：         Admin.NET.Core.JuAI.AppUpgrade
      ┣ 最终类型：         Admin.NET.Core.AdminResult<System.Object>
      ┣ 最终返回值：       {"code":200,"type":"success","message":"","result":{"version":"2.12.3","desc":"修复聊天不显示","isForceUpdate":true,"isClearCache":true,"createOrgId":null,"createTime":"2023-08-08T22:29:38","updateTime":"2023-08-08T22:14:27","createUserId":null,"updateUserId":null,"isDelete":false,"id":"3334"},"extras":null,"time":"2023-08-28T21:37:26.7671246+08:00"}
      ┗━━━━━━━━━━━  Logging Monitor ━━━━━━━━━━━
info: 2023-08-28 21:37:26.7798633 +08:00 星期一 L System.Logging.LoggingMonitor[0] #35
      [System.Private.CoreLib.dll] void System.Runtime.CompilerServices.AsyncMethodBuilderCore.Start<TStateMachine>(ref TStateMachine stateMachine)
      ┏━━━━━━━━━━━  Logging Monitor ━━━━━━━━━━━
      ┣ Admin.NET.Core.JuAI.Service.UserService.GetActiveUsers
      ┣ 
      ┣ 控制器名称：       UserService
      ┣ 操作名称：         GetActiveUsers
      ┣ 显示名称：         活跃用户
      ┣ 路由信息：         [area]: ; [controller]: user; [action]: activeUsers
      ┣ 请求方式：         GET
      ┣ 请求地址：         http://localhost:5005/api/User/ActiveUsers
      ┣ 来源地址：         http://localhost:19991/
      ┣ 请求端源：         client
      ┣ 浏览器标识：       Mozilla/5.0 (Windows NT 10.0; Win64; x64) AppleWebKit/537.36 (KHTML, like Gecko) Chrome/116.0.0.0 Safari/537.36
      ┣ 客户端区域语言：   zh-CN,zh;q=0.9
      ┣ 客户端 IP 地址：   0.0.0.1
      ┣ 服务端 IP 地址：   0.0.0.1
      ┣ 客户端连接 ID：    00-0eb9d86375fa9665c11b70227684336f-d56c8017f23c496f-00
      ┣ 服务线程 ID：      #35
      ┣ 执行耗时：         77ms
      ┣ ━━━━━━━━━━━━━━━  Cookies ━━━━━━━━━━━━━━━
      ┣ 请求端：           
      ┣ 响应端：           
      ┣ ━━━━━━━━━━━━━━━  系统信息 ━━━━━━━━━━━━━━━
      ┣ 系统名称：         Microsoft Windows 10.0.19044
      ┣ 系统架构：         X64
      ┣ 基础框架：         Furion.Pure v4.8.8.41
      ┣ .NET 架构：        .NET 6.0.16
      ┣ ━━━━━━━━━━━━━━━  启动信息 ━━━━━━━━━━━━━━━
      ┣ 运行环境：         Production
      ┣ 启动程序集：       Admin.NET.Web.Entry
      ┣ 进程名称：         Admin.NET.Web.Entry
      ┣ 托管程序：         Kestrel
      ┣ ━━━━━━━━━━━━━━━  返回信息 ━━━━━━━━━━━━━━━
      ┣ HTTP响应状态码：   200
      ┣ 原始类型：         System.Collections.Generic.IList<Admin.NET.Core.JuAI.Service.UserInfoOutput>
      ┣ 最终类型：         Admin.NET.Core.AdminResult<System.Object>
      ┣ 最终返回值：       {"code":200,"type":"success","message":"","result":[{"nickName":"聚AI_6045","avatar":"Upload/Avatar/14194583407941.jpg","id":"14005826358213"},{"nickName":"聚AI_6045","avatar":null,"id":"14005810391877"},{"nickName":"聚AI_6045","avatar":null,"id":"13727127390021"},{"nickName":"聚AI_6047","avatar":null,"id":"13763405483077"},{"nickName":"聚AI_6046","avatar":null,"id":"13763350061253"}],"extras":null,"time":"2023-08-28T21:37:26.7762866+08:00"}
      ┗━━━━━━━━━━━  Logging Monitor ━━━━━━━━━━━
info: 2023-08-28 21:37:26.7745294 +08:00 星期一 L System.Logging.LoggingMonitor[0] #43
      [System.Private.CoreLib.dll] void System.Runtime.CompilerServices.AsyncTaskMethodBuilder<TResult>+AsyncStateMachineBox<TStateMachine>.MoveNext(Thread threadPoolThread)
      ┏━━━━━━━━━━━  Logging Monitor ━━━━━━━━━━━
      ┣ Admin.NET.Core.JuAI.Service.SpecialService.GetNewest
      ┣ 
      ┣ 控制器名称：                SpecialService
      ┣ 操作名称：                  GetNewest
      ┣ 显示名称：                  
      ┣ 路由信息：                  [area]: ; [controller]: special; [action]: newest
      ┣ 请求方式：                  GET
      ┣ 请求地址：                  http://localhost:5005/api/special/newest?minId=
      ┣ 来源地址：                  http://localhost:19991/
      ┣ 请求端源：                  client
      ┣ 浏览器标识：                Mozilla/5.0 (Windows NT 10.0; Win64; x64) AppleWebKit/537.36 (KHTML, like Gecko) Chrome/116.0.0.0 Safari/537.36
      ┣ 客户端区域语言：            zh-CN,zh;q=0.9
      ┣ 客户端 IP 地址：            0.0.0.1
      ┣ 服务端 IP 地址：            0.0.0.1
      ┣ 客户端连接 ID：             00-7150c205c7482991d569c0246c06ff0c-47b7d1295bb6baf1-00
      ┣ 服务线程 ID：               #41
      ┣ 执行耗时：                  68ms
      ┣ ━━━━━━━━━━━━━━━  Cookies ━━━━━━━━━━━━━━━
      ┣ 请求端：                    
      ┣ 响应端：                    
      ┣ ━━━━━━━━━━━━━━━  系统信息 ━━━━━━━━━━━━━━━
      ┣ 系统名称：                  Microsoft Windows 10.0.19044
      ┣ 系统架构：                  X64
      ┣ 基础框架：                  Furion.Pure v4.8.8.41
      ┣ .NET 架构：                 .NET 6.0.16
      ┣ ━━━━━━━━━━━━━━━  启动信息 ━━━━━━━━━━━━━━━
      ┣ 运行环境：                  Production
      ┣ 启动程序集：                Admin.NET.Web.Entry
      ┣ 进程名称：                  Admin.NET.Web.Entry
      ┣ 托管程序：                  Kestrel
      ┣ ━━━━━━━━━━━━━━━  参数列表 ━━━━━━━━━━━━━━━
      ┣ Content-Type：              
      ┣ 
      ┣ minId (Nullable`1)：        
      ┣ ━━━━━━━━━━━━━━━  返回信息 ━━━━━━━━━━━━━━━
      ┣ HTTP响应状态码：            200
      ┣ 原始类型：                  System.Threading.Tasks.Task<System.Collections.Generic.IList<Admin.NET.Core.JuAI.Service.SpecialOutput>>
      ┣ 最终类型：                  Admin.NET.Core.AdminResult<System.Object>
      ┣ 最终返回值：                {"code":200,"type":"success","message":"","result":[{"id":"141254407701223","title":"抓烂22223","text":"就螺丝扣搭街坊立刻就333333","cover":"http://filetest.guxin.link/Special/2023/08/14125440695621.jpg","coverFile":null},{"id":"141242588270232","title":"第一个抓烂","text":"就开始大家和弗兰克沙龙的开发建设离开的顺德府顺德府手动","cover":"http://filetest.guxin.link/Special/2023/08/14124258623685.jpg","coverFile":null},{"id":"141242586827023","title":"第一个抓烂","text":"就开始大家和弗兰克沙龙的开发建设离开的顺德府顺德府手动","cover":"http://filetest.guxin.link/Special/20
      ┗━━━━━━━━━━━  Logging Monitor ━━━━━━━━━━━
info: 2023-08-28 21:37:26.7745553 +08:00 星期一 L System.Logging.LoggingMonitor[0] #49
      [System.Private.CoreLib.dll] void System.Runtime.CompilerServices.AsyncTaskMethodBuilder<TResult>+AsyncStateMachineBox<TStateMachine>.MoveNext(Thread threadPoolThread)
      ┏━━━━━━━━━━━  Logging Monitor ━━━━━━━━━━━
      ┣ Admin.NET.Core.JuAI.Service.UserTokenService.GetIsQianDaoToday
      ┣ 
      ┣ 控制器名称：                   UserTokenService
      ┣ 操作名称：                     GetIsQianDaoToday
      ┣ 显示名称：                     
      ┣ 路由信息：                     [area]: ; [controller]: userToken; [action]: isQianDaoToday
      ┣ 请求方式：                     GET
      ┣ 请求地址：                     http://localhost:5005/api/userToken/isQianDaoToday
      ┣ 来源地址：                     http://localhost:19991/
      ┣ 请求端源：                     client
      ┣ 浏览器标识：                   Mozilla/5.0 (Windows NT 10.0; Win64; x64) AppleWebKit/537.36 (KHTML, like Gecko) Chrome/116.0.0.0 Safari/537.36
      ┣ 客户端区域语言：               zh-CN,zh;q=0.9
      ┣ 客户端 IP 地址：               0.0.0.1
      ┣ 服务端 IP 地址：               0.0.0.1
      ┣ 客户端连接 ID：                00-47ce268c820e21dc49170ad442a25f17-1f88a755ffecacb3-00
      ┣ 服务线程 ID：                  #59
      ┣ 执行耗时：                     56ms
      ┣ ━━━━━━━━━━━━━━━  Cookies ━━━━━━━━━━━━━━━
      ┣ 请求端：                       
      ┣ 响应端：                       
      ┣ ━━━━━━━━━━━━━━━  系统信息 ━━━━━━━━━━━━━━━
      ┣ 系统名称：                     Microsoft Windows 10.0.19044
      ┣ 系统架构：                     X64
      ┣ 基础框架：                     Furion.Pure v4.8.8.41
      ┣ .NET 架构：                    .NET 6.0.16
      ┣ ━━━━━━━━━━━━━━━  启动信息 ━━━━━━━━━━━━━━━
      ┣ 运行环境：                     Production
      ┣ 启动程序集：                   Admin.NET.Web.Entry
      ┣ 进程名称：                     Admin.NET.Web.Entry
      ┣ 托管程序：                     Kestrel
      ┣ ━━━━━━━━━━━━━━━  授权信息 ━━━━━━━━━━━━━━━
      ┣ JWT Token：                    Bearer eyJhbGciOiJIUzI1NiIsInR5cCI6IkpXVCJ9.eyJVc2VySWQiOjE0MDA1ODI2MzU4MjEzLCJUZW5hbnRJZCI6MTMwMDAwMDAwMDAwMSwiQWNjb3VudCI6IjE4NjAwNzY2MDQ1IiwiTmlja05hbWUiOiLogZpBSV82MDQ1IiwiQWNjb3VudFR5cGUiOjAsImlhdCI6MTY5MzAzNzg0NiwibmJmIjoxNjkzMDM3ODQ2LCJleHAiOjE2OTM2NDI2NDYsImlzcyI6IkFkbWluLk5FVCIsImF1ZCI6IkFkbWluLk5FVCJ9.Pt3OMLor8iLzYQfEoREoKU3AxA0Ja7UX_Q2sCCdnGEw
      ┣ 
      ┣ UserId (integer64)：           14005826358213
      ┣ TenantId (integer64)：         1300000000001
      ┣ Account (string)：             18600766045
      ┣ NickName (string)：            聚AI_6045
      ┣ AccountType (integer)：        0
      ┣ iat (integer)：                1693037846 (2023-08-26 16:17:26:0000(+08:00) 星期六 L)
      ┣ nbf (integer)：                1693037846 (2023-08-26 16:17:26:0000(+08:00) 星期六 L)
      ┣ exp (integer)：                1693642646 (2023-09-02 16:17:26:0000(+08:00) 星期六 L)
      ┣ iss (string)：                 Admin.NET
      ┣ aud (string)：                 Admin.NET
      ┣ ━━━━━━━━━━━━━━━  返回信息 ━━━━━━━━━━━━━━━
      ┣ HTTP响应状态码：               200
      ┣ 原始类型：                     System.Threading.Tasks.Task<System.Boolean>
      ┣ 最终类型：                     Admin.NET.Core.AdminResult<System.Object>
      ┣ 最终返回值：                   {"code":200,"type":"success","message":"","result":false,"extras":null,"time":"2023-08-28T21:37:26.7715549+08:00"}
      ┗━━━━━━━━━━━  Logging Monitor ━━━━━━━━━━━
info: 2023-08-28 21:37:26.9576490 +08:00 星期一 L System.Logging.LoggingMonitor[0] #49
      [System.Private.CoreLib.dll] void System.Runtime.CompilerServices.AsyncTaskMethodBuilder<TResult>+AsyncStateMachineBox<TStateMachine>.MoveNext(Thread threadPoolThread)
      ┏━━━━━━━━━━━  Logging Monitor ━━━━━━━━━━━
      ┣ Admin.NET.Core.JuAI.Service.ArticleService.GetNewest
      ┣ 
      ┣ 控制器名称：                ArticleService
      ┣ 操作名称：                  GetNewest
      ┣ 显示名称：                  
      ┣ 路由信息：                  [area]: ; [controller]: article; [action]: newest
      ┣ 请求方式：                  GET
      ┣ 请求地址：                  http://localhost:5005/api/article/newest?minId=
      ┣ 来源地址：                  http://localhost:19991/
      ┣ 请求端源：                  client
      ┣ 浏览器标识：                Mozilla/5.0 (Windows NT 10.0; Win64; x64) AppleWebKit/537.36 (KHTML, like Gecko) Chrome/116.0.0.0 Safari/537.36
      ┣ 客户端区域语言：            zh-CN,zh;q=0.9
      ┣ 客户端 IP 地址：            0.0.0.1
      ┣ 服务端 IP 地址：            0.0.0.1
      ┣ 客户端连接 ID：             00-495f27568d5433213dede420bb14baa0-c104f8f72f4be959-00
      ┣ 服务线程 ID：               #52
      ┣ 执行耗时：                  253ms
      ┣ ━━━━━━━━━━━━━━━  Cookies ━━━━━━━━━━━━━━━
      ┣ 请求端：                    
      ┣ 响应端：                    
      ┣ ━━━━━━━━━━━━━━━  系统信息 ━━━━━━━━━━━━━━━
      ┣ 系统名称：                  Microsoft Windows 10.0.19044
      ┣ 系统架构：                  X64
      ┣ 基础框架：                  Furion.Pure v4.8.8.41
      ┣ .NET 架构：                 .NET 6.0.16
      ┣ ━━━━━━━━━━━━━━━  启动信息 ━━━━━━━━━━━━━━━
      ┣ 运行环境：                  Production
      ┣ 启动程序集：                Admin.NET.Web.Entry
      ┣ 进程名称：                  Admin.NET.Web.Entry
      ┣ 托管程序：                  Kestrel
      ┣ ━━━━━━━━━━━━━━━  参数列表 ━━━━━━━━━━━━━━━
      ┣ Content-Type：              
      ┣ 
      ┣ minId (Nullable`1)：        
      ┣ ━━━━━━━━━━━━━━━  返回信息 ━━━━━━━━━━━━━━━
      ┣ HTTP响应状态码：            200
      ┣ 原始类型：                  System.Threading.Tasks.Task<System.Collections.Generic.List<Admin.NET.Core.JuAI.Service.ArticleOutput>>
      ┣ 最终类型：                  Admin.NET.Core.AdminResult<System.Object>
      ┣ 最终返回值：                {"code":200,"type":"success","message":"","result":[{"id":"14215981060677","title":"测试一个样式试试。。哈哈","html":"<p>大量减少离开</p><blockquote>第三方顺德府阿斯顿</blockquote><hr/><p>时间快</p><pre><code class=\"language-csharp\">烦烦烦烦烦烦\r\n顺德府阿斯蒂芬\r\n哈哈哈数据库的\r\nhahhahhkjsd </code></pre><table style=\"width: auto;\"><tbody><tr><th colSpan=\"1\" rowSpan=\"1\" width=\"auto\"></th><th colSpan=\"1\" rowSpan=\"1\" width=\"auto\"></th><th colSpan=\"1\" rowSpan=\"1\" width=\"auto\"></th><th colSpan=\"1\" rowSpan=\"1\" width=\"a
      ┗━━━━━━━━━━━  Logging Monitor ━━━━━━━━━━━
info: 2023-08-28 21:37:27.1467145 +08:00 星期一 L System.Logging.LoggingMonitor[0] #43
      [System.Private.CoreLib.dll] void System.Runtime.CompilerServices.AsyncTaskMethodBuilder<TResult>+AsyncStateMachineBox<TStateMachine>.MoveNext(Thread threadPoolThread)
      ┏━━━━━━━━━━━  Logging Monitor ━━━━━━━━━━━
      ┣ Admin.NET.Core.JuAI.Service.ArticleService.GetRecommend
      ┣ 
      ┣ 控制器名称：       ArticleService
      ┣ 操作名称：         GetRecommend
      ┣ 显示名称：         
      ┣ 路由信息：         [area]: ; [controller]: article; [action]: recommend
      ┣ 请求方式：         GET
      ┣ 请求地址：         http://localhost:5005/api/article/recommend
      ┣ 来源地址：         http://localhost:19991/
      ┣ 请求端源：         client
      ┣ 浏览器标识：       Mozilla/5.0 (Windows NT 10.0; Win64; x64) AppleWebKit/537.36 (KHTML, like Gecko) Chrome/116.0.0.0 Safari/537.36
      ┣ 客户端区域语言：   zh-CN,zh;q=0.9
      ┣ 客户端 IP 地址：   0.0.0.1
      ┣ 服务端 IP 地址：   0.0.0.1
      ┣ 客户端连接 ID：    00-ab92305c774ba782cb5d5452f7c13e12-689e74874a12afb8-00
      ┣ 服务线程 ID：      #44
      ┣ 执行耗时：         443ms
      ┣ ━━━━━━━━━━━━━━━  Cookies ━━━━━━━━━━━━━━━
      ┣ 请求端：           
      ┣ 响应端：           
      ┣ ━━━━━━━━━━━━━━━  系统信息 ━━━━━━━━━━━━━━━
      ┣ 系统名称：         Microsoft Windows 10.0.19044
      ┣ 系统架构：         X64
      ┣ 基础框架：         Furion.Pure v4.8.8.41
      ┣ .NET 架构：        .NET 6.0.16
      ┣ ━━━━━━━━━━━━━━━  启动信息 ━━━━━━━━━━━━━━━
      ┣ 运行环境：         Production
      ┣ 启动程序集：       Admin.NET.Web.Entry
      ┣ 进程名称：         Admin.NET.Web.Entry
      ┣ 托管程序：         Kestrel
      ┣ ━━━━━━━━━━━━━━━  返回信息 ━━━━━━━━━━━━━━━
      ┣ HTTP响应状态码：   200
      ┣ 原始类型：         System.Threading.Tasks.Task<System.Collections.Generic.List<Admin.NET.Core.JuAI.Service.ArticleSiderOutput>>
      ┣ 最终类型：         Admin.NET.Core.AdminResult<System.Object>
      ┣ 最终返回值：       {"code":200,"type":"success","message":"","result":[{"id":"14215981060677","title":"测试一个样式试试。。哈哈"},{"id":"14194109678917","title":"测试第一个抓烂拉了进来"},{"id":"14127539556677","title":"两个图片测试呢。"},{"id":"14127533953093","title":"设置一下图片和视频试一试呢。。哈哈"},{"id":"14127509730629","title":"一个视频和两个图片"},{"id":"14127478756933","title":"考了几分离开的分析来看都分割"},{"id":"14127257110597","title":"测试一个视频和图片功能看好不好呀"},{"id":"14084316607813","title":"111111111111111"},{"id":"14084262750277","title":"wangEditor 粘贴从 word 复制的带图片内容的最"},{
      ┗━━━━━━━━━━━  Logging Monitor ━━━━━━━━━━━
info: 2023-08-28 21:37:36.6786613 +08:00 星期一 L System.Logging.LoggingMonitor[0] #48
      [System.Private.CoreLib.dll] void System.Runtime.CompilerServices.AsyncMethodBuilderCore.Start<TStateMachine>(ref TStateMachine stateMachine)
      ┏━━━━━━━━━━━  Logging Monitor ━━━━━━━━━━━
      ┣ Admin.NET.Core.JuAI.Service.UpgradeService.GetNewst
      ┣ 
      ┣ 控制器名称：       UpgradeService
      ┣ 操作名称：         GetNewst
      ┣ 显示名称：         
      ┣ 路由信息：         [area]: ; [controller]: upgrade; [action]: newst
      ┣ 请求方式：         GET
      ┣ 请求地址：         http://localhost:5005/api/upgrade/newst
      ┣ 来源地址：         http://localhost:19991/
      ┣ 请求端源：         client
      ┣ 浏览器标识：       Mozilla/5.0 (Windows NT 10.0; Win64; x64) AppleWebKit/537.36 (KHTML, like Gecko) Chrome/116.0.0.0 Safari/537.36
      ┣ 客户端区域语言：   zh-CN,zh;q=0.9
      ┣ 客户端 IP 地址：   0.0.0.1
      ┣ 服务端 IP 地址：   0.0.0.1
      ┣ 客户端连接 ID：    00-c3dc6b34a663229331a6a96b7e5b731c-72e00d997c096fc9-00
      ┣ 服务线程 ID：      #48
      ┣ 执行耗时：         58ms
      ┣ ━━━━━━━━━━━━━━━  Cookies ━━━━━━━━━━━━━━━
      ┣ 请求端：           
      ┣ 响应端：           
      ┣ ━━━━━━━━━━━━━━━  系统信息 ━━━━━━━━━━━━━━━
      ┣ 系统名称：         Microsoft Windows 10.0.19044
      ┣ 系统架构：         X64
      ┣ 基础框架：         Furion.Pure v4.8.8.41
      ┣ .NET 架构：        .NET 6.0.16
      ┣ ━━━━━━━━━━━━━━━  启动信息 ━━━━━━━━━━━━━━━
      ┣ 运行环境：         Production
      ┣ 启动程序集：       Admin.NET.Web.Entry
      ┣ 进程名称：         Admin.NET.Web.Entry
      ┣ 托管程序：         Kestrel
      ┣ ━━━━━━━━━━━━━━━  返回信息 ━━━━━━━━━━━━━━━
      ┣ HTTP响应状态码：   200
      ┣ 原始类型：         Admin.NET.Core.JuAI.AppUpgrade
      ┣ 最终类型：         Admin.NET.Core.AdminResult<System.Object>
      ┣ 最终返回值：       {"code":200,"type":"success","message":"","result":{"version":"2.12.3","desc":"修复聊天不显示","isForceUpdate":true,"isClearCache":true,"createOrgId":null,"createTime":"2023-08-08T22:29:38","updateTime":"2023-08-08T22:14:27","createUserId":null,"updateUserId":null,"isDelete":false,"id":"3334"},"extras":null,"time":"2023-08-28T21:37:36.6726316+08:00"}
      ┗━━━━━━━━━━━  Logging Monitor ━━━━━━━━━━━
info: 2023-08-28 21:37:36.6896713 +08:00 星期一 L System.Logging.LoggingMonitor[0] #41
      [System.Private.CoreLib.dll] void System.Runtime.CompilerServices.AsyncMethodBuilderCore.Start<TStateMachine>(ref TStateMachine stateMachine)
      ┏━━━━━━━━━━━  Logging Monitor ━━━━━━━━━━━
      ┣ Admin.NET.Core.JuAI.Service.UserService.GetActiveUsers
      ┣ 
      ┣ 控制器名称：       UserService
      ┣ 操作名称：         GetActiveUsers
      ┣ 显示名称：         活跃用户
      ┣ 路由信息：         [area]: ; [controller]: user; [action]: activeUsers
      ┣ 请求方式：         GET
      ┣ 请求地址：         http://localhost:5005/api/User/ActiveUsers
      ┣ 来源地址：         http://localhost:19991/
      ┣ 请求端源：         client
      ┣ 浏览器标识：       Mozilla/5.0 (Windows NT 10.0; Win64; x64) AppleWebKit/537.36 (KHTML, like Gecko) Chrome/116.0.0.0 Safari/537.36
      ┣ 客户端区域语言：   zh-CN,zh;q=0.9
      ┣ 客户端 IP 地址：   0.0.0.1
      ┣ 服务端 IP 地址：   0.0.0.1
      ┣ 客户端连接 ID：    00-671e473a81771ef963ad20d34d0fd946-4e059f1942ccba3b-00
      ┣ 服务线程 ID：      #41
      ┣ 执行耗时：         73ms
      ┣ ━━━━━━━━━━━━━━━  Cookies ━━━━━━━━━━━━━━━
      ┣ 请求端：           
      ┣ 响应端：           
      ┣ ━━━━━━━━━━━━━━━  系统信息 ━━━━━━━━━━━━━━━
      ┣ 系统名称：         Microsoft Windows 10.0.19044
      ┣ 系统架构：         X64
      ┣ 基础框架：         Furion.Pure v4.8.8.41
      ┣ .NET 架构：        .NET 6.0.16
      ┣ ━━━━━━━━━━━━━━━  启动信息 ━━━━━━━━━━━━━━━
      ┣ 运行环境：         Production
      ┣ 启动程序集：       Admin.NET.Web.Entry
      ┣ 进程名称：         Admin.NET.Web.Entry
      ┣ 托管程序：         Kestrel
      ┣ ━━━━━━━━━━━━━━━  返回信息 ━━━━━━━━━━━━━━━
      ┣ HTTP响应状态码：   200
      ┣ 原始类型：         System.Collections.Generic.IList<Admin.NET.Core.JuAI.Service.UserInfoOutput>
      ┣ 最终类型：         Admin.NET.Core.AdminResult<System.Object>
      ┣ 最终返回值：       {"code":200,"type":"success","message":"","result":[{"nickName":"聚AI_6045","avatar":"Upload/Avatar/14194583407941.jpg","id":"14005826358213"},{"nickName":"聚AI_6045","avatar":null,"id":"14005810391877"},{"nickName":"聚AI_6045","avatar":null,"id":"13727127390021"},{"nickName":"聚AI_6047","avatar":null,"id":"13763405483077"},{"nickName":"聚AI_6046","avatar":null,"id":"13763350061253"}],"extras":null,"time":"2023-08-28T21:37:36.6865801+08:00"}
      ┗━━━━━━━━━━━  Logging Monitor ━━━━━━━━━━━
info: 2023-08-28 21:37:36.6757346 +08:00 星期一 L System.Logging.LoggingMonitor[0] #49
      [System.Private.CoreLib.dll] void System.Runtime.CompilerServices.AsyncTaskMethodBuilder<TResult>+AsyncStateMachineBox<TStateMachine>.MoveNext(Thread threadPoolThread)
      ┏━━━━━━━━━━━  Logging Monitor ━━━━━━━━━━━
      ┣ Admin.NET.Core.JuAI.Service.SpecialService.GetNewest
      ┣ 
      ┣ 控制器名称：                SpecialService
      ┣ 操作名称：                  GetNewest
      ┣ 显示名称：                  
      ┣ 路由信息：                  [area]: ; [controller]: special; [action]: newest
      ┣ 请求方式：                  GET
      ┣ 请求地址：                  http://localhost:5005/api/special/newest?minId=
      ┣ 来源地址：                  http://localhost:19991/
      ┣ 请求端源：                  client
      ┣ 浏览器标识：                Mozilla/5.0 (Windows NT 10.0; Win64; x64) AppleWebKit/537.36 (KHTML, like Gecko) Chrome/116.0.0.0 Safari/537.36
      ┣ 客户端区域语言：            zh-CN,zh;q=0.9
      ┣ 客户端 IP 地址：            0.0.0.1
      ┣ 服务端 IP 地址：            0.0.0.1
      ┣ 客户端连接 ID：             00-9a5c297ee5a7624849532854ccbc5f6e-5494ff9a6e48b623-00
      ┣ 服务线程 ID：               #59
      ┣ 执行耗时：                  57ms
      ┣ ━━━━━━━━━━━━━━━  Cookies ━━━━━━━━━━━━━━━
      ┣ 请求端：                    
      ┣ 响应端：                    
      ┣ ━━━━━━━━━━━━━━━  系统信息 ━━━━━━━━━━━━━━━
      ┣ 系统名称：                  Microsoft Windows 10.0.19044
      ┣ 系统架构：                  X64
      ┣ 基础框架：                  Furion.Pure v4.8.8.41
      ┣ .NET 架构：                 .NET 6.0.16
      ┣ ━━━━━━━━━━━━━━━  启动信息 ━━━━━━━━━━━━━━━
      ┣ 运行环境：                  Production
      ┣ 启动程序集：                Admin.NET.Web.Entry
      ┣ 进程名称：                  Admin.NET.Web.Entry
      ┣ 托管程序：                  Kestrel
      ┣ ━━━━━━━━━━━━━━━  参数列表 ━━━━━━━━━━━━━━━
      ┣ Content-Type：              
      ┣ 
      ┣ minId (Nullable`1)：        
      ┣ ━━━━━━━━━━━━━━━  返回信息 ━━━━━━━━━━━━━━━
      ┣ HTTP响应状态码：            200
      ┣ 原始类型：                  System.Threading.Tasks.Task<System.Collections.Generic.IList<Admin.NET.Core.JuAI.Service.SpecialOutput>>
      ┣ 最终类型：                  Admin.NET.Core.AdminResult<System.Object>
      ┣ 最终返回值：                {"code":200,"type":"success","message":"","result":[{"id":"141254407701223","title":"抓烂22223","text":"就螺丝扣搭街坊立刻就333333","cover":"http://filetest.guxin.link/Special/2023/08/14125440695621.jpg","coverFile":null},{"id":"141242588270232","title":"第一个抓烂","text":"就开始大家和弗兰克沙龙的开发建设离开的顺德府顺德府手动","cover":"http://filetest.guxin.link/Special/2023/08/14124258623685.jpg","coverFile":null},{"id":"141242586827023","title":"第一个抓烂","text":"就开始大家和弗兰克沙龙的开发建设离开的顺德府顺德府手动","cover":"http://filetest.guxin.link/Special/20
      ┗━━━━━━━━━━━  Logging Monitor ━━━━━━━━━━━
info: 2023-08-28 21:37:36.7050522 +08:00 星期一 L System.Logging.LoggingMonitor[0] #39
      [System.Private.CoreLib.dll] void System.Runtime.CompilerServices.AsyncTaskMethodBuilder<TResult>+AsyncStateMachineBox<TStateMachine>.MoveNext(Thread threadPoolThread)
      ┏━━━━━━━━━━━  Logging Monitor ━━━━━━━━━━━
      ┣ Admin.NET.Core.JuAI.Service.UserTokenService.GetIsQianDaoToday
      ┣ 
      ┣ 控制器名称：                   UserTokenService
      ┣ 操作名称：                     GetIsQianDaoToday
      ┣ 显示名称：                     
      ┣ 路由信息：                     [area]: ; [controller]: userToken; [action]: isQianDaoToday
      ┣ 请求方式：                     GET
      ┣ 请求地址：                     http://localhost:5005/api/userToken/isQianDaoToday
      ┣ 来源地址：                     http://localhost:19991/
      ┣ 请求端源：                     client
      ┣ 浏览器标识：                   Mozilla/5.0 (Windows NT 10.0; Win64; x64) AppleWebKit/537.36 (KHTML, like Gecko) Chrome/116.0.0.0 Safari/537.36
      ┣ 客户端区域语言：               zh-CN,zh;q=0.9
      ┣ 客户端 IP 地址：               0.0.0.1
      ┣ 服务端 IP 地址：               0.0.0.1
      ┣ 客户端连接 ID：                00-f4a65459d9e11ece6463522444e0d3a9-96dc603033f003d7-00
      ┣ 服务线程 ID：                  #35
      ┣ 执行耗时：                     72ms
      ┣ ━━━━━━━━━━━━━━━  Cookies ━━━━━━━━━━━━━━━
      ┣ 请求端：                       
      ┣ 响应端：                       
      ┣ ━━━━━━━━━━━━━━━  系统信息 ━━━━━━━━━━━━━━━
      ┣ 系统名称：                     Microsoft Windows 10.0.19044
      ┣ 系统架构：                     X64
      ┣ 基础框架：                     Furion.Pure v4.8.8.41
      ┣ .NET 架构：                    .NET 6.0.16
      ┣ ━━━━━━━━━━━━━━━  启动信息 ━━━━━━━━━━━━━━━
      ┣ 运行环境：                     Production
      ┣ 启动程序集：                   Admin.NET.Web.Entry
      ┣ 进程名称：                     Admin.NET.Web.Entry
      ┣ 托管程序：                     Kestrel
      ┣ ━━━━━━━━━━━━━━━  授权信息 ━━━━━━━━━━━━━━━
      ┣ JWT Token：                    Bearer eyJhbGciOiJIUzI1NiIsInR5cCI6IkpXVCJ9.eyJVc2VySWQiOjE0MDA1ODI2MzU4MjEzLCJUZW5hbnRJZCI6MTMwMDAwMDAwMDAwMSwiQWNjb3VudCI6IjE4NjAwNzY2MDQ1IiwiTmlja05hbWUiOiLogZpBSV82MDQ1IiwiQWNjb3VudFR5cGUiOjAsImlhdCI6MTY5MzAzNzg0NiwibmJmIjoxNjkzMDM3ODQ2LCJleHAiOjE2OTM2NDI2NDYsImlzcyI6IkFkbWluLk5FVCIsImF1ZCI6IkFkbWluLk5FVCJ9.Pt3OMLor8iLzYQfEoREoKU3AxA0Ja7UX_Q2sCCdnGEw
      ┣ 
      ┣ UserId (integer64)：           14005826358213
      ┣ TenantId (integer64)：         1300000000001
      ┣ Account (string)：             18600766045
      ┣ NickName (string)：            聚AI_6045
      ┣ AccountType (integer)：        0
      ┣ iat (integer)：                1693037846 (2023-08-26 16:17:26:0000(+08:00) 星期六 L)
      ┣ nbf (integer)：                1693037846 (2023-08-26 16:17:26:0000(+08:00) 星期六 L)
      ┣ exp (integer)：                1693642646 (2023-09-02 16:17:26:0000(+08:00) 星期六 L)
      ┣ iss (string)：                 Admin.NET
      ┣ aud (string)：                 Admin.NET
      ┣ ━━━━━━━━━━━━━━━  返回信息 ━━━━━━━━━━━━━━━
      ┣ HTTP响应状态码：               200
      ┣ 原始类型：                     System.Threading.Tasks.Task<System.Boolean>
      ┣ 最终类型：                     Admin.NET.Core.AdminResult<System.Object>
      ┣ 最终返回值：                   {"code":200,"type":"success","message":"","result":false,"extras":null,"time":"2023-08-28T21:37:36.7011313+08:00"}
      ┗━━━━━━━━━━━  Logging Monitor ━━━━━━━━━━━
info: 2023-08-28 21:37:36.9011784 +08:00 星期一 L System.Logging.LoggingMonitor[0] #39
      [System.Private.CoreLib.dll] void System.Runtime.CompilerServices.AsyncTaskMethodBuilder<TResult>+AsyncStateMachineBox<TStateMachine>.MoveNext(Thread threadPoolThread)
      ┏━━━━━━━━━━━  Logging Monitor ━━━━━━━━━━━
      ┣ Admin.NET.Core.JuAI.Service.ArticleService.GetNewest
      ┣ 
      ┣ 控制器名称：                ArticleService
      ┣ 操作名称：                  GetNewest
      ┣ 显示名称：                  
      ┣ 路由信息：                  [area]: ; [controller]: article; [action]: newest
      ┣ 请求方式：                  GET
      ┣ 请求地址：                  http://localhost:5005/api/article/newest?minId=
      ┣ 来源地址：                  http://localhost:19991/
      ┣ 请求端源：                  client
      ┣ 浏览器标识：                Mozilla/5.0 (Windows NT 10.0; Win64; x64) AppleWebKit/537.36 (KHTML, like Gecko) Chrome/116.0.0.0 Safari/537.36
      ┣ 客户端区域语言：            zh-CN,zh;q=0.9
      ┣ 客户端 IP 地址：            0.0.0.1
      ┣ 服务端 IP 地址：            0.0.0.1
      ┣ 客户端连接 ID：             00-c9f87d2953e88b175b932569c470b2b4-17a24f80bcd33e5d-00
      ┣ 服务线程 ID：               #44
      ┣ 执行耗时：                  287ms
      ┣ ━━━━━━━━━━━━━━━  Cookies ━━━━━━━━━━━━━━━
      ┣ 请求端：                    
      ┣ 响应端：                    
      ┣ ━━━━━━━━━━━━━━━  系统信息 ━━━━━━━━━━━━━━━
      ┣ 系统名称：                  Microsoft Windows 10.0.19044
      ┣ 系统架构：                  X64
      ┣ 基础框架：                  Furion.Pure v4.8.8.41
      ┣ .NET 架构：                 .NET 6.0.16
      ┣ ━━━━━━━━━━━━━━━  启动信息 ━━━━━━━━━━━━━━━
      ┣ 运行环境：                  Production
      ┣ 启动程序集：                Admin.NET.Web.Entry
      ┣ 进程名称：                  Admin.NET.Web.Entry
      ┣ 托管程序：                  Kestrel
      ┣ ━━━━━━━━━━━━━━━  参数列表 ━━━━━━━━━━━━━━━
      ┣ Content-Type：              
      ┣ 
      ┣ minId (Nullable`1)：        
      ┣ ━━━━━━━━━━━━━━━  返回信息 ━━━━━━━━━━━━━━━
      ┣ HTTP响应状态码：            200
      ┣ 原始类型：                  System.Threading.Tasks.Task<System.Collections.Generic.List<Admin.NET.Core.JuAI.Service.ArticleOutput>>
      ┣ 最终类型：                  Admin.NET.Core.AdminResult<System.Object>
      ┣ 最终返回值：                {"code":200,"type":"success","message":"","result":[{"id":"14215981060677","title":"测试一个样式试试。。哈哈","html":"<p>大量减少离开</p><blockquote>第三方顺德府阿斯顿</blockquote><hr/><p>时间快</p><pre><code class=\"language-csharp\">烦烦烦烦烦烦\r\n顺德府阿斯蒂芬\r\n哈哈哈数据库的\r\nhahhahhkjsd </code></pre><table style=\"width: auto;\"><tbody><tr><th colSpan=\"1\" rowSpan=\"1\" width=\"auto\"></th><th colSpan=\"1\" rowSpan=\"1\" width=\"auto\"></th><th colSpan=\"1\" rowSpan=\"1\" width=\"auto\"></th><th colSpan=\"1\" rowSpan=\"1\" width=\"a
      ┗━━━━━━━━━━━  Logging Monitor ━━━━━━━━━━━
info: 2023-08-28 21:37:37.0376533 +08:00 星期一 L System.Logging.LoggingMonitor[0] #43
      [System.Private.CoreLib.dll] void System.Runtime.CompilerServices.AsyncTaskMethodBuilder<TResult>+AsyncStateMachineBox<TStateMachine>.MoveNext(Thread threadPoolThread)
      ┏━━━━━━━━━━━  Logging Monitor ━━━━━━━━━━━
      ┣ Admin.NET.Core.JuAI.Service.ArticleService.GetRecommend
      ┣ 
      ┣ 控制器名称：       ArticleService
      ┣ 操作名称：         GetRecommend
      ┣ 显示名称：         
      ┣ 路由信息：         [area]: ; [controller]: article; [action]: recommend
      ┣ 请求方式：         GET
      ┣ 请求地址：         http://localhost:5005/api/article/recommend
      ┣ 来源地址：         http://localhost:19991/
      ┣ 请求端源：         client
      ┣ 浏览器标识：       Mozilla/5.0 (Windows NT 10.0; Win64; x64) AppleWebKit/537.36 (KHTML, like Gecko) Chrome/116.0.0.0 Safari/537.36
      ┣ 客户端区域语言：   zh-CN,zh;q=0.9
      ┣ 客户端 IP 地址：   0.0.0.1
      ┣ 服务端 IP 地址：   0.0.0.1
      ┣ 客户端连接 ID：    00-6321758cdf1288cd93461621ee35ad97-d655574f9e0441fb-00
      ┣ 服务线程 ID：      #46
      ┣ 执行耗时：         423ms
      ┣ ━━━━━━━━━━━━━━━  Cookies ━━━━━━━━━━━━━━━
      ┣ 请求端：           
      ┣ 响应端：           
      ┣ ━━━━━━━━━━━━━━━  系统信息 ━━━━━━━━━━━━━━━
      ┣ 系统名称：         Microsoft Windows 10.0.19044
      ┣ 系统架构：         X64
      ┣ 基础框架：         Furion.Pure v4.8.8.41
      ┣ .NET 架构：        .NET 6.0.16
      ┣ ━━━━━━━━━━━━━━━  启动信息 ━━━━━━━━━━━━━━━
      ┣ 运行环境：         Production
      ┣ 启动程序集：       Admin.NET.Web.Entry
      ┣ 进程名称：         Admin.NET.Web.Entry
      ┣ 托管程序：         Kestrel
      ┣ ━━━━━━━━━━━━━━━  返回信息 ━━━━━━━━━━━━━━━
      ┣ HTTP响应状态码：   200
      ┣ 原始类型：         System.Threading.Tasks.Task<System.Collections.Generic.List<Admin.NET.Core.JuAI.Service.ArticleSiderOutput>>
      ┣ 最终类型：         Admin.NET.Core.AdminResult<System.Object>
      ┣ 最终返回值：       {"code":200,"type":"success","message":"","result":[{"id":"14215981060677","title":"测试一个样式试试。。哈哈"},{"id":"14194109678917","title":"测试第一个抓烂拉了进来"},{"id":"14127539556677","title":"两个图片测试呢。"},{"id":"14127533953093","title":"设置一下图片和视频试一试呢。。哈哈"},{"id":"14127509730629","title":"一个视频和两个图片"},{"id":"14127478756933","title":"考了几分离开的分析来看都分割"},{"id":"14127257110597","title":"测试一个视频和图片功能看好不好呀"},{"id":"14084316607813","title":"111111111111111"},{"id":"14084262750277","title":"wangEditor 粘贴从 word 复制的带图片内容的最"},{
      ┗━━━━━━━━━━━  Logging Monitor ━━━━━━━━━━━
info: 2023-08-28 21:38:01.1813114 +08:00 星期一 L System.Logging.LoggingMonitor[0] #47
      [System.Private.CoreLib.dll] void System.Runtime.CompilerServices.AsyncMethodBuilderCore.Start<TStateMachine>(ref TStateMachine stateMachine)
      ┏━━━━━━━━━━━  Logging Monitor ━━━━━━━━━━━
      ┣ Admin.NET.Core.JuAI.Service.UpgradeService.GetNewst
      ┣ 
      ┣ 控制器名称：       UpgradeService
      ┣ 操作名称：         GetNewst
      ┣ 显示名称：         
      ┣ 路由信息：         [area]: ; [controller]: upgrade; [action]: newst
      ┣ 请求方式：         GET
      ┣ 请求地址：         http://localhost:5005/api/upgrade/newst
      ┣ 来源地址：         http://localhost:19991/
      ┣ 请求端源：         client
      ┣ 浏览器标识：       Mozilla/5.0 (Windows NT 10.0; Win64; x64) AppleWebKit/537.36 (KHTML, like Gecko) Chrome/116.0.0.0 Safari/537.36
      ┣ 客户端区域语言：   zh-CN,zh;q=0.9
      ┣ 客户端 IP 地址：   0.0.0.1
      ┣ 服务端 IP 地址：   0.0.0.1
      ┣ 客户端连接 ID：    00-29afe1c170e3325ea0de998340c8d259-ca8c1018fc24ebcc-00
      ┣ 服务线程 ID：      #47
      ┣ 执行耗时：         57ms
      ┣ ━━━━━━━━━━━━━━━  Cookies ━━━━━━━━━━━━━━━
      ┣ 请求端：           
      ┣ 响应端：           
      ┣ ━━━━━━━━━━━━━━━  系统信息 ━━━━━━━━━━━━━━━
      ┣ 系统名称：         Microsoft Windows 10.0.19044
      ┣ 系统架构：         X64
      ┣ 基础框架：         Furion.Pure v4.8.8.41
      ┣ .NET 架构：        .NET 6.0.16
      ┣ ━━━━━━━━━━━━━━━  启动信息 ━━━━━━━━━━━━━━━
      ┣ 运行环境：         Production
      ┣ 启动程序集：       Admin.NET.Web.Entry
      ┣ 进程名称：         Admin.NET.Web.Entry
      ┣ 托管程序：         Kestrel
      ┣ ━━━━━━━━━━━━━━━  返回信息 ━━━━━━━━━━━━━━━
      ┣ HTTP响应状态码：   200
      ┣ 原始类型：         Admin.NET.Core.JuAI.AppUpgrade
      ┣ 最终类型：         Admin.NET.Core.AdminResult<System.Object>
      ┣ 最终返回值：       {"code":200,"type":"success","message":"","result":{"version":"2.12.3","desc":"修复聊天不显示","isForceUpdate":true,"isClearCache":true,"createOrgId":null,"createTime":"2023-08-08T22:29:38","updateTime":"2023-08-08T22:14:27","createUserId":null,"updateUserId":null,"isDelete":false,"id":"3334"},"extras":null,"time":"2023-08-28T21:38:01.1783556+08:00"}
      ┗━━━━━━━━━━━  Logging Monitor ━━━━━━━━━━━
info: 2023-08-28 21:38:01.1914291 +08:00 星期一 L System.Logging.LoggingMonitor[0] #46
      [System.Private.CoreLib.dll] void System.Runtime.CompilerServices.AsyncMethodBuilderCore.Start<TStateMachine>(ref TStateMachine stateMachine)
      ┏━━━━━━━━━━━  Logging Monitor ━━━━━━━━━━━
      ┣ Admin.NET.Core.JuAI.Service.UserService.GetActiveUsers
      ┣ 
      ┣ 控制器名称：       UserService
      ┣ 操作名称：         GetActiveUsers
      ┣ 显示名称：         活跃用户
      ┣ 路由信息：         [area]: ; [controller]: user; [action]: activeUsers
      ┣ 请求方式：         GET
      ┣ 请求地址：         http://localhost:5005/api/User/ActiveUsers
      ┣ 来源地址：         http://localhost:19991/
      ┣ 请求端源：         client
      ┣ 浏览器标识：       Mozilla/5.0 (Windows NT 10.0; Win64; x64) AppleWebKit/537.36 (KHTML, like Gecko) Chrome/116.0.0.0 Safari/537.36
      ┣ 客户端区域语言：   zh-CN,zh;q=0.9
      ┣ 客户端 IP 地址：   0.0.0.1
      ┣ 服务端 IP 地址：   0.0.0.1
      ┣ 客户端连接 ID：    00-3d85e1302a8fee78e1327777dd546e9a-ba141e53776da591-00
      ┣ 服务线程 ID：      #46
      ┣ 执行耗时：         63ms
      ┣ ━━━━━━━━━━━━━━━  Cookies ━━━━━━━━━━━━━━━
      ┣ 请求端：           
      ┣ 响应端：           
      ┣ ━━━━━━━━━━━━━━━  系统信息 ━━━━━━━━━━━━━━━
      ┣ 系统名称：         Microsoft Windows 10.0.19044
      ┣ 系统架构：         X64
      ┣ 基础框架：         Furion.Pure v4.8.8.41
      ┣ .NET 架构：        .NET 6.0.16
      ┣ ━━━━━━━━━━━━━━━  启动信息 ━━━━━━━━━━━━━━━
      ┣ 运行环境：         Production
      ┣ 启动程序集：       Admin.NET.Web.Entry
      ┣ 进程名称：         Admin.NET.Web.Entry
      ┣ 托管程序：         Kestrel
      ┣ ━━━━━━━━━━━━━━━  返回信息 ━━━━━━━━━━━━━━━
      ┣ HTTP响应状态码：   200
      ┣ 原始类型：         System.Collections.Generic.IList<Admin.NET.Core.JuAI.Service.UserInfoOutput>
      ┣ 最终类型：         Admin.NET.Core.AdminResult<System.Object>
      ┣ 最终返回值：       {"code":200,"type":"success","message":"","result":[{"nickName":"聚AI_6045","avatar":"Upload/Avatar/14194583407941.jpg","id":"14005826358213"},{"nickName":"聚AI_6045","avatar":null,"id":"14005810391877"},{"nickName":"聚AI_6045","avatar":null,"id":"13727127390021"},{"nickName":"聚AI_6047","avatar":null,"id":"13763405483077"},{"nickName":"聚AI_6046","avatar":null,"id":"13763350061253"}],"extras":null,"time":"2023-08-28T21:38:01.1865767+08:00"}
      ┗━━━━━━━━━━━  Logging Monitor ━━━━━━━━━━━
info: 2023-08-28 21:38:01.1843472 +08:00 星期一 L System.Logging.LoggingMonitor[0] #29
      [System.Private.CoreLib.dll] void System.Runtime.CompilerServices.AsyncTaskMethodBuilder<TResult>+AsyncStateMachineBox<TStateMachine>.MoveNext(Thread threadPoolThread)
      ┏━━━━━━━━━━━  Logging Monitor ━━━━━━━━━━━
      ┣ Admin.NET.Core.JuAI.Service.SpecialService.GetNewest
      ┣ 
      ┣ 控制器名称：                SpecialService
      ┣ 操作名称：                  GetNewest
      ┣ 显示名称：                  
      ┣ 路由信息：                  [area]: ; [controller]: special; [action]: newest
      ┣ 请求方式：                  GET
      ┣ 请求地址：                  http://localhost:5005/api/special/newest?minId=
      ┣ 来源地址：                  http://localhost:19991/
      ┣ 请求端源：                  client
      ┣ 浏览器标识：                Mozilla/5.0 (Windows NT 10.0; Win64; x64) AppleWebKit/537.36 (KHTML, like Gecko) Chrome/116.0.0.0 Safari/537.36
      ┣ 客户端区域语言：            zh-CN,zh;q=0.9
      ┣ 客户端 IP 地址：            0.0.0.1
      ┣ 服务端 IP 地址：            0.0.0.1
      ┣ 客户端连接 ID：             00-4b28c6354efe1619c836f82754e9eeac-02a37d8e8fa00511-00
      ┣ 服务线程 ID：               #35
      ┣ 执行耗时：                  58ms
      ┣ ━━━━━━━━━━━━━━━  Cookies ━━━━━━━━━━━━━━━
      ┣ 请求端：                    
      ┣ 响应端：                    
      ┣ ━━━━━━━━━━━━━━━  系统信息 ━━━━━━━━━━━━━━━
      ┣ 系统名称：                  Microsoft Windows 10.0.19044
      ┣ 系统架构：                  X64
      ┣ 基础框架：                  Furion.Pure v4.8.8.41
      ┣ .NET 架构：                 .NET 6.0.16
      ┣ ━━━━━━━━━━━━━━━  启动信息 ━━━━━━━━━━━━━━━
      ┣ 运行环境：                  Production
      ┣ 启动程序集：                Admin.NET.Web.Entry
      ┣ 进程名称：                  Admin.NET.Web.Entry
      ┣ 托管程序：                  Kestrel
      ┣ ━━━━━━━━━━━━━━━  参数列表 ━━━━━━━━━━━━━━━
      ┣ Content-Type：              
      ┣ 
      ┣ minId (Nullable`1)：        
      ┣ ━━━━━━━━━━━━━━━  返回信息 ━━━━━━━━━━━━━━━
      ┣ HTTP响应状态码：            200
      ┣ 原始类型：                  System.Threading.Tasks.Task<System.Collections.Generic.IList<Admin.NET.Core.JuAI.Service.SpecialOutput>>
      ┣ 最终类型：                  Admin.NET.Core.AdminResult<System.Object>
      ┣ 最终返回值：                {"code":200,"type":"success","message":"","result":[{"id":"141254407701223","title":"抓烂22223","text":"就螺丝扣搭街坊立刻就333333","cover":"http://filetest.guxin.link/Special/2023/08/14125440695621.jpg","coverFile":null},{"id":"141242588270232","title":"第一个抓烂","text":"就开始大家和弗兰克沙龙的开发建设离开的顺德府顺德府手动","cover":"http://filetest.guxin.link/Special/2023/08/14124258623685.jpg","coverFile":null},{"id":"141242586827023","title":"第一个抓烂","text":"就开始大家和弗兰克沙龙的开发建设离开的顺德府顺德府手动","cover":"http://filetest.guxin.link/Special/20
      ┗━━━━━━━━━━━  Logging Monitor ━━━━━━━━━━━
info: 2023-08-28 21:38:01.1999602 +08:00 星期一 L System.Logging.LoggingMonitor[0] #43
      [System.Private.CoreLib.dll] void System.Runtime.CompilerServices.AsyncTaskMethodBuilder<TResult>+AsyncStateMachineBox<TStateMachine>.MoveNext(Thread threadPoolThread)
      ┏━━━━━━━━━━━  Logging Monitor ━━━━━━━━━━━
      ┣ Admin.NET.Core.JuAI.Service.UserTokenService.GetIsQianDaoToday
      ┣ 
      ┣ 控制器名称：                   UserTokenService
      ┣ 操作名称：                     GetIsQianDaoToday
      ┣ 显示名称：                     
      ┣ 路由信息：                     [area]: ; [controller]: userToken; [action]: isQianDaoToday
      ┣ 请求方式：                     GET
      ┣ 请求地址：                     http://localhost:5005/api/userToken/isQianDaoToday
      ┣ 来源地址：                     http://localhost:19991/
      ┣ 请求端源：                     client
      ┣ 浏览器标识：                   Mozilla/5.0 (Windows NT 10.0; Win64; x64) AppleWebKit/537.36 (KHTML, like Gecko) Chrome/116.0.0.0 Safari/537.36
      ┣ 客户端区域语言：               zh-CN,zh;q=0.9
      ┣ 客户端 IP 地址：               0.0.0.1
      ┣ 服务端 IP 地址：               0.0.0.1
      ┣ 客户端连接 ID：                00-40db1ea01e301f4d2183a861fa2e72d6-3d888e2ef832c117-00
      ┣ 服务线程 ID：                  #51
      ┣ 执行耗时：                     61ms
      ┣ ━━━━━━━━━━━━━━━  Cookies ━━━━━━━━━━━━━━━
      ┣ 请求端：                       
      ┣ 响应端：                       
      ┣ ━━━━━━━━━━━━━━━  系统信息 ━━━━━━━━━━━━━━━
      ┣ 系统名称：                     Microsoft Windows 10.0.19044
      ┣ 系统架构：                     X64
      ┣ 基础框架：                     Furion.Pure v4.8.8.41
      ┣ .NET 架构：                    .NET 6.0.16
      ┣ ━━━━━━━━━━━━━━━  启动信息 ━━━━━━━━━━━━━━━
      ┣ 运行环境：                     Production
      ┣ 启动程序集：                   Admin.NET.Web.Entry
      ┣ 进程名称：                     Admin.NET.Web.Entry
      ┣ 托管程序：                     Kestrel
      ┣ ━━━━━━━━━━━━━━━  授权信息 ━━━━━━━━━━━━━━━
      ┣ JWT Token：                    Bearer eyJhbGciOiJIUzI1NiIsInR5cCI6IkpXVCJ9.eyJVc2VySWQiOjE0MDA1ODI2MzU4MjEzLCJUZW5hbnRJZCI6MTMwMDAwMDAwMDAwMSwiQWNjb3VudCI6IjE4NjAwNzY2MDQ1IiwiTmlja05hbWUiOiLogZpBSV82MDQ1IiwiQWNjb3VudFR5cGUiOjAsImlhdCI6MTY5MzAzNzg0NiwibmJmIjoxNjkzMDM3ODQ2LCJleHAiOjE2OTM2NDI2NDYsImlzcyI6IkFkbWluLk5FVCIsImF1ZCI6IkFkbWluLk5FVCJ9.Pt3OMLor8iLzYQfEoREoKU3AxA0Ja7UX_Q2sCCdnGEw
      ┣ 
      ┣ UserId (integer64)：           14005826358213
      ┣ TenantId (integer64)：         1300000000001
      ┣ Account (string)：             18600766045
      ┣ NickName (string)：            聚AI_6045
      ┣ AccountType (integer)：        0
      ┣ iat (integer)：                1693037846 (2023-08-26 16:17:26:0000(+08:00) 星期六 L)
      ┣ nbf (integer)：                1693037846 (2023-08-26 16:17:26:0000(+08:00) 星期六 L)
      ┣ exp (integer)：                1693642646 (2023-09-02 16:17:26:0000(+08:00) 星期六 L)
      ┣ iss (string)：                 Admin.NET
      ┣ aud (string)：                 Admin.NET
      ┣ ━━━━━━━━━━━━━━━  返回信息 ━━━━━━━━━━━━━━━
      ┣ HTTP响应状态码：               200
      ┣ 原始类型：                     System.Threading.Tasks.Task<System.Boolean>
      ┣ 最终类型：                     Admin.NET.Core.AdminResult<System.Object>
      ┣ 最终返回值：                   {"code":200,"type":"success","message":"","result":false,"extras":null,"time":"2023-08-28T21:38:01.1961562+08:00"}
      ┗━━━━━━━━━━━  Logging Monitor ━━━━━━━━━━━
info: 2023-08-28 21:38:01.4127625 +08:00 星期一 L System.Logging.LoggingMonitor[0] #29
      [System.Private.CoreLib.dll] void System.Runtime.CompilerServices.AsyncTaskMethodBuilder<TResult>+AsyncStateMachineBox<TStateMachine>.MoveNext(Thread threadPoolThread)
      ┏━━━━━━━━━━━  Logging Monitor ━━━━━━━━━━━
      ┣ Admin.NET.Core.JuAI.Service.ArticleService.GetNewest
      ┣ 
      ┣ 控制器名称：                ArticleService
      ┣ 操作名称：                  GetNewest
      ┣ 显示名称：                  
      ┣ 路由信息：                  [area]: ; [controller]: article; [action]: newest
      ┣ 请求方式：                  GET
      ┣ 请求地址：                  http://localhost:5005/api/article/newest?minId=
      ┣ 来源地址：                  http://localhost:19991/
      ┣ 请求端源：                  client
      ┣ 浏览器标识：                Mozilla/5.0 (Windows NT 10.0; Win64; x64) AppleWebKit/537.36 (KHTML, like Gecko) Chrome/116.0.0.0 Safari/537.36
      ┣ 客户端区域语言：            zh-CN,zh;q=0.9
      ┣ 客户端 IP 地址：            0.0.0.1
      ┣ 服务端 IP 地址：            0.0.0.1
      ┣ 客户端连接 ID：             00-243435ab197d410b0ebf93e6427bdf32-b668297cf103c084-00
      ┣ 服务线程 ID：               #59
      ┣ 执行耗时：                  288ms
      ┣ ━━━━━━━━━━━━━━━  Cookies ━━━━━━━━━━━━━━━
      ┣ 请求端：                    
      ┣ 响应端：                    
      ┣ ━━━━━━━━━━━━━━━  系统信息 ━━━━━━━━━━━━━━━
      ┣ 系统名称：                  Microsoft Windows 10.0.19044
      ┣ 系统架构：                  X64
      ┣ 基础框架：                  Furion.Pure v4.8.8.41
      ┣ .NET 架构：                 .NET 6.0.16
      ┣ ━━━━━━━━━━━━━━━  启动信息 ━━━━━━━━━━━━━━━
      ┣ 运行环境：                  Production
      ┣ 启动程序集：                Admin.NET.Web.Entry
      ┣ 进程名称：                  Admin.NET.Web.Entry
      ┣ 托管程序：                  Kestrel
      ┣ ━━━━━━━━━━━━━━━  参数列表 ━━━━━━━━━━━━━━━
      ┣ Content-Type：              
      ┣ 
      ┣ minId (Nullable`1)：        
      ┣ ━━━━━━━━━━━━━━━  返回信息 ━━━━━━━━━━━━━━━
      ┣ HTTP响应状态码：            200
      ┣ 原始类型：                  System.Threading.Tasks.Task<System.Collections.Generic.List<Admin.NET.Core.JuAI.Service.ArticleOutput>>
      ┣ 最终类型：                  Admin.NET.Core.AdminResult<System.Object>
      ┣ 最终返回值：                {"code":200,"type":"success","message":"","result":[{"id":"14215981060677","title":"测试一个样式试试。。哈哈","html":"<p>大量减少离开</p><blockquote>第三方顺德府阿斯顿</blockquote><hr/><p>时间快</p><pre><code class=\"language-csharp\">烦烦烦烦烦烦\r\n顺德府阿斯蒂芬\r\n哈哈哈数据库的\r\nhahhahhkjsd </code></pre><table style=\"width: auto;\"><tbody><tr><th colSpan=\"1\" rowSpan=\"1\" width=\"auto\"></th><th colSpan=\"1\" rowSpan=\"1\" width=\"auto\"></th><th colSpan=\"1\" rowSpan=\"1\" width=\"auto\"></th><th colSpan=\"1\" rowSpan=\"1\" width=\"a
      ┗━━━━━━━━━━━  Logging Monitor ━━━━━━━━━━━
info: 2023-08-28 21:38:01.4473932 +08:00 星期一 L System.Logging.LoggingMonitor[0] #43
      [System.Private.CoreLib.dll] void System.Runtime.CompilerServices.AsyncTaskMethodBuilder<TResult>+AsyncStateMachineBox<TStateMachine>.MoveNext(Thread threadPoolThread)
      ┏━━━━━━━━━━━  Logging Monitor ━━━━━━━━━━━
      ┣ Admin.NET.Core.JuAI.Service.ArticleService.GetRecommend
      ┣ 
      ┣ 控制器名称：       ArticleService
      ┣ 操作名称：         GetRecommend
      ┣ 显示名称：         
      ┣ 路由信息：         [area]: ; [controller]: article; [action]: recommend
      ┣ 请求方式：         GET
      ┣ 请求地址：         http://localhost:5005/api/article/recommend
      ┣ 来源地址：         http://localhost:19991/
      ┣ 请求端源：         client
      ┣ 浏览器标识：       Mozilla/5.0 (Windows NT 10.0; Win64; x64) AppleWebKit/537.36 (KHTML, like Gecko) Chrome/116.0.0.0 Safari/537.36
      ┣ 客户端区域语言：   zh-CN,zh;q=0.9
      ┣ 客户端 IP 地址：   0.0.0.1
      ┣ 服务端 IP 地址：   0.0.0.1
      ┣ 客户端连接 ID：    00-dcc4d855e92eead56b5dbf25c5aee813-6cf82ebfe70f08b8-00
      ┣ 服务线程 ID：      #34
      ┣ 执行耗时：         323ms
      ┣ ━━━━━━━━━━━━━━━  Cookies ━━━━━━━━━━━━━━━
      ┣ 请求端：           
      ┣ 响应端：           
      ┣ ━━━━━━━━━━━━━━━  系统信息 ━━━━━━━━━━━━━━━
      ┣ 系统名称：         Microsoft Windows 10.0.19044
      ┣ 系统架构：         X64
      ┣ 基础框架：         Furion.Pure v4.8.8.41
      ┣ .NET 架构：        .NET 6.0.16
      ┣ ━━━━━━━━━━━━━━━  启动信息 ━━━━━━━━━━━━━━━
      ┣ 运行环境：         Production
      ┣ 启动程序集：       Admin.NET.Web.Entry
      ┣ 进程名称：         Admin.NET.Web.Entry
      ┣ 托管程序：         Kestrel
      ┣ ━━━━━━━━━━━━━━━  返回信息 ━━━━━━━━━━━━━━━
      ┣ HTTP响应状态码：   200
      ┣ 原始类型：         System.Threading.Tasks.Task<System.Collections.Generic.List<Admin.NET.Core.JuAI.Service.ArticleSiderOutput>>
      ┣ 最终类型：         Admin.NET.Core.AdminResult<System.Object>
      ┣ 最终返回值：       {"code":200,"type":"success","message":"","result":[{"id":"14215981060677","title":"测试一个样式试试。。哈哈"},{"id":"14194109678917","title":"测试第一个抓烂拉了进来"},{"id":"14127539556677","title":"两个图片测试呢。"},{"id":"14127533953093","title":"设置一下图片和视频试一试呢。。哈哈"},{"id":"14127509730629","title":"一个视频和两个图片"},{"id":"14127478756933","title":"考了几分离开的分析来看都分割"},{"id":"14127257110597","title":"测试一个视频和图片功能看好不好呀"},{"id":"14084316607813","title":"111111111111111"},{"id":"14084262750277","title":"wangEditor 粘贴从 word 复制的带图片内容的最"},{
      ┗━━━━━━━━━━━  Logging Monitor ━━━━━━━━━━━
info: 2023-08-28 21:38:14.8982116 +08:00 星期一 L System.Logging.LoggingMonitor[0] #34
      [System.Private.CoreLib.dll] void System.Runtime.CompilerServices.AsyncMethodBuilderCore.Start<TStateMachine>(ref TStateMachine stateMachine)
      ┏━━━━━━━━━━━  Logging Monitor ━━━━━━━━━━━
      ┣ Admin.NET.Core.JuAI.Service.UpgradeService.GetNewst
      ┣ 
      ┣ 控制器名称：       UpgradeService
      ┣ 操作名称：         GetNewst
      ┣ 显示名称：         
      ┣ 路由信息：         [area]: ; [controller]: upgrade; [action]: newst
      ┣ 请求方式：         GET
      ┣ 请求地址：         http://localhost:5005/api/upgrade/newst
      ┣ 来源地址：         http://localhost:19991/
      ┣ 请求端源：         client
      ┣ 浏览器标识：       Mozilla/5.0 (Windows NT 10.0; Win64; x64) AppleWebKit/537.36 (KHTML, like Gecko) Chrome/116.0.0.0 Safari/537.36
      ┣ 客户端区域语言：   zh-CN,zh;q=0.9
      ┣ 客户端 IP 地址：   0.0.0.1
      ┣ 服务端 IP 地址：   0.0.0.1
      ┣ 客户端连接 ID：    00-3855cc885b75131cd66fefbe23609b40-f99e1e92b46881d2-00
      ┣ 服务线程 ID：      #34
      ┣ 执行耗时：         86ms
      ┣ ━━━━━━━━━━━━━━━  Cookies ━━━━━━━━━━━━━━━
      ┣ 请求端：           
      ┣ 响应端：           
      ┣ ━━━━━━━━━━━━━━━  系统信息 ━━━━━━━━━━━━━━━
      ┣ 系统名称：         Microsoft Windows 10.0.19044
      ┣ 系统架构：         X64
      ┣ 基础框架：         Furion.Pure v4.8.8.41
      ┣ .NET 架构：        .NET 6.0.16
      ┣ ━━━━━━━━━━━━━━━  启动信息 ━━━━━━━━━━━━━━━
      ┣ 运行环境：         Production
      ┣ 启动程序集：       Admin.NET.Web.Entry
      ┣ 进程名称：         Admin.NET.Web.Entry
      ┣ 托管程序：         Kestrel
      ┣ ━━━━━━━━━━━━━━━  返回信息 ━━━━━━━━━━━━━━━
      ┣ HTTP响应状态码：   200
      ┣ 原始类型：         Admin.NET.Core.JuAI.AppUpgrade
      ┣ 最终类型：         Admin.NET.Core.AdminResult<System.Object>
      ┣ 最终返回值：       {"code":200,"type":"success","message":"","result":{"version":"2.12.3","desc":"修复聊天不显示","isForceUpdate":true,"isClearCache":true,"createOrgId":null,"createTime":"2023-08-08T22:29:38","updateTime":"2023-08-08T22:14:27","createUserId":null,"updateUserId":null,"isDelete":false,"id":"3334"},"extras":null,"time":"2023-08-28T21:38:14.8960306+08:00"}
      ┗━━━━━━━━━━━  Logging Monitor ━━━━━━━━━━━
info: 2023-08-28 21:38:14.9182995 +08:00 星期一 L System.Logging.LoggingMonitor[0] #46
      [System.Private.CoreLib.dll] void System.Runtime.CompilerServices.AsyncMethodBuilderCore.Start<TStateMachine>(ref TStateMachine stateMachine)
      ┏━━━━━━━━━━━  Logging Monitor ━━━━━━━━━━━
      ┣ Admin.NET.Core.JuAI.Service.UserService.GetActiveUsers
      ┣ 
      ┣ 控制器名称：       UserService
      ┣ 操作名称：         GetActiveUsers
      ┣ 显示名称：         活跃用户
      ┣ 路由信息：         [area]: ; [controller]: user; [action]: activeUsers
      ┣ 请求方式：         GET
      ┣ 请求地址：         http://localhost:5005/api/User/ActiveUsers
      ┣ 来源地址：         http://localhost:19991/
      ┣ 请求端源：         client
      ┣ 浏览器标识：       Mozilla/5.0 (Windows NT 10.0; Win64; x64) AppleWebKit/537.36 (KHTML, like Gecko) Chrome/116.0.0.0 Safari/537.36
      ┣ 客户端区域语言：   zh-CN,zh;q=0.9
      ┣ 客户端 IP 地址：   0.0.0.1
      ┣ 服务端 IP 地址：   0.0.0.1
      ┣ 客户端连接 ID：    00-627751b585f76c3b3f3dbe8db372263b-cec7fdf21c7df94e-00
      ┣ 服务线程 ID：      #46
      ┣ 执行耗时：         96ms
      ┣ ━━━━━━━━━━━━━━━  Cookies ━━━━━━━━━━━━━━━
      ┣ 请求端：           
      ┣ 响应端：           
      ┣ ━━━━━━━━━━━━━━━  系统信息 ━━━━━━━━━━━━━━━
      ┣ 系统名称：         Microsoft Windows 10.0.19044
      ┣ 系统架构：         X64
      ┣ 基础框架：         Furion.Pure v4.8.8.41
      ┣ .NET 架构：        .NET 6.0.16
      ┣ ━━━━━━━━━━━━━━━  启动信息 ━━━━━━━━━━━━━━━
      ┣ 运行环境：         Production
      ┣ 启动程序集：       Admin.NET.Web.Entry
      ┣ 进程名称：         Admin.NET.Web.Entry
      ┣ 托管程序：         Kestrel
      ┣ ━━━━━━━━━━━━━━━  返回信息 ━━━━━━━━━━━━━━━
      ┣ HTTP响应状态码：   200
      ┣ 原始类型：         System.Collections.Generic.IList<Admin.NET.Core.JuAI.Service.UserInfoOutput>
      ┣ 最终类型：         Admin.NET.Core.AdminResult<System.Object>
      ┣ 最终返回值：       {"code":200,"type":"success","message":"","result":[{"nickName":"聚AI_6045","avatar":"Upload/Avatar/14194583407941.jpg","id":"14005826358213"},{"nickName":"聚AI_6045","avatar":null,"id":"14005810391877"},{"nickName":"聚AI_6045","avatar":null,"id":"13727127390021"},{"nickName":"聚AI_6047","avatar":null,"id":"13763405483077"},{"nickName":"聚AI_6046","avatar":null,"id":"13763350061253"}],"extras":null,"time":"2023-08-28T21:38:14.9156425+08:00"}
      ┗━━━━━━━━━━━  Logging Monitor ━━━━━━━━━━━
info: 2023-08-28 21:38:14.9032147 +08:00 星期一 L System.Logging.LoggingMonitor[0] #55
      [System.Private.CoreLib.dll] void System.Runtime.CompilerServices.AsyncTaskMethodBuilder<TResult>+AsyncStateMachineBox<TStateMachine>.MoveNext(Thread threadPoolThread)
      ┏━━━━━━━━━━━  Logging Monitor ━━━━━━━━━━━
      ┣ Admin.NET.Core.JuAI.Service.SpecialService.GetNewest
      ┣ 
      ┣ 控制器名称：                SpecialService
      ┣ 操作名称：                  GetNewest
      ┣ 显示名称：                  
      ┣ 路由信息：                  [area]: ; [controller]: special; [action]: newest
      ┣ 请求方式：                  GET
      ┣ 请求地址：                  http://localhost:5005/api/special/newest?minId=
      ┣ 来源地址：                  http://localhost:19991/
      ┣ 请求端源：                  client
      ┣ 浏览器标识：                Mozilla/5.0 (Windows NT 10.0; Win64; x64) AppleWebKit/537.36 (KHTML, like Gecko) Chrome/116.0.0.0 Safari/537.36
      ┣ 客户端区域语言：            zh-CN,zh;q=0.9
      ┣ 客户端 IP 地址：            0.0.0.1
      ┣ 服务端 IP 地址：            0.0.0.1
      ┣ 客户端连接 ID：             00-4c363e4719d4170964d879ec0757aabc-eafe29f4ace9e6ba-00
      ┣ 服务线程 ID：               #51
      ┣ 执行耗时：                  79ms
      ┣ ━━━━━━━━━━━━━━━  Cookies ━━━━━━━━━━━━━━━
      ┣ 请求端：                    
      ┣ 响应端：                    
      ┣ ━━━━━━━━━━━━━━━  系统信息 ━━━━━━━━━━━━━━━
      ┣ 系统名称：                  Microsoft Windows 10.0.19044
      ┣ 系统架构：                  X64
      ┣ 基础框架：                  Furion.Pure v4.8.8.41
      ┣ .NET 架构：                 .NET 6.0.16
      ┣ ━━━━━━━━━━━━━━━  启动信息 ━━━━━━━━━━━━━━━
      ┣ 运行环境：                  Production
      ┣ 启动程序集：                Admin.NET.Web.Entry
      ┣ 进程名称：                  Admin.NET.Web.Entry
      ┣ 托管程序：                  Kestrel
      ┣ ━━━━━━━━━━━━━━━  参数列表 ━━━━━━━━━━━━━━━
      ┣ Content-Type：              
      ┣ 
      ┣ minId (Nullable`1)：        
      ┣ ━━━━━━━━━━━━━━━  返回信息 ━━━━━━━━━━━━━━━
      ┣ HTTP响应状态码：            200
      ┣ 原始类型：                  System.Threading.Tasks.Task<System.Collections.Generic.IList<Admin.NET.Core.JuAI.Service.SpecialOutput>>
      ┣ 最终类型：                  Admin.NET.Core.AdminResult<System.Object>
      ┣ 最终返回值：                {"code":200,"type":"success","message":"","result":[{"id":"141254407701223","title":"抓烂22223","text":"就螺丝扣搭街坊立刻就333333","cover":"http://filetest.guxin.link/Special/2023/08/14125440695621.jpg","coverFile":null},{"id":"141242588270232","title":"第一个抓烂","text":"就开始大家和弗兰克沙龙的开发建设离开的顺德府顺德府手动","cover":"http://filetest.guxin.link/Special/2023/08/14124258623685.jpg","coverFile":null},{"id":"141242586827023","title":"第一个抓烂","text":"就开始大家和弗兰克沙龙的开发建设离开的顺德府顺德府手动","cover":"http://filetest.guxin.link/Special/20
      ┗━━━━━━━━━━━  Logging Monitor ━━━━━━━━━━━
info: 2023-08-28 21:38:14.9128355 +08:00 星期一 L System.Logging.LoggingMonitor[0] #43
      [System.Private.CoreLib.dll] void System.Runtime.CompilerServices.AsyncTaskMethodBuilder<TResult>+AsyncStateMachineBox<TStateMachine>.MoveNext(Thread threadPoolThread)
      ┏━━━━━━━━━━━  Logging Monitor ━━━━━━━━━━━
      ┣ Admin.NET.Core.JuAI.Service.UserTokenService.GetIsQianDaoToday
      ┣ 
      ┣ 控制器名称：                   UserTokenService
      ┣ 操作名称：                     GetIsQianDaoToday
      ┣ 显示名称：                     
      ┣ 路由信息：                     [area]: ; [controller]: userToken; [action]: isQianDaoToday
      ┣ 请求方式：                     GET
      ┣ 请求地址：                     http://localhost:5005/api/userToken/isQianDaoToday
      ┣ 来源地址：                     http://localhost:19991/
      ┣ 请求端源：                     client
      ┣ 浏览器标识：                   Mozilla/5.0 (Windows NT 10.0; Win64; x64) AppleWebKit/537.36 (KHTML, like Gecko) Chrome/116.0.0.0 Safari/537.36
      ┣ 客户端区域语言：               zh-CN,zh;q=0.9
      ┣ 客户端 IP 地址：               0.0.0.1
      ┣ 服务端 IP 地址：               0.0.0.1
      ┣ 客户端连接 ID：                00-1f66412e2a3663341c6f2da4dcadd39c-0d8062be71fa6ad0-00
      ┣ 服务线程 ID：                  #59
      ┣ 执行耗时：                     82ms
      ┣ ━━━━━━━━━━━━━━━  Cookies ━━━━━━━━━━━━━━━
      ┣ 请求端：                       
      ┣ 响应端：                       
      ┣ ━━━━━━━━━━━━━━━  系统信息 ━━━━━━━━━━━━━━━
      ┣ 系统名称：                     Microsoft Windows 10.0.19044
      ┣ 系统架构：                     X64
      ┣ 基础框架：                     Furion.Pure v4.8.8.41
      ┣ .NET 架构：                    .NET 6.0.16
      ┣ ━━━━━━━━━━━━━━━  启动信息 ━━━━━━━━━━━━━━━
      ┣ 运行环境：                     Production
      ┣ 启动程序集：                   Admin.NET.Web.Entry
      ┣ 进程名称：                     Admin.NET.Web.Entry
      ┣ 托管程序：                     Kestrel
      ┣ ━━━━━━━━━━━━━━━  授权信息 ━━━━━━━━━━━━━━━
      ┣ JWT Token：                    Bearer eyJhbGciOiJIUzI1NiIsInR5cCI6IkpXVCJ9.eyJVc2VySWQiOjE0MDA1ODI2MzU4MjEzLCJUZW5hbnRJZCI6MTMwMDAwMDAwMDAwMSwiQWNjb3VudCI6IjE4NjAwNzY2MDQ1IiwiTmlja05hbWUiOiLogZpBSV82MDQ1IiwiQWNjb3VudFR5cGUiOjAsImlhdCI6MTY5MzAzNzg0NiwibmJmIjoxNjkzMDM3ODQ2LCJleHAiOjE2OTM2NDI2NDYsImlzcyI6IkFkbWluLk5FVCIsImF1ZCI6IkFkbWluLk5FVCJ9.Pt3OMLor8iLzYQfEoREoKU3AxA0Ja7UX_Q2sCCdnGEw
      ┣ 
      ┣ UserId (integer64)：           14005826358213
      ┣ TenantId (integer64)：         1300000000001
      ┣ Account (string)：             18600766045
      ┣ NickName (string)：            聚AI_6045
      ┣ AccountType (integer)：        0
      ┣ iat (integer)：                1693037846 (2023-08-26 16:17:26:0000(+08:00) 星期六 L)
      ┣ nbf (integer)：                1693037846 (2023-08-26 16:17:26:0000(+08:00) 星期六 L)
      ┣ exp (integer)：                1693642646 (2023-09-02 16:17:26:0000(+08:00) 星期六 L)
      ┣ iss (string)：                 Admin.NET
      ┣ aud (string)：                 Admin.NET
      ┣ ━━━━━━━━━━━━━━━  返回信息 ━━━━━━━━━━━━━━━
      ┣ HTTP响应状态码：               200
      ┣ 原始类型：                     System.Threading.Tasks.Task<System.Boolean>
      ┣ 最终类型：                     Admin.NET.Core.AdminResult<System.Object>
      ┣ 最终返回值：                   {"code":200,"type":"success","message":"","result":false,"extras":null,"time":"2023-08-28T21:38:14.9096587+08:00"}
      ┗━━━━━━━━━━━  Logging Monitor ━━━━━━━━━━━
info: 2023-08-28 21:38:15.0401052 +08:00 星期一 L System.Logging.LoggingMonitor[0] #43
      [System.Private.CoreLib.dll] void System.Runtime.CompilerServices.AsyncTaskMethodBuilder<TResult>+AsyncStateMachineBox<TStateMachine>.MoveNext(Thread threadPoolThread)
      ┏━━━━━━━━━━━  Logging Monitor ━━━━━━━━━━━
      ┣ Admin.NET.Core.JuAI.Service.ArticleService.GetNewest
      ┣ 
      ┣ 控制器名称：                ArticleService
      ┣ 操作名称：                  GetNewest
      ┣ 显示名称：                  
      ┣ 路由信息：                  [area]: ; [controller]: article; [action]: newest
      ┣ 请求方式：                  GET
      ┣ 请求地址：                  http://localhost:5005/api/article/newest?minId=
      ┣ 来源地址：                  http://localhost:19991/
      ┣ 请求端源：                  client
      ┣ 浏览器标识：                Mozilla/5.0 (Windows NT 10.0; Win64; x64) AppleWebKit/537.36 (KHTML, like Gecko) Chrome/116.0.0.0 Safari/537.36
      ┣ 客户端区域语言：            zh-CN,zh;q=0.9
      ┣ 客户端 IP 地址：            0.0.0.1
      ┣ 服务端 IP 地址：            0.0.0.1
      ┣ 客户端连接 ID：             00-08f7d39a1d1b40e8c1a927512c394a5d-23ab19668f3a4c11-00
      ┣ 服务线程 ID：               #41
      ┣ 执行耗时：                  221ms
      ┣ ━━━━━━━━━━━━━━━  Cookies ━━━━━━━━━━━━━━━
      ┣ 请求端：                    
      ┣ 响应端：                    
      ┣ ━━━━━━━━━━━━━━━  系统信息 ━━━━━━━━━━━━━━━
      ┣ 系统名称：                  Microsoft Windows 10.0.19044
      ┣ 系统架构：                  X64
      ┣ 基础框架：                  Furion.Pure v4.8.8.41
      ┣ .NET 架构：                 .NET 6.0.16
      ┣ ━━━━━━━━━━━━━━━  启动信息 ━━━━━━━━━━━━━━━
      ┣ 运行环境：                  Production
      ┣ 启动程序集：                Admin.NET.Web.Entry
      ┣ 进程名称：                  Admin.NET.Web.Entry
      ┣ 托管程序：                  Kestrel
      ┣ ━━━━━━━━━━━━━━━  参数列表 ━━━━━━━━━━━━━━━
      ┣ Content-Type：              
      ┣ 
      ┣ minId (Nullable`1)：        
      ┣ ━━━━━━━━━━━━━━━  返回信息 ━━━━━━━━━━━━━━━
      ┣ HTTP响应状态码：            200
      ┣ 原始类型：                  System.Threading.Tasks.Task<System.Collections.Generic.List<Admin.NET.Core.JuAI.Service.ArticleOutput>>
      ┣ 最终类型：                  Admin.NET.Core.AdminResult<System.Object>
      ┣ 最终返回值：                {"code":200,"type":"success","message":"","result":[{"id":"14215981060677","title":"测试一个样式试试。。哈哈","html":"<p>大量减少离开</p><blockquote>第三方顺德府阿斯顿</blockquote><hr/><p>时间快</p><pre><code class=\"language-csharp\">烦烦烦烦烦烦\r\n顺德府阿斯蒂芬\r\n哈哈哈数据库的\r\nhahhahhkjsd </code></pre><table style=\"width: auto;\"><tbody><tr><th colSpan=\"1\" rowSpan=\"1\" width=\"auto\"></th><th colSpan=\"1\" rowSpan=\"1\" width=\"auto\"></th><th colSpan=\"1\" rowSpan=\"1\" width=\"auto\"></th><th colSpan=\"1\" rowSpan=\"1\" width=\"a
      ┗━━━━━━━━━━━  Logging Monitor ━━━━━━━━━━━
info: 2023-08-28 21:38:15.2509386 +08:00 星期一 L System.Logging.LoggingMonitor[0] #55
      [System.Private.CoreLib.dll] void System.Runtime.CompilerServices.AsyncTaskMethodBuilder<TResult>+AsyncStateMachineBox<TStateMachine>.MoveNext(Thread threadPoolThread)
      ┏━━━━━━━━━━━  Logging Monitor ━━━━━━━━━━━
      ┣ Admin.NET.Core.JuAI.Service.ArticleService.GetRecommend
      ┣ 
      ┣ 控制器名称：       ArticleService
      ┣ 操作名称：         GetRecommend
      ┣ 显示名称：         
      ┣ 路由信息：         [area]: ; [controller]: article; [action]: recommend
      ┣ 请求方式：         GET
      ┣ 请求地址：         http://localhost:5005/api/article/recommend
      ┣ 来源地址：         http://localhost:19991/
      ┣ 请求端源：         client
      ┣ 浏览器标识：       Mozilla/5.0 (Windows NT 10.0; Win64; x64) AppleWebKit/537.36 (KHTML, like Gecko) Chrome/116.0.0.0 Safari/537.36
      ┣ 客户端区域语言：   zh-CN,zh;q=0.9
      ┣ 客户端 IP 地址：   0.0.0.1
      ┣ 服务端 IP 地址：   0.0.0.1
      ┣ 客户端连接 ID：    00-5e6bf7974e1f6ba9083901a4182dba0c-f7c733cc996c9c36-00
      ┣ 服务线程 ID：      #35
      ┣ 执行耗时：         427ms
      ┣ ━━━━━━━━━━━━━━━  Cookies ━━━━━━━━━━━━━━━
      ┣ 请求端：           
      ┣ 响应端：           
      ┣ ━━━━━━━━━━━━━━━  系统信息 ━━━━━━━━━━━━━━━
      ┣ 系统名称：         Microsoft Windows 10.0.19044
      ┣ 系统架构：         X64
      ┣ 基础框架：         Furion.Pure v4.8.8.41
      ┣ .NET 架构：        .NET 6.0.16
      ┣ ━━━━━━━━━━━━━━━  启动信息 ━━━━━━━━━━━━━━━
      ┣ 运行环境：         Production
      ┣ 启动程序集：       Admin.NET.Web.Entry
      ┣ 进程名称：         Admin.NET.Web.Entry
      ┣ 托管程序：         Kestrel
      ┣ ━━━━━━━━━━━━━━━  返回信息 ━━━━━━━━━━━━━━━
      ┣ HTTP响应状态码：   200
      ┣ 原始类型：         System.Threading.Tasks.Task<System.Collections.Generic.List<Admin.NET.Core.JuAI.Service.ArticleSiderOutput>>
      ┣ 最终类型：         Admin.NET.Core.AdminResult<System.Object>
      ┣ 最终返回值：       {"code":200,"type":"success","message":"","result":[{"id":"14215981060677","title":"测试一个样式试试。。哈哈"},{"id":"14194109678917","title":"测试第一个抓烂拉了进来"},{"id":"14127539556677","title":"两个图片测试呢。"},{"id":"14127533953093","title":"设置一下图片和视频试一试呢。。哈哈"},{"id":"14127509730629","title":"一个视频和两个图片"},{"id":"14127478756933","title":"考了几分离开的分析来看都分割"},{"id":"14127257110597","title":"测试一个视频和图片功能看好不好呀"},{"id":"14084316607813","title":"111111111111111"},{"id":"14084262750277","title":"wangEditor 粘贴从 word 复制的带图片内容的最"},{
      ┗━━━━━━━━━━━  Logging Monitor ━━━━━━━━━━━
info: 2023-08-28 21:39:58.6005237 +08:00 星期一 L System.Logging.LoggingMonitor[0] #50
      [System.Private.CoreLib.dll] void System.Runtime.CompilerServices.AsyncMethodBuilderCore.Start<TStateMachine>(ref TStateMachine stateMachine)
      ┏━━━━━━━━━━━  Logging Monitor ━━━━━━━━━━━
      ┣ Admin.NET.Core.JuAI.Service.UserService.GetActiveUsers
      ┣ 
      ┣ 控制器名称：       UserService
      ┣ 操作名称：         GetActiveUsers
      ┣ 显示名称：         活跃用户
      ┣ 路由信息：         [area]: ; [controller]: user; [action]: activeUsers
      ┣ 请求方式：         GET
      ┣ 请求地址：         http://localhost:5005/api/User/ActiveUsers
      ┣ 来源地址：         http://localhost:19991/
      ┣ 请求端源：         client
      ┣ 浏览器标识：       Mozilla/5.0 (Windows NT 10.0; Win64; x64) AppleWebKit/537.36 (KHTML, like Gecko) Chrome/116.0.0.0 Safari/537.36
      ┣ 客户端区域语言：   zh-CN,zh;q=0.9
      ┣ 客户端 IP 地址：   0.0.0.1
      ┣ 服务端 IP 地址：   0.0.0.1
      ┣ 客户端连接 ID：    00-d97a6a2a75d74ec9a04dba6839299c7a-3bc0a13fa46e1ed2-00
      ┣ 服务线程 ID：      #50
      ┣ 执行耗时：         62ms
      ┣ ━━━━━━━━━━━━━━━  Cookies ━━━━━━━━━━━━━━━
      ┣ 请求端：           
      ┣ 响应端：           
      ┣ ━━━━━━━━━━━━━━━  系统信息 ━━━━━━━━━━━━━━━
      ┣ 系统名称：         Microsoft Windows 10.0.19044
      ┣ 系统架构：         X64
      ┣ 基础框架：         Furion.Pure v4.8.8.41
      ┣ .NET 架构：        .NET 6.0.16
      ┣ ━━━━━━━━━━━━━━━  启动信息 ━━━━━━━━━━━━━━━
      ┣ 运行环境：         Production
      ┣ 启动程序集：       Admin.NET.Web.Entry
      ┣ 进程名称：         Admin.NET.Web.Entry
      ┣ 托管程序：         Kestrel
      ┣ ━━━━━━━━━━━━━━━  返回信息 ━━━━━━━━━━━━━━━
      ┣ HTTP响应状态码：   200
      ┣ 原始类型：         System.Collections.Generic.IList<Admin.NET.Core.JuAI.Service.UserInfoOutput>
      ┣ 最终类型：         Admin.NET.Core.AdminResult<System.Object>
      ┣ 最终返回值：       {"code":200,"type":"success","message":"","result":[{"nickName":"聚AI_6045","avatar":"Upload/Avatar/14194583407941.jpg","id":"14005826358213"},{"nickName":"聚AI_6045","avatar":null,"id":"14005810391877"},{"nickName":"聚AI_6045","avatar":null,"id":"13727127390021"},{"nickName":"聚AI_6047","avatar":null,"id":"13763405483077"},{"nickName":"聚AI_6046","avatar":null,"id":"13763350061253"}],"extras":null,"time":"2023-08-28T21:39:58.5956736+08:00"}
      ┗━━━━━━━━━━━  Logging Monitor ━━━━━━━━━━━
info: 2023-08-28 21:39:58.6053027 +08:00 星期一 L System.Logging.LoggingMonitor[0] #61
      [System.Private.CoreLib.dll] void System.Runtime.CompilerServices.AsyncMethodBuilderCore.Start<TStateMachine>(ref TStateMachine stateMachine)
      ┏━━━━━━━━━━━  Logging Monitor ━━━━━━━━━━━
      ┣ Admin.NET.Core.JuAI.Service.UpgradeService.GetNewst
      ┣ 
      ┣ 控制器名称：       UpgradeService
      ┣ 操作名称：         GetNewst
      ┣ 显示名称：         
      ┣ 路由信息：         [area]: ; [controller]: upgrade; [action]: newst
      ┣ 请求方式：         GET
      ┣ 请求地址：         http://localhost:5005/api/upgrade/newst
      ┣ 来源地址：         http://localhost:19991/
      ┣ 请求端源：         client
      ┣ 浏览器标识：       Mozilla/5.0 (Windows NT 10.0; Win64; x64) AppleWebKit/537.36 (KHTML, like Gecko) Chrome/116.0.0.0 Safari/537.36
      ┣ 客户端区域语言：   zh-CN,zh;q=0.9
      ┣ 客户端 IP 地址：   0.0.0.1
      ┣ 服务端 IP 地址：   0.0.0.1
      ┣ 客户端连接 ID：    00-360c0a20fa8c30db6b6230658f3c2425-5c3fdae82579181a-00
      ┣ 服务线程 ID：      #61
      ┣ 执行耗时：         60ms
      ┣ ━━━━━━━━━━━━━━━  Cookies ━━━━━━━━━━━━━━━
      ┣ 请求端：           
      ┣ 响应端：           
      ┣ ━━━━━━━━━━━━━━━  系统信息 ━━━━━━━━━━━━━━━
      ┣ 系统名称：         Microsoft Windows 10.0.19044
      ┣ 系统架构：         X64
      ┣ 基础框架：         Furion.Pure v4.8.8.41
      ┣ .NET 架构：        .NET 6.0.16
      ┣ ━━━━━━━━━━━━━━━  启动信息 ━━━━━━━━━━━━━━━
      ┣ 运行环境：         Production
      ┣ 启动程序集：       Admin.NET.Web.Entry
      ┣ 进程名称：         Admin.NET.Web.Entry
      ┣ 托管程序：         Kestrel
      ┣ ━━━━━━━━━━━━━━━  返回信息 ━━━━━━━━━━━━━━━
      ┣ HTTP响应状态码：   200
      ┣ 原始类型：         Admin.NET.Core.JuAI.AppUpgrade
      ┣ 最终类型：         Admin.NET.Core.AdminResult<System.Object>
      ┣ 最终返回值：       {"code":200,"type":"success","message":"","result":{"version":"2.12.3","desc":"修复聊天不显示","isForceUpdate":true,"isClearCache":true,"createOrgId":null,"createTime":"2023-08-08T22:29:38","updateTime":"2023-08-08T22:14:27","createUserId":null,"updateUserId":null,"isDelete":false,"id":"3334"},"extras":null,"time":"2023-08-28T21:39:58.5990348+08:00"}
      ┗━━━━━━━━━━━  Logging Monitor ━━━━━━━━━━━
info: 2023-08-28 21:39:58.6072751 +08:00 星期一 L System.Logging.LoggingMonitor[0] #38
      [System.Private.CoreLib.dll] void System.Runtime.CompilerServices.AsyncTaskMethodBuilder<TResult>+AsyncStateMachineBox<TStateMachine>.MoveNext(Thread threadPoolThread)
      ┏━━━━━━━━━━━  Logging Monitor ━━━━━━━━━━━
      ┣ Admin.NET.Core.JuAI.Service.UserTokenService.GetIsQianDaoToday
      ┣ 
      ┣ 控制器名称：                   UserTokenService
      ┣ 操作名称：                     GetIsQianDaoToday
      ┣ 显示名称：                     
      ┣ 路由信息：                     [area]: ; [controller]: userToken; [action]: isQianDaoToday
      ┣ 请求方式：                     GET
      ┣ 请求地址：                     http://localhost:5005/api/userToken/isQianDaoToday
      ┣ 来源地址：                     http://localhost:19991/
      ┣ 请求端源：                     client
      ┣ 浏览器标识：                   Mozilla/5.0 (Windows NT 10.0; Win64; x64) AppleWebKit/537.36 (KHTML, like Gecko) Chrome/116.0.0.0 Safari/537.36
      ┣ 客户端区域语言：               zh-CN,zh;q=0.9
      ┣ 客户端 IP 地址：               0.0.0.1
      ┣ 服务端 IP 地址：               0.0.0.1
      ┣ 客户端连接 ID：                00-855eab875bbbe92a2efca06d079c9947-f6e1c7bac15cb428-00
      ┣ 服务线程 ID：                  #34
      ┣ 执行耗时：                     56ms
      ┣ ━━━━━━━━━━━━━━━  Cookies ━━━━━━━━━━━━━━━
      ┣ 请求端：                       
      ┣ 响应端：                       
      ┣ ━━━━━━━━━━━━━━━  系统信息 ━━━━━━━━━━━━━━━
      ┣ 系统名称：                     Microsoft Windows 10.0.19044
      ┣ 系统架构：                     X64
      ┣ 基础框架：                     Furion.Pure v4.8.8.41
      ┣ .NET 架构：                    .NET 6.0.16
      ┣ ━━━━━━━━━━━━━━━  启动信息 ━━━━━━━━━━━━━━━
      ┣ 运行环境：                     Production
      ┣ 启动程序集：                   Admin.NET.Web.Entry
      ┣ 进程名称：                     Admin.NET.Web.Entry
      ┣ 托管程序：                     Kestrel
      ┣ ━━━━━━━━━━━━━━━  授权信息 ━━━━━━━━━━━━━━━
      ┣ JWT Token：                    Bearer eyJhbGciOiJIUzI1NiIsInR5cCI6IkpXVCJ9.eyJVc2VySWQiOjE0MDA1ODI2MzU4MjEzLCJUZW5hbnRJZCI6MTMwMDAwMDAwMDAwMSwiQWNjb3VudCI6IjE4NjAwNzY2MDQ1IiwiTmlja05hbWUiOiLogZpBSV82MDQ1IiwiQWNjb3VudFR5cGUiOjAsImlhdCI6MTY5MzAzNzg0NiwibmJmIjoxNjkzMDM3ODQ2LCJleHAiOjE2OTM2NDI2NDYsImlzcyI6IkFkbWluLk5FVCIsImF1ZCI6IkFkbWluLk5FVCJ9.Pt3OMLor8iLzYQfEoREoKU3AxA0Ja7UX_Q2sCCdnGEw
      ┣ 
      ┣ UserId (integer64)：           14005826358213
      ┣ TenantId (integer64)：         1300000000001
      ┣ Account (string)：             18600766045
      ┣ NickName (string)：            聚AI_6045
      ┣ AccountType (integer)：        0
      ┣ iat (integer)：                1693037846 (2023-08-26 16:17:26:0000(+08:00) 星期六 L)
      ┣ nbf (integer)：                1693037846 (2023-08-26 16:17:26:0000(+08:00) 星期六 L)
      ┣ exp (integer)：                1693642646 (2023-09-02 16:17:26:0000(+08:00) 星期六 L)
      ┣ iss (string)：                 Admin.NET
      ┣ aud (string)：                 Admin.NET
      ┣ ━━━━━━━━━━━━━━━  返回信息 ━━━━━━━━━━━━━━━
      ┣ HTTP响应状态码：               200
      ┣ 原始类型：                     System.Threading.Tasks.Task<System.Boolean>
      ┣ 最终类型：                     Admin.NET.Core.AdminResult<System.Object>
      ┣ 最终返回值：                   {"code":200,"type":"success","message":"","result":false,"extras":null,"time":"2023-08-28T21:39:58.6032837+08:00"}
      ┗━━━━━━━━━━━  Logging Monitor ━━━━━━━━━━━
info: 2023-08-28 21:39:58.6170288 +08:00 星期一 L System.Logging.LoggingMonitor[0] #37
      [System.Private.CoreLib.dll] void System.Runtime.CompilerServices.AsyncTaskMethodBuilder<TResult>+AsyncStateMachineBox<TStateMachine>.MoveNext(Thread threadPoolThread)
      ┏━━━━━━━━━━━  Logging Monitor ━━━━━━━━━━━
      ┣ Admin.NET.Core.JuAI.Service.SpecialService.GetNewest
      ┣ 
      ┣ 控制器名称：                SpecialService
      ┣ 操作名称：                  GetNewest
      ┣ 显示名称：                  
      ┣ 路由信息：                  [area]: ; [controller]: special; [action]: newest
      ┣ 请求方式：                  GET
      ┣ 请求地址：                  http://localhost:5005/api/special/newest?minId=
      ┣ 来源地址：                  http://localhost:19991/
      ┣ 请求端源：                  client
      ┣ 浏览器标识：                Mozilla/5.0 (Windows NT 10.0; Win64; x64) AppleWebKit/537.36 (KHTML, like Gecko) Chrome/116.0.0.0 Safari/537.36
      ┣ 客户端区域语言：            zh-CN,zh;q=0.9
      ┣ 客户端 IP 地址：            0.0.0.1
      ┣ 服务端 IP 地址：            0.0.0.1
      ┣ 客户端连接 ID：             00-b9ff144cdd9c526e54a320278496c336-9129825320cba067-00
      ┣ 服务线程 ID：               #58
      ┣ 执行耗时：                  77ms
      ┣ ━━━━━━━━━━━━━━━  Cookies ━━━━━━━━━━━━━━━
      ┣ 请求端：                    
      ┣ 响应端：                    
      ┣ ━━━━━━━━━━━━━━━  系统信息 ━━━━━━━━━━━━━━━
      ┣ 系统名称：                  Microsoft Windows 10.0.19044
      ┣ 系统架构：                  X64
      ┣ 基础框架：                  Furion.Pure v4.8.8.41
      ┣ .NET 架构：                 .NET 6.0.16
      ┣ ━━━━━━━━━━━━━━━  启动信息 ━━━━━━━━━━━━━━━
      ┣ 运行环境：                  Production
      ┣ 启动程序集：                Admin.NET.Web.Entry
      ┣ 进程名称：                  Admin.NET.Web.Entry
      ┣ 托管程序：                  Kestrel
      ┣ ━━━━━━━━━━━━━━━  参数列表 ━━━━━━━━━━━━━━━
      ┣ Content-Type：              
      ┣ 
      ┣ minId (Nullable`1)：        
      ┣ ━━━━━━━━━━━━━━━  返回信息 ━━━━━━━━━━━━━━━
      ┣ HTTP响应状态码：            200
      ┣ 原始类型：                  System.Threading.Tasks.Task<System.Collections.Generic.IList<Admin.NET.Core.JuAI.Service.SpecialOutput>>
      ┣ 最终类型：                  Admin.NET.Core.AdminResult<System.Object>
      ┣ 最终返回值：                {"code":200,"type":"success","message":"","result":[{"id":"141254407701223","title":"抓烂22223","text":"就螺丝扣搭街坊立刻就333333","cover":"http://filetest.guxin.link/Special/2023/08/14125440695621.jpg","coverFile":null},{"id":"141242588270232","title":"第一个抓烂","text":"就开始大家和弗兰克沙龙的开发建设离开的顺德府顺德府手动","cover":"http://filetest.guxin.link/Special/2023/08/14124258623685.jpg","coverFile":null},{"id":"141242586827023","title":"第一个抓烂","text":"就开始大家和弗兰克沙龙的开发建设离开的顺德府顺德府手动","cover":"http://filetest.guxin.link/Special/20
      ┗━━━━━━━━━━━  Logging Monitor ━━━━━━━━━━━
info: 2023-08-28 21:39:58.8244267 +08:00 星期一 L System.Logging.LoggingMonitor[0] #37
      [System.Private.CoreLib.dll] void System.Runtime.CompilerServices.AsyncTaskMethodBuilder<TResult>+AsyncStateMachineBox<TStateMachine>.MoveNext(Thread threadPoolThread)
      ┏━━━━━━━━━━━  Logging Monitor ━━━━━━━━━━━
      ┣ Admin.NET.Core.JuAI.Service.ArticleService.GetRecommend
      ┣ 
      ┣ 控制器名称：       ArticleService
      ┣ 操作名称：         GetRecommend
      ┣ 显示名称：         
      ┣ 路由信息：         [area]: ; [controller]: article; [action]: recommend
      ┣ 请求方式：         GET
      ┣ 请求地址：         http://localhost:5005/api/article/recommend
      ┣ 来源地址：         http://localhost:19991/
      ┣ 请求端源：         client
      ┣ 浏览器标识：       Mozilla/5.0 (Windows NT 10.0; Win64; x64) AppleWebKit/537.36 (KHTML, like Gecko) Chrome/116.0.0.0 Safari/537.36
      ┣ 客户端区域语言：   zh-CN,zh;q=0.9
      ┣ 客户端 IP 地址：   0.0.0.1
      ┣ 服务端 IP 地址：   0.0.0.1
      ┣ 客户端连接 ID：    00-9580f422730e62c44b73c8d7323641da-7afd87720a2bcace-00
      ┣ 服务线程 ID：      #36
      ┣ 执行耗时：         286ms
      ┣ ━━━━━━━━━━━━━━━  Cookies ━━━━━━━━━━━━━━━
      ┣ 请求端：           
      ┣ 响应端：           
      ┣ ━━━━━━━━━━━━━━━  系统信息 ━━━━━━━━━━━━━━━
      ┣ 系统名称：         Microsoft Windows 10.0.19044
      ┣ 系统架构：         X64
      ┣ 基础框架：         Furion.Pure v4.8.8.41
      ┣ .NET 架构：        .NET 6.0.16
      ┣ ━━━━━━━━━━━━━━━  启动信息 ━━━━━━━━━━━━━━━
      ┣ 运行环境：         Production
      ┣ 启动程序集：       Admin.NET.Web.Entry
      ┣ 进程名称：         Admin.NET.Web.Entry
      ┣ 托管程序：         Kestrel
      ┣ ━━━━━━━━━━━━━━━  返回信息 ━━━━━━━━━━━━━━━
      ┣ HTTP响应状态码：   200
      ┣ 原始类型：         System.Threading.Tasks.Task<System.Collections.Generic.List<Admin.NET.Core.JuAI.Service.ArticleSiderOutput>>
      ┣ 最终类型：         Admin.NET.Core.AdminResult<System.Object>
      ┣ 最终返回值：       {"code":200,"type":"success","message":"","result":[{"id":"14215981060677","title":"测试一个样式试试。。哈哈"},{"id":"14194109678917","title":"测试第一个抓烂拉了进来"},{"id":"14127539556677","title":"两个图片测试呢。"},{"id":"14127533953093","title":"设置一下图片和视频试一试呢。。哈哈"},{"id":"14127509730629","title":"一个视频和两个图片"},{"id":"14127478756933","title":"考了几分离开的分析来看都分割"},{"id":"14127257110597","title":"测试一个视频和图片功能看好不好呀"},{"id":"14084316607813","title":"111111111111111"},{"id":"14084262750277","title":"wangEditor 粘贴从 word 复制的带图片内容的最"},{
      ┗━━━━━━━━━━━  Logging Monitor ━━━━━━━━━━━
info: 2023-08-28 21:39:58.8633269 +08:00 星期一 L System.Logging.LoggingMonitor[0] #38
      [System.Private.CoreLib.dll] void System.Runtime.CompilerServices.AsyncTaskMethodBuilder<TResult>+AsyncStateMachineBox<TStateMachine>.MoveNext(Thread threadPoolThread)
      ┏━━━━━━━━━━━  Logging Monitor ━━━━━━━━━━━
      ┣ Admin.NET.Core.JuAI.Service.ArticleService.GetNewest
      ┣ 
      ┣ 控制器名称：                ArticleService
      ┣ 操作名称：                  GetNewest
      ┣ 显示名称：                  
      ┣ 路由信息：                  [area]: ; [controller]: article; [action]: newest
      ┣ 请求方式：                  GET
      ┣ 请求地址：                  http://localhost:5005/api/article/newest?minId=
      ┣ 来源地址：                  http://localhost:19991/
      ┣ 请求端源：                  client
      ┣ 浏览器标识：                Mozilla/5.0 (Windows NT 10.0; Win64; x64) AppleWebKit/537.36 (KHTML, like Gecko) Chrome/116.0.0.0 Safari/537.36
      ┣ 客户端区域语言：            zh-CN,zh;q=0.9
      ┣ 客户端 IP 地址：            0.0.0.1
      ┣ 服务端 IP 地址：            0.0.0.1
      ┣ 客户端连接 ID：             00-14bfe6b93796c44436f3cfe3c04c7a13-e262e67e616708fb-00
      ┣ 服务线程 ID：               #3
      ┣ 执行耗时：                  324ms
      ┣ ━━━━━━━━━━━━━━━  Cookies ━━━━━━━━━━━━━━━
      ┣ 请求端：                    
      ┣ 响应端：                    
      ┣ ━━━━━━━━━━━━━━━  系统信息 ━━━━━━━━━━━━━━━
      ┣ 系统名称：                  Microsoft Windows 10.0.19044
      ┣ 系统架构：                  X64
      ┣ 基础框架：                  Furion.Pure v4.8.8.41
      ┣ .NET 架构：                 .NET 6.0.16
      ┣ ━━━━━━━━━━━━━━━  启动信息 ━━━━━━━━━━━━━━━
      ┣ 运行环境：                  Production
      ┣ 启动程序集：                Admin.NET.Web.Entry
      ┣ 进程名称：                  Admin.NET.Web.Entry
      ┣ 托管程序：                  Kestrel
      ┣ ━━━━━━━━━━━━━━━  参数列表 ━━━━━━━━━━━━━━━
      ┣ Content-Type：              
      ┣ 
      ┣ minId (Nullable`1)：        
      ┣ ━━━━━━━━━━━━━━━  返回信息 ━━━━━━━━━━━━━━━
      ┣ HTTP响应状态码：            200
      ┣ 原始类型：                  System.Threading.Tasks.Task<System.Collections.Generic.List<Admin.NET.Core.JuAI.Service.ArticleOutput>>
      ┣ 最终类型：                  Admin.NET.Core.AdminResult<System.Object>
      ┣ 最终返回值：                {"code":200,"type":"success","message":"","result":[{"id":"14215981060677","title":"测试一个样式试试。。哈哈","html":"<p>大量减少离开</p><blockquote>第三方顺德府阿斯顿</blockquote><hr/><p>时间快</p><pre><code class=\"language-csharp\">烦烦烦烦烦烦\r\n顺德府阿斯蒂芬\r\n哈哈哈数据库的\r\nhahhahhkjsd </code></pre><table style=\"width: auto;\"><tbody><tr><th colSpan=\"1\" rowSpan=\"1\" width=\"auto\"></th><th colSpan=\"1\" rowSpan=\"1\" width=\"auto\"></th><th colSpan=\"1\" rowSpan=\"1\" width=\"auto\"></th><th colSpan=\"1\" rowSpan=\"1\" width=\"a
      ┗━━━━━━━━━━━  Logging Monitor ━━━━━━━━━━━
info: 2023-08-28 21:40:05.4345996 +08:00 星期一 L System.Logging.LoggingMonitor[0] #56
      [System.Private.CoreLib.dll] void System.Runtime.CompilerServices.AsyncMethodBuilderCore.Start<TStateMachine>(ref TStateMachine stateMachine)
      ┏━━━━━━━━━━━  Logging Monitor ━━━━━━━━━━━
      ┣ Admin.NET.Core.JuAI.Service.UpgradeService.GetNewst
      ┣ 
      ┣ 控制器名称：       UpgradeService
      ┣ 操作名称：         GetNewst
      ┣ 显示名称：         
      ┣ 路由信息：         [area]: ; [controller]: upgrade; [action]: newst
      ┣ 请求方式：         GET
      ┣ 请求地址：         http://localhost:5005/api/upgrade/newst
      ┣ 来源地址：         http://localhost:19991/
      ┣ 请求端源：         client
      ┣ 浏览器标识：       Mozilla/5.0 (Windows NT 10.0; Win64; x64) AppleWebKit/537.36 (KHTML, like Gecko) Chrome/116.0.0.0 Safari/537.36
      ┣ 客户端区域语言：   zh-CN,zh;q=0.9
      ┣ 客户端 IP 地址：   0.0.0.1
      ┣ 服务端 IP 地址：   0.0.0.1
      ┣ 客户端连接 ID：    00-a7f7335765607341b4a9449164607f19-1cf04eee7f9db7d1-00
      ┣ 服务线程 ID：      #56
      ┣ 执行耗时：         61ms
      ┣ ━━━━━━━━━━━━━━━  Cookies ━━━━━━━━━━━━━━━
      ┣ 请求端：           
      ┣ 响应端：           
      ┣ ━━━━━━━━━━━━━━━  系统信息 ━━━━━━━━━━━━━━━
      ┣ 系统名称：         Microsoft Windows 10.0.19044
      ┣ 系统架构：         X64
      ┣ 基础框架：         Furion.Pure v4.8.8.41
      ┣ .NET 架构：        .NET 6.0.16
      ┣ ━━━━━━━━━━━━━━━  启动信息 ━━━━━━━━━━━━━━━
      ┣ 运行环境：         Production
      ┣ 启动程序集：       Admin.NET.Web.Entry
      ┣ 进程名称：         Admin.NET.Web.Entry
      ┣ 托管程序：         Kestrel
      ┣ ━━━━━━━━━━━━━━━  返回信息 ━━━━━━━━━━━━━━━
      ┣ HTTP响应状态码：   200
      ┣ 原始类型：         Admin.NET.Core.JuAI.AppUpgrade
      ┣ 最终类型：         Admin.NET.Core.AdminResult<System.Object>
      ┣ 最终返回值：       {"code":200,"type":"success","message":"","result":{"version":"2.12.3","desc":"修复聊天不显示","isForceUpdate":true,"isClearCache":true,"createOrgId":null,"createTime":"2023-08-08T22:29:38","updateTime":"2023-08-08T22:14:27","createUserId":null,"updateUserId":null,"isDelete":false,"id":"3334"},"extras":null,"time":"2023-08-28T21:40:05.4318749+08:00"}
      ┗━━━━━━━━━━━  Logging Monitor ━━━━━━━━━━━
info: 2023-08-28 21:40:05.4320396 +08:00 星期一 L System.Logging.LoggingMonitor[0] #38
      [System.Private.CoreLib.dll] void System.Runtime.CompilerServices.AsyncTaskMethodBuilder<TResult>+AsyncStateMachineBox<TStateMachine>.MoveNext(Thread threadPoolThread)
      ┏━━━━━━━━━━━  Logging Monitor ━━━━━━━━━━━
      ┣ Admin.NET.Core.JuAI.Service.SpecialService.GetNewest
      ┣ 
      ┣ 控制器名称：                SpecialService
      ┣ 操作名称：                  GetNewest
      ┣ 显示名称：                  
      ┣ 路由信息：                  [area]: ; [controller]: special; [action]: newest
      ┣ 请求方式：                  GET
      ┣ 请求地址：                  http://localhost:5005/api/special/newest?minId=
      ┣ 来源地址：                  http://localhost:19991/
      ┣ 请求端源：                  client
      ┣ 浏览器标识：                Mozilla/5.0 (Windows NT 10.0; Win64; x64) AppleWebKit/537.36 (KHTML, like Gecko) Chrome/116.0.0.0 Safari/537.36
      ┣ 客户端区域语言：            zh-CN,zh;q=0.9
      ┣ 客户端 IP 地址：            0.0.0.1
      ┣ 服务端 IP 地址：            0.0.0.1
      ┣ 客户端连接 ID：             00-998ee93660e20fbe5a39d3081b06e363-576978c2a043d983-00
      ┣ 服务线程 ID：               #50
      ┣ 执行耗时：                  59ms
      ┣ ━━━━━━━━━━━━━━━  Cookies ━━━━━━━━━━━━━━━
      ┣ 请求端：                    
      ┣ 响应端：                    
      ┣ ━━━━━━━━━━━━━━━  系统信息 ━━━━━━━━━━━━━━━
      ┣ 系统名称：                  Microsoft Windows 10.0.19044
      ┣ 系统架构：                  X64
      ┣ 基础框架：                  Furion.Pure v4.8.8.41
      ┣ .NET 架构：                 .NET 6.0.16
      ┣ ━━━━━━━━━━━━━━━  启动信息 ━━━━━━━━━━━━━━━
      ┣ 运行环境：                  Production
      ┣ 启动程序集：                Admin.NET.Web.Entry
      ┣ 进程名称：                  Admin.NET.Web.Entry
      ┣ 托管程序：                  Kestrel
      ┣ ━━━━━━━━━━━━━━━  参数列表 ━━━━━━━━━━━━━━━
      ┣ Content-Type：              
      ┣ 
      ┣ minId (Nullable`1)：        
      ┣ ━━━━━━━━━━━━━━━  返回信息 ━━━━━━━━━━━━━━━
      ┣ HTTP响应状态码：            200
      ┣ 原始类型：                  System.Threading.Tasks.Task<System.Collections.Generic.IList<Admin.NET.Core.JuAI.Service.SpecialOutput>>
      ┣ 最终类型：                  Admin.NET.Core.AdminResult<System.Object>
      ┣ 最终返回值：                {"code":200,"type":"success","message":"","result":[{"id":"141254407701223","title":"抓烂22223","text":"就螺丝扣搭街坊立刻就333333","cover":"http://filetest.guxin.link/Special/2023/08/14125440695621.jpg","coverFile":null},{"id":"141242588270232","title":"第一个抓烂","text":"就开始大家和弗兰克沙龙的开发建设离开的顺德府顺德府手动","cover":"http://filetest.guxin.link/Special/2023/08/14124258623685.jpg","coverFile":null},{"id":"141242586827023","title":"第一个抓烂","text":"就开始大家和弗兰克沙龙的开发建设离开的顺德府顺德府手动","cover":"http://filetest.guxin.link/Special/20
      ┗━━━━━━━━━━━  Logging Monitor ━━━━━━━━━━━
info: 2023-08-28 21:40:05.4499909 +08:00 星期一 L System.Logging.LoggingMonitor[0] #3
      [System.Private.CoreLib.dll] void System.Runtime.CompilerServices.AsyncMethodBuilderCore.Start<TStateMachine>(ref TStateMachine stateMachine)
      ┏━━━━━━━━━━━  Logging Monitor ━━━━━━━━━━━
      ┣ Admin.NET.Core.JuAI.Service.UserService.GetActiveUsers
      ┣ 
      ┣ 控制器名称：       UserService
      ┣ 操作名称：         GetActiveUsers
      ┣ 显示名称：         活跃用户
      ┣ 路由信息：         [area]: ; [controller]: user; [action]: activeUsers
      ┣ 请求方式：         GET
      ┣ 请求地址：         http://localhost:5005/api/User/ActiveUsers
      ┣ 来源地址：         http://localhost:19991/
      ┣ 请求端源：         client
      ┣ 浏览器标识：       Mozilla/5.0 (Windows NT 10.0; Win64; x64) AppleWebKit/537.36 (KHTML, like Gecko) Chrome/116.0.0.0 Safari/537.36
      ┣ 客户端区域语言：   zh-CN,zh;q=0.9
      ┣ 客户端 IP 地址：   0.0.0.1
      ┣ 服务端 IP 地址：   0.0.0.1
      ┣ 客户端连接 ID：    00-52de6a4a779559f10941e1f785b4d266-c777d433c828cf48-00
      ┣ 服务线程 ID：      #3
      ┣ 执行耗时：         77ms
      ┣ ━━━━━━━━━━━━━━━  Cookies ━━━━━━━━━━━━━━━
      ┣ 请求端：           
      ┣ 响应端：           
      ┣ ━━━━━━━━━━━━━━━  系统信息 ━━━━━━━━━━━━━━━
      ┣ 系统名称：         Microsoft Windows 10.0.19044
      ┣ 系统架构：         X64
      ┣ 基础框架：         Furion.Pure v4.8.8.41
      ┣ .NET 架构：        .NET 6.0.16
      ┣ ━━━━━━━━━━━━━━━  启动信息 ━━━━━━━━━━━━━━━
      ┣ 运行环境：         Production
      ┣ 启动程序集：       Admin.NET.Web.Entry
      ┣ 进程名称：         Admin.NET.Web.Entry
      ┣ 托管程序：         Kestrel
      ┣ ━━━━━━━━━━━━━━━  返回信息 ━━━━━━━━━━━━━━━
      ┣ HTTP响应状态码：   200
      ┣ 原始类型：         System.Collections.Generic.IList<Admin.NET.Core.JuAI.Service.UserInfoOutput>
      ┣ 最终类型：         Admin.NET.Core.AdminResult<System.Object>
      ┣ 最终返回值：       {"code":200,"type":"success","message":"","result":[{"nickName":"聚AI_6045","avatar":"Upload/Avatar/14194583407941.jpg","id":"14005826358213"},{"nickName":"聚AI_6045","avatar":null,"id":"14005810391877"},{"nickName":"聚AI_6045","avatar":null,"id":"13727127390021"},{"nickName":"聚AI_6047","avatar":null,"id":"13763405483077"},{"nickName":"聚AI_6046","avatar":null,"id":"13763350061253"}],"extras":null,"time":"2023-08-28T21:40:05.4462382+08:00"}
      ┗━━━━━━━━━━━  Logging Monitor ━━━━━━━━━━━
info: 2023-08-28 21:40:05.4435785 +08:00 星期一 L System.Logging.LoggingMonitor[0] #37
      [System.Private.CoreLib.dll] void System.Runtime.CompilerServices.AsyncTaskMethodBuilder<TResult>+AsyncStateMachineBox<TStateMachine>.MoveNext(Thread threadPoolThread)
      ┏━━━━━━━━━━━  Logging Monitor ━━━━━━━━━━━
      ┣ Admin.NET.Core.JuAI.Service.UserTokenService.GetIsQianDaoToday
      ┣ 
      ┣ 控制器名称：                   UserTokenService
      ┣ 操作名称：                     GetIsQianDaoToday
      ┣ 显示名称：                     
      ┣ 路由信息：                     [area]: ; [controller]: userToken; [action]: isQianDaoToday
      ┣ 请求方式：                     GET
      ┣ 请求地址：                     http://localhost:5005/api/userToken/isQianDaoToday
      ┣ 来源地址：                     http://localhost:19991/
      ┣ 请求端源：                     client
      ┣ 浏览器标识：                   Mozilla/5.0 (Windows NT 10.0; Win64; x64) AppleWebKit/537.36 (KHTML, like Gecko) Chrome/116.0.0.0 Safari/537.36
      ┣ 客户端区域语言：               zh-CN,zh;q=0.9
      ┣ 客户端 IP 地址：               0.0.0.1
      ┣ 服务端 IP 地址：               0.0.0.1
      ┣ 客户端连接 ID：                00-7a556ccacce0b04e99b23cd958632d93-ada93d7f30f5bcc8-00
      ┣ 服务线程 ID：                  #34
      ┣ 执行耗时：                     58ms
      ┣ ━━━━━━━━━━━━━━━  Cookies ━━━━━━━━━━━━━━━
      ┣ 请求端：                       
      ┣ 响应端：                       
      ┣ ━━━━━━━━━━━━━━━  系统信息 ━━━━━━━━━━━━━━━
      ┣ 系统名称：                     Microsoft Windows 10.0.19044
      ┣ 系统架构：                     X64
      ┣ 基础框架：                     Furion.Pure v4.8.8.41
      ┣ .NET 架构：                    .NET 6.0.16
      ┣ ━━━━━━━━━━━━━━━  启动信息 ━━━━━━━━━━━━━━━
      ┣ 运行环境：                     Production
      ┣ 启动程序集：                   Admin.NET.Web.Entry
      ┣ 进程名称：                     Admin.NET.Web.Entry
      ┣ 托管程序：                     Kestrel
      ┣ ━━━━━━━━━━━━━━━  授权信息 ━━━━━━━━━━━━━━━
      ┣ JWT Token：                    Bearer eyJhbGciOiJIUzI1NiIsInR5cCI6IkpXVCJ9.eyJVc2VySWQiOjE0MDA1ODI2MzU4MjEzLCJUZW5hbnRJZCI6MTMwMDAwMDAwMDAwMSwiQWNjb3VudCI6IjE4NjAwNzY2MDQ1IiwiTmlja05hbWUiOiLogZpBSV82MDQ1IiwiQWNjb3VudFR5cGUiOjAsImlhdCI6MTY5MzAzNzg0NiwibmJmIjoxNjkzMDM3ODQ2LCJleHAiOjE2OTM2NDI2NDYsImlzcyI6IkFkbWluLk5FVCIsImF1ZCI6IkFkbWluLk5FVCJ9.Pt3OMLor8iLzYQfEoREoKU3AxA0Ja7UX_Q2sCCdnGEw
      ┣ 
      ┣ UserId (integer64)：           14005826358213
      ┣ TenantId (integer64)：         1300000000001
      ┣ Account (string)：             18600766045
      ┣ NickName (string)：            聚AI_6045
      ┣ AccountType (integer)：        0
      ┣ iat (integer)：                1693037846 (2023-08-26 16:17:26:0000(+08:00) 星期六 L)
      ┣ nbf (integer)：                1693037846 (2023-08-26 16:17:26:0000(+08:00) 星期六 L)
      ┣ exp (integer)：                1693642646 (2023-09-02 16:17:26:0000(+08:00) 星期六 L)
      ┣ iss (string)：                 Admin.NET
      ┣ aud (string)：                 Admin.NET
      ┣ ━━━━━━━━━━━━━━━  返回信息 ━━━━━━━━━━━━━━━
      ┣ HTTP响应状态码：               200
      ┣ 原始类型：                     System.Threading.Tasks.Task<System.Boolean>
      ┣ 最终类型：                     Admin.NET.Core.AdminResult<System.Object>
      ┣ 最终返回值：                   {"code":200,"type":"success","message":"","result":false,"extras":null,"time":"2023-08-28T21:40:05.440332+08:00"}
      ┗━━━━━━━━━━━  Logging Monitor ━━━━━━━━━━━
info: 2023-08-28 21:40:07.1196994 +08:00 星期一 L System.Logging.LoggingMonitor[0] #37
      [System.Private.CoreLib.dll] void System.Runtime.CompilerServices.AsyncTaskMethodBuilder<TResult>+AsyncStateMachineBox<TStateMachine>.MoveNext(Thread threadPoolThread)
      ┏━━━━━━━━━━━  Logging Monitor ━━━━━━━━━━━
      ┣ Admin.NET.Core.JuAI.Service.ArticleService.GetRecommend
      ┣ 
      ┣ 控制器名称：       ArticleService
      ┣ 操作名称：         GetRecommend
      ┣ 显示名称：         
      ┣ 路由信息：         [area]: ; [controller]: article; [action]: recommend
      ┣ 请求方式：         GET
      ┣ 请求地址：         http://localhost:5005/api/article/recommend
      ┣ 来源地址：         http://localhost:19991/
      ┣ 请求端源：         client
      ┣ 浏览器标识：       Mozilla/5.0 (Windows NT 10.0; Win64; x64) AppleWebKit/537.36 (KHTML, like Gecko) Chrome/116.0.0.0 Safari/537.36
      ┣ 客户端区域语言：   zh-CN,zh;q=0.9
      ┣ 客户端 IP 地址：   0.0.0.1
      ┣ 服务端 IP 地址：   0.0.0.1
      ┣ 客户端连接 ID：    00-17987fe63fa8fdd8f47b863e01bb8e99-e5a863a7aa4cae4a-00
      ┣ 服务线程 ID：      #61
      ┣ 执行耗时：         1745ms
      ┣ ━━━━━━━━━━━━━━━  Cookies ━━━━━━━━━━━━━━━
      ┣ 请求端：           
      ┣ 响应端：           
      ┣ ━━━━━━━━━━━━━━━  系统信息 ━━━━━━━━━━━━━━━
      ┣ 系统名称：         Microsoft Windows 10.0.19044
      ┣ 系统架构：         X64
      ┣ 基础框架：         Furion.Pure v4.8.8.41
      ┣ .NET 架构：        .NET 6.0.16
      ┣ ━━━━━━━━━━━━━━━  启动信息 ━━━━━━━━━━━━━━━
      ┣ 运行环境：         Production
      ┣ 启动程序集：       Admin.NET.Web.Entry
      ┣ 进程名称：         Admin.NET.Web.Entry
      ┣ 托管程序：         Kestrel
      ┣ ━━━━━━━━━━━━━━━  返回信息 ━━━━━━━━━━━━━━━
      ┣ HTTP响应状态码：   200
      ┣ 原始类型：         System.Threading.Tasks.Task<System.Collections.Generic.List<Admin.NET.Core.JuAI.Service.ArticleSiderOutput>>
      ┣ 最终类型：         Admin.NET.Core.AdminResult<System.Object>
      ┣ 最终返回值：       {"code":200,"type":"success","message":"","result":[{"id":"14215981060677","title":"测试一个样式试试。。哈哈"},{"id":"14194109678917","title":"测试第一个抓烂拉了进来"},{"id":"14127539556677","title":"两个图片测试呢。"},{"id":"14127533953093","title":"设置一下图片和视频试一试呢。。哈哈"},{"id":"14127509730629","title":"一个视频和两个图片"},{"id":"14127478756933","title":"考了几分离开的分析来看都分割"},{"id":"14127257110597","title":"测试一个视频和图片功能看好不好呀"},{"id":"14084316607813","title":"111111111111111"},{"id":"14084262750277","title":"wangEditor 粘贴从 word 复制的带图片内容的最"},{
      ┗━━━━━━━━━━━  Logging Monitor ━━━━━━━━━━━
info: 2023-08-28 21:40:07.6791266 +08:00 星期一 L System.Logging.LoggingMonitor[0] #37
      [System.Private.CoreLib.dll] void System.Runtime.CompilerServices.AsyncTaskMethodBuilder<TResult>+AsyncStateMachineBox<TStateMachine>.MoveNext(Thread threadPoolThread)
      ┏━━━━━━━━━━━  Logging Monitor ━━━━━━━━━━━
      ┣ Admin.NET.Core.JuAI.Service.ArticleService.GetNewest
      ┣ 
      ┣ 控制器名称：                ArticleService
      ┣ 操作名称：                  GetNewest
      ┣ 显示名称：                  
      ┣ 路由信息：                  [area]: ; [controller]: article; [action]: newest
      ┣ 请求方式：                  GET
      ┣ 请求地址：                  http://localhost:5005/api/article/newest?minId=
      ┣ 来源地址：                  http://localhost:19991/
      ┣ 请求端源：                  client
      ┣ 浏览器标识：                Mozilla/5.0 (Windows NT 10.0; Win64; x64) AppleWebKit/537.36 (KHTML, like Gecko) Chrome/116.0.0.0 Safari/537.36
      ┣ 客户端区域语言：            zh-CN,zh;q=0.9
      ┣ 客户端 IP 地址：            0.0.0.1
      ┣ 服务端 IP 地址：            0.0.0.1
      ┣ 客户端连接 ID：             00-7b0c1c0721904b760e1bc709c5cabc45-d2e8c927a0800f5f-00
      ┣ 服务线程 ID：               #28
      ┣ 执行耗时：                  2304ms
      ┣ ━━━━━━━━━━━━━━━  Cookies ━━━━━━━━━━━━━━━
      ┣ 请求端：                    
      ┣ 响应端：                    
      ┣ ━━━━━━━━━━━━━━━  系统信息 ━━━━━━━━━━━━━━━
      ┣ 系统名称：                  Microsoft Windows 10.0.19044
      ┣ 系统架构：                  X64
      ┣ 基础框架：                  Furion.Pure v4.8.8.41
      ┣ .NET 架构：                 .NET 6.0.16
      ┣ ━━━━━━━━━━━━━━━  启动信息 ━━━━━━━━━━━━━━━
      ┣ 运行环境：                  Production
      ┣ 启动程序集：                Admin.NET.Web.Entry
      ┣ 进程名称：                  Admin.NET.Web.Entry
      ┣ 托管程序：                  Kestrel
      ┣ ━━━━━━━━━━━━━━━  参数列表 ━━━━━━━━━━━━━━━
      ┣ Content-Type：              
      ┣ 
      ┣ minId (Nullable`1)：        
      ┣ ━━━━━━━━━━━━━━━  返回信息 ━━━━━━━━━━━━━━━
      ┣ HTTP响应状态码：            200
      ┣ 原始类型：                  System.Threading.Tasks.Task<System.Collections.Generic.List<Admin.NET.Core.JuAI.Service.ArticleOutput>>
      ┣ 最终类型：                  Admin.NET.Core.AdminResult<System.Object>
      ┣ 最终返回值：                {"code":200,"type":"success","message":"","result":[{"id":"14215981060677","title":"测试一个样式试试。。哈哈","html":"<p>大量减少离开</p><blockquote>第三方顺德府阿斯顿</blockquote><hr/><p>时间快</p><pre><code class=\"language-csharp\">烦烦烦烦烦烦\r\n顺德府阿斯蒂芬\r\n哈哈哈数据库的\r\nhahhahhkjsd </code></pre><table style=\"width: auto;\"><tbody><tr><th colSpan=\"1\" rowSpan=\"1\" width=\"auto\"></th><th colSpan=\"1\" rowSpan=\"1\" width=\"auto\"></th><th colSpan=\"1\" rowSpan=\"1\" width=\"auto\"></th><th colSpan=\"1\" rowSpan=\"1\" width=\"a
      ┗━━━━━━━━━━━  Logging Monitor ━━━━━━━━━━━
info: 2023-08-28 21:41:01.0513679 +08:00 星期一 L System.Logging.LoggingMonitor[0] #44
      [System.Private.CoreLib.dll] void System.Runtime.CompilerServices.AsyncTaskMethodBuilder<TResult>+AsyncStateMachineBox<TStateMachine>.MoveNext(Thread threadPoolThread)
      ┏━━━━━━━━━━━  Logging Monitor ━━━━━━━━━━━
      ┣ Admin.NET.Core.JuAI.Service.SpecialService.GetNewest
      ┣ 
      ┣ 控制器名称：                SpecialService
      ┣ 操作名称：                  GetNewest
      ┣ 显示名称：                  
      ┣ 路由信息：                  [area]: ; [controller]: special; [action]: newest
      ┣ 请求方式：                  GET
      ┣ 请求地址：                  http://localhost:5005/api/special/newest?minId=
      ┣ 来源地址：                  http://localhost:19991/
      ┣ 请求端源：                  client
      ┣ 浏览器标识：                Mozilla/5.0 (Windows NT 10.0; Win64; x64) AppleWebKit/537.36 (KHTML, like Gecko) Chrome/116.0.0.0 Safari/537.36
      ┣ 客户端区域语言：            zh-CN,zh;q=0.9
      ┣ 客户端 IP 地址：            0.0.0.1
      ┣ 服务端 IP 地址：            0.0.0.1
      ┣ 客户端连接 ID：             00-53432126119c41b26e5082ccc3858e32-eec0b124cf417481-00
      ┣ 服务线程 ID：               #61
      ┣ 执行耗时：                  93ms
      ┣ ━━━━━━━━━━━━━━━  Cookies ━━━━━━━━━━━━━━━
      ┣ 请求端：                    
      ┣ 响应端：                    
      ┣ ━━━━━━━━━━━━━━━  系统信息 ━━━━━━━━━━━━━━━
      ┣ 系统名称：                  Microsoft Windows 10.0.19044
      ┣ 系统架构：                  X64
      ┣ 基础框架：                  Furion.Pure v4.8.8.41
      ┣ .NET 架构：                 .NET 6.0.16
      ┣ ━━━━━━━━━━━━━━━  启动信息 ━━━━━━━━━━━━━━━
      ┣ 运行环境：                  Production
      ┣ 启动程序集：                Admin.NET.Web.Entry
      ┣ 进程名称：                  Admin.NET.Web.Entry
      ┣ 托管程序：                  Kestrel
      ┣ ━━━━━━━━━━━━━━━  参数列表 ━━━━━━━━━━━━━━━
      ┣ Content-Type：              
      ┣ 
      ┣ minId (Nullable`1)：        
      ┣ ━━━━━━━━━━━━━━━  返回信息 ━━━━━━━━━━━━━━━
      ┣ HTTP响应状态码：            200
      ┣ 原始类型：                  System.Threading.Tasks.Task<System.Collections.Generic.IList<Admin.NET.Core.JuAI.Service.SpecialOutput>>
      ┣ 最终类型：                  Admin.NET.Core.AdminResult<System.Object>
      ┣ 最终返回值：                {"code":200,"type":"success","message":"","result":[{"id":"141254407701223","title":"抓烂22223","text":"就螺丝扣搭街坊立刻就333333","cover":"http://filetest.guxin.link/Special/2023/08/14125440695621.jpg","coverFile":null},{"id":"141242588270232","title":"第一个抓烂","text":"就开始大家和弗兰克沙龙的开发建设离开的顺德府顺德府手动","cover":"http://filetest.guxin.link/Special/2023/08/14124258623685.jpg","coverFile":null},{"id":"141242586827023","title":"第一个抓烂","text":"就开始大家和弗兰克沙龙的开发建设离开的顺德府顺德府手动","cover":"http://filetest.guxin.link/Special/20
      ┗━━━━━━━━━━━  Logging Monitor ━━━━━━━━━━━
info: 2023-08-28 21:41:01.0536614 +08:00 星期一 L System.Logging.LoggingMonitor[0] #37
      [System.Private.CoreLib.dll] void System.Runtime.CompilerServices.AsyncTaskMethodBuilder<TResult>+AsyncStateMachineBox<TStateMachine>.MoveNext(Thread threadPoolThread)
      ┏━━━━━━━━━━━  Logging Monitor ━━━━━━━━━━━
      ┣ Admin.NET.Core.JuAI.Service.UserTokenService.GetIsQianDaoToday
      ┣ 
      ┣ 控制器名称：                   UserTokenService
      ┣ 操作名称：                     GetIsQianDaoToday
      ┣ 显示名称：                     
      ┣ 路由信息：                     [area]: ; [controller]: userToken; [action]: isQianDaoToday
      ┣ 请求方式：                     GET
      ┣ 请求地址：                     http://localhost:5005/api/userToken/isQianDaoToday
      ┣ 来源地址：                     http://localhost:19991/
      ┣ 请求端源：                     client
      ┣ 浏览器标识：                   Mozilla/5.0 (Windows NT 10.0; Win64; x64) AppleWebKit/537.36 (KHTML, like Gecko) Chrome/116.0.0.0 Safari/537.36
      ┣ 客户端区域语言：               zh-CN,zh;q=0.9
      ┣ 客户端 IP 地址：               0.0.0.1
      ┣ 服务端 IP 地址：               0.0.0.1
      ┣ 客户端连接 ID：                00-ea9ba984ebfb556b9156ccdd1d128924-908346c74ce1eafd-00
      ┣ 服务线程 ID：                  #50
      ┣ 执行耗时：                     82ms
      ┣ ━━━━━━━━━━━━━━━  Cookies ━━━━━━━━━━━━━━━
      ┣ 请求端：                       
      ┣ 响应端：                       
      ┣ ━━━━━━━━━━━━━━━  系统信息 ━━━━━━━━━━━━━━━
      ┣ 系统名称：                     Microsoft Windows 10.0.19044
      ┣ 系统架构：                     X64
      ┣ 基础框架：                     Furion.Pure v4.8.8.41
      ┣ .NET 架构：                    .NET 6.0.16
      ┣ ━━━━━━━━━━━━━━━  启动信息 ━━━━━━━━━━━━━━━
      ┣ 运行环境：                     Production
      ┣ 启动程序集：                   Admin.NET.Web.Entry
      ┣ 进程名称：                     Admin.NET.Web.Entry
      ┣ 托管程序：                     Kestrel
      ┣ ━━━━━━━━━━━━━━━  授权信息 ━━━━━━━━━━━━━━━
      ┣ JWT Token：                    Bearer eyJhbGciOiJIUzI1NiIsInR5cCI6IkpXVCJ9.eyJVc2VySWQiOjE0MDA1ODI2MzU4MjEzLCJUZW5hbnRJZCI6MTMwMDAwMDAwMDAwMSwiQWNjb3VudCI6IjE4NjAwNzY2MDQ1IiwiTmlja05hbWUiOiLogZpBSV82MDQ1IiwiQWNjb3VudFR5cGUiOjAsImlhdCI6MTY5MzAzNzg0NiwibmJmIjoxNjkzMDM3ODQ2LCJleHAiOjE2OTM2NDI2NDYsImlzcyI6IkFkbWluLk5FVCIsImF1ZCI6IkFkbWluLk5FVCJ9.Pt3OMLor8iLzYQfEoREoKU3AxA0Ja7UX_Q2sCCdnGEw
      ┣ 
      ┣ UserId (integer64)：           14005826358213
      ┣ TenantId (integer64)：         1300000000001
      ┣ Account (string)：             18600766045
      ┣ NickName (string)：            聚AI_6045
      ┣ AccountType (integer)：        0
      ┣ iat (integer)：                1693037846 (2023-08-26 16:17:26:0000(+08:00) 星期六 L)
      ┣ nbf (integer)：                1693037846 (2023-08-26 16:17:26:0000(+08:00) 星期六 L)
      ┣ exp (integer)：                1693642646 (2023-09-02 16:17:26:0000(+08:00) 星期六 L)
      ┣ iss (string)：                 Admin.NET
      ┣ aud (string)：                 Admin.NET
      ┣ ━━━━━━━━━━━━━━━  返回信息 ━━━━━━━━━━━━━━━
      ┣ HTTP响应状态码：               200
      ┣ 原始类型：                     System.Threading.Tasks.Task<System.Boolean>
      ┣ 最终类型：                     Admin.NET.Core.AdminResult<System.Object>
      ┣ 最终返回值：                   {"code":200,"type":"success","message":"","result":false,"extras":null,"time":"2023-08-28T21:41:01.0503394+08:00"}
      ┗━━━━━━━━━━━  Logging Monitor ━━━━━━━━━━━
info: 2023-08-28 21:41:01.3134158 +08:00 星期一 L System.Logging.LoggingMonitor[0] #60
      [System.Private.CoreLib.dll] void System.Runtime.CompilerServices.AsyncMethodBuilderCore.Start<TStateMachine>(ref TStateMachine stateMachine)
      ┏━━━━━━━━━━━  Logging Monitor ━━━━━━━━━━━
      ┣ Admin.NET.Core.JuAI.Service.UserService.GetActiveUsers
      ┣ 
      ┣ 控制器名称：       UserService
      ┣ 操作名称：         GetActiveUsers
      ┣ 显示名称：         活跃用户
      ┣ 路由信息：         [area]: ; [controller]: user; [action]: activeUsers
      ┣ 请求方式：         GET
      ┣ 请求地址：         http://localhost:5005/api/User/ActiveUsers
      ┣ 来源地址：         http://localhost:19991/
      ┣ 请求端源：         client
      ┣ 浏览器标识：       Mozilla/5.0 (Windows NT 10.0; Win64; x64) AppleWebKit/537.36 (KHTML, like Gecko) Chrome/116.0.0.0 Safari/537.36
      ┣ 客户端区域语言：   zh-CN,zh;q=0.9
      ┣ 客户端 IP 地址：   0.0.0.1
      ┣ 服务端 IP 地址：   0.0.0.1
      ┣ 客户端连接 ID：    00-a39de771d74faca313ad20250b28ce94-fc6bf5155bd5d60b-00
      ┣ 服务线程 ID：      #60
      ┣ 执行耗时：         74ms
      ┣ ━━━━━━━━━━━━━━━  Cookies ━━━━━━━━━━━━━━━
      ┣ 请求端：           
      ┣ 响应端：           
      ┣ ━━━━━━━━━━━━━━━  系统信息 ━━━━━━━━━━━━━━━
      ┣ 系统名称：         Microsoft Windows 10.0.19044
      ┣ 系统架构：         X64
      ┣ 基础框架：         Furion.Pure v4.8.8.41
      ┣ .NET 架构：        .NET 6.0.16
      ┣ ━━━━━━━━━━━━━━━  启动信息 ━━━━━━━━━━━━━━━
      ┣ 运行环境：         Production
      ┣ 启动程序集：       Admin.NET.Web.Entry
      ┣ 进程名称：         Admin.NET.Web.Entry
      ┣ 托管程序：         Kestrel
      ┣ ━━━━━━━━━━━━━━━  返回信息 ━━━━━━━━━━━━━━━
      ┣ HTTP响应状态码：   200
      ┣ 原始类型：         System.Collections.Generic.IList<Admin.NET.Core.JuAI.Service.UserInfoOutput>
      ┣ 最终类型：         Admin.NET.Core.AdminResult<System.Object>
      ┣ 最终返回值：       {"code":200,"type":"success","message":"","result":[{"nickName":"聚AI_6045","avatar":"Upload/Avatar/14194583407941.jpg","id":"14005826358213"},{"nickName":"聚AI_6045","avatar":null,"id":"14005810391877"},{"nickName":"聚AI_6045","avatar":null,"id":"13727127390021"},{"nickName":"聚AI_6047","avatar":null,"id":"13763405483077"},{"nickName":"聚AI_6046","avatar":null,"id":"13763350061253"}],"extras":null,"time":"2023-08-28T21:41:01.3110092+08:00"}
      ┗━━━━━━━━━━━  Logging Monitor ━━━━━━━━━━━
info: 2023-08-28 21:41:01.3154552 +08:00 星期一 L System.Logging.LoggingMonitor[0] #46
      [System.Private.CoreLib.dll] void System.Runtime.CompilerServices.AsyncMethodBuilderCore.Start<TStateMachine>(ref TStateMachine stateMachine)
      ┏━━━━━━━━━━━  Logging Monitor ━━━━━━━━━━━
      ┣ Admin.NET.Core.JuAI.Service.UpgradeService.GetNewst
      ┣ 
      ┣ 控制器名称：       UpgradeService
      ┣ 操作名称：         GetNewst
      ┣ 显示名称：         
      ┣ 路由信息：         [area]: ; [controller]: upgrade; [action]: newst
      ┣ 请求方式：         GET
      ┣ 请求地址：         http://localhost:5005/api/upgrade/newst
      ┣ 来源地址：         http://localhost:19991/
      ┣ 请求端源：         client
      ┣ 浏览器标识：       Mozilla/5.0 (Windows NT 10.0; Win64; x64) AppleWebKit/537.36 (KHTML, like Gecko) Chrome/116.0.0.0 Safari/537.36
      ┣ 客户端区域语言：   zh-CN,zh;q=0.9
      ┣ 客户端 IP 地址：   0.0.0.1
      ┣ 服务端 IP 地址：   0.0.0.1
      ┣ 客户端连接 ID：    00-7dc5623380fe0559ba7aad9beeb20858-0dab52860f80c24a-00
      ┣ 服务线程 ID：      #46
      ┣ 执行耗时：         76ms
      ┣ ━━━━━━━━━━━━━━━  Cookies ━━━━━━━━━━━━━━━
      ┣ 请求端：           
      ┣ 响应端：           
      ┣ ━━━━━━━━━━━━━━━  系统信息 ━━━━━━━━━━━━━━━
      ┣ 系统名称：         Microsoft Windows 10.0.19044
      ┣ 系统架构：         X64
      ┣ 基础框架：         Furion.Pure v4.8.8.41
      ┣ .NET 架构：        .NET 6.0.16
      ┣ ━━━━━━━━━━━━━━━  启动信息 ━━━━━━━━━━━━━━━
      ┣ 运行环境：         Production
      ┣ 启动程序集：       Admin.NET.Web.Entry
      ┣ 进程名称：         Admin.NET.Web.Entry
      ┣ 托管程序：         Kestrel
      ┣ ━━━━━━━━━━━━━━━  返回信息 ━━━━━━━━━━━━━━━
      ┣ HTTP响应状态码：   200
      ┣ 原始类型：         Admin.NET.Core.JuAI.AppUpgrade
      ┣ 最终类型：         Admin.NET.Core.AdminResult<System.Object>
      ┣ 最终返回值：       {"code":200,"type":"success","message":"","result":{"version":"2.12.3","desc":"修复聊天不显示","isForceUpdate":true,"isClearCache":true,"createOrgId":null,"createTime":"2023-08-08T22:29:38","updateTime":"2023-08-08T22:14:27","createUserId":null,"updateUserId":null,"isDelete":false,"id":"3334"},"extras":null,"time":"2023-08-28T21:41:01.3123546+08:00"}
      ┗━━━━━━━━━━━  Logging Monitor ━━━━━━━━━━━
info: 2023-08-28 21:41:01.3598678 +08:00 星期一 L System.Logging.LoggingMonitor[0] #37
      [System.Private.CoreLib.dll] void System.Runtime.CompilerServices.AsyncTaskMethodBuilder<TResult>+AsyncStateMachineBox<TStateMachine>.MoveNext(Thread threadPoolThread)
      ┏━━━━━━━━━━━  Logging Monitor ━━━━━━━━━━━
      ┣ Admin.NET.Core.JuAI.Service.ArticleService.GetNewest
      ┣ 
      ┣ 控制器名称：                ArticleService
      ┣ 操作名称：                  GetNewest
      ┣ 显示名称：                  
      ┣ 路由信息：                  [area]: ; [controller]: article; [action]: newest
      ┣ 请求方式：                  GET
      ┣ 请求地址：                  http://localhost:5005/api/article/newest?minId=
      ┣ 来源地址：                  http://localhost:19991/
      ┣ 请求端源：                  client
      ┣ 浏览器标识：                Mozilla/5.0 (Windows NT 10.0; Win64; x64) AppleWebKit/537.36 (KHTML, like Gecko) Chrome/116.0.0.0 Safari/537.36
      ┣ 客户端区域语言：            zh-CN,zh;q=0.9
      ┣ 客户端 IP 地址：            0.0.0.1
      ┣ 服务端 IP 地址：            0.0.0.1
      ┣ 客户端连接 ID：             00-a69140623f7fdc3081b4633c71b6c026-ce36b756af65e6f0-00
      ┣ 服务线程 ID：               #60
      ┣ 执行耗时：                  401ms
      ┣ ━━━━━━━━━━━━━━━  Cookies ━━━━━━━━━━━━━━━
      ┣ 请求端：                    
      ┣ 响应端：                    
      ┣ ━━━━━━━━━━━━━━━  系统信息 ━━━━━━━━━━━━━━━
      ┣ 系统名称：                  Microsoft Windows 10.0.19044
      ┣ 系统架构：                  X64
      ┣ 基础框架：                  Furion.Pure v4.8.8.41
      ┣ .NET 架构：                 .NET 6.0.16
      ┣ ━━━━━━━━━━━━━━━  启动信息 ━━━━━━━━━━━━━━━
      ┣ 运行环境：                  Production
      ┣ 启动程序集：                Admin.NET.Web.Entry
      ┣ 进程名称：                  Admin.NET.Web.Entry
      ┣ 托管程序：                  Kestrel
      ┣ ━━━━━━━━━━━━━━━  参数列表 ━━━━━━━━━━━━━━━
      ┣ Content-Type：              
      ┣ 
      ┣ minId (Nullable`1)：        
      ┣ ━━━━━━━━━━━━━━━  返回信息 ━━━━━━━━━━━━━━━
      ┣ HTTP响应状态码：            200
      ┣ 原始类型：                  System.Threading.Tasks.Task<System.Collections.Generic.List<Admin.NET.Core.JuAI.Service.ArticleOutput>>
      ┣ 最终类型：                  Admin.NET.Core.AdminResult<System.Object>
      ┣ 最终返回值：                {"code":200,"type":"success","message":"","result":[{"id":"14215981060677","title":"测试一个样式试试。。哈哈","html":"<p>大量减少离开</p><blockquote>第三方顺德府阿斯顿</blockquote><hr/><p>时间快</p><pre><code class=\"language-csharp\">烦烦烦烦烦烦\r\n顺德府阿斯蒂芬\r\n哈哈哈数据库的\r\nhahhahhkjsd </code></pre><table style=\"width: auto;\"><tbody><tr><th colSpan=\"1\" rowSpan=\"1\" width=\"auto\"></th><th colSpan=\"1\" rowSpan=\"1\" width=\"auto\"></th><th colSpan=\"1\" rowSpan=\"1\" width=\"auto\"></th><th colSpan=\"1\" rowSpan=\"1\" width=\"a
      ┗━━━━━━━━━━━  Logging Monitor ━━━━━━━━━━━
info: 2023-08-28 21:41:01.4879860 +08:00 星期一 L System.Logging.LoggingMonitor[0] #62
      [System.Private.CoreLib.dll] void System.Runtime.CompilerServices.AsyncTaskMethodBuilder<TResult>+AsyncStateMachineBox<TStateMachine>.MoveNext(Thread threadPoolThread)
      ┏━━━━━━━━━━━  Logging Monitor ━━━━━━━━━━━
      ┣ Admin.NET.Core.JuAI.Service.ArticleService.GetRecommend
      ┣ 
      ┣ 控制器名称：       ArticleService
      ┣ 操作名称：         GetRecommend
      ┣ 显示名称：         
      ┣ 路由信息：         [area]: ; [controller]: article; [action]: recommend
      ┣ 请求方式：         GET
      ┣ 请求地址：         http://localhost:5005/api/article/recommend
      ┣ 来源地址：         http://localhost:19991/
      ┣ 请求端源：         client
      ┣ 浏览器标识：       Mozilla/5.0 (Windows NT 10.0; Win64; x64) AppleWebKit/537.36 (KHTML, like Gecko) Chrome/116.0.0.0 Safari/537.36
      ┣ 客户端区域语言：   zh-CN,zh;q=0.9
      ┣ 客户端 IP 地址：   0.0.0.1
      ┣ 服务端 IP 地址：   0.0.0.1
      ┣ 客户端连接 ID：    00-6e5853e3163d8f9bb2828d79dee9feca-9a8ba6f778e0b907-00
      ┣ 服务线程 ID：      #39
      ┣ 执行耗时：         248ms
      ┣ ━━━━━━━━━━━━━━━  Cookies ━━━━━━━━━━━━━━━
      ┣ 请求端：           
      ┣ 响应端：           
      ┣ ━━━━━━━━━━━━━━━  系统信息 ━━━━━━━━━━━━━━━
      ┣ 系统名称：         Microsoft Windows 10.0.19044
      ┣ 系统架构：         X64
      ┣ 基础框架：         Furion.Pure v4.8.8.41
      ┣ .NET 架构：        .NET 6.0.16
      ┣ ━━━━━━━━━━━━━━━  启动信息 ━━━━━━━━━━━━━━━
      ┣ 运行环境：         Production
      ┣ 启动程序集：       Admin.NET.Web.Entry
      ┣ 进程名称：         Admin.NET.Web.Entry
      ┣ 托管程序：         Kestrel
      ┣ ━━━━━━━━━━━━━━━  返回信息 ━━━━━━━━━━━━━━━
      ┣ HTTP响应状态码：   200
      ┣ 原始类型：         System.Threading.Tasks.Task<System.Collections.Generic.List<Admin.NET.Core.JuAI.Service.ArticleSiderOutput>>
      ┣ 最终类型：         Admin.NET.Core.AdminResult<System.Object>
      ┣ 最终返回值：       {"code":200,"type":"success","message":"","result":[{"id":"14215981060677","title":"测试一个样式试试。。哈哈"},{"id":"14194109678917","title":"测试第一个抓烂拉了进来"},{"id":"14127539556677","title":"两个图片测试呢。"},{"id":"14127533953093","title":"设置一下图片和视频试一试呢。。哈哈"},{"id":"14127509730629","title":"一个视频和两个图片"},{"id":"14127478756933","title":"考了几分离开的分析来看都分割"},{"id":"14127257110597","title":"测试一个视频和图片功能看好不好呀"},{"id":"14084316607813","title":"111111111111111"},{"id":"14084262750277","title":"wangEditor 粘贴从 word 复制的带图片内容的最"},{
      ┗━━━━━━━━━━━  Logging Monitor ━━━━━━━━━━━
info: 2023-08-28 21:41:04.3858848 +08:00 星期一 L System.Logging.LoggingMonitor[0] #39
      [System.Private.CoreLib.dll] void System.Runtime.CompilerServices.AsyncMethodBuilderCore.Start<TStateMachine>(ref TStateMachine stateMachine)
      ┏━━━━━━━━━━━  Logging Monitor ━━━━━━━━━━━
      ┣ Admin.NET.Core.JuAI.Service.UpgradeService.GetNewst
      ┣ 
      ┣ 控制器名称：       UpgradeService
      ┣ 操作名称：         GetNewst
      ┣ 显示名称：         
      ┣ 路由信息：         [area]: ; [controller]: upgrade; [action]: newst
      ┣ 请求方式：         GET
      ┣ 请求地址：         http://localhost:5005/api/upgrade/newst
      ┣ 来源地址：         http://localhost:19991/
      ┣ 请求端源：         client
      ┣ 浏览器标识：       Mozilla/5.0 (Windows NT 10.0; Win64; x64) AppleWebKit/537.36 (KHTML, like Gecko) Chrome/116.0.0.0 Safari/537.36
      ┣ 客户端区域语言：   zh-CN,zh;q=0.9
      ┣ 客户端 IP 地址：   0.0.0.1
      ┣ 服务端 IP 地址：   0.0.0.1
      ┣ 客户端连接 ID：    00-cd46dc71f4bfff3b0edeca83268a7dc2-ee420723ec13feb1-00
      ┣ 服务线程 ID：      #39
      ┣ 执行耗时：         74ms
      ┣ ━━━━━━━━━━━━━━━  Cookies ━━━━━━━━━━━━━━━
      ┣ 请求端：           
      ┣ 响应端：           
      ┣ ━━━━━━━━━━━━━━━  系统信息 ━━━━━━━━━━━━━━━
      ┣ 系统名称：         Microsoft Windows 10.0.19044
      ┣ 系统架构：         X64
      ┣ 基础框架：         Furion.Pure v4.8.8.41
      ┣ .NET 架构：        .NET 6.0.16
      ┣ ━━━━━━━━━━━━━━━  启动信息 ━━━━━━━━━━━━━━━
      ┣ 运行环境：         Production
      ┣ 启动程序集：       Admin.NET.Web.Entry
      ┣ 进程名称：         Admin.NET.Web.Entry
      ┣ 托管程序：         Kestrel
      ┣ ━━━━━━━━━━━━━━━  返回信息 ━━━━━━━━━━━━━━━
      ┣ HTTP响应状态码：   200
      ┣ 原始类型：         Admin.NET.Core.JuAI.AppUpgrade
      ┣ 最终类型：         Admin.NET.Core.AdminResult<System.Object>
      ┣ 最终返回值：       {"code":200,"type":"success","message":"","result":{"version":"2.12.3","desc":"修复聊天不显示","isForceUpdate":true,"isClearCache":true,"createOrgId":null,"createTime":"2023-08-08T22:29:38","updateTime":"2023-08-08T22:14:27","createUserId":null,"updateUserId":null,"isDelete":false,"id":"3334"},"extras":null,"time":"2023-08-28T21:41:04.3838201+08:00"}
      ┗━━━━━━━━━━━  Logging Monitor ━━━━━━━━━━━
info: 2023-08-28 21:41:04.3692051 +08:00 星期一 L System.Logging.LoggingMonitor[0] #62
      [System.Private.CoreLib.dll] void System.Runtime.CompilerServices.AsyncTaskMethodBuilder<TResult>+AsyncStateMachineBox<TStateMachine>.MoveNext(Thread threadPoolThread)
      ┏━━━━━━━━━━━  Logging Monitor ━━━━━━━━━━━
      ┣ Admin.NET.Core.JuAI.Service.SpecialService.GetNewest
      ┣ 
      ┣ 控制器名称：                SpecialService
      ┣ 操作名称：                  GetNewest
      ┣ 显示名称：                  
      ┣ 路由信息：                  [area]: ; [controller]: special; [action]: newest
      ┣ 请求方式：                  GET
      ┣ 请求地址：                  http://localhost:5005/api/special/newest?minId=
      ┣ 来源地址：                  http://localhost:19991/
      ┣ 请求端源：                  client
      ┣ 浏览器标识：                Mozilla/5.0 (Windows NT 10.0; Win64; x64) AppleWebKit/537.36 (KHTML, like Gecko) Chrome/116.0.0.0 Safari/537.36
      ┣ 客户端区域语言：            zh-CN,zh;q=0.9
      ┣ 客户端 IP 地址：            0.0.0.1
      ┣ 服务端 IP 地址：            0.0.0.1
      ┣ 客户端连接 ID：             00-c0b53d9206102ce87fef0b52fbdb0894-a70edf1bc0a66f37-00
      ┣ 服务线程 ID：               #53
      ┣ 执行耗时：                  58ms
      ┣ ━━━━━━━━━━━━━━━  Cookies ━━━━━━━━━━━━━━━
      ┣ 请求端：                    
      ┣ 响应端：                    
      ┣ ━━━━━━━━━━━━━━━  系统信息 ━━━━━━━━━━━━━━━
      ┣ 系统名称：                  Microsoft Windows 10.0.19044
      ┣ 系统架构：                  X64
      ┣ 基础框架：                  Furion.Pure v4.8.8.41
      ┣ .NET 架构：                 .NET 6.0.16
      ┣ ━━━━━━━━━━━━━━━  启动信息 ━━━━━━━━━━━━━━━
      ┣ 运行环境：                  Production
      ┣ 启动程序集：                Admin.NET.Web.Entry
      ┣ 进程名称：                  Admin.NET.Web.Entry
      ┣ 托管程序：                  Kestrel
      ┣ ━━━━━━━━━━━━━━━  参数列表 ━━━━━━━━━━━━━━━
      ┣ Content-Type：              
      ┣ 
      ┣ minId (Nullable`1)：        
      ┣ ━━━━━━━━━━━━━━━  返回信息 ━━━━━━━━━━━━━━━
      ┣ HTTP响应状态码：            200
      ┣ 原始类型：                  System.Threading.Tasks.Task<System.Collections.Generic.IList<Admin.NET.Core.JuAI.Service.SpecialOutput>>
      ┣ 最终类型：                  Admin.NET.Core.AdminResult<System.Object>
      ┣ 最终返回值：                {"code":200,"type":"success","message":"","result":[{"id":"141254407701223","title":"抓烂22223","text":"就螺丝扣搭街坊立刻就333333","cover":"http://filetest.guxin.link/Special/2023/08/14125440695621.jpg","coverFile":null},{"id":"141242588270232","title":"第一个抓烂","text":"就开始大家和弗兰克沙龙的开发建设离开的顺德府顺德府手动","cover":"http://filetest.guxin.link/Special/2023/08/14124258623685.jpg","coverFile":null},{"id":"141242586827023","title":"第一个抓烂","text":"就开始大家和弗兰克沙龙的开发建设离开的顺德府顺德府手动","cover":"http://filetest.guxin.link/Special/20
      ┗━━━━━━━━━━━  Logging Monitor ━━━━━━━━━━━
info: 2023-08-28 21:41:04.3897181 +08:00 星期一 L System.Logging.LoggingMonitor[0] #49
      [System.Private.CoreLib.dll] void System.Runtime.CompilerServices.AsyncMethodBuilderCore.Start<TStateMachine>(ref TStateMachine stateMachine)
      ┏━━━━━━━━━━━  Logging Monitor ━━━━━━━━━━━
      ┣ Admin.NET.Core.JuAI.Service.UserService.GetActiveUsers
      ┣ 
      ┣ 控制器名称：       UserService
      ┣ 操作名称：         GetActiveUsers
      ┣ 显示名称：         活跃用户
      ┣ 路由信息：         [area]: ; [controller]: user; [action]: activeUsers
      ┣ 请求方式：         GET
      ┣ 请求地址：         http://localhost:5005/api/User/ActiveUsers
      ┣ 来源地址：         http://localhost:19991/
      ┣ 请求端源：         client
      ┣ 浏览器标识：       Mozilla/5.0 (Windows NT 10.0; Win64; x64) AppleWebKit/537.36 (KHTML, like Gecko) Chrome/116.0.0.0 Safari/537.36
      ┣ 客户端区域语言：   zh-CN,zh;q=0.9
      ┣ 客户端 IP 地址：   0.0.0.1
      ┣ 服务端 IP 地址：   0.0.0.1
      ┣ 客户端连接 ID：    00-e7d1ed0c92c90a01ea4c54f5d0191145-d70976739ecb54f4-00
      ┣ 服务线程 ID：      #49
      ┣ 执行耗时：         76ms
      ┣ ━━━━━━━━━━━━━━━  Cookies ━━━━━━━━━━━━━━━
      ┣ 请求端：           
      ┣ 响应端：           
      ┣ ━━━━━━━━━━━━━━━  系统信息 ━━━━━━━━━━━━━━━
      ┣ 系统名称：         Microsoft Windows 10.0.19044
      ┣ 系统架构：         X64
      ┣ 基础框架：         Furion.Pure v4.8.8.41
      ┣ .NET 架构：        .NET 6.0.16
      ┣ ━━━━━━━━━━━━━━━  启动信息 ━━━━━━━━━━━━━━━
      ┣ 运行环境：         Production
      ┣ 启动程序集：       Admin.NET.Web.Entry
      ┣ 进程名称：         Admin.NET.Web.Entry
      ┣ 托管程序：         Kestrel
      ┣ ━━━━━━━━━━━━━━━  返回信息 ━━━━━━━━━━━━━━━
      ┣ HTTP响应状态码：   200
      ┣ 原始类型：         System.Collections.Generic.IList<Admin.NET.Core.JuAI.Service.UserInfoOutput>
      ┣ 最终类型：         Admin.NET.Core.AdminResult<System.Object>
      ┣ 最终返回值：       {"code":200,"type":"success","message":"","result":[{"nickName":"聚AI_6045","avatar":"Upload/Avatar/14194583407941.jpg","id":"14005826358213"},{"nickName":"聚AI_6045","avatar":null,"id":"14005810391877"},{"nickName":"聚AI_6045","avatar":null,"id":"13727127390021"},{"nickName":"聚AI_6047","avatar":null,"id":"13763405483077"},{"nickName":"聚AI_6046","avatar":null,"id":"13763350061253"}],"extras":null,"time":"2023-08-28T21:41:04.3869251+08:00"}
      ┗━━━━━━━━━━━  Logging Monitor ━━━━━━━━━━━
info: 2023-08-28 21:41:04.3805121 +08:00 星期一 L System.Logging.LoggingMonitor[0] #44
      [System.Private.CoreLib.dll] void System.Runtime.CompilerServices.AsyncTaskMethodBuilder<TResult>+AsyncStateMachineBox<TStateMachine>.MoveNext(Thread threadPoolThread)
      ┏━━━━━━━━━━━  Logging Monitor ━━━━━━━━━━━
      ┣ Admin.NET.Core.JuAI.Service.UserTokenService.GetIsQianDaoToday
      ┣ 
      ┣ 控制器名称：                   UserTokenService
      ┣ 操作名称：                     GetIsQianDaoToday
      ┣ 显示名称：                     
      ┣ 路由信息：                     [area]: ; [controller]: userToken; [action]: isQianDaoToday
      ┣ 请求方式：                     GET
      ┣ 请求地址：                     http://localhost:5005/api/userToken/isQianDaoToday
      ┣ 来源地址：                     http://localhost:19991/
      ┣ 请求端源：                     client
      ┣ 浏览器标识：                   Mozilla/5.0 (Windows NT 10.0; Win64; x64) AppleWebKit/537.36 (KHTML, like Gecko) Chrome/116.0.0.0 Safari/537.36
      ┣ 客户端区域语言：               zh-CN,zh;q=0.9
      ┣ 客户端 IP 地址：               0.0.0.1
      ┣ 服务端 IP 地址：               0.0.0.1
      ┣ 客户端连接 ID：                00-9011e8c48608b54bcda5551a9d63ab4f-3c1bbef811c4a68d-00
      ┣ 服务线程 ID：                  #8
      ┣ 执行耗时：                     57ms
      ┣ ━━━━━━━━━━━━━━━  Cookies ━━━━━━━━━━━━━━━
      ┣ 请求端：                       
      ┣ 响应端：                       
      ┣ ━━━━━━━━━━━━━━━  系统信息 ━━━━━━━━━━━━━━━
      ┣ 系统名称：                     Microsoft Windows 10.0.19044
      ┣ 系统架构：                     X64
      ┣ 基础框架：                     Furion.Pure v4.8.8.41
      ┣ .NET 架构：                    .NET 6.0.16
      ┣ ━━━━━━━━━━━━━━━  启动信息 ━━━━━━━━━━━━━━━
      ┣ 运行环境：                     Production
      ┣ 启动程序集：                   Admin.NET.Web.Entry
      ┣ 进程名称：                     Admin.NET.Web.Entry
      ┣ 托管程序：                     Kestrel
      ┣ ━━━━━━━━━━━━━━━  授权信息 ━━━━━━━━━━━━━━━
      ┣ JWT Token：                    Bearer eyJhbGciOiJIUzI1NiIsInR5cCI6IkpXVCJ9.eyJVc2VySWQiOjE0MDA1ODI2MzU4MjEzLCJUZW5hbnRJZCI6MTMwMDAwMDAwMDAwMSwiQWNjb3VudCI6IjE4NjAwNzY2MDQ1IiwiTmlja05hbWUiOiLogZpBSV82MDQ1IiwiQWNjb3VudFR5cGUiOjAsImlhdCI6MTY5MzAzNzg0NiwibmJmIjoxNjkzMDM3ODQ2LCJleHAiOjE2OTM2NDI2NDYsImlzcyI6IkFkbWluLk5FVCIsImF1ZCI6IkFkbWluLk5FVCJ9.Pt3OMLor8iLzYQfEoREoKU3AxA0Ja7UX_Q2sCCdnGEw
      ┣ 
      ┣ UserId (integer64)：           14005826358213
      ┣ TenantId (integer64)：         1300000000001
      ┣ Account (string)：             18600766045
      ┣ NickName (string)：            聚AI_6045
      ┣ AccountType (integer)：        0
      ┣ iat (integer)：                1693037846 (2023-08-26 16:17:26:0000(+08:00) 星期六 L)
      ┣ nbf (integer)：                1693037846 (2023-08-26 16:17:26:0000(+08:00) 星期六 L)
      ┣ exp (integer)：                1693642646 (2023-09-02 16:17:26:0000(+08:00) 星期六 L)
      ┣ iss (string)：                 Admin.NET
      ┣ aud (string)：                 Admin.NET
      ┣ ━━━━━━━━━━━━━━━  返回信息 ━━━━━━━━━━━━━━━
      ┣ HTTP响应状态码：               200
      ┣ 原始类型：                     System.Threading.Tasks.Task<System.Boolean>
      ┣ 最终类型：                     Admin.NET.Core.AdminResult<System.Object>
      ┣ 最终返回值：                   {"code":200,"type":"success","message":"","result":false,"extras":null,"time":"2023-08-28T21:41:04.3776671+08:00"}
      ┗━━━━━━━━━━━  Logging Monitor ━━━━━━━━━━━
info: 2023-08-28 21:41:04.5042041 +08:00 星期一 L System.Logging.LoggingMonitor[0] #44
      [System.Private.CoreLib.dll] void System.Runtime.CompilerServices.AsyncTaskMethodBuilder<TResult>+AsyncStateMachineBox<TStateMachine>.MoveNext(Thread threadPoolThread)
      ┏━━━━━━━━━━━  Logging Monitor ━━━━━━━━━━━
      ┣ Admin.NET.Core.JuAI.Service.ArticleService.GetNewest
      ┣ 
      ┣ 控制器名称：                ArticleService
      ┣ 操作名称：                  GetNewest
      ┣ 显示名称：                  
      ┣ 路由信息：                  [area]: ; [controller]: article; [action]: newest
      ┣ 请求方式：                  GET
      ┣ 请求地址：                  http://localhost:5005/api/article/newest?minId=
      ┣ 来源地址：                  http://localhost:19991/
      ┣ 请求端源：                  client
      ┣ 浏览器标识：                Mozilla/5.0 (Windows NT 10.0; Win64; x64) AppleWebKit/537.36 (KHTML, like Gecko) Chrome/116.0.0.0 Safari/537.36
      ┣ 客户端区域语言：            zh-CN,zh;q=0.9
      ┣ 客户端 IP 地址：            0.0.0.1
      ┣ 服务端 IP 地址：            0.0.0.1
      ┣ 客户端连接 ID：             00-8f82eea2ab41e70cfe2f02b56cd194f5-6518e5e07624bef8-00
      ┣ 服务线程 ID：               #60
      ┣ 执行耗时：                  194ms
      ┣ ━━━━━━━━━━━━━━━  Cookies ━━━━━━━━━━━━━━━
      ┣ 请求端：                    
      ┣ 响应端：                    
      ┣ ━━━━━━━━━━━━━━━  系统信息 ━━━━━━━━━━━━━━━
      ┣ 系统名称：                  Microsoft Windows 10.0.19044
      ┣ 系统架构：                  X64
      ┣ 基础框架：                  Furion.Pure v4.8.8.41
      ┣ .NET 架构：                 .NET 6.0.16
      ┣ ━━━━━━━━━━━━━━━  启动信息 ━━━━━━━━━━━━━━━
      ┣ 运行环境：                  Production
      ┣ 启动程序集：                Admin.NET.Web.Entry
      ┣ 进程名称：                  Admin.NET.Web.Entry
      ┣ 托管程序：                  Kestrel
      ┣ ━━━━━━━━━━━━━━━  参数列表 ━━━━━━━━━━━━━━━
      ┣ Content-Type：              
      ┣ 
      ┣ minId (Nullable`1)：        
      ┣ ━━━━━━━━━━━━━━━  返回信息 ━━━━━━━━━━━━━━━
      ┣ HTTP响应状态码：            200
      ┣ 原始类型：                  System.Threading.Tasks.Task<System.Collections.Generic.List<Admin.NET.Core.JuAI.Service.ArticleOutput>>
      ┣ 最终类型：                  Admin.NET.Core.AdminResult<System.Object>
      ┣ 最终返回值：                {"code":200,"type":"success","message":"","result":[{"id":"14215981060677","title":"测试一个样式试试。。哈哈","html":"<p>大量减少离开</p><blockquote>第三方顺德府阿斯顿</blockquote><hr/><p>时间快</p><pre><code class=\"language-csharp\">烦烦烦烦烦烦\r\n顺德府阿斯蒂芬\r\n哈哈哈数据库的\r\nhahhahhkjsd </code></pre><table style=\"width: auto;\"><tbody><tr><th colSpan=\"1\" rowSpan=\"1\" width=\"auto\"></th><th colSpan=\"1\" rowSpan=\"1\" width=\"auto\"></th><th colSpan=\"1\" rowSpan=\"1\" width=\"auto\"></th><th colSpan=\"1\" rowSpan=\"1\" width=\"a
      ┗━━━━━━━━━━━  Logging Monitor ━━━━━━━━━━━
info: 2023-08-28 21:41:04.7421740 +08:00 星期一 L System.Logging.LoggingMonitor[0] #62
      [System.Private.CoreLib.dll] void System.Runtime.CompilerServices.AsyncTaskMethodBuilder<TResult>+AsyncStateMachineBox<TStateMachine>.MoveNext(Thread threadPoolThread)
      ┏━━━━━━━━━━━  Logging Monitor ━━━━━━━━━━━
      ┣ Admin.NET.Core.JuAI.Service.ArticleService.GetRecommend
      ┣ 
      ┣ 控制器名称：       ArticleService
      ┣ 操作名称：         GetRecommend
      ┣ 显示名称：         
      ┣ 路由信息：         [area]: ; [controller]: article; [action]: recommend
      ┣ 请求方式：         GET
      ┣ 请求地址：         http://localhost:5005/api/article/recommend
      ┣ 来源地址：         http://localhost:19991/
      ┣ 请求端源：         client
      ┣ 浏览器标识：       Mozilla/5.0 (Windows NT 10.0; Win64; x64) AppleWebKit/537.36 (KHTML, like Gecko) Chrome/116.0.0.0 Safari/537.36
      ┣ 客户端区域语言：   zh-CN,zh;q=0.9
      ┣ 客户端 IP 地址：   0.0.0.1
      ┣ 服务端 IP 地址：   0.0.0.1
      ┣ 客户端连接 ID：    00-972c69ce6096b8a54ab78459088d7ea6-a57e5e90f6a57e0e-00
      ┣ 服务线程 ID：      #61
      ┣ 执行耗时：         427ms
      ┣ ━━━━━━━━━━━━━━━  Cookies ━━━━━━━━━━━━━━━
      ┣ 请求端：           
      ┣ 响应端：           
      ┣ ━━━━━━━━━━━━━━━  系统信息 ━━━━━━━━━━━━━━━
      ┣ 系统名称：         Microsoft Windows 10.0.19044
      ┣ 系统架构：         X64
      ┣ 基础框架：         Furion.Pure v4.8.8.41
      ┣ .NET 架构：        .NET 6.0.16
      ┣ ━━━━━━━━━━━━━━━  启动信息 ━━━━━━━━━━━━━━━
      ┣ 运行环境：         Production
      ┣ 启动程序集：       Admin.NET.Web.Entry
      ┣ 进程名称：         Admin.NET.Web.Entry
      ┣ 托管程序：         Kestrel
      ┣ ━━━━━━━━━━━━━━━  返回信息 ━━━━━━━━━━━━━━━
      ┣ HTTP响应状态码：   200
      ┣ 原始类型：         System.Threading.Tasks.Task<System.Collections.Generic.List<Admin.NET.Core.JuAI.Service.ArticleSiderOutput>>
      ┣ 最终类型：         Admin.NET.Core.AdminResult<System.Object>
      ┣ 最终返回值：       {"code":200,"type":"success","message":"","result":[{"id":"14215981060677","title":"测试一个样式试试。。哈哈"},{"id":"14194109678917","title":"测试第一个抓烂拉了进来"},{"id":"14127539556677","title":"两个图片测试呢。"},{"id":"14127533953093","title":"设置一下图片和视频试一试呢。。哈哈"},{"id":"14127509730629","title":"一个视频和两个图片"},{"id":"14127478756933","title":"考了几分离开的分析来看都分割"},{"id":"14127257110597","title":"测试一个视频和图片功能看好不好呀"},{"id":"14084316607813","title":"111111111111111"},{"id":"14084262750277","title":"wangEditor 粘贴从 word 复制的带图片内容的最"},{
      ┗━━━━━━━━━━━  Logging Monitor ━━━━━━━━━━━
info: 2023-08-28 21:41:13.8721643 +08:00 星期一 L System.Logging.LoggingMonitor[0] #43
      [System.Private.CoreLib.dll] void System.Runtime.CompilerServices.AsyncMethodBuilderCore.Start<TStateMachine>(ref TStateMachine stateMachine)
      ┏━━━━━━━━━━━  Logging Monitor ━━━━━━━━━━━
      ┣ Admin.NET.Core.JuAI.Service.UpgradeService.GetNewst
      ┣ 
      ┣ 控制器名称：       UpgradeService
      ┣ 操作名称：         GetNewst
      ┣ 显示名称：         
      ┣ 路由信息：         [area]: ; [controller]: upgrade; [action]: newst
      ┣ 请求方式：         GET
      ┣ 请求地址：         http://localhost:5005/api/upgrade/newst
      ┣ 来源地址：         http://localhost:19991/
      ┣ 请求端源：         client
      ┣ 浏览器标识：       Mozilla/5.0 (Windows NT 10.0; Win64; x64) AppleWebKit/537.36 (KHTML, like Gecko) Chrome/116.0.0.0 Safari/537.36
      ┣ 客户端区域语言：   zh-CN,zh;q=0.9
      ┣ 客户端 IP 地址：   0.0.0.1
      ┣ 服务端 IP 地址：   0.0.0.1
      ┣ 客户端连接 ID：    00-7c7ac97abf6150b7e66d66d298819c3a-0fe60a254b71aa3b-00
      ┣ 服务线程 ID：      #43
      ┣ 执行耗时：         60ms
      ┣ ━━━━━━━━━━━━━━━  Cookies ━━━━━━━━━━━━━━━
      ┣ 请求端：           
      ┣ 响应端：           
      ┣ ━━━━━━━━━━━━━━━  系统信息 ━━━━━━━━━━━━━━━
      ┣ 系统名称：         Microsoft Windows 10.0.19044
      ┣ 系统架构：         X64
      ┣ 基础框架：         Furion.Pure v4.8.8.41
      ┣ .NET 架构：        .NET 6.0.16
      ┣ ━━━━━━━━━━━━━━━  启动信息 ━━━━━━━━━━━━━━━
      ┣ 运行环境：         Production
      ┣ 启动程序集：       Admin.NET.Web.Entry
      ┣ 进程名称：         Admin.NET.Web.Entry
      ┣ 托管程序：         Kestrel
      ┣ ━━━━━━━━━━━━━━━  返回信息 ━━━━━━━━━━━━━━━
      ┣ HTTP响应状态码：   200
      ┣ 原始类型：         Admin.NET.Core.JuAI.AppUpgrade
      ┣ 最终类型：         Admin.NET.Core.AdminResult<System.Object>
      ┣ 最终返回值：       {"code":200,"type":"success","message":"","result":{"version":"2.12.3","desc":"修复聊天不显示","isForceUpdate":true,"isClearCache":true,"createOrgId":null,"createTime":"2023-08-08T22:29:38","updateTime":"2023-08-08T22:14:27","createUserId":null,"updateUserId":null,"isDelete":false,"id":"3334"},"extras":null,"time":"2023-08-28T21:41:13.8699702+08:00"}
      ┗━━━━━━━━━━━  Logging Monitor ━━━━━━━━━━━
info: 2023-08-28 21:41:13.8793144 +08:00 星期一 L System.Logging.LoggingMonitor[0] #41
      [System.Private.CoreLib.dll] void System.Runtime.CompilerServices.AsyncMethodBuilderCore.Start<TStateMachine>(ref TStateMachine stateMachine)
      ┏━━━━━━━━━━━  Logging Monitor ━━━━━━━━━━━
      ┣ Admin.NET.Core.JuAI.Service.UserService.GetActiveUsers
      ┣ 
      ┣ 控制器名称：       UserService
      ┣ 操作名称：         GetActiveUsers
      ┣ 显示名称：         活跃用户
      ┣ 路由信息：         [area]: ; [controller]: user; [action]: activeUsers
      ┣ 请求方式：         GET
      ┣ 请求地址：         http://localhost:5005/api/User/ActiveUsers
      ┣ 来源地址：         http://localhost:19991/
      ┣ 请求端源：         client
      ┣ 浏览器标识：       Mozilla/5.0 (Windows NT 10.0; Win64; x64) AppleWebKit/537.36 (KHTML, like Gecko) Chrome/116.0.0.0 Safari/537.36
      ┣ 客户端区域语言：   zh-CN,zh;q=0.9
      ┣ 客户端 IP 地址：   0.0.0.1
      ┣ 服务端 IP 地址：   0.0.0.1
      ┣ 客户端连接 ID：    00-7f770c8e6e06384f258732f6ac43aa0c-4878387beda33065-00
      ┣ 服务线程 ID：      #41
      ┣ 执行耗时：         58ms
      ┣ ━━━━━━━━━━━━━━━  Cookies ━━━━━━━━━━━━━━━
      ┣ 请求端：           
      ┣ 响应端：           
      ┣ ━━━━━━━━━━━━━━━  系统信息 ━━━━━━━━━━━━━━━
      ┣ 系统名称：         Microsoft Windows 10.0.19044
      ┣ 系统架构：         X64
      ┣ 基础框架：         Furion.Pure v4.8.8.41
      ┣ .NET 架构：        .NET 6.0.16
      ┣ ━━━━━━━━━━━━━━━  启动信息 ━━━━━━━━━━━━━━━
      ┣ 运行环境：         Production
      ┣ 启动程序集：       Admin.NET.Web.Entry
      ┣ 进程名称：         Admin.NET.Web.Entry
      ┣ 托管程序：         Kestrel
      ┣ ━━━━━━━━━━━━━━━  返回信息 ━━━━━━━━━━━━━━━
      ┣ HTTP响应状态码：   200
      ┣ 原始类型：         System.Collections.Generic.IList<Admin.NET.Core.JuAI.Service.UserInfoOutput>
      ┣ 最终类型：         Admin.NET.Core.AdminResult<System.Object>
      ┣ 最终返回值：       {"code":200,"type":"success","message":"","result":[{"nickName":"聚AI_6045","avatar":"Upload/Avatar/14194583407941.jpg","id":"14005826358213"},{"nickName":"聚AI_6045","avatar":null,"id":"14005810391877"},{"nickName":"聚AI_6045","avatar":null,"id":"13727127390021"},{"nickName":"聚AI_6047","avatar":null,"id":"13763405483077"},{"nickName":"聚AI_6046","avatar":null,"id":"13763350061253"}],"extras":null,"time":"2023-08-28T21:41:13.8770722+08:00"}
      ┗━━━━━━━━━━━  Logging Monitor ━━━━━━━━━━━
info: 2023-08-28 21:41:13.8860825 +08:00 星期一 L System.Logging.LoggingMonitor[0] #62
      [System.Private.CoreLib.dll] void System.Runtime.CompilerServices.AsyncTaskMethodBuilder<TResult>+AsyncStateMachineBox<TStateMachine>.MoveNext(Thread threadPoolThread)
      ┏━━━━━━━━━━━  Logging Monitor ━━━━━━━━━━━
      ┣ Admin.NET.Core.JuAI.Service.UserTokenService.GetIsQianDaoToday
      ┣ 
      ┣ 控制器名称：                   UserTokenService
      ┣ 操作名称：                     GetIsQianDaoToday
      ┣ 显示名称：                     
      ┣ 路由信息：                     [area]: ; [controller]: userToken; [action]: isQianDaoToday
      ┣ 请求方式：                     GET
      ┣ 请求地址：                     http://localhost:5005/api/userToken/isQianDaoToday
      ┣ 来源地址：                     http://localhost:19991/
      ┣ 请求端源：                     client
      ┣ 浏览器标识：                   Mozilla/5.0 (Windows NT 10.0; Win64; x64) AppleWebKit/537.36 (KHTML, like Gecko) Chrome/116.0.0.0 Safari/537.36
      ┣ 客户端区域语言：               zh-CN,zh;q=0.9
      ┣ 客户端 IP 地址：               0.0.0.1
      ┣ 服务端 IP 地址：               0.0.0.1
      ┣ 客户端连接 ID：                00-4aba9005f04668c38e8ea2045b869924-da2169cca196f303-00
      ┣ 服务线程 ID：                  #61
      ┣ 执行耗时：                     57ms
      ┣ ━━━━━━━━━━━━━━━  Cookies ━━━━━━━━━━━━━━━
      ┣ 请求端：                       
      ┣ 响应端：                       
      ┣ ━━━━━━━━━━━━━━━  系统信息 ━━━━━━━━━━━━━━━
      ┣ 系统名称：                     Microsoft Windows 10.0.19044
      ┣ 系统架构：                     X64
      ┣ 基础框架：                     Furion.Pure v4.8.8.41
      ┣ .NET 架构：                    .NET 6.0.16
      ┣ ━━━━━━━━━━━━━━━  启动信息 ━━━━━━━━━━━━━━━
      ┣ 运行环境：                     Production
      ┣ 启动程序集：                   Admin.NET.Web.Entry
      ┣ 进程名称：                     Admin.NET.Web.Entry
      ┣ 托管程序：                     Kestrel
      ┣ ━━━━━━━━━━━━━━━  授权信息 ━━━━━━━━━━━━━━━
      ┣ JWT Token：                    Bearer eyJhbGciOiJIUzI1NiIsInR5cCI6IkpXVCJ9.eyJVc2VySWQiOjE0MDA1ODI2MzU4MjEzLCJUZW5hbnRJZCI6MTMwMDAwMDAwMDAwMSwiQWNjb3VudCI6IjE4NjAwNzY2MDQ1IiwiTmlja05hbWUiOiLogZpBSV82MDQ1IiwiQWNjb3VudFR5cGUiOjAsImlhdCI6MTY5MzAzNzg0NiwibmJmIjoxNjkzMDM3ODQ2LCJleHAiOjE2OTM2NDI2NDYsImlzcyI6IkFkbWluLk5FVCIsImF1ZCI6IkFkbWluLk5FVCJ9.Pt3OMLor8iLzYQfEoREoKU3AxA0Ja7UX_Q2sCCdnGEw
      ┣ 
      ┣ UserId (integer64)：           14005826358213
      ┣ TenantId (integer64)：         1300000000001
      ┣ Account (string)：             18600766045
      ┣ NickName (string)：            聚AI_6045
      ┣ AccountType (integer)：        0
      ┣ iat (integer)：                1693037846 (2023-08-26 16:17:26:0000(+08:00) 星期六 L)
      ┣ nbf (integer)：                1693037846 (2023-08-26 16:17:26:0000(+08:00) 星期六 L)
      ┣ exp (integer)：                1693642646 (2023-09-02 16:17:26:0000(+08:00) 星期六 L)
      ┣ iss (string)：                 Admin.NET
      ┣ aud (string)：                 Admin.NET
      ┣ ━━━━━━━━━━━━━━━  返回信息 ━━━━━━━━━━━━━━━
      ┣ HTTP响应状态码：               200
      ┣ 原始类型：                     System.Threading.Tasks.Task<System.Boolean>
      ┣ 最终类型：                     Admin.NET.Core.AdminResult<System.Object>
      ┣ 最终返回值：                   {"code":200,"type":"success","message":"","result":false,"extras":null,"time":"2023-08-28T21:41:13.8832509+08:00"}
      ┗━━━━━━━━━━━  Logging Monitor ━━━━━━━━━━━
info: 2023-08-28 21:41:13.8927967 +08:00 星期一 L System.Logging.LoggingMonitor[0] #37
      [System.Private.CoreLib.dll] void System.Runtime.CompilerServices.AsyncTaskMethodBuilder<TResult>+AsyncStateMachineBox<TStateMachine>.MoveNext(Thread threadPoolThread)
      ┏━━━━━━━━━━━  Logging Monitor ━━━━━━━━━━━
      ┣ Admin.NET.Core.JuAI.Service.SpecialService.GetNewest
      ┣ 
      ┣ 控制器名称：                SpecialService
      ┣ 操作名称：                  GetNewest
      ┣ 显示名称：                  
      ┣ 路由信息：                  [area]: ; [controller]: special; [action]: newest
      ┣ 请求方式：                  GET
      ┣ 请求地址：                  http://localhost:5005/api/special/newest?minId=
      ┣ 来源地址：                  http://localhost:19991/
      ┣ 请求端源：                  client
      ┣ 浏览器标识：                Mozilla/5.0 (Windows NT 10.0; Win64; x64) AppleWebKit/537.36 (KHTML, like Gecko) Chrome/116.0.0.0 Safari/537.36
      ┣ 客户端区域语言：            zh-CN,zh;q=0.9
      ┣ 客户端 IP 地址：            0.0.0.1
      ┣ 服务端 IP 地址：            0.0.0.1
      ┣ 客户端连接 ID：             00-86d91fba92a2233f281afc9043a39255-9f1a115061660b57-00
      ┣ 服务线程 ID：               #39
      ┣ 执行耗时：                  77ms
      ┣ ━━━━━━━━━━━━━━━  Cookies ━━━━━━━━━━━━━━━
      ┣ 请求端：                    
      ┣ 响应端：                    
      ┣ ━━━━━━━━━━━━━━━  系统信息 ━━━━━━━━━━━━━━━
      ┣ 系统名称：                  Microsoft Windows 10.0.19044
      ┣ 系统架构：                  X64
      ┣ 基础框架：                  Furion.Pure v4.8.8.41
      ┣ .NET 架构：                 .NET 6.0.16
      ┣ ━━━━━━━━━━━━━━━  启动信息 ━━━━━━━━━━━━━━━
      ┣ 运行环境：                  Production
      ┣ 启动程序集：                Admin.NET.Web.Entry
      ┣ 进程名称：                  Admin.NET.Web.Entry
      ┣ 托管程序：                  Kestrel
      ┣ ━━━━━━━━━━━━━━━  参数列表 ━━━━━━━━━━━━━━━
      ┣ Content-Type：              
      ┣ 
      ┣ minId (Nullable`1)：        
      ┣ ━━━━━━━━━━━━━━━  返回信息 ━━━━━━━━━━━━━━━
      ┣ HTTP响应状态码：            200
      ┣ 原始类型：                  System.Threading.Tasks.Task<System.Collections.Generic.IList<Admin.NET.Core.JuAI.Service.SpecialOutput>>
      ┣ 最终类型：                  Admin.NET.Core.AdminResult<System.Object>
      ┣ 最终返回值：                {"code":200,"type":"success","message":"","result":[{"id":"141254407701223","title":"抓烂22223","text":"就螺丝扣搭街坊立刻就333333","cover":"http://filetest.guxin.link/Special/2023/08/14125440695621.jpg","coverFile":null},{"id":"141242588270232","title":"第一个抓烂","text":"就开始大家和弗兰克沙龙的开发建设离开的顺德府顺德府手动","cover":"http://filetest.guxin.link/Special/2023/08/14124258623685.jpg","coverFile":null},{"id":"141242586827023","title":"第一个抓烂","text":"就开始大家和弗兰克沙龙的开发建设离开的顺德府顺德府手动","cover":"http://filetest.guxin.link/Special/20
      ┗━━━━━━━━━━━  Logging Monitor ━━━━━━━━━━━
info: 2023-08-28 21:41:14.1028296 +08:00 星期一 L System.Logging.LoggingMonitor[0] #37
      [System.Private.CoreLib.dll] void System.Runtime.CompilerServices.AsyncTaskMethodBuilder<TResult>+AsyncStateMachineBox<TStateMachine>.MoveNext(Thread threadPoolThread)
      ┏━━━━━━━━━━━  Logging Monitor ━━━━━━━━━━━
      ┣ Admin.NET.Core.JuAI.Service.ArticleService.GetNewest
      ┣ 
      ┣ 控制器名称：                ArticleService
      ┣ 操作名称：                  GetNewest
      ┣ 显示名称：                  
      ┣ 路由信息：                  [area]: ; [controller]: article; [action]: newest
      ┣ 请求方式：                  GET
      ┣ 请求地址：                  http://localhost:5005/api/article/newest?minId=
      ┣ 来源地址：                  http://localhost:19991/
      ┣ 请求端源：                  client
      ┣ 浏览器标识：                Mozilla/5.0 (Windows NT 10.0; Win64; x64) AppleWebKit/537.36 (KHTML, like Gecko) Chrome/116.0.0.0 Safari/537.36
      ┣ 客户端区域语言：            zh-CN,zh;q=0.9
      ┣ 客户端 IP 地址：            0.0.0.1
      ┣ 服务端 IP 地址：            0.0.0.1
      ┣ 客户端连接 ID：             00-7b1931f8dd8ebe417dde27c9692893cc-eef412d8fef55abb-00
      ┣ 服务线程 ID：               #28
      ┣ 执行耗时：                  290ms
      ┣ ━━━━━━━━━━━━━━━  Cookies ━━━━━━━━━━━━━━━
      ┣ 请求端：                    
      ┣ 响应端：                    
      ┣ ━━━━━━━━━━━━━━━  系统信息 ━━━━━━━━━━━━━━━
      ┣ 系统名称：                  Microsoft Windows 10.0.19044
      ┣ 系统架构：                  X64
      ┣ 基础框架：                  Furion.Pure v4.8.8.41
      ┣ .NET 架构：                 .NET 6.0.16
      ┣ ━━━━━━━━━━━━━━━  启动信息 ━━━━━━━━━━━━━━━
      ┣ 运行环境：                  Production
      ┣ 启动程序集：                Admin.NET.Web.Entry
      ┣ 进程名称：                  Admin.NET.Web.Entry
      ┣ 托管程序：                  Kestrel
      ┣ ━━━━━━━━━━━━━━━  参数列表 ━━━━━━━━━━━━━━━
      ┣ Content-Type：              
      ┣ 
      ┣ minId (Nullable`1)：        
      ┣ ━━━━━━━━━━━━━━━  返回信息 ━━━━━━━━━━━━━━━
      ┣ HTTP响应状态码：            200
      ┣ 原始类型：                  System.Threading.Tasks.Task<System.Collections.Generic.List<Admin.NET.Core.JuAI.Service.ArticleOutput>>
      ┣ 最终类型：                  Admin.NET.Core.AdminResult<System.Object>
      ┣ 最终返回值：                {"code":200,"type":"success","message":"","result":[{"id":"14215981060677","title":"测试一个样式试试。。哈哈","html":"<p>大量减少离开</p><blockquote>第三方顺德府阿斯顿</blockquote><hr/><p>时间快</p><pre><code class=\"language-csharp\">烦烦烦烦烦烦\r\n顺德府阿斯蒂芬\r\n哈哈哈数据库的\r\nhahhahhkjsd </code></pre><table style=\"width: auto;\"><tbody><tr><th colSpan=\"1\" rowSpan=\"1\" width=\"auto\"></th><th colSpan=\"1\" rowSpan=\"1\" width=\"auto\"></th><th colSpan=\"1\" rowSpan=\"1\" width=\"auto\"></th><th colSpan=\"1\" rowSpan=\"1\" width=\"a
      ┗━━━━━━━━━━━  Logging Monitor ━━━━━━━━━━━
info: 2023-08-28 21:41:14.2030279 +08:00 星期一 L System.Logging.LoggingMonitor[0] #62
      [System.Private.CoreLib.dll] void System.Runtime.CompilerServices.AsyncTaskMethodBuilder<TResult>+AsyncStateMachineBox<TStateMachine>.MoveNext(Thread threadPoolThread)
      ┏━━━━━━━━━━━  Logging Monitor ━━━━━━━━━━━
      ┣ Admin.NET.Core.JuAI.Service.ArticleService.GetRecommend
      ┣ 
      ┣ 控制器名称：       ArticleService
      ┣ 操作名称：         GetRecommend
      ┣ 显示名称：         
      ┣ 路由信息：         [area]: ; [controller]: article; [action]: recommend
      ┣ 请求方式：         GET
      ┣ 请求地址：         http://localhost:5005/api/article/recommend
      ┣ 来源地址：         http://localhost:19991/
      ┣ 请求端源：         client
      ┣ 浏览器标识：       Mozilla/5.0 (Windows NT 10.0; Win64; x64) AppleWebKit/537.36 (KHTML, like Gecko) Chrome/116.0.0.0 Safari/537.36
      ┣ 客户端区域语言：   zh-CN,zh;q=0.9
      ┣ 客户端 IP 地址：   0.0.0.1
      ┣ 服务端 IP 地址：   0.0.0.1
      ┣ 客户端连接 ID：    00-6586d961b29b5a1a4fcdbdd7fdd4ee14-ac50f3dc9f62bd5c-00
      ┣ 服务线程 ID：      #53
      ┣ 执行耗时：         389ms
      ┣ ━━━━━━━━━━━━━━━  Cookies ━━━━━━━━━━━━━━━
      ┣ 请求端：           
      ┣ 响应端：           
      ┣ ━━━━━━━━━━━━━━━  系统信息 ━━━━━━━━━━━━━━━
      ┣ 系统名称：         Microsoft Windows 10.0.19044
      ┣ 系统架构：         X64
      ┣ 基础框架：         Furion.Pure v4.8.8.41
      ┣ .NET 架构：        .NET 6.0.16
      ┣ ━━━━━━━━━━━━━━━  启动信息 ━━━━━━━━━━━━━━━
      ┣ 运行环境：         Production
      ┣ 启动程序集：       Admin.NET.Web.Entry
      ┣ 进程名称：         Admin.NET.Web.Entry
      ┣ 托管程序：         Kestrel
      ┣ ━━━━━━━━━━━━━━━  返回信息 ━━━━━━━━━━━━━━━
      ┣ HTTP响应状态码：   200
      ┣ 原始类型：         System.Threading.Tasks.Task<System.Collections.Generic.List<Admin.NET.Core.JuAI.Service.ArticleSiderOutput>>
      ┣ 最终类型：         Admin.NET.Core.AdminResult<System.Object>
      ┣ 最终返回值：       {"code":200,"type":"success","message":"","result":[{"id":"14215981060677","title":"测试一个样式试试。。哈哈"},{"id":"14194109678917","title":"测试第一个抓烂拉了进来"},{"id":"14127539556677","title":"两个图片测试呢。"},{"id":"14127533953093","title":"设置一下图片和视频试一试呢。。哈哈"},{"id":"14127509730629","title":"一个视频和两个图片"},{"id":"14127478756933","title":"考了几分离开的分析来看都分割"},{"id":"14127257110597","title":"测试一个视频和图片功能看好不好呀"},{"id":"14084316607813","title":"111111111111111"},{"id":"14084262750277","title":"wangEditor 粘贴从 word 复制的带图片内容的最"},{
      ┗━━━━━━━━━━━  Logging Monitor ━━━━━━━━━━━
info: 2023-08-28 21:41:38.5518860 +08:00 星期一 L System.Logging.LoggingMonitor[0] #41
      [System.Private.CoreLib.dll] void System.Runtime.CompilerServices.AsyncMethodBuilderCore.Start<TStateMachine>(ref TStateMachine stateMachine)
      ┏━━━━━━━━━━━  Logging Monitor ━━━━━━━━━━━
      ┣ Admin.NET.Core.JuAI.Service.UserService.GetActiveUsers
      ┣ 
      ┣ 控制器名称：       UserService
      ┣ 操作名称：         GetActiveUsers
      ┣ 显示名称：         活跃用户
      ┣ 路由信息：         [area]: ; [controller]: user; [action]: activeUsers
      ┣ 请求方式：         GET
      ┣ 请求地址：         http://localhost:5005/api/User/ActiveUsers
      ┣ 来源地址：         http://localhost:19991/
      ┣ 请求端源：         client
      ┣ 浏览器标识：       Mozilla/5.0 (Windows NT 10.0; Win64; x64) AppleWebKit/537.36 (KHTML, like Gecko) Chrome/116.0.0.0 Safari/537.36
      ┣ 客户端区域语言：   zh-CN,zh;q=0.9
      ┣ 客户端 IP 地址：   0.0.0.1
      ┣ 服务端 IP 地址：   0.0.0.1
      ┣ 客户端连接 ID：    00-fd861650a50c7af60807e1376e56a4d7-f98eca9f931525e2-00
      ┣ 服务线程 ID：      #41
      ┣ 执行耗时：         63ms
      ┣ ━━━━━━━━━━━━━━━  Cookies ━━━━━━━━━━━━━━━
      ┣ 请求端：           
      ┣ 响应端：           
      ┣ ━━━━━━━━━━━━━━━  系统信息 ━━━━━━━━━━━━━━━
      ┣ 系统名称：         Microsoft Windows 10.0.19044
      ┣ 系统架构：         X64
      ┣ 基础框架：         Furion.Pure v4.8.8.41
      ┣ .NET 架构：        .NET 6.0.16
      ┣ ━━━━━━━━━━━━━━━  启动信息 ━━━━━━━━━━━━━━━
      ┣ 运行环境：         Production
      ┣ 启动程序集：       Admin.NET.Web.Entry
      ┣ 进程名称：         Admin.NET.Web.Entry
      ┣ 托管程序：         Kestrel
      ┣ ━━━━━━━━━━━━━━━  返回信息 ━━━━━━━━━━━━━━━
      ┣ HTTP响应状态码：   200
      ┣ 原始类型：         System.Collections.Generic.IList<Admin.NET.Core.JuAI.Service.UserInfoOutput>
      ┣ 最终类型：         Admin.NET.Core.AdminResult<System.Object>
      ┣ 最终返回值：       {"code":200,"type":"success","message":"","result":[{"nickName":"聚AI_6045","avatar":"Upload/Avatar/14194583407941.jpg","id":"14005826358213"},{"nickName":"聚AI_6045","avatar":null,"id":"14005810391877"},{"nickName":"聚AI_6045","avatar":null,"id":"13727127390021"},{"nickName":"聚AI_6047","avatar":null,"id":"13763405483077"},{"nickName":"聚AI_6046","avatar":null,"id":"13763350061253"}],"extras":null,"time":"2023-08-28T21:41:38.5498546+08:00"}
      ┗━━━━━━━━━━━  Logging Monitor ━━━━━━━━━━━
info: 2023-08-28 21:41:38.5629385 +08:00 星期一 L System.Logging.LoggingMonitor[0] #21
      [System.Private.CoreLib.dll] void System.Runtime.CompilerServices.AsyncTaskMethodBuilder<TResult>+AsyncStateMachineBox<TStateMachine>.MoveNext(Thread threadPoolThread)
      ┏━━━━━━━━━━━  Logging Monitor ━━━━━━━━━━━
      ┣ Admin.NET.Core.JuAI.Service.UserTokenService.GetIsQianDaoToday
      ┣ 
      ┣ 控制器名称：                   UserTokenService
      ┣ 操作名称：                     GetIsQianDaoToday
      ┣ 显示名称：                     
      ┣ 路由信息：                     [area]: ; [controller]: userToken; [action]: isQianDaoToday
      ┣ 请求方式：                     GET
      ┣ 请求地址：                     http://localhost:5005/api/userToken/isQianDaoToday
      ┣ 来源地址：                     http://localhost:19991/
      ┣ 请求端源：                     client
      ┣ 浏览器标识：                   Mozilla/5.0 (Windows NT 10.0; Win64; x64) AppleWebKit/537.36 (KHTML, like Gecko) Chrome/116.0.0.0 Safari/537.36
      ┣ 客户端区域语言：               zh-CN,zh;q=0.9
      ┣ 客户端 IP 地址：               0.0.0.1
      ┣ 服务端 IP 地址：               0.0.0.1
      ┣ 客户端连接 ID：                00-c0cd934b175595522c2d64aeefef65dc-1406ac66652d28f5-00
      ┣ 服务线程 ID：                  #23
      ┣ 执行耗时：                     58ms
      ┣ ━━━━━━━━━━━━━━━  Cookies ━━━━━━━━━━━━━━━
      ┣ 请求端：                       
      ┣ 响应端：                       
      ┣ ━━━━━━━━━━━━━━━  系统信息 ━━━━━━━━━━━━━━━
      ┣ 系统名称：                     Microsoft Windows 10.0.19044
      ┣ 系统架构：                     X64
      ┣ 基础框架：                     Furion.Pure v4.8.8.41
      ┣ .NET 架构：                    .NET 6.0.16
      ┣ ━━━━━━━━━━━━━━━  启动信息 ━━━━━━━━━━━━━━━
      ┣ 运行环境：                     Production
      ┣ 启动程序集：                   Admin.NET.Web.Entry
      ┣ 进程名称：                     Admin.NET.Web.Entry
      ┣ 托管程序：                     Kestrel
      ┣ ━━━━━━━━━━━━━━━  授权信息 ━━━━━━━━━━━━━━━
      ┣ JWT Token：                    Bearer eyJhbGciOiJIUzI1NiIsInR5cCI6IkpXVCJ9.eyJVc2VySWQiOjE0MDA1ODI2MzU4MjEzLCJUZW5hbnRJZCI6MTMwMDAwMDAwMDAwMSwiQWNjb3VudCI6IjE4NjAwNzY2MDQ1IiwiTmlja05hbWUiOiLogZpBSV82MDQ1IiwiQWNjb3VudFR5cGUiOjAsImlhdCI6MTY5MzAzNzg0NiwibmJmIjoxNjkzMDM3ODQ2LCJleHAiOjE2OTM2NDI2NDYsImlzcyI6IkFkbWluLk5FVCIsImF1ZCI6IkFkbWluLk5FVCJ9.Pt3OMLor8iLzYQfEoREoKU3AxA0Ja7UX_Q2sCCdnGEw
      ┣ 
      ┣ UserId (integer64)：           14005826358213
      ┣ TenantId (integer64)：         1300000000001
      ┣ Account (string)：             18600766045
      ┣ NickName (string)：            聚AI_6045
      ┣ AccountType (integer)：        0
      ┣ iat (integer)：                1693037846 (2023-08-26 16:17:26:0000(+08:00) 星期六 L)
      ┣ nbf (integer)：                1693037846 (2023-08-26 16:17:26:0000(+08:00) 星期六 L)
      ┣ exp (integer)：                1693642646 (2023-09-02 16:17:26:0000(+08:00) 星期六 L)
      ┣ iss (string)：                 Admin.NET
      ┣ aud (string)：                 Admin.NET
      ┣ ━━━━━━━━━━━━━━━  返回信息 ━━━━━━━━━━━━━━━
      ┣ HTTP响应状态码：               200
      ┣ 原始类型：                     System.Threading.Tasks.Task<System.Boolean>
      ┣ 最终类型：                     Admin.NET.Core.AdminResult<System.Object>
      ┣ 最终返回值：                   {"code":200,"type":"success","message":"","result":false,"extras":null,"time":"2023-08-28T21:41:38.5592136+08:00"}
      ┗━━━━━━━━━━━  Logging Monitor ━━━━━━━━━━━
info: 2023-08-28 21:41:38.5705064 +08:00 星期一 L System.Logging.LoggingMonitor[0] #62
      [System.Private.CoreLib.dll] void System.Runtime.CompilerServices.AsyncTaskMethodBuilder<TResult>+AsyncStateMachineBox<TStateMachine>.MoveNext(Thread threadPoolThread)
      ┏━━━━━━━━━━━  Logging Monitor ━━━━━━━━━━━
      ┣ Admin.NET.Core.JuAI.Service.SpecialService.GetNewest
      ┣ 
      ┣ 控制器名称：                SpecialService
      ┣ 操作名称：                  GetNewest
      ┣ 显示名称：                  
      ┣ 路由信息：                  [area]: ; [controller]: special; [action]: newest
      ┣ 请求方式：                  GET
      ┣ 请求地址：                  http://localhost:5005/api/special/newest?minId=
      ┣ 来源地址：                  http://localhost:19991/
      ┣ 请求端源：                  client
      ┣ 浏览器标识：                Mozilla/5.0 (Windows NT 10.0; Win64; x64) AppleWebKit/537.36 (KHTML, like Gecko) Chrome/116.0.0.0 Safari/537.36
      ┣ 客户端区域语言：            zh-CN,zh;q=0.9
      ┣ 客户端 IP 地址：            0.0.0.1
      ┣ 服务端 IP 地址：            0.0.0.1
      ┣ 客户端连接 ID：             00-7d05477e7ac598bce9a85e0eb20edfa0-ee29af6fcf3338d2-00
      ┣ 服务线程 ID：               #48
      ┣ 执行耗时：                  79ms
      ┣ ━━━━━━━━━━━━━━━  Cookies ━━━━━━━━━━━━━━━
      ┣ 请求端：                    
      ┣ 响应端：                    
      ┣ ━━━━━━━━━━━━━━━  系统信息 ━━━━━━━━━━━━━━━
      ┣ 系统名称：                  Microsoft Windows 10.0.19044
      ┣ 系统架构：                  X64
      ┣ 基础框架：                  Furion.Pure v4.8.8.41
      ┣ .NET 架构：                 .NET 6.0.16
      ┣ ━━━━━━━━━━━━━━━  启动信息 ━━━━━━━━━━━━━━━
      ┣ 运行环境：                  Production
      ┣ 启动程序集：                Admin.NET.Web.Entry
      ┣ 进程名称：                  Admin.NET.Web.Entry
      ┣ 托管程序：                  Kestrel
      ┣ ━━━━━━━━━━━━━━━  参数列表 ━━━━━━━━━━━━━━━
      ┣ Content-Type：              
      ┣ 
      ┣ minId (Nullable`1)：        
      ┣ ━━━━━━━━━━━━━━━  返回信息 ━━━━━━━━━━━━━━━
      ┣ HTTP响应状态码：            200
      ┣ 原始类型：                  System.Threading.Tasks.Task<System.Collections.Generic.IList<Admin.NET.Core.JuAI.Service.SpecialOutput>>
      ┣ 最终类型：                  Admin.NET.Core.AdminResult<System.Object>
      ┣ 最终返回值：                {"code":200,"type":"success","message":"","result":[{"id":"141254407701223","title":"抓烂22223","text":"就螺丝扣搭街坊立刻就333333","cover":"http://filetest.guxin.link/Special/2023/08/14125440695621.jpg","coverFile":null},{"id":"141242588270232","title":"第一个抓烂","text":"就开始大家和弗兰克沙龙的开发建设离开的顺德府顺德府手动","cover":"http://filetest.guxin.link/Special/2023/08/14124258623685.jpg","coverFile":null},{"id":"141242586827023","title":"第一个抓烂","text":"就开始大家和弗兰克沙龙的开发建设离开的顺德府顺德府手动","cover":"http://filetest.guxin.link/Special/20
      ┗━━━━━━━━━━━  Logging Monitor ━━━━━━━━━━━
info: 2023-08-28 21:41:38.7796250 +08:00 星期一 L System.Logging.LoggingMonitor[0] #21
      [System.Private.CoreLib.dll] void System.Runtime.CompilerServices.AsyncTaskMethodBuilder<TResult>+AsyncStateMachineBox<TStateMachine>.MoveNext(Thread threadPoolThread)
      ┏━━━━━━━━━━━  Logging Monitor ━━━━━━━━━━━
      ┣ Admin.NET.Core.JuAI.Service.ArticleService.GetNewest
      ┣ 
      ┣ 控制器名称：                ArticleService
      ┣ 操作名称：                  GetNewest
      ┣ 显示名称：                  
      ┣ 路由信息：                  [area]: ; [controller]: article; [action]: newest
      ┣ 请求方式：                  GET
      ┣ 请求地址：                  http://localhost:5005/api/article/newest?minId=
      ┣ 来源地址：                  http://localhost:19991/
      ┣ 请求端源：                  client
      ┣ 浏览器标识：                Mozilla/5.0 (Windows NT 10.0; Win64; x64) AppleWebKit/537.36 (KHTML, like Gecko) Chrome/116.0.0.0 Safari/537.36
      ┣ 客户端区域语言：            zh-CN,zh;q=0.9
      ┣ 客户端 IP 地址：            0.0.0.1
      ┣ 服务端 IP 地址：            0.0.0.1
      ┣ 客户端连接 ID：             00-47085382673c717c1abbe662421e4784-ed39e72e13835823-00
      ┣ 服务线程 ID：               #43
      ┣ 执行耗时：                  289ms
      ┣ ━━━━━━━━━━━━━━━  Cookies ━━━━━━━━━━━━━━━
      ┣ 请求端：                    
      ┣ 响应端：                    
      ┣ ━━━━━━━━━━━━━━━  系统信息 ━━━━━━━━━━━━━━━
      ┣ 系统名称：                  Microsoft Windows 10.0.19044
      ┣ 系统架构：                  X64
      ┣ 基础框架：                  Furion.Pure v4.8.8.41
      ┣ .NET 架构：                 .NET 6.0.16
      ┣ ━━━━━━━━━━━━━━━  启动信息 ━━━━━━━━━━━━━━━
      ┣ 运行环境：                  Production
      ┣ 启动程序集：                Admin.NET.Web.Entry
      ┣ 进程名称：                  Admin.NET.Web.Entry
      ┣ 托管程序：                  Kestrel
      ┣ ━━━━━━━━━━━━━━━  参数列表 ━━━━━━━━━━━━━━━
      ┣ Content-Type：              
      ┣ 
      ┣ minId (Nullable`1)：        
      ┣ ━━━━━━━━━━━━━━━  返回信息 ━━━━━━━━━━━━━━━
      ┣ HTTP响应状态码：            200
      ┣ 原始类型：                  System.Threading.Tasks.Task<System.Collections.Generic.List<Admin.NET.Core.JuAI.Service.ArticleOutput>>
      ┣ 最终类型：                  Admin.NET.Core.AdminResult<System.Object>
      ┣ 最终返回值：                {"code":200,"type":"success","message":"","result":[{"id":"14215981060677","title":"测试一个样式试试。。哈哈","html":"<p>大量减少离开</p><blockquote>第三方顺德府阿斯顿</blockquote><hr/><p>时间快</p><pre><code class=\"language-csharp\">烦烦烦烦烦烦\r\n顺德府阿斯蒂芬\r\n哈哈哈数据库的\r\nhahhahhkjsd </code></pre><table style=\"width: auto;\"><tbody><tr><th colSpan=\"1\" rowSpan=\"1\" width=\"auto\"></th><th colSpan=\"1\" rowSpan=\"1\" width=\"auto\"></th><th colSpan=\"1\" rowSpan=\"1\" width=\"auto\"></th><th colSpan=\"1\" rowSpan=\"1\" width=\"a
      ┗━━━━━━━━━━━  Logging Monitor ━━━━━━━━━━━
info: 2023-08-28 21:41:38.8701422 +08:00 星期一 L System.Logging.LoggingMonitor[0] #23
      [System.Private.CoreLib.dll] void System.Runtime.CompilerServices.AsyncMethodBuilderCore.Start<TStateMachine>(ref TStateMachine stateMachine)
      ┏━━━━━━━━━━━  Logging Monitor ━━━━━━━━━━━
      ┣ Admin.NET.Core.JuAI.Service.UpgradeService.GetNewst
      ┣ 
      ┣ 控制器名称：       UpgradeService
      ┣ 操作名称：         GetNewst
      ┣ 显示名称：         
      ┣ 路由信息：         [area]: ; [controller]: upgrade; [action]: newst
      ┣ 请求方式：         GET
      ┣ 请求地址：         http://localhost:5005/api/upgrade/newst
      ┣ 来源地址：         http://localhost:19991/
      ┣ 请求端源：         client
      ┣ 浏览器标识：       Mozilla/5.0 (Windows NT 10.0; Win64; x64) AppleWebKit/537.36 (KHTML, like Gecko) Chrome/116.0.0.0 Safari/537.36
      ┣ 客户端区域语言：   zh-CN,zh;q=0.9
      ┣ 客户端 IP 地址：   0.0.0.1
      ┣ 服务端 IP 地址：   0.0.0.1
      ┣ 客户端连接 ID：    00-31bb3c7bcf86bc95304cf21457ae8221-04a46eff1fadf46f-00
      ┣ 服务线程 ID：      #23
      ┣ 执行耗时：         74ms
      ┣ ━━━━━━━━━━━━━━━  Cookies ━━━━━━━━━━━━━━━
      ┣ 请求端：           
      ┣ 响应端：           
      ┣ ━━━━━━━━━━━━━━━  系统信息 ━━━━━━━━━━━━━━━
      ┣ 系统名称：         Microsoft Windows 10.0.19044
      ┣ 系统架构：         X64
      ┣ 基础框架：         Furion.Pure v4.8.8.41
      ┣ .NET 架构：        .NET 6.0.16
      ┣ ━━━━━━━━━━━━━━━  启动信息 ━━━━━━━━━━━━━━━
      ┣ 运行环境：         Production
      ┣ 启动程序集：       Admin.NET.Web.Entry
      ┣ 进程名称：         Admin.NET.Web.Entry
      ┣ 托管程序：         Kestrel
      ┣ ━━━━━━━━━━━━━━━  返回信息 ━━━━━━━━━━━━━━━
      ┣ HTTP响应状态码：   200
      ┣ 原始类型：         Admin.NET.Core.JuAI.AppUpgrade
      ┣ 最终类型：         Admin.NET.Core.AdminResult<System.Object>
      ┣ 最终返回值：       {"code":200,"type":"success","message":"","result":{"version":"2.12.3","desc":"修复聊天不显示","isForceUpdate":true,"isClearCache":true,"createOrgId":null,"createTime":"2023-08-08T22:29:38","updateTime":"2023-08-08T22:14:27","createUserId":null,"updateUserId":null,"isDelete":false,"id":"3334"},"extras":null,"time":"2023-08-28T21:41:38.8675149+08:00"}
      ┗━━━━━━━━━━━  Logging Monitor ━━━━━━━━━━━
info: 2023-08-28 21:41:39.0859859 +08:00 星期一 L System.Logging.LoggingMonitor[0] #62
      [System.Private.CoreLib.dll] void System.Runtime.CompilerServices.AsyncTaskMethodBuilder<TResult>+AsyncStateMachineBox<TStateMachine>.MoveNext(Thread threadPoolThread)
      ┏━━━━━━━━━━━  Logging Monitor ━━━━━━━━━━━
      ┣ Admin.NET.Core.JuAI.Service.ArticleService.GetRecommend
      ┣ 
      ┣ 控制器名称：       ArticleService
      ┣ 操作名称：         GetRecommend
      ┣ 显示名称：         
      ┣ 路由信息：         [area]: ; [controller]: article; [action]: recommend
      ┣ 请求方式：         GET
      ┣ 请求地址：         http://localhost:5005/api/article/recommend
      ┣ 来源地址：         http://localhost:19991/
      ┣ 请求端源：         client
      ┣ 浏览器标识：       Mozilla/5.0 (Windows NT 10.0; Win64; x64) AppleWebKit/537.36 (KHTML, like Gecko) Chrome/116.0.0.0 Safari/537.36
      ┣ 客户端区域语言：   zh-CN,zh;q=0.9
      ┣ 客户端 IP 地址：   0.0.0.1
      ┣ 服务端 IP 地址：   0.0.0.1
      ┣ 客户端连接 ID：    00-8910746167e89292dca64b702e931d87-a034d02928bde009-00
      ┣ 服务线程 ID：      #41
      ┣ 执行耗时：         286ms
      ┣ ━━━━━━━━━━━━━━━  Cookies ━━━━━━━━━━━━━━━
      ┣ 请求端：           
      ┣ 响应端：           
      ┣ ━━━━━━━━━━━━━━━  系统信息 ━━━━━━━━━━━━━━━
      ┣ 系统名称：         Microsoft Windows 10.0.19044
      ┣ 系统架构：         X64
      ┣ 基础框架：         Furion.Pure v4.8.8.41
      ┣ .NET 架构：        .NET 6.0.16
      ┣ ━━━━━━━━━━━━━━━  启动信息 ━━━━━━━━━━━━━━━
      ┣ 运行环境：         Production
      ┣ 启动程序集：       Admin.NET.Web.Entry
      ┣ 进程名称：         Admin.NET.Web.Entry
      ┣ 托管程序：         Kestrel
      ┣ ━━━━━━━━━━━━━━━  返回信息 ━━━━━━━━━━━━━━━
      ┣ HTTP响应状态码：   200
      ┣ 原始类型：         System.Threading.Tasks.Task<System.Collections.Generic.List<Admin.NET.Core.JuAI.Service.ArticleSiderOutput>>
      ┣ 最终类型：         Admin.NET.Core.AdminResult<System.Object>
      ┣ 最终返回值：       {"code":200,"type":"success","message":"","result":[{"id":"14215981060677","title":"测试一个样式试试。。哈哈"},{"id":"14194109678917","title":"测试第一个抓烂拉了进来"},{"id":"14127539556677","title":"两个图片测试呢。"},{"id":"14127533953093","title":"设置一下图片和视频试一试呢。。哈哈"},{"id":"14127509730629","title":"一个视频和两个图片"},{"id":"14127478756933","title":"考了几分离开的分析来看都分割"},{"id":"14127257110597","title":"测试一个视频和图片功能看好不好呀"},{"id":"14084316607813","title":"111111111111111"},{"id":"14084262750277","title":"wangEditor 粘贴从 word 复制的带图片内容的最"},{
      ┗━━━━━━━━━━━  Logging Monitor ━━━━━━━━━━━
info: 2023-08-28 21:41:41.5044067 +08:00 星期一 L System.Logging.LoggingMonitor[0] #43
      [System.Private.CoreLib.dll] void System.Runtime.CompilerServices.AsyncMethodBuilderCore.Start<TStateMachine>(ref TStateMachine stateMachine)
      ┏━━━━━━━━━━━  Logging Monitor ━━━━━━━━━━━
      ┣ Admin.NET.Core.JuAI.Service.UpgradeService.GetNewst
      ┣ 
      ┣ 控制器名称：       UpgradeService
      ┣ 操作名称：         GetNewst
      ┣ 显示名称：         
      ┣ 路由信息：         [area]: ; [controller]: upgrade; [action]: newst
      ┣ 请求方式：         GET
      ┣ 请求地址：         http://localhost:5005/api/upgrade/newst
      ┣ 来源地址：         http://localhost:19991/
      ┣ 请求端源：         client
      ┣ 浏览器标识：       Mozilla/5.0 (Windows NT 10.0; Win64; x64) AppleWebKit/537.36 (KHTML, like Gecko) Chrome/116.0.0.0 Safari/537.36
      ┣ 客户端区域语言：   zh-CN,zh;q=0.9
      ┣ 客户端 IP 地址：   0.0.0.1
      ┣ 服务端 IP 地址：   0.0.0.1
      ┣ 客户端连接 ID：    00-68fcd45f6d30b1a53181ea9b83d4af99-2537a2c2cdfaf80d-00
      ┣ 服务线程 ID：      #43
      ┣ 执行耗时：         62ms
      ┣ ━━━━━━━━━━━━━━━  Cookies ━━━━━━━━━━━━━━━
      ┣ 请求端：           
      ┣ 响应端：           
      ┣ ━━━━━━━━━━━━━━━  系统信息 ━━━━━━━━━━━━━━━
      ┣ 系统名称：         Microsoft Windows 10.0.19044
      ┣ 系统架构：         X64
      ┣ 基础框架：         Furion.Pure v4.8.8.41
      ┣ .NET 架构：        .NET 6.0.16
      ┣ ━━━━━━━━━━━━━━━  启动信息 ━━━━━━━━━━━━━━━
      ┣ 运行环境：         Production
      ┣ 启动程序集：       Admin.NET.Web.Entry
      ┣ 进程名称：         Admin.NET.Web.Entry
      ┣ 托管程序：         Kestrel
      ┣ ━━━━━━━━━━━━━━━  返回信息 ━━━━━━━━━━━━━━━
      ┣ HTTP响应状态码：   200
      ┣ 原始类型：         Admin.NET.Core.JuAI.AppUpgrade
      ┣ 最终类型：         Admin.NET.Core.AdminResult<System.Object>
      ┣ 最终返回值：       {"code":200,"type":"success","message":"","result":{"version":"2.12.3","desc":"修复聊天不显示","isForceUpdate":true,"isClearCache":true,"createOrgId":null,"createTime":"2023-08-08T22:29:38","updateTime":"2023-08-08T22:14:27","createUserId":null,"updateUserId":null,"isDelete":false,"id":"3334"},"extras":null,"time":"2023-08-28T21:41:41.5020332+08:00"}
      ┗━━━━━━━━━━━  Logging Monitor ━━━━━━━━━━━
info: 2023-08-28 21:41:41.5154494 +08:00 星期一 L System.Logging.LoggingMonitor[0] #28
      [System.Private.CoreLib.dll] void System.Runtime.CompilerServices.AsyncMethodBuilderCore.Start<TStateMachine>(ref TStateMachine stateMachine)
      ┏━━━━━━━━━━━  Logging Monitor ━━━━━━━━━━━
      ┣ Admin.NET.Core.JuAI.Service.UserService.GetActiveUsers
      ┣ 
      ┣ 控制器名称：       UserService
      ┣ 操作名称：         GetActiveUsers
      ┣ 显示名称：         活跃用户
      ┣ 路由信息：         [area]: ; [controller]: user; [action]: activeUsers
      ┣ 请求方式：         GET
      ┣ 请求地址：         http://localhost:5005/api/User/ActiveUsers
      ┣ 来源地址：         http://localhost:19991/
      ┣ 请求端源：         client
      ┣ 浏览器标识：       Mozilla/5.0 (Windows NT 10.0; Win64; x64) AppleWebKit/537.36 (KHTML, like Gecko) Chrome/116.0.0.0 Safari/537.36
      ┣ 客户端区域语言：   zh-CN,zh;q=0.9
      ┣ 客户端 IP 地址：   0.0.0.1
      ┣ 服务端 IP 地址：   0.0.0.1
      ┣ 客户端连接 ID：    00-3c1ec9cb5887229ccffe60ca22ca402e-a3171437912ad017-00
      ┣ 服务线程 ID：      #28
      ┣ 执行耗时：         74ms
      ┣ ━━━━━━━━━━━━━━━  Cookies ━━━━━━━━━━━━━━━
      ┣ 请求端：           
      ┣ 响应端：           
      ┣ ━━━━━━━━━━━━━━━  系统信息 ━━━━━━━━━━━━━━━
      ┣ 系统名称：         Microsoft Windows 10.0.19044
      ┣ 系统架构：         X64
      ┣ 基础框架：         Furion.Pure v4.8.8.41
      ┣ .NET 架构：        .NET 6.0.16
      ┣ ━━━━━━━━━━━━━━━  启动信息 ━━━━━━━━━━━━━━━
      ┣ 运行环境：         Production
      ┣ 启动程序集：       Admin.NET.Web.Entry
      ┣ 进程名称：         Admin.NET.Web.Entry
      ┣ 托管程序：         Kestrel
      ┣ ━━━━━━━━━━━━━━━  返回信息 ━━━━━━━━━━━━━━━
      ┣ HTTP响应状态码：   200
      ┣ 原始类型：         System.Collections.Generic.IList<Admin.NET.Core.JuAI.Service.UserInfoOutput>
      ┣ 最终类型：         Admin.NET.Core.AdminResult<System.Object>
      ┣ 最终返回值：       {"code":200,"type":"success","message":"","result":[{"nickName":"聚AI_6045","avatar":"Upload/Avatar/14194583407941.jpg","id":"14005826358213"},{"nickName":"聚AI_6045","avatar":null,"id":"14005810391877"},{"nickName":"聚AI_6045","avatar":null,"id":"13727127390021"},{"nickName":"聚AI_6047","avatar":null,"id":"13763405483077"},{"nickName":"聚AI_6046","avatar":null,"id":"13763350061253"}],"extras":null,"time":"2023-08-28T21:41:41.5109608+08:00"}
      ┗━━━━━━━━━━━  Logging Monitor ━━━━━━━━━━━
info: 2023-08-28 21:41:41.5003135 +08:00 星期一 L System.Logging.LoggingMonitor[0] #63
      [System.Private.CoreLib.dll] void System.Runtime.CompilerServices.AsyncTaskMethodBuilder<TResult>+AsyncStateMachineBox<TStateMachine>.MoveNext(Thread threadPoolThread)
      ┏━━━━━━━━━━━  Logging Monitor ━━━━━━━━━━━
      ┣ Admin.NET.Core.JuAI.Service.SpecialService.GetNewest
      ┣ 
      ┣ 控制器名称：                SpecialService
      ┣ 操作名称：                  GetNewest
      ┣ 显示名称：                  
      ┣ 路由信息：                  [area]: ; [controller]: special; [action]: newest
      ┣ 请求方式：                  GET
      ┣ 请求地址：                  http://localhost:5005/api/special/newest?minId=
      ┣ 来源地址：                  http://localhost:19991/
      ┣ 请求端源：                  client
      ┣ 浏览器标识：                Mozilla/5.0 (Windows NT 10.0; Win64; x64) AppleWebKit/537.36 (KHTML, like Gecko) Chrome/116.0.0.0 Safari/537.36
      ┣ 客户端区域语言：            zh-CN,zh;q=0.9
      ┣ 客户端 IP 地址：            0.0.0.1
      ┣ 服务端 IP 地址：            0.0.0.1
      ┣ 客户端连接 ID：             00-21aee97f6b274ce10f246b2f70f5fb03-7b0b7b4e88a42e92-00
      ┣ 服务线程 ID：               #60
      ┣ 执行耗时：                  58ms
      ┣ ━━━━━━━━━━━━━━━  Cookies ━━━━━━━━━━━━━━━
      ┣ 请求端：                    
      ┣ 响应端：                    
      ┣ ━━━━━━━━━━━━━━━  系统信息 ━━━━━━━━━━━━━━━
      ┣ 系统名称：                  Microsoft Windows 10.0.19044
      ┣ 系统架构：                  X64
      ┣ 基础框架：                  Furion.Pure v4.8.8.41
      ┣ .NET 架构：                 .NET 6.0.16
      ┣ ━━━━━━━━━━━━━━━  启动信息 ━━━━━━━━━━━━━━━
      ┣ 运行环境：                  Production
      ┣ 启动程序集：                Admin.NET.Web.Entry
      ┣ 进程名称：                  Admin.NET.Web.Entry
      ┣ 托管程序：                  Kestrel
      ┣ ━━━━━━━━━━━━━━━  参数列表 ━━━━━━━━━━━━━━━
      ┣ Content-Type：              
      ┣ 
      ┣ minId (Nullable`1)：        
      ┣ ━━━━━━━━━━━━━━━  返回信息 ━━━━━━━━━━━━━━━
      ┣ HTTP响应状态码：            200
      ┣ 原始类型：                  System.Threading.Tasks.Task<System.Collections.Generic.IList<Admin.NET.Core.JuAI.Service.SpecialOutput>>
      ┣ 最终类型：                  Admin.NET.Core.AdminResult<System.Object>
      ┣ 最终返回值：                {"code":200,"type":"success","message":"","result":[{"id":"141254407701223","title":"抓烂22223","text":"就螺丝扣搭街坊立刻就333333","cover":"http://filetest.guxin.link/Special/2023/08/14125440695621.jpg","coverFile":null},{"id":"141242588270232","title":"第一个抓烂","text":"就开始大家和弗兰克沙龙的开发建设离开的顺德府顺德府手动","cover":"http://filetest.guxin.link/Special/2023/08/14124258623685.jpg","coverFile":null},{"id":"141242586827023","title":"第一个抓烂","text":"就开始大家和弗兰克沙龙的开发建设离开的顺德府顺德府手动","cover":"http://filetest.guxin.link/Special/20
      ┗━━━━━━━━━━━  Logging Monitor ━━━━━━━━━━━
info: 2023-08-28 21:41:41.5134229 +08:00 星期一 L System.Logging.LoggingMonitor[0] #62
      [System.Private.CoreLib.dll] void System.Runtime.CompilerServices.AsyncTaskMethodBuilder<TResult>+AsyncStateMachineBox<TStateMachine>.MoveNext(Thread threadPoolThread)
      ┏━━━━━━━━━━━  Logging Monitor ━━━━━━━━━━━
      ┣ Admin.NET.Core.JuAI.Service.UserTokenService.GetIsQianDaoToday
      ┣ 
      ┣ 控制器名称：                   UserTokenService
      ┣ 操作名称：                     GetIsQianDaoToday
      ┣ 显示名称：                     
      ┣ 路由信息：                     [area]: ; [controller]: userToken; [action]: isQianDaoToday
      ┣ 请求方式：                     GET
      ┣ 请求地址：                     http://localhost:5005/api/userToken/isQianDaoToday
      ┣ 来源地址：                     http://localhost:19991/
      ┣ 请求端源：                     client
      ┣ 浏览器标识：                   Mozilla/5.0 (Windows NT 10.0; Win64; x64) AppleWebKit/537.36 (KHTML, like Gecko) Chrome/116.0.0.0 Safari/537.36
      ┣ 客户端区域语言：               zh-CN,zh;q=0.9
      ┣ 客户端 IP 地址：               0.0.0.1
      ┣ 服务端 IP 地址：               0.0.0.1
      ┣ 客户端连接 ID：                00-2c42124d648dabc25f09e9187ab851fd-506178c8319012e6-00
      ┣ 服务线程 ID：                  #46
      ┣ 执行耗时：                     60ms
      ┣ ━━━━━━━━━━━━━━━  Cookies ━━━━━━━━━━━━━━━
      ┣ 请求端：                       
      ┣ 响应端：                       
      ┣ ━━━━━━━━━━━━━━━  系统信息 ━━━━━━━━━━━━━━━
      ┣ 系统名称：                     Microsoft Windows 10.0.19044
      ┣ 系统架构：                     X64
      ┣ 基础框架：                     Furion.Pure v4.8.8.41
      ┣ .NET 架构：                    .NET 6.0.16
      ┣ ━━━━━━━━━━━━━━━  启动信息 ━━━━━━━━━━━━━━━
      ┣ 运行环境：                     Production
      ┣ 启动程序集：                   Admin.NET.Web.Entry
      ┣ 进程名称：                     Admin.NET.Web.Entry
      ┣ 托管程序：                     Kestrel
      ┣ ━━━━━━━━━━━━━━━  授权信息 ━━━━━━━━━━━━━━━
      ┣ JWT Token：                    Bearer eyJhbGciOiJIUzI1NiIsInR5cCI6IkpXVCJ9.eyJVc2VySWQiOjE0MDA1ODI2MzU4MjEzLCJUZW5hbnRJZCI6MTMwMDAwMDAwMDAwMSwiQWNjb3VudCI6IjE4NjAwNzY2MDQ1IiwiTmlja05hbWUiOiLogZpBSV82MDQ1IiwiQWNjb3VudFR5cGUiOjAsImlhdCI6MTY5MzAzNzg0NiwibmJmIjoxNjkzMDM3ODQ2LCJleHAiOjE2OTM2NDI2NDYsImlzcyI6IkFkbWluLk5FVCIsImF1ZCI6IkFkbWluLk5FVCJ9.Pt3OMLor8iLzYQfEoREoKU3AxA0Ja7UX_Q2sCCdnGEw
      ┣ 
      ┣ UserId (integer64)：           14005826358213
      ┣ TenantId (integer64)：         1300000000001
      ┣ Account (string)：             18600766045
      ┣ NickName (string)：            聚AI_6045
      ┣ AccountType (integer)：        0
      ┣ iat (integer)：                1693037846 (2023-08-26 16:17:26:0000(+08:00) 星期六 L)
      ┣ nbf (integer)：                1693037846 (2023-08-26 16:17:26:0000(+08:00) 星期六 L)
      ┣ exp (integer)：                1693642646 (2023-09-02 16:17:26:0000(+08:00) 星期六 L)
      ┣ iss (string)：                 Admin.NET
      ┣ aud (string)：                 Admin.NET
      ┣ ━━━━━━━━━━━━━━━  返回信息 ━━━━━━━━━━━━━━━
      ┣ HTTP响应状态码：               200
      ┣ 原始类型：                     System.Threading.Tasks.Task<System.Boolean>
      ┣ 最终类型：                     Admin.NET.Core.AdminResult<System.Object>
      ┣ 最终返回值：                   {"code":200,"type":"success","message":"","result":false,"extras":null,"time":"2023-08-28T21:41:41.5101553+08:00"}
      ┗━━━━━━━━━━━  Logging Monitor ━━━━━━━━━━━
info: 2023-08-28 21:41:41.7604049 +08:00 星期一 L System.Logging.LoggingMonitor[0] #62
      [System.Private.CoreLib.dll] void System.Runtime.CompilerServices.AsyncTaskMethodBuilder<TResult>+AsyncStateMachineBox<TStateMachine>.MoveNext(Thread threadPoolThread)
      ┏━━━━━━━━━━━  Logging Monitor ━━━━━━━━━━━
      ┣ Admin.NET.Core.JuAI.Service.ArticleService.GetRecommend
      ┣ 
      ┣ 控制器名称：       ArticleService
      ┣ 操作名称：         GetRecommend
      ┣ 显示名称：         
      ┣ 路由信息：         [area]: ; [controller]: article; [action]: recommend
      ┣ 请求方式：         GET
      ┣ 请求地址：         http://localhost:5005/api/article/recommend
      ┣ 来源地址：         http://localhost:19991/
      ┣ 请求端源：         client
      ┣ 浏览器标识：       Mozilla/5.0 (Windows NT 10.0; Win64; x64) AppleWebKit/537.36 (KHTML, like Gecko) Chrome/116.0.0.0 Safari/537.36
      ┣ 客户端区域语言：   zh-CN,zh;q=0.9
      ┣ 客户端 IP 地址：   0.0.0.1
      ┣ 服务端 IP 地址：   0.0.0.1
      ┣ 客户端连接 ID：    00-720b6ff669923a2a6c6983a0a47cee9c-52bbdfb96c64b0ee-00
      ┣ 服务线程 ID：      #37
      ┣ 执行耗时：         320ms
      ┣ ━━━━━━━━━━━━━━━  Cookies ━━━━━━━━━━━━━━━
      ┣ 请求端：           
      ┣ 响应端：           
      ┣ ━━━━━━━━━━━━━━━  系统信息 ━━━━━━━━━━━━━━━
      ┣ 系统名称：         Microsoft Windows 10.0.19044
      ┣ 系统架构：         X64
      ┣ 基础框架：         Furion.Pure v4.8.8.41
      ┣ .NET 架构：        .NET 6.0.16
      ┣ ━━━━━━━━━━━━━━━  启动信息 ━━━━━━━━━━━━━━━
      ┣ 运行环境：         Production
      ┣ 启动程序集：       Admin.NET.Web.Entry
      ┣ 进程名称：         Admin.NET.Web.Entry
      ┣ 托管程序：         Kestrel
      ┣ ━━━━━━━━━━━━━━━  返回信息 ━━━━━━━━━━━━━━━
      ┣ HTTP响应状态码：   200
      ┣ 原始类型：         System.Threading.Tasks.Task<System.Collections.Generic.List<Admin.NET.Core.JuAI.Service.ArticleSiderOutput>>
      ┣ 最终类型：         Admin.NET.Core.AdminResult<System.Object>
      ┣ 最终返回值：       {"code":200,"type":"success","message":"","result":[{"id":"14215981060677","title":"测试一个样式试试。。哈哈"},{"id":"14194109678917","title":"测试第一个抓烂拉了进来"},{"id":"14127539556677","title":"两个图片测试呢。"},{"id":"14127533953093","title":"设置一下图片和视频试一试呢。。哈哈"},{"id":"14127509730629","title":"一个视频和两个图片"},{"id":"14127478756933","title":"考了几分离开的分析来看都分割"},{"id":"14127257110597","title":"测试一个视频和图片功能看好不好呀"},{"id":"14084316607813","title":"111111111111111"},{"id":"14084262750277","title":"wangEditor 粘贴从 word 复制的带图片内容的最"},{
      ┗━━━━━━━━━━━  Logging Monitor ━━━━━━━━━━━
info: 2023-08-28 21:41:41.7850152 +08:00 星期一 L System.Logging.LoggingMonitor[0] #63
      [System.Private.CoreLib.dll] void System.Runtime.CompilerServices.AsyncTaskMethodBuilder<TResult>+AsyncStateMachineBox<TStateMachine>.MoveNext(Thread threadPoolThread)
      ┏━━━━━━━━━━━  Logging Monitor ━━━━━━━━━━━
      ┣ Admin.NET.Core.JuAI.Service.ArticleService.GetNewest
      ┣ 
      ┣ 控制器名称：                ArticleService
      ┣ 操作名称：                  GetNewest
      ┣ 显示名称：                  
      ┣ 路由信息：                  [area]: ; [controller]: article; [action]: newest
      ┣ 请求方式：                  GET
      ┣ 请求地址：                  http://localhost:5005/api/article/newest?minId=
      ┣ 来源地址：                  http://localhost:19991/
      ┣ 请求端源：                  client
      ┣ 浏览器标识：                Mozilla/5.0 (Windows NT 10.0; Win64; x64) AppleWebKit/537.36 (KHTML, like Gecko) Chrome/116.0.0.0 Safari/537.36
      ┣ 客户端区域语言：            zh-CN,zh;q=0.9
      ┣ 客户端 IP 地址：            0.0.0.1
      ┣ 服务端 IP 地址：            0.0.0.1
      ┣ 客户端连接 ID：             00-ab55d1f9786d71818d5406c5e7e4338f-13ba9e69813be95a-00
      ┣ 服务线程 ID：               #23
      ┣ 执行耗时：                  344ms
      ┣ ━━━━━━━━━━━━━━━  Cookies ━━━━━━━━━━━━━━━
      ┣ 请求端：                    
      ┣ 响应端：                    
      ┣ ━━━━━━━━━━━━━━━  系统信息 ━━━━━━━━━━━━━━━
      ┣ 系统名称：                  Microsoft Windows 10.0.19044
      ┣ 系统架构：                  X64
      ┣ 基础框架：                  Furion.Pure v4.8.8.41
      ┣ .NET 架构：                 .NET 6.0.16
      ┣ ━━━━━━━━━━━━━━━  启动信息 ━━━━━━━━━━━━━━━
      ┣ 运行环境：                  Production
      ┣ 启动程序集：                Admin.NET.Web.Entry
      ┣ 进程名称：                  Admin.NET.Web.Entry
      ┣ 托管程序：                  Kestrel
      ┣ ━━━━━━━━━━━━━━━  参数列表 ━━━━━━━━━━━━━━━
      ┣ Content-Type：              
      ┣ 
      ┣ minId (Nullable`1)：        
      ┣ ━━━━━━━━━━━━━━━  返回信息 ━━━━━━━━━━━━━━━
      ┣ HTTP响应状态码：            200
      ┣ 原始类型：                  System.Threading.Tasks.Task<System.Collections.Generic.List<Admin.NET.Core.JuAI.Service.ArticleOutput>>
      ┣ 最终类型：                  Admin.NET.Core.AdminResult<System.Object>
      ┣ 最终返回值：                {"code":200,"type":"success","message":"","result":[{"id":"14215981060677","title":"测试一个样式试试。。哈哈","html":"<p>大量减少离开</p><blockquote>第三方顺德府阿斯顿</blockquote><hr/><p>时间快</p><pre><code class=\"language-csharp\">烦烦烦烦烦烦\r\n顺德府阿斯蒂芬\r\n哈哈哈数据库的\r\nhahhahhkjsd </code></pre><table style=\"width: auto;\"><tbody><tr><th colSpan=\"1\" rowSpan=\"1\" width=\"auto\"></th><th colSpan=\"1\" rowSpan=\"1\" width=\"auto\"></th><th colSpan=\"1\" rowSpan=\"1\" width=\"auto\"></th><th colSpan=\"1\" rowSpan=\"1\" width=\"a
      ┗━━━━━━━━━━━  Logging Monitor ━━━━━━━━━━━
info: 2023-08-28 21:41:57.5023205 +08:00 星期一 L System.Logging.LoggingMonitor[0] #28
      [System.Private.CoreLib.dll] void System.Runtime.CompilerServices.AsyncMethodBuilderCore.Start<TStateMachine>(ref TStateMachine stateMachine)
      ┏━━━━━━━━━━━  Logging Monitor ━━━━━━━━━━━
      ┣ Admin.NET.Core.JuAI.Service.UserService.GetActiveUsers
      ┣ 
      ┣ 控制器名称：       UserService
      ┣ 操作名称：         GetActiveUsers
      ┣ 显示名称：         活跃用户
      ┣ 路由信息：         [area]: ; [controller]: user; [action]: activeUsers
      ┣ 请求方式：         GET
      ┣ 请求地址：         http://localhost:5005/api/User/ActiveUsers
      ┣ 来源地址：         http://localhost:19991/
      ┣ 请求端源：         client
      ┣ 浏览器标识：       Mozilla/5.0 (Windows NT 10.0; Win64; x64) AppleWebKit/537.36 (KHTML, like Gecko) Chrome/116.0.0.0 Safari/537.36
      ┣ 客户端区域语言：   zh-CN,zh;q=0.9
      ┣ 客户端 IP 地址：   0.0.0.1
      ┣ 服务端 IP 地址：   0.0.0.1
      ┣ 客户端连接 ID：    00-c7617764743f1b86db2566d7cf2fc8ce-d191ab978eb35bc6-00
      ┣ 服务线程 ID：      #28
      ┣ 执行耗时：         60ms
      ┣ ━━━━━━━━━━━━━━━  Cookies ━━━━━━━━━━━━━━━
      ┣ 请求端：           
      ┣ 响应端：           
      ┣ ━━━━━━━━━━━━━━━  系统信息 ━━━━━━━━━━━━━━━
      ┣ 系统名称：         Microsoft Windows 10.0.19044
      ┣ 系统架构：         X64
      ┣ 基础框架：         Furion.Pure v4.8.8.41
      ┣ .NET 架构：        .NET 6.0.16
      ┣ ━━━━━━━━━━━━━━━  启动信息 ━━━━━━━━━━━━━━━
      ┣ 运行环境：         Production
      ┣ 启动程序集：       Admin.NET.Web.Entry
      ┣ 进程名称：         Admin.NET.Web.Entry
      ┣ 托管程序：         Kestrel
      ┣ ━━━━━━━━━━━━━━━  返回信息 ━━━━━━━━━━━━━━━
      ┣ HTTP响应状态码：   200
      ┣ 原始类型：         System.Collections.Generic.IList<Admin.NET.Core.JuAI.Service.UserInfoOutput>
      ┣ 最终类型：         Admin.NET.Core.AdminResult<System.Object>
      ┣ 最终返回值：       {"code":200,"type":"success","message":"","result":[{"nickName":"聚AI_6045","avatar":"Upload/Avatar/14194583407941.jpg","id":"14005826358213"},{"nickName":"聚AI_6045","avatar":null,"id":"14005810391877"},{"nickName":"聚AI_6045","avatar":null,"id":"13727127390021"},{"nickName":"聚AI_6047","avatar":null,"id":"13763405483077"},{"nickName":"聚AI_6046","avatar":null,"id":"13763350061253"}],"extras":null,"time":"2023-08-28T21:41:57.4984288+08:00"}
      ┗━━━━━━━━━━━  Logging Monitor ━━━━━━━━━━━
info: 2023-08-28 21:41:57.5403206 +08:00 星期一 L System.Logging.LoggingMonitor[0] #53
      [System.Private.CoreLib.dll] void System.Runtime.CompilerServices.AsyncMethodBuilderCore.Start<TStateMachine>(ref TStateMachine stateMachine)
      ┏━━━━━━━━━━━  Logging Monitor ━━━━━━━━━━━
      ┣ Admin.NET.Core.JuAI.Service.UpgradeService.GetNewst
      ┣ 
      ┣ 控制器名称：       UpgradeService
      ┣ 操作名称：         GetNewst
      ┣ 显示名称：         
      ┣ 路由信息：         [area]: ; [controller]: upgrade; [action]: newst
      ┣ 请求方式：         GET
      ┣ 请求地址：         http://localhost:5005/api/upgrade/newst
      ┣ 来源地址：         http://localhost:19991/
      ┣ 请求端源：         client
      ┣ 浏览器标识：       Mozilla/5.0 (Windows NT 10.0; Win64; x64) AppleWebKit/537.36 (KHTML, like Gecko) Chrome/116.0.0.0 Safari/537.36
      ┣ 客户端区域语言：   zh-CN,zh;q=0.9
      ┣ 客户端 IP 地址：   0.0.0.1
      ┣ 服务端 IP 地址：   0.0.0.1
      ┣ 客户端连接 ID：    00-bd6a94b3e61d4f6efdbde3a90fea9188-04f7c26a8a2d32f7-00
      ┣ 服务线程 ID：      #53
      ┣ 执行耗时：         99ms
      ┣ ━━━━━━━━━━━━━━━  Cookies ━━━━━━━━━━━━━━━
      ┣ 请求端：           
      ┣ 响应端：           
      ┣ ━━━━━━━━━━━━━━━  系统信息 ━━━━━━━━━━━━━━━
      ┣ 系统名称：         Microsoft Windows 10.0.19044
      ┣ 系统架构：         X64
      ┣ 基础框架：         Furion.Pure v4.8.8.41
      ┣ .NET 架构：        .NET 6.0.16
      ┣ ━━━━━━━━━━━━━━━  启动信息 ━━━━━━━━━━━━━━━
      ┣ 运行环境：         Production
      ┣ 启动程序集：       Admin.NET.Web.Entry
      ┣ 进程名称：         Admin.NET.Web.Entry
      ┣ 托管程序：         Kestrel
      ┣ ━━━━━━━━━━━━━━━  返回信息 ━━━━━━━━━━━━━━━
      ┣ HTTP响应状态码：   200
      ┣ 原始类型：         Admin.NET.Core.JuAI.AppUpgrade
      ┣ 最终类型：         Admin.NET.Core.AdminResult<System.Object>
      ┣ 最终返回值：       {"code":200,"type":"success","message":"","result":{"version":"2.12.3","desc":"修复聊天不显示","isForceUpdate":true,"isClearCache":true,"createOrgId":null,"createTime":"2023-08-08T22:29:38","updateTime":"2023-08-08T22:14:27","createUserId":null,"updateUserId":null,"isDelete":false,"id":"3334"},"extras":null,"time":"2023-08-28T21:41:57.5374346+08:00"}
      ┗━━━━━━━━━━━  Logging Monitor ━━━━━━━━━━━
info: 2023-08-28 21:41:57.5238556 +08:00 星期一 L System.Logging.LoggingMonitor[0] #62
      [System.Private.CoreLib.dll] void System.Runtime.CompilerServices.AsyncTaskMethodBuilder<TResult>+AsyncStateMachineBox<TStateMachine>.MoveNext(Thread threadPoolThread)
      ┏━━━━━━━━━━━  Logging Monitor ━━━━━━━━━━━
      ┣ Admin.NET.Core.JuAI.Service.UserTokenService.GetIsQianDaoToday
      ┣ 
      ┣ 控制器名称：                   UserTokenService
      ┣ 操作名称：                     GetIsQianDaoToday
      ┣ 显示名称：                     
      ┣ 路由信息：                     [area]: ; [controller]: userToken; [action]: isQianDaoToday
      ┣ 请求方式：                     GET
      ┣ 请求地址：                     http://localhost:5005/api/userToken/isQianDaoToday
      ┣ 来源地址：                     http://localhost:19991/
      ┣ 请求端源：                     client
      ┣ 浏览器标识：                   Mozilla/5.0 (Windows NT 10.0; Win64; x64) AppleWebKit/537.36 (KHTML, like Gecko) Chrome/116.0.0.0 Safari/537.36
      ┣ 客户端区域语言：               zh-CN,zh;q=0.9
      ┣ 客户端 IP 地址：               0.0.0.1
      ┣ 服务端 IP 地址：               0.0.0.1
      ┣ 客户端连接 ID：                00-05c7c840f3097e158c9d553a271f610e-0a94322e79132e0d-00
      ┣ 服务线程 ID：                  #50
      ┣ 执行耗时：                     69ms
      ┣ ━━━━━━━━━━━━━━━  Cookies ━━━━━━━━━━━━━━━
      ┣ 请求端：                       
      ┣ 响应端：                       
      ┣ ━━━━━━━━━━━━━━━  系统信息 ━━━━━━━━━━━━━━━
      ┣ 系统名称：                     Microsoft Windows 10.0.19044
      ┣ 系统架构：                     X64
      ┣ 基础框架：                     Furion.Pure v4.8.8.41
      ┣ .NET 架构：                    .NET 6.0.16
      ┣ ━━━━━━━━━━━━━━━  启动信息 ━━━━━━━━━━━━━━━
      ┣ 运行环境：                     Production
      ┣ 启动程序集：                   Admin.NET.Web.Entry
      ┣ 进程名称：                     Admin.NET.Web.Entry
      ┣ 托管程序：                     Kestrel
      ┣ ━━━━━━━━━━━━━━━  授权信息 ━━━━━━━━━━━━━━━
      ┣ JWT Token：                    Bearer eyJhbGciOiJIUzI1NiIsInR5cCI6IkpXVCJ9.eyJVc2VySWQiOjE0MDA1ODI2MzU4MjEzLCJUZW5hbnRJZCI6MTMwMDAwMDAwMDAwMSwiQWNjb3VudCI6IjE4NjAwNzY2MDQ1IiwiTmlja05hbWUiOiLogZpBSV82MDQ1IiwiQWNjb3VudFR5cGUiOjAsImlhdCI6MTY5MzAzNzg0NiwibmJmIjoxNjkzMDM3ODQ2LCJleHAiOjE2OTM2NDI2NDYsImlzcyI6IkFkbWluLk5FVCIsImF1ZCI6IkFkbWluLk5FVCJ9.Pt3OMLor8iLzYQfEoREoKU3AxA0Ja7UX_Q2sCCdnGEw
      ┣ 
      ┣ UserId (integer64)：           14005826358213
      ┣ TenantId (integer64)：         1300000000001
      ┣ Account (string)：             18600766045
      ┣ NickName (string)：            聚AI_6045
      ┣ AccountType (integer)：        0
      ┣ iat (integer)：                1693037846 (2023-08-26 16:17:26:0000(+08:00) 星期六 L)
      ┣ nbf (integer)：                1693037846 (2023-08-26 16:17:26:0000(+08:00) 星期六 L)
      ┣ exp (integer)：                1693642646 (2023-09-02 16:17:26:0000(+08:00) 星期六 L)
      ┣ iss (string)：                 Admin.NET
      ┣ aud (string)：                 Admin.NET
      ┣ ━━━━━━━━━━━━━━━  返回信息 ━━━━━━━━━━━━━━━
      ┣ HTTP响应状态码：               200
      ┣ 原始类型：                     System.Threading.Tasks.Task<System.Boolean>
      ┣ 最终类型：                     Admin.NET.Core.AdminResult<System.Object>
      ┣ 最终返回值：                   {"code":200,"type":"success","message":"","result":false,"extras":null,"time":"2023-08-28T21:41:57.5216358+08:00"}
      ┗━━━━━━━━━━━  Logging Monitor ━━━━━━━━━━━
info: 2023-08-28 21:41:57.5298205 +08:00 星期一 L System.Logging.LoggingMonitor[0] #3
      [System.Private.CoreLib.dll] void System.Runtime.CompilerServices.AsyncTaskMethodBuilder<TResult>+AsyncStateMachineBox<TStateMachine>.MoveNext(Thread threadPoolThread)
      ┏━━━━━━━━━━━  Logging Monitor ━━━━━━━━━━━
      ┣ Admin.NET.Core.JuAI.Service.SpecialService.GetNewest
      ┣ 
      ┣ 控制器名称：                SpecialService
      ┣ 操作名称：                  GetNewest
      ┣ 显示名称：                  
      ┣ 路由信息：                  [area]: ; [controller]: special; [action]: newest
      ┣ 请求方式：                  GET
      ┣ 请求地址：                  http://localhost:5005/api/special/newest?minId=
      ┣ 来源地址：                  http://localhost:19991/
      ┣ 请求端源：                  client
      ┣ 浏览器标识：                Mozilla/5.0 (Windows NT 10.0; Win64; x64) AppleWebKit/537.36 (KHTML, like Gecko) Chrome/116.0.0.0 Safari/537.36
      ┣ 客户端区域语言：            zh-CN,zh;q=0.9
      ┣ 客户端 IP 地址：            0.0.0.1
      ┣ 服务端 IP 地址：            0.0.0.1
      ┣ 客户端连接 ID：             00-c1e741083057e5c4879b6a5958224f88-a3b5441d9830ca67-00
      ┣ 服务线程 ID：               #43
      ┣ 执行耗时：                  87ms
      ┣ ━━━━━━━━━━━━━━━  Cookies ━━━━━━━━━━━━━━━
      ┣ 请求端：                    
      ┣ 响应端：                    
      ┣ ━━━━━━━━━━━━━━━  系统信息 ━━━━━━━━━━━━━━━
      ┣ 系统名称：                  Microsoft Windows 10.0.19044
      ┣ 系统架构：                  X64
      ┣ 基础框架：                  Furion.Pure v4.8.8.41
      ┣ .NET 架构：                 .NET 6.0.16
      ┣ ━━━━━━━━━━━━━━━  启动信息 ━━━━━━━━━━━━━━━
      ┣ 运行环境：                  Production
      ┣ 启动程序集：                Admin.NET.Web.Entry
      ┣ 进程名称：                  Admin.NET.Web.Entry
      ┣ 托管程序：                  Kestrel
      ┣ ━━━━━━━━━━━━━━━  参数列表 ━━━━━━━━━━━━━━━
      ┣ Content-Type：              
      ┣ 
      ┣ minId (Nullable`1)：        
      ┣ ━━━━━━━━━━━━━━━  返回信息 ━━━━━━━━━━━━━━━
      ┣ HTTP响应状态码：            200
      ┣ 原始类型：                  System.Threading.Tasks.Task<System.Collections.Generic.IList<Admin.NET.Core.JuAI.Service.SpecialOutput>>
      ┣ 最终类型：                  Admin.NET.Core.AdminResult<System.Object>
      ┣ 最终返回值：                {"code":200,"type":"success","message":"","result":[{"id":"141254407701223","title":"抓烂22223","text":"就螺丝扣搭街坊立刻就333333","cover":"http://filetest.guxin.link/Special/2023/08/14125440695621.jpg","coverFile":null},{"id":"141242588270232","title":"第一个抓烂","text":"就开始大家和弗兰克沙龙的开发建设离开的顺德府顺德府手动","cover":"http://filetest.guxin.link/Special/2023/08/14124258623685.jpg","coverFile":null},{"id":"141242586827023","title":"第一个抓烂","text":"就开始大家和弗兰克沙龙的开发建设离开的顺德府顺德府手动","cover":"http://filetest.guxin.link/Special/20
      ┗━━━━━━━━━━━  Logging Monitor ━━━━━━━━━━━
info: 2023-08-28 21:41:57.6604040 +08:00 星期一 L System.Logging.LoggingMonitor[0] #62
      [System.Private.CoreLib.dll] void System.Runtime.CompilerServices.AsyncTaskMethodBuilder<TResult>+AsyncStateMachineBox<TStateMachine>.MoveNext(Thread threadPoolThread)
      ┏━━━━━━━━━━━  Logging Monitor ━━━━━━━━━━━
      ┣ Admin.NET.Core.JuAI.Service.ArticleService.GetNewest
      ┣ 
      ┣ 控制器名称：                ArticleService
      ┣ 操作名称：                  GetNewest
      ┣ 显示名称：                  
      ┣ 路由信息：                  [area]: ; [controller]: article; [action]: newest
      ┣ 请求方式：                  GET
      ┣ 请求地址：                  http://localhost:5005/api/article/newest?minId=
      ┣ 来源地址：                  http://localhost:19991/
      ┣ 请求端源：                  client
      ┣ 浏览器标识：                Mozilla/5.0 (Windows NT 10.0; Win64; x64) AppleWebKit/537.36 (KHTML, like Gecko) Chrome/116.0.0.0 Safari/537.36
      ┣ 客户端区域语言：            zh-CN,zh;q=0.9
      ┣ 客户端 IP 地址：            0.0.0.1
      ┣ 服务端 IP 地址：            0.0.0.1
      ┣ 客户端连接 ID：             00-db342c4ff2b2df87f07f9ddfdbcd9aa2-b357c2f677503a3b-00
      ┣ 服务线程 ID：               #60
      ┣ 执行耗时：                  220ms
      ┣ ━━━━━━━━━━━━━━━  Cookies ━━━━━━━━━━━━━━━
      ┣ 请求端：                    
      ┣ 响应端：                    
      ┣ ━━━━━━━━━━━━━━━  系统信息 ━━━━━━━━━━━━━━━
      ┣ 系统名称：                  Microsoft Windows 10.0.19044
      ┣ 系统架构：                  X64
      ┣ 基础框架：                  Furion.Pure v4.8.8.41
      ┣ .NET 架构：                 .NET 6.0.16
      ┣ ━━━━━━━━━━━━━━━  启动信息 ━━━━━━━━━━━━━━━
      ┣ 运行环境：                  Production
      ┣ 启动程序集：                Admin.NET.Web.Entry
      ┣ 进程名称：                  Admin.NET.Web.Entry
      ┣ 托管程序：                  Kestrel
      ┣ ━━━━━━━━━━━━━━━  参数列表 ━━━━━━━━━━━━━━━
      ┣ Content-Type：              
      ┣ 
      ┣ minId (Nullable`1)：        
      ┣ ━━━━━━━━━━━━━━━  返回信息 ━━━━━━━━━━━━━━━
      ┣ HTTP响应状态码：            200
      ┣ 原始类型：                  System.Threading.Tasks.Task<System.Collections.Generic.List<Admin.NET.Core.JuAI.Service.ArticleOutput>>
      ┣ 最终类型：                  Admin.NET.Core.AdminResult<System.Object>
      ┣ 最终返回值：                {"code":200,"type":"success","message":"","result":[{"id":"14215981060677","title":"测试一个样式试试。。哈哈","html":"<p>大量减少离开</p><blockquote>第三方顺德府阿斯顿</blockquote><hr/><p>时间快</p><pre><code class=\"language-csharp\">烦烦烦烦烦烦\r\n顺德府阿斯蒂芬\r\n哈哈哈数据库的\r\nhahhahhkjsd </code></pre><table style=\"width: auto;\"><tbody><tr><th colSpan=\"1\" rowSpan=\"1\" width=\"auto\"></th><th colSpan=\"1\" rowSpan=\"1\" width=\"auto\"></th><th colSpan=\"1\" rowSpan=\"1\" width=\"auto\"></th><th colSpan=\"1\" rowSpan=\"1\" width=\"a
      ┗━━━━━━━━━━━  Logging Monitor ━━━━━━━━━━━
info: 2023-08-28 21:41:58.1911646 +08:00 星期一 L System.Logging.LoggingMonitor[0] #3
      [System.Private.CoreLib.dll] void System.Runtime.CompilerServices.AsyncTaskMethodBuilder<TResult>+AsyncStateMachineBox<TStateMachine>.MoveNext(Thread threadPoolThread)
      ┏━━━━━━━━━━━  Logging Monitor ━━━━━━━━━━━
      ┣ Admin.NET.Core.JuAI.Service.ArticleService.GetRecommend
      ┣ 
      ┣ 控制器名称：       ArticleService
      ┣ 操作名称：         GetRecommend
      ┣ 显示名称：         
      ┣ 路由信息：         [area]: ; [controller]: article; [action]: recommend
      ┣ 请求方式：         GET
      ┣ 请求地址：         http://localhost:5005/api/article/recommend
      ┣ 来源地址：         http://localhost:19991/
      ┣ 请求端源：         client
      ┣ 浏览器标识：       Mozilla/5.0 (Windows NT 10.0; Win64; x64) AppleWebKit/537.36 (KHTML, like Gecko) Chrome/116.0.0.0 Safari/537.36
      ┣ 客户端区域语言：   zh-CN,zh;q=0.9
      ┣ 客户端 IP 地址：   0.0.0.1
      ┣ 服务端 IP 地址：   0.0.0.1
      ┣ 客户端连接 ID：    00-fb82706848c46b83516488968e25a346-4d5bda73ac99e089-00
      ┣ 服务线程 ID：      #8
      ┣ 执行耗时：         747ms
      ┣ ━━━━━━━━━━━━━━━  Cookies ━━━━━━━━━━━━━━━
      ┣ 请求端：           
      ┣ 响应端：           
      ┣ ━━━━━━━━━━━━━━━  系统信息 ━━━━━━━━━━━━━━━
      ┣ 系统名称：         Microsoft Windows 10.0.19044
      ┣ 系统架构：         X64
      ┣ 基础框架：         Furion.Pure v4.8.8.41
      ┣ .NET 架构：        .NET 6.0.16
      ┣ ━━━━━━━━━━━━━━━  启动信息 ━━━━━━━━━━━━━━━
      ┣ 运行环境：         Production
      ┣ 启动程序集：       Admin.NET.Web.Entry
      ┣ 进程名称：         Admin.NET.Web.Entry
      ┣ 托管程序：         Kestrel
      ┣ ━━━━━━━━━━━━━━━  返回信息 ━━━━━━━━━━━━━━━
      ┣ HTTP响应状态码：   200
      ┣ 原始类型：         System.Threading.Tasks.Task<System.Collections.Generic.List<Admin.NET.Core.JuAI.Service.ArticleSiderOutput>>
      ┣ 最终类型：         Admin.NET.Core.AdminResult<System.Object>
      ┣ 最终返回值：       {"code":200,"type":"success","message":"","result":[{"id":"14215981060677","title":"测试一个样式试试。。哈哈"},{"id":"14194109678917","title":"测试第一个抓烂拉了进来"},{"id":"14127539556677","title":"两个图片测试呢。"},{"id":"14127533953093","title":"设置一下图片和视频试一试呢。。哈哈"},{"id":"14127509730629","title":"一个视频和两个图片"},{"id":"14127478756933","title":"考了几分离开的分析来看都分割"},{"id":"14127257110597","title":"测试一个视频和图片功能看好不好呀"},{"id":"14084316607813","title":"111111111111111"},{"id":"14084262750277","title":"wangEditor 粘贴从 word 复制的带图片内容的最"},{
      ┗━━━━━━━━━━━  Logging Monitor ━━━━━━━━━━━
info: 2023-08-28 21:42:11.7922249 +08:00 星期一 L System.Logging.LoggingMonitor[0] #48
      [System.Private.CoreLib.dll] void System.Runtime.CompilerServices.AsyncMethodBuilderCore.Start<TStateMachine>(ref TStateMachine stateMachine)
      ┏━━━━━━━━━━━  Logging Monitor ━━━━━━━━━━━
      ┣ Admin.NET.Core.JuAI.Service.UserService.GetActiveUsers
      ┣ 
      ┣ 控制器名称：       UserService
      ┣ 操作名称：         GetActiveUsers
      ┣ 显示名称：         活跃用户
      ┣ 路由信息：         [area]: ; [controller]: user; [action]: activeUsers
      ┣ 请求方式：         GET
      ┣ 请求地址：         http://localhost:5005/api/User/ActiveUsers
      ┣ 来源地址：         http://localhost:19991/
      ┣ 请求端源：         client
      ┣ 浏览器标识：       Mozilla/5.0 (Windows NT 10.0; Win64; x64) AppleWebKit/537.36 (KHTML, like Gecko) Chrome/116.0.0.0 Safari/537.36
      ┣ 客户端区域语言：   zh-CN,zh;q=0.9
      ┣ 客户端 IP 地址：   0.0.0.1
      ┣ 服务端 IP 地址：   0.0.0.1
      ┣ 客户端连接 ID：    00-7daac40b48a2a33bf477f2d98607e7c4-be28fc7a52199c7e-00
      ┣ 服务线程 ID：      #48
      ┣ 执行耗时：         60ms
      ┣ ━━━━━━━━━━━━━━━  Cookies ━━━━━━━━━━━━━━━
      ┣ 请求端：           
      ┣ 响应端：           
      ┣ ━━━━━━━━━━━━━━━  系统信息 ━━━━━━━━━━━━━━━
      ┣ 系统名称：         Microsoft Windows 10.0.19044
      ┣ 系统架构：         X64
      ┣ 基础框架：         Furion.Pure v4.8.8.41
      ┣ .NET 架构：        .NET 6.0.16
      ┣ ━━━━━━━━━━━━━━━  启动信息 ━━━━━━━━━━━━━━━
      ┣ 运行环境：         Production
      ┣ 启动程序集：       Admin.NET.Web.Entry
      ┣ 进程名称：         Admin.NET.Web.Entry
      ┣ 托管程序：         Kestrel
      ┣ ━━━━━━━━━━━━━━━  返回信息 ━━━━━━━━━━━━━━━
      ┣ HTTP响应状态码：   200
      ┣ 原始类型：         System.Collections.Generic.IList<Admin.NET.Core.JuAI.Service.UserInfoOutput>
      ┣ 最终类型：         Admin.NET.Core.AdminResult<System.Object>
      ┣ 最终返回值：       {"code":200,"type":"success","message":"","result":[{"nickName":"聚AI_6045","avatar":"Upload/Avatar/14194583407941.jpg","id":"14005826358213"},{"nickName":"聚AI_6045","avatar":null,"id":"14005810391877"},{"nickName":"聚AI_6045","avatar":null,"id":"13727127390021"},{"nickName":"聚AI_6047","avatar":null,"id":"13763405483077"},{"nickName":"聚AI_6046","avatar":null,"id":"13763350061253"}],"extras":null,"time":"2023-08-28T21:42:11.7893118+08:00"}
      ┗━━━━━━━━━━━  Logging Monitor ━━━━━━━━━━━
info: 2023-08-28 21:42:11.8094518 +08:00 星期一 L System.Logging.LoggingMonitor[0] #28
      [System.Private.CoreLib.dll] void System.Runtime.CompilerServices.AsyncMethodBuilderCore.Start<TStateMachine>(ref TStateMachine stateMachine)
      ┏━━━━━━━━━━━  Logging Monitor ━━━━━━━━━━━
      ┣ Admin.NET.Core.JuAI.Service.UpgradeService.GetNewst
      ┣ 
      ┣ 控制器名称：       UpgradeService
      ┣ 操作名称：         GetNewst
      ┣ 显示名称：         
      ┣ 路由信息：         [area]: ; [controller]: upgrade; [action]: newst
      ┣ 请求方式：         GET
      ┣ 请求地址：         http://localhost:5005/api/upgrade/newst
      ┣ 来源地址：         http://localhost:19991/
      ┣ 请求端源：         client
      ┣ 浏览器标识：       Mozilla/5.0 (Windows NT 10.0; Win64; x64) AppleWebKit/537.36 (KHTML, like Gecko) Chrome/116.0.0.0 Safari/537.36
      ┣ 客户端区域语言：   zh-CN,zh;q=0.9
      ┣ 客户端 IP 地址：   0.0.0.1
      ┣ 服务端 IP 地址：   0.0.0.1
      ┣ 客户端连接 ID：    00-59cde5076e3c50b62cde5baadcf0dbe5-2171009d72437fff-00
      ┣ 服务线程 ID：      #28
      ┣ 执行耗时：         73ms
      ┣ ━━━━━━━━━━━━━━━  Cookies ━━━━━━━━━━━━━━━
      ┣ 请求端：           
      ┣ 响应端：           
      ┣ ━━━━━━━━━━━━━━━  系统信息 ━━━━━━━━━━━━━━━
      ┣ 系统名称：         Microsoft Windows 10.0.19044
      ┣ 系统架构：         X64
      ┣ 基础框架：         Furion.Pure v4.8.8.41
      ┣ .NET 架构：        .NET 6.0.16
      ┣ ━━━━━━━━━━━━━━━  启动信息 ━━━━━━━━━━━━━━━
      ┣ 运行环境：         Production
      ┣ 启动程序集：       Admin.NET.Web.Entry
      ┣ 进程名称：         Admin.NET.Web.Entry
      ┣ 托管程序：         Kestrel
      ┣ ━━━━━━━━━━━━━━━  返回信息 ━━━━━━━━━━━━━━━
      ┣ HTTP响应状态码：   200
      ┣ 原始类型：         Admin.NET.Core.JuAI.AppUpgrade
      ┣ 最终类型：         Admin.NET.Core.AdminResult<System.Object>
      ┣ 最终返回值：       {"code":200,"type":"success","message":"","result":{"version":"2.12.3","desc":"修复聊天不显示","isForceUpdate":true,"isClearCache":true,"createOrgId":null,"createTime":"2023-08-08T22:29:38","updateTime":"2023-08-08T22:14:27","createUserId":null,"updateUserId":null,"isDelete":false,"id":"3334"},"extras":null,"time":"2023-08-28T21:42:11.8050226+08:00"}
      ┗━━━━━━━━━━━  Logging Monitor ━━━━━━━━━━━
info: 2023-08-28 21:42:11.7957528 +08:00 星期一 L System.Logging.LoggingMonitor[0] #3
      [System.Private.CoreLib.dll] void System.Runtime.CompilerServices.AsyncTaskMethodBuilder<TResult>+AsyncStateMachineBox<TStateMachine>.MoveNext(Thread threadPoolThread)
      ┏━━━━━━━━━━━  Logging Monitor ━━━━━━━━━━━
      ┣ Admin.NET.Core.JuAI.Service.SpecialService.GetNewest
      ┣ 
      ┣ 控制器名称：                SpecialService
      ┣ 操作名称：                  GetNewest
      ┣ 显示名称：                  
      ┣ 路由信息：                  [area]: ; [controller]: special; [action]: newest
      ┣ 请求方式：                  GET
      ┣ 请求地址：                  http://localhost:5005/api/special/newest?minId=
      ┣ 来源地址：                  http://localhost:19991/
      ┣ 请求端源：                  client
      ┣ 浏览器标识：                Mozilla/5.0 (Windows NT 10.0; Win64; x64) AppleWebKit/537.36 (KHTML, like Gecko) Chrome/116.0.0.0 Safari/537.36
      ┣ 客户端区域语言：            zh-CN,zh;q=0.9
      ┣ 客户端 IP 地址：            0.0.0.1
      ┣ 服务端 IP 地址：            0.0.0.1
      ┣ 客户端连接 ID：             00-a91a97e65b16d8cb4e6080ee8e4060ed-f900560037b200de-00
      ┣ 服务线程 ID：               #53
      ┣ 执行耗时：                  61ms
      ┣ ━━━━━━━━━━━━━━━  Cookies ━━━━━━━━━━━━━━━
      ┣ 请求端：                    
      ┣ 响应端：                    
      ┣ ━━━━━━━━━━━━━━━  系统信息 ━━━━━━━━━━━━━━━
      ┣ 系统名称：                  Microsoft Windows 10.0.19044
      ┣ 系统架构：                  X64
      ┣ 基础框架：                  Furion.Pure v4.8.8.41
      ┣ .NET 架构：                 .NET 6.0.16
      ┣ ━━━━━━━━━━━━━━━  启动信息 ━━━━━━━━━━━━━━━
      ┣ 运行环境：                  Production
      ┣ 启动程序集：                Admin.NET.Web.Entry
      ┣ 进程名称：                  Admin.NET.Web.Entry
      ┣ 托管程序：                  Kestrel
      ┣ ━━━━━━━━━━━━━━━  参数列表 ━━━━━━━━━━━━━━━
      ┣ Content-Type：              
      ┣ 
      ┣ minId (Nullable`1)：        
      ┣ ━━━━━━━━━━━━━━━  返回信息 ━━━━━━━━━━━━━━━
      ┣ HTTP响应状态码：            200
      ┣ 原始类型：                  System.Threading.Tasks.Task<System.Collections.Generic.IList<Admin.NET.Core.JuAI.Service.SpecialOutput>>
      ┣ 最终类型：                  Admin.NET.Core.AdminResult<System.Object>
      ┣ 最终返回值：                {"code":200,"type":"success","message":"","result":[{"id":"141254407701223","title":"抓烂22223","text":"就螺丝扣搭街坊立刻就333333","cover":"http://filetest.guxin.link/Special/2023/08/14125440695621.jpg","coverFile":null},{"id":"141242588270232","title":"第一个抓烂","text":"就开始大家和弗兰克沙龙的开发建设离开的顺德府顺德府手动","cover":"http://filetest.guxin.link/Special/2023/08/14124258623685.jpg","coverFile":null},{"id":"141242586827023","title":"第一个抓烂","text":"就开始大家和弗兰克沙龙的开发建设离开的顺德府顺德府手动","cover":"http://filetest.guxin.link/Special/20
      ┗━━━━━━━━━━━  Logging Monitor ━━━━━━━━━━━
info: 2023-08-28 21:42:11.8084560 +08:00 星期一 L System.Logging.LoggingMonitor[0] #58
      [System.Private.CoreLib.dll] void System.Runtime.CompilerServices.AsyncTaskMethodBuilder<TResult>+AsyncStateMachineBox<TStateMachine>.MoveNext(Thread threadPoolThread)
      ┏━━━━━━━━━━━  Logging Monitor ━━━━━━━━━━━
      ┣ Admin.NET.Core.JuAI.Service.UserTokenService.GetIsQianDaoToday
      ┣ 
      ┣ 控制器名称：                   UserTokenService
      ┣ 操作名称：                     GetIsQianDaoToday
      ┣ 显示名称：                     
      ┣ 路由信息：                     [area]: ; [controller]: userToken; [action]: isQianDaoToday
      ┣ 请求方式：                     GET
      ┣ 请求地址：                     http://localhost:5005/api/userToken/isQianDaoToday
      ┣ 来源地址：                     http://localhost:19991/
      ┣ 请求端源：                     client
      ┣ 浏览器标识：                   Mozilla/5.0 (Windows NT 10.0; Win64; x64) AppleWebKit/537.36 (KHTML, like Gecko) Chrome/116.0.0.0 Safari/537.36
      ┣ 客户端区域语言：               zh-CN,zh;q=0.9
      ┣ 客户端 IP 地址：               0.0.0.1
      ┣ 服务端 IP 地址：               0.0.0.1
      ┣ 客户端连接 ID：                00-7be13e94bed456d46346253142c99511-06cd51f0a26d01ab-00
      ┣ 服务线程 ID：                  #50
      ┣ 执行耗时：                     64ms
      ┣ ━━━━━━━━━━━━━━━  Cookies ━━━━━━━━━━━━━━━
      ┣ 请求端：                       
      ┣ 响应端：                       
      ┣ ━━━━━━━━━━━━━━━  系统信息 ━━━━━━━━━━━━━━━
      ┣ 系统名称：                     Microsoft Windows 10.0.19044
      ┣ 系统架构：                     X64
      ┣ 基础框架：                     Furion.Pure v4.8.8.41
      ┣ .NET 架构：                    .NET 6.0.16
      ┣ ━━━━━━━━━━━━━━━  启动信息 ━━━━━━━━━━━━━━━
      ┣ 运行环境：                     Production
      ┣ 启动程序集：                   Admin.NET.Web.Entry
      ┣ 进程名称：                     Admin.NET.Web.Entry
      ┣ 托管程序：                     Kestrel
      ┣ ━━━━━━━━━━━━━━━  授权信息 ━━━━━━━━━━━━━━━
      ┣ JWT Token：                    Bearer eyJhbGciOiJIUzI1NiIsInR5cCI6IkpXVCJ9.eyJVc2VySWQiOjE0MDA1ODI2MzU4MjEzLCJUZW5hbnRJZCI6MTMwMDAwMDAwMDAwMSwiQWNjb3VudCI6IjE4NjAwNzY2MDQ1IiwiTmlja05hbWUiOiLogZpBSV82MDQ1IiwiQWNjb3VudFR5cGUiOjAsImlhdCI6MTY5MzAzNzg0NiwibmJmIjoxNjkzMDM3ODQ2LCJleHAiOjE2OTM2NDI2NDYsImlzcyI6IkFkbWluLk5FVCIsImF1ZCI6IkFkbWluLk5FVCJ9.Pt3OMLor8iLzYQfEoREoKU3AxA0Ja7UX_Q2sCCdnGEw
      ┣ 
      ┣ UserId (integer64)：           14005826358213
      ┣ TenantId (integer64)：         1300000000001
      ┣ Account (string)：             18600766045
      ┣ NickName (string)：            聚AI_6045
      ┣ AccountType (integer)：        0
      ┣ iat (integer)：                1693037846 (2023-08-26 16:17:26:0000(+08:00) 星期六 L)
      ┣ nbf (integer)：                1693037846 (2023-08-26 16:17:26:0000(+08:00) 星期六 L)
      ┣ exp (integer)：                1693642646 (2023-09-02 16:17:26:0000(+08:00) 星期六 L)
      ┣ iss (string)：                 Admin.NET
      ┣ aud (string)：                 Admin.NET
      ┣ ━━━━━━━━━━━━━━━  返回信息 ━━━━━━━━━━━━━━━
      ┣ HTTP响应状态码：               200
      ┣ 原始类型：                     System.Threading.Tasks.Task<System.Boolean>
      ┣ 最终类型：                     Admin.NET.Core.AdminResult<System.Object>
      ┣ 最终返回值：                   {"code":200,"type":"success","message":"","result":false,"extras":null,"time":"2023-08-28T21:42:11.8049456+08:00"}
      ┗━━━━━━━━━━━  Logging Monitor ━━━━━━━━━━━
info: 2023-08-28 21:42:12.0693290 +08:00 星期一 L System.Logging.LoggingMonitor[0] #3
      [System.Private.CoreLib.dll] void System.Runtime.CompilerServices.AsyncTaskMethodBuilder<TResult>+AsyncStateMachineBox<TStateMachine>.MoveNext(Thread threadPoolThread)
      ┏━━━━━━━━━━━  Logging Monitor ━━━━━━━━━━━
      ┣ Admin.NET.Core.JuAI.Service.ArticleService.GetNewest
      ┣ 
      ┣ 控制器名称：                ArticleService
      ┣ 操作名称：                  GetNewest
      ┣ 显示名称：                  
      ┣ 路由信息：                  [area]: ; [controller]: article; [action]: newest
      ┣ 请求方式：                  GET
      ┣ 请求地址：                  http://localhost:5005/api/article/newest?minId=
      ┣ 来源地址：                  http://localhost:19991/
      ┣ 请求端源：                  client
      ┣ 浏览器标识：                Mozilla/5.0 (Windows NT 10.0; Win64; x64) AppleWebKit/537.36 (KHTML, like Gecko) Chrome/116.0.0.0 Safari/537.36
      ┣ 客户端区域语言：            zh-CN,zh;q=0.9
      ┣ 客户端 IP 地址：            0.0.0.1
      ┣ 服务端 IP 地址：            0.0.0.1
      ┣ 客户端连接 ID：             00-3287ccff6685e5bf89751a2094bd3fe6-82107947ae494790-00
      ┣ 服务线程 ID：               #43
      ┣ 执行耗时：                  336ms
      ┣ ━━━━━━━━━━━━━━━  Cookies ━━━━━━━━━━━━━━━
      ┣ 请求端：                    
      ┣ 响应端：                    
      ┣ ━━━━━━━━━━━━━━━  系统信息 ━━━━━━━━━━━━━━━
      ┣ 系统名称：                  Microsoft Windows 10.0.19044
      ┣ 系统架构：                  X64
      ┣ 基础框架：                  Furion.Pure v4.8.8.41
      ┣ .NET 架构：                 .NET 6.0.16
      ┣ ━━━━━━━━━━━━━━━  启动信息 ━━━━━━━━━━━━━━━
      ┣ 运行环境：                  Production
      ┣ 启动程序集：                Admin.NET.Web.Entry
      ┣ 进程名称：                  Admin.NET.Web.Entry
      ┣ 托管程序：                  Kestrel
      ┣ ━━━━━━━━━━━━━━━  参数列表 ━━━━━━━━━━━━━━━
      ┣ Content-Type：              
      ┣ 
      ┣ minId (Nullable`1)：        
      ┣ ━━━━━━━━━━━━━━━  返回信息 ━━━━━━━━━━━━━━━
      ┣ HTTP响应状态码：            200
      ┣ 原始类型：                  System.Threading.Tasks.Task<System.Collections.Generic.List<Admin.NET.Core.JuAI.Service.ArticleOutput>>
      ┣ 最终类型：                  Admin.NET.Core.AdminResult<System.Object>
      ┣ 最终返回值：                {"code":200,"type":"success","message":"","result":[{"id":"14215981060677","title":"测试一个样式试试。。哈哈","html":"<p>大量减少离开</p><blockquote>第三方顺德府阿斯顿</blockquote><hr/><p>时间快</p><pre><code class=\"language-csharp\">烦烦烦烦烦烦\r\n顺德府阿斯蒂芬\r\n哈哈哈数据库的\r\nhahhahhkjsd </code></pre><table style=\"width: auto;\"><tbody><tr><th colSpan=\"1\" rowSpan=\"1\" width=\"auto\"></th><th colSpan=\"1\" rowSpan=\"1\" width=\"auto\"></th><th colSpan=\"1\" rowSpan=\"1\" width=\"auto\"></th><th colSpan=\"1\" rowSpan=\"1\" width=\"a
      ┗━━━━━━━━━━━  Logging Monitor ━━━━━━━━━━━
info: 2023-08-28 21:42:12.0905034 +08:00 星期一 L System.Logging.LoggingMonitor[0] #58
      [System.Private.CoreLib.dll] void System.Runtime.CompilerServices.AsyncTaskMethodBuilder<TResult>+AsyncStateMachineBox<TStateMachine>.MoveNext(Thread threadPoolThread)
      ┏━━━━━━━━━━━  Logging Monitor ━━━━━━━━━━━
      ┣ Admin.NET.Core.JuAI.Service.ArticleService.GetRecommend
      ┣ 
      ┣ 控制器名称：       ArticleService
      ┣ 操作名称：         GetRecommend
      ┣ 显示名称：         
      ┣ 路由信息：         [area]: ; [controller]: article; [action]: recommend
      ┣ 请求方式：         GET
      ┣ 请求地址：         http://localhost:5005/api/article/recommend
      ┣ 来源地址：         http://localhost:19991/
      ┣ 请求端源：         client
      ┣ 浏览器标识：       Mozilla/5.0 (Windows NT 10.0; Win64; x64) AppleWebKit/537.36 (KHTML, like Gecko) Chrome/116.0.0.0 Safari/537.36
      ┣ 客户端区域语言：   zh-CN,zh;q=0.9
      ┣ 客户端 IP 地址：   0.0.0.1
      ┣ 服务端 IP 地址：   0.0.0.1
      ┣ 客户端连接 ID：    00-115b02eb955e98e55741fe8382de191f-95bb4dc570db46f8-00
      ┣ 服务线程 ID：      #23
      ┣ 执行耗时：         357ms
      ┣ ━━━━━━━━━━━━━━━  Cookies ━━━━━━━━━━━━━━━
      ┣ 请求端：           
      ┣ 响应端：           
      ┣ ━━━━━━━━━━━━━━━  系统信息 ━━━━━━━━━━━━━━━
      ┣ 系统名称：         Microsoft Windows 10.0.19044
      ┣ 系统架构：         X64
      ┣ 基础框架：         Furion.Pure v4.8.8.41
      ┣ .NET 架构：        .NET 6.0.16
      ┣ ━━━━━━━━━━━━━━━  启动信息 ━━━━━━━━━━━━━━━
      ┣ 运行环境：         Production
      ┣ 启动程序集：       Admin.NET.Web.Entry
      ┣ 进程名称：         Admin.NET.Web.Entry
      ┣ 托管程序：         Kestrel
      ┣ ━━━━━━━━━━━━━━━  返回信息 ━━━━━━━━━━━━━━━
      ┣ HTTP响应状态码：   200
      ┣ 原始类型：         System.Threading.Tasks.Task<System.Collections.Generic.List<Admin.NET.Core.JuAI.Service.ArticleSiderOutput>>
      ┣ 最终类型：         Admin.NET.Core.AdminResult<System.Object>
      ┣ 最终返回值：       {"code":200,"type":"success","message":"","result":[{"id":"14215981060677","title":"测试一个样式试试。。哈哈"},{"id":"14194109678917","title":"测试第一个抓烂拉了进来"},{"id":"14127539556677","title":"两个图片测试呢。"},{"id":"14127533953093","title":"设置一下图片和视频试一试呢。。哈哈"},{"id":"14127509730629","title":"一个视频和两个图片"},{"id":"14127478756933","title":"考了几分离开的分析来看都分割"},{"id":"14127257110597","title":"测试一个视频和图片功能看好不好呀"},{"id":"14084316607813","title":"111111111111111"},{"id":"14084262750277","title":"wangEditor 粘贴从 word 复制的带图片内容的最"},{
      ┗━━━━━━━━━━━  Logging Monitor ━━━━━━━━━━━
info: 2023-08-28 21:42:18.3231841 +08:00 星期一 L System.Logging.LoggingMonitor[0] #23
      [System.Private.CoreLib.dll] void System.Runtime.CompilerServices.AsyncMethodBuilderCore.Start<TStateMachine>(ref TStateMachine stateMachine)
      ┏━━━━━━━━━━━  Logging Monitor ━━━━━━━━━━━
      ┣ Admin.NET.Core.JuAI.Service.UserService.GetActiveUsers
      ┣ 
      ┣ 控制器名称：       UserService
      ┣ 操作名称：         GetActiveUsers
      ┣ 显示名称：         活跃用户
      ┣ 路由信息：         [area]: ; [controller]: user; [action]: activeUsers
      ┣ 请求方式：         GET
      ┣ 请求地址：         http://localhost:5005/api/User/ActiveUsers
      ┣ 来源地址：         http://localhost:19991/
      ┣ 请求端源：         client
      ┣ 浏览器标识：       Mozilla/5.0 (Windows NT 10.0; Win64; x64) AppleWebKit/537.36 (KHTML, like Gecko) Chrome/116.0.0.0 Safari/537.36
      ┣ 客户端区域语言：   zh-CN,zh;q=0.9
      ┣ 客户端 IP 地址：   0.0.0.1
      ┣ 服务端 IP 地址：   0.0.0.1
      ┣ 客户端连接 ID：    00-69ba5c8fa334226be818556cfc6398eb-43fd9981f4032107-00
      ┣ 服务线程 ID：      #23
      ┣ 执行耗时：         81ms
      ┣ ━━━━━━━━━━━━━━━  Cookies ━━━━━━━━━━━━━━━
      ┣ 请求端：           
      ┣ 响应端：           
      ┣ ━━━━━━━━━━━━━━━  系统信息 ━━━━━━━━━━━━━━━
      ┣ 系统名称：         Microsoft Windows 10.0.19044
      ┣ 系统架构：         X64
      ┣ 基础框架：         Furion.Pure v4.8.8.41
      ┣ .NET 架构：        .NET 6.0.16
      ┣ ━━━━━━━━━━━━━━━  启动信息 ━━━━━━━━━━━━━━━
      ┣ 运行环境：         Production
      ┣ 启动程序集：       Admin.NET.Web.Entry
      ┣ 进程名称：         Admin.NET.Web.Entry
      ┣ 托管程序：         Kestrel
      ┣ ━━━━━━━━━━━━━━━  返回信息 ━━━━━━━━━━━━━━━
      ┣ HTTP响应状态码：   200
      ┣ 原始类型：         System.Collections.Generic.IList<Admin.NET.Core.JuAI.Service.UserInfoOutput>
      ┣ 最终类型：         Admin.NET.Core.AdminResult<System.Object>
      ┣ 最终返回值：       {"code":200,"type":"success","message":"","result":[{"nickName":"聚AI_6045","avatar":"Upload/Avatar/14194583407941.jpg","id":"14005826358213"},{"nickName":"聚AI_6045","avatar":null,"id":"14005810391877"},{"nickName":"聚AI_6045","avatar":null,"id":"13727127390021"},{"nickName":"聚AI_6047","avatar":null,"id":"13763405483077"},{"nickName":"聚AI_6046","avatar":null,"id":"13763350061253"}],"extras":null,"time":"2023-08-28T21:42:18.3183867+08:00"}
      ┗━━━━━━━━━━━  Logging Monitor ━━━━━━━━━━━
info: 2023-08-28 21:42:18.3272084 +08:00 星期一 L System.Logging.LoggingMonitor[0] #60
      [System.Private.CoreLib.dll] void System.Runtime.CompilerServices.AsyncMethodBuilderCore.Start<TStateMachine>(ref TStateMachine stateMachine)
      ┏━━━━━━━━━━━  Logging Monitor ━━━━━━━━━━━
      ┣ Admin.NET.Core.JuAI.Service.UpgradeService.GetNewst
      ┣ 
      ┣ 控制器名称：       UpgradeService
      ┣ 操作名称：         GetNewst
      ┣ 显示名称：         
      ┣ 路由信息：         [area]: ; [controller]: upgrade; [action]: newst
      ┣ 请求方式：         GET
      ┣ 请求地址：         http://localhost:5005/api/upgrade/newst
      ┣ 来源地址：         http://localhost:19991/
      ┣ 请求端源：         client
      ┣ 浏览器标识：       Mozilla/5.0 (Windows NT 10.0; Win64; x64) AppleWebKit/537.36 (KHTML, like Gecko) Chrome/116.0.0.0 Safari/537.36
      ┣ 客户端区域语言：   zh-CN,zh;q=0.9
      ┣ 客户端 IP 地址：   0.0.0.1
      ┣ 服务端 IP 地址：   0.0.0.1
      ┣ 客户端连接 ID：    00-980e9ee5f5efac0f3e17d8aeceb20a12-303e91aed8b2f8fb-00
      ┣ 服务线程 ID：      #60
      ┣ 执行耗时：         83ms
      ┣ ━━━━━━━━━━━━━━━  Cookies ━━━━━━━━━━━━━━━
      ┣ 请求端：           
      ┣ 响应端：           
      ┣ ━━━━━━━━━━━━━━━  系统信息 ━━━━━━━━━━━━━━━
      ┣ 系统名称：         Microsoft Windows 10.0.19044
      ┣ 系统架构：         X64
      ┣ 基础框架：         Furion.Pure v4.8.8.41
      ┣ .NET 架构：        .NET 6.0.16
      ┣ ━━━━━━━━━━━━━━━  启动信息 ━━━━━━━━━━━━━━━
      ┣ 运行环境：         Production
      ┣ 启动程序集：       Admin.NET.Web.Entry
      ┣ 进程名称：         Admin.NET.Web.Entry
      ┣ 托管程序：         Kestrel
      ┣ ━━━━━━━━━━━━━━━  返回信息 ━━━━━━━━━━━━━━━
      ┣ HTTP响应状态码：   200
      ┣ 原始类型：         Admin.NET.Core.JuAI.AppUpgrade
      ┣ 最终类型：         Admin.NET.Core.AdminResult<System.Object>
      ┣ 最终返回值：       {"code":200,"type":"success","message":"","result":{"version":"2.12.3","desc":"修复聊天不显示","isForceUpdate":true,"isClearCache":true,"createOrgId":null,"createTime":"2023-08-08T22:29:38","updateTime":"2023-08-08T22:14:27","createUserId":null,"updateUserId":null,"isDelete":false,"id":"3334"},"extras":null,"time":"2023-08-28T21:42:18.3242905+08:00"}
      ┗━━━━━━━━━━━  Logging Monitor ━━━━━━━━━━━
info: 2023-08-28 21:42:18.3186530 +08:00 星期一 L System.Logging.LoggingMonitor[0] #62
      [System.Private.CoreLib.dll] void System.Runtime.CompilerServices.AsyncTaskMethodBuilder<TResult>+AsyncStateMachineBox<TStateMachine>.MoveNext(Thread threadPoolThread)
      ┏━━━━━━━━━━━  Logging Monitor ━━━━━━━━━━━
      ┣ Admin.NET.Core.JuAI.Service.SpecialService.GetNewest
      ┣ 
      ┣ 控制器名称：                SpecialService
      ┣ 操作名称：                  GetNewest
      ┣ 显示名称：                  
      ┣ 路由信息：                  [area]: ; [controller]: special; [action]: newest
      ┣ 请求方式：                  GET
      ┣ 请求地址：                  http://localhost:5005/api/special/newest?minId=
      ┣ 来源地址：                  http://localhost:19991/
      ┣ 请求端源：                  client
      ┣ 浏览器标识：                Mozilla/5.0 (Windows NT 10.0; Win64; x64) AppleWebKit/537.36 (KHTML, like Gecko) Chrome/116.0.0.0 Safari/537.36
      ┣ 客户端区域语言：            zh-CN,zh;q=0.9
      ┣ 客户端 IP 地址：            0.0.0.1
      ┣ 服务端 IP 地址：            0.0.0.1
      ┣ 客户端连接 ID：             00-6a7bfdd3435ef294d81ac76fa5ca9b8f-e964f32a4f830bd4-00
      ┣ 服务线程 ID：               #28
      ┣ 执行耗时：                  76ms
      ┣ ━━━━━━━━━━━━━━━  Cookies ━━━━━━━━━━━━━━━
      ┣ 请求端：                    
      ┣ 响应端：                    
      ┣ ━━━━━━━━━━━━━━━  系统信息 ━━━━━━━━━━━━━━━
      ┣ 系统名称：                  Microsoft Windows 10.0.19044
      ┣ 系统架构：                  X64
      ┣ 基础框架：                  Furion.Pure v4.8.8.41
      ┣ .NET 架构：                 .NET 6.0.16
      ┣ ━━━━━━━━━━━━━━━  启动信息 ━━━━━━━━━━━━━━━
      ┣ 运行环境：                  Production
      ┣ 启动程序集：                Admin.NET.Web.Entry
      ┣ 进程名称：                  Admin.NET.Web.Entry
      ┣ 托管程序：                  Kestrel
      ┣ ━━━━━━━━━━━━━━━  参数列表 ━━━━━━━━━━━━━━━
      ┣ Content-Type：              
      ┣ 
      ┣ minId (Nullable`1)：        
      ┣ ━━━━━━━━━━━━━━━  返回信息 ━━━━━━━━━━━━━━━
      ┣ HTTP响应状态码：            200
      ┣ 原始类型：                  System.Threading.Tasks.Task<System.Collections.Generic.IList<Admin.NET.Core.JuAI.Service.SpecialOutput>>
      ┣ 最终类型：                  Admin.NET.Core.AdminResult<System.Object>
      ┣ 最终返回值：                {"code":200,"type":"success","message":"","result":[{"id":"141254407701223","title":"抓烂22223","text":"就螺丝扣搭街坊立刻就333333","cover":"http://filetest.guxin.link/Special/2023/08/14125440695621.jpg","coverFile":null},{"id":"141242588270232","title":"第一个抓烂","text":"就开始大家和弗兰克沙龙的开发建设离开的顺德府顺德府手动","cover":"http://filetest.guxin.link/Special/2023/08/14124258623685.jpg","coverFile":null},{"id":"141242586827023","title":"第一个抓烂","text":"就开始大家和弗兰克沙龙的开发建设离开的顺德府顺德府手动","cover":"http://filetest.guxin.link/Special/20
      ┗━━━━━━━━━━━  Logging Monitor ━━━━━━━━━━━
info: 2023-08-28 21:42:18.3232187 +08:00 星期一 L System.Logging.LoggingMonitor[0] #58
      [System.Private.CoreLib.dll] void System.Runtime.CompilerServices.AsyncTaskMethodBuilder<TResult>+AsyncStateMachineBox<TStateMachine>.MoveNext(Thread threadPoolThread)
      ┏━━━━━━━━━━━  Logging Monitor ━━━━━━━━━━━
      ┣ Admin.NET.Core.JuAI.Service.UserTokenService.GetIsQianDaoToday
      ┣ 
      ┣ 控制器名称：                   UserTokenService
      ┣ 操作名称：                     GetIsQianDaoToday
      ┣ 显示名称：                     
      ┣ 路由信息：                     [area]: ; [controller]: userToken; [action]: isQianDaoToday
      ┣ 请求方式：                     GET
      ┣ 请求地址：                     http://localhost:5005/api/userToken/isQianDaoToday
      ┣ 来源地址：                     http://localhost:19991/
      ┣ 请求端源：                     client
      ┣ 浏览器标识：                   Mozilla/5.0 (Windows NT 10.0; Win64; x64) AppleWebKit/537.36 (KHTML, like Gecko) Chrome/116.0.0.0 Safari/537.36
      ┣ 客户端区域语言：               zh-CN,zh;q=0.9
      ┣ 客户端 IP 地址：               0.0.0.1
      ┣ 服务端 IP 地址：               0.0.0.1
      ┣ 客户端连接 ID：                00-c0a64890bf9773c7802b84444f7cf568-9440fc0ab1f0f8a8-00
      ┣ 服务线程 ID：                  #33
      ┣ 执行耗时：                     64ms
      ┣ ━━━━━━━━━━━━━━━  Cookies ━━━━━━━━━━━━━━━
      ┣ 请求端：                       
      ┣ 响应端：                       
      ┣ ━━━━━━━━━━━━━━━  系统信息 ━━━━━━━━━━━━━━━
      ┣ 系统名称：                     Microsoft Windows 10.0.19044
      ┣ 系统架构：                     X64
      ┣ 基础框架：                     Furion.Pure v4.8.8.41
      ┣ .NET 架构：                    .NET 6.0.16
      ┣ ━━━━━━━━━━━━━━━  启动信息 ━━━━━━━━━━━━━━━
      ┣ 运行环境：                     Production
      ┣ 启动程序集：                   Admin.NET.Web.Entry
      ┣ 进程名称：                     Admin.NET.Web.Entry
      ┣ 托管程序：                     Kestrel
      ┣ ━━━━━━━━━━━━━━━  授权信息 ━━━━━━━━━━━━━━━
      ┣ JWT Token：                    Bearer eyJhbGciOiJIUzI1NiIsInR5cCI6IkpXVCJ9.eyJVc2VySWQiOjE0MDA1ODI2MzU4MjEzLCJUZW5hbnRJZCI6MTMwMDAwMDAwMDAwMSwiQWNjb3VudCI6IjE4NjAwNzY2MDQ1IiwiTmlja05hbWUiOiLogZpBSV82MDQ1IiwiQWNjb3VudFR5cGUiOjAsImlhdCI6MTY5MzAzNzg0NiwibmJmIjoxNjkzMDM3ODQ2LCJleHAiOjE2OTM2NDI2NDYsImlzcyI6IkFkbWluLk5FVCIsImF1ZCI6IkFkbWluLk5FVCJ9.Pt3OMLor8iLzYQfEoREoKU3AxA0Ja7UX_Q2sCCdnGEw
      ┣ 
      ┣ UserId (integer64)：           14005826358213
      ┣ TenantId (integer64)：         1300000000001
      ┣ Account (string)：             18600766045
      ┣ NickName (string)：            聚AI_6045
      ┣ AccountType (integer)：        0
      ┣ iat (integer)：                1693037846 (2023-08-26 16:17:26:0000(+08:00) 星期六 L)
      ┣ nbf (integer)：                1693037846 (2023-08-26 16:17:26:0000(+08:00) 星期六 L)
      ┣ exp (integer)：                1693642646 (2023-09-02 16:17:26:0000(+08:00) 星期六 L)
      ┣ iss (string)：                 Admin.NET
      ┣ aud (string)：                 Admin.NET
      ┣ ━━━━━━━━━━━━━━━  返回信息 ━━━━━━━━━━━━━━━
      ┣ HTTP响应状态码：               200
      ┣ 原始类型：                     System.Threading.Tasks.Task<System.Boolean>
      ┣ 最终类型：                     Admin.NET.Core.AdminResult<System.Object>
      ┣ 最终返回值：                   {"code":200,"type":"success","message":"","result":false,"extras":null,"time":"2023-08-28T21:42:18.3163378+08:00"}
      ┗━━━━━━━━━━━  Logging Monitor ━━━━━━━━━━━
info: 2023-08-28 21:42:18.6035454 +08:00 星期一 L System.Logging.LoggingMonitor[0] #58
      [System.Private.CoreLib.dll] void System.Runtime.CompilerServices.AsyncTaskMethodBuilder<TResult>+AsyncStateMachineBox<TStateMachine>.MoveNext(Thread threadPoolThread)
      ┏━━━━━━━━━━━  Logging Monitor ━━━━━━━━━━━
      ┣ Admin.NET.Core.JuAI.Service.ArticleService.GetNewest
      ┣ 
      ┣ 控制器名称：                ArticleService
      ┣ 操作名称：                  GetNewest
      ┣ 显示名称：                  
      ┣ 路由信息：                  [area]: ; [controller]: article; [action]: newest
      ┣ 请求方式：                  GET
      ┣ 请求地址：                  http://localhost:5005/api/article/newest?minId=
      ┣ 来源地址：                  http://localhost:19991/
      ┣ 请求端源：                  client
      ┣ 浏览器标识：                Mozilla/5.0 (Windows NT 10.0; Win64; x64) AppleWebKit/537.36 (KHTML, like Gecko) Chrome/116.0.0.0 Safari/537.36
      ┣ 客户端区域语言：            zh-CN,zh;q=0.9
      ┣ 客户端 IP 地址：            0.0.0.1
      ┣ 服务端 IP 地址：            0.0.0.1
      ┣ 客户端连接 ID：             00-e7a5a061b08c54ed3992b7d693aab308-ec7ab53012e215c1-00
      ┣ 服务线程 ID：               #43
      ┣ 执行耗时：                  356ms
      ┣ ━━━━━━━━━━━━━━━  Cookies ━━━━━━━━━━━━━━━
      ┣ 请求端：                    
      ┣ 响应端：                    
      ┣ ━━━━━━━━━━━━━━━  系统信息 ━━━━━━━━━━━━━━━
      ┣ 系统名称：                  Microsoft Windows 10.0.19044
      ┣ 系统架构：                  X64
      ┣ 基础框架：                  Furion.Pure v4.8.8.41
      ┣ .NET 架构：                 .NET 6.0.16
      ┣ ━━━━━━━━━━━━━━━  启动信息 ━━━━━━━━━━━━━━━
      ┣ 运行环境：                  Production
      ┣ 启动程序集：                Admin.NET.Web.Entry
      ┣ 进程名称：                  Admin.NET.Web.Entry
      ┣ 托管程序：                  Kestrel
      ┣ ━━━━━━━━━━━━━━━  参数列表 ━━━━━━━━━━━━━━━
      ┣ Content-Type：              
      ┣ 
      ┣ minId (Nullable`1)：        
      ┣ ━━━━━━━━━━━━━━━  返回信息 ━━━━━━━━━━━━━━━
      ┣ HTTP响应状态码：            200
      ┣ 原始类型：                  System.Threading.Tasks.Task<System.Collections.Generic.List<Admin.NET.Core.JuAI.Service.ArticleOutput>>
      ┣ 最终类型：                  Admin.NET.Core.AdminResult<System.Object>
      ┣ 最终返回值：                {"code":200,"type":"success","message":"","result":[{"id":"14215981060677","title":"测试一个样式试试。。哈哈","html":"<p>大量减少离开</p><blockquote>第三方顺德府阿斯顿</blockquote><hr/><p>时间快</p><pre><code class=\"language-csharp\">烦烦烦烦烦烦\r\n顺德府阿斯蒂芬\r\n哈哈哈数据库的\r\nhahhahhkjsd </code></pre><table style=\"width: auto;\"><tbody><tr><th colSpan=\"1\" rowSpan=\"1\" width=\"auto\"></th><th colSpan=\"1\" rowSpan=\"1\" width=\"auto\"></th><th colSpan=\"1\" rowSpan=\"1\" width=\"auto\"></th><th colSpan=\"1\" rowSpan=\"1\" width=\"a
      ┗━━━━━━━━━━━  Logging Monitor ━━━━━━━━━━━
info: 2023-08-28 21:42:18.7384314 +08:00 星期一 L System.Logging.LoggingMonitor[0] #32
      [System.Private.CoreLib.dll] void System.Runtime.CompilerServices.AsyncTaskMethodBuilder<TResult>+AsyncStateMachineBox<TStateMachine>.MoveNext(Thread threadPoolThread)
      ┏━━━━━━━━━━━  Logging Monitor ━━━━━━━━━━━
      ┣ Admin.NET.Core.JuAI.Service.ArticleService.GetRecommend
      ┣ 
      ┣ 控制器名称：       ArticleService
      ┣ 操作名称：         GetRecommend
      ┣ 显示名称：         
      ┣ 路由信息：         [area]: ; [controller]: article; [action]: recommend
      ┣ 请求方式：         GET
      ┣ 请求地址：         http://localhost:5005/api/article/recommend
      ┣ 来源地址：         http://localhost:19991/
      ┣ 请求端源：         client
      ┣ 浏览器标识：       Mozilla/5.0 (Windows NT 10.0; Win64; x64) AppleWebKit/537.36 (KHTML, like Gecko) Chrome/116.0.0.0 Safari/537.36
      ┣ 客户端区域语言：   zh-CN,zh;q=0.9
      ┣ 客户端 IP 地址：   0.0.0.1
      ┣ 服务端 IP 地址：   0.0.0.1
      ┣ 客户端连接 ID：    00-1e1d0d15f7e87d5836617c984fede0ba-4a8121edd6cae8d7-00
      ┣ 服务线程 ID：      #53
      ┣ 执行耗时：         498ms
      ┣ ━━━━━━━━━━━━━━━  Cookies ━━━━━━━━━━━━━━━
      ┣ 请求端：           
      ┣ 响应端：           
      ┣ ━━━━━━━━━━━━━━━  系统信息 ━━━━━━━━━━━━━━━
      ┣ 系统名称：         Microsoft Windows 10.0.19044
      ┣ 系统架构：         X64
      ┣ 基础框架：         Furion.Pure v4.8.8.41
      ┣ .NET 架构：        .NET 6.0.16
      ┣ ━━━━━━━━━━━━━━━  启动信息 ━━━━━━━━━━━━━━━
      ┣ 运行环境：         Production
      ┣ 启动程序集：       Admin.NET.Web.Entry
      ┣ 进程名称：         Admin.NET.Web.Entry
      ┣ 托管程序：         Kestrel
      ┣ ━━━━━━━━━━━━━━━  返回信息 ━━━━━━━━━━━━━━━
      ┣ HTTP响应状态码：   200
      ┣ 原始类型：         System.Threading.Tasks.Task<System.Collections.Generic.List<Admin.NET.Core.JuAI.Service.ArticleSiderOutput>>
      ┣ 最终类型：         Admin.NET.Core.AdminResult<System.Object>
      ┣ 最终返回值：       {"code":200,"type":"success","message":"","result":[{"id":"14215981060677","title":"测试一个样式试试。。哈哈"},{"id":"14194109678917","title":"测试第一个抓烂拉了进来"},{"id":"14127539556677","title":"两个图片测试呢。"},{"id":"14127533953093","title":"设置一下图片和视频试一试呢。。哈哈"},{"id":"14127509730629","title":"一个视频和两个图片"},{"id":"14127478756933","title":"考了几分离开的分析来看都分割"},{"id":"14127257110597","title":"测试一个视频和图片功能看好不好呀"},{"id":"14084316607813","title":"111111111111111"},{"id":"14084262750277","title":"wangEditor 粘贴从 word 复制的带图片内容的最"},{
      ┗━━━━━━━━━━━  Logging Monitor ━━━━━━━━━━━
info: 2023-08-28 21:42:31.2154440 +08:00 星期一 L System.Logging.LoggingMonitor[0] #23
      [System.Private.CoreLib.dll] void System.Runtime.CompilerServices.AsyncMethodBuilderCore.Start<TStateMachine>(ref TStateMachine stateMachine)
      ┏━━━━━━━━━━━  Logging Monitor ━━━━━━━━━━━
      ┣ Admin.NET.Core.JuAI.Service.UserService.GetActiveUsers
      ┣ 
      ┣ 控制器名称：       UserService
      ┣ 操作名称：         GetActiveUsers
      ┣ 显示名称：         活跃用户
      ┣ 路由信息：         [area]: ; [controller]: user; [action]: activeUsers
      ┣ 请求方式：         GET
      ┣ 请求地址：         http://localhost:5005/api/User/ActiveUsers
      ┣ 来源地址：         http://localhost:19991/
      ┣ 请求端源：         client
      ┣ 浏览器标识：       Mozilla/5.0 (Windows NT 10.0; Win64; x64) AppleWebKit/537.36 (KHTML, like Gecko) Chrome/116.0.0.0 Safari/537.36
      ┣ 客户端区域语言：   zh-CN,zh;q=0.9
      ┣ 客户端 IP 地址：   0.0.0.1
      ┣ 服务端 IP 地址：   0.0.0.1
      ┣ 客户端连接 ID：    00-a9640ffeb93872e2706e8048a526cb75-95d90768213eb6c1-00
      ┣ 服务线程 ID：      #23
      ┣ 执行耗时：         62ms
      ┣ ━━━━━━━━━━━━━━━  Cookies ━━━━━━━━━━━━━━━
      ┣ 请求端：           
      ┣ 响应端：           
      ┣ ━━━━━━━━━━━━━━━  系统信息 ━━━━━━━━━━━━━━━
      ┣ 系统名称：         Microsoft Windows 10.0.19044
      ┣ 系统架构：         X64
      ┣ 基础框架：         Furion.Pure v4.8.8.41
      ┣ .NET 架构：        .NET 6.0.16
      ┣ ━━━━━━━━━━━━━━━  启动信息 ━━━━━━━━━━━━━━━
      ┣ 运行环境：         Production
      ┣ 启动程序集：       Admin.NET.Web.Entry
      ┣ 进程名称：         Admin.NET.Web.Entry
      ┣ 托管程序：         Kestrel
      ┣ ━━━━━━━━━━━━━━━  返回信息 ━━━━━━━━━━━━━━━
      ┣ HTTP响应状态码：   200
      ┣ 原始类型：         System.Collections.Generic.IList<Admin.NET.Core.JuAI.Service.UserInfoOutput>
      ┣ 最终类型：         Admin.NET.Core.AdminResult<System.Object>
      ┣ 最终返回值：       {"code":200,"type":"success","message":"","result":[{"nickName":"聚AI_6045","avatar":"Upload/Avatar/14194583407941.jpg","id":"14005826358213"},{"nickName":"聚AI_6045","avatar":null,"id":"14005810391877"},{"nickName":"聚AI_6045","avatar":null,"id":"13727127390021"},{"nickName":"聚AI_6047","avatar":null,"id":"13763405483077"},{"nickName":"聚AI_6046","avatar":null,"id":"13763350061253"}],"extras":null,"time":"2023-08-28T21:42:31.2119658+08:00"}
      ┗━━━━━━━━━━━  Logging Monitor ━━━━━━━━━━━
info: 2023-08-28 21:42:31.2324382 +08:00 星期一 L System.Logging.LoggingMonitor[0] #60
      [System.Private.CoreLib.dll] void System.Runtime.CompilerServices.AsyncMethodBuilderCore.Start<TStateMachine>(ref TStateMachine stateMachine)
      ┏━━━━━━━━━━━  Logging Monitor ━━━━━━━━━━━
      ┣ Admin.NET.Core.JuAI.Service.UpgradeService.GetNewst
      ┣ 
      ┣ 控制器名称：       UpgradeService
      ┣ 操作名称：         GetNewst
      ┣ 显示名称：         
      ┣ 路由信息：         [area]: ; [controller]: upgrade; [action]: newst
      ┣ 请求方式：         GET
      ┣ 请求地址：         http://localhost:5005/api/upgrade/newst
      ┣ 来源地址：         http://localhost:19991/
      ┣ 请求端源：         client
      ┣ 浏览器标识：       Mozilla/5.0 (Windows NT 10.0; Win64; x64) AppleWebKit/537.36 (KHTML, like Gecko) Chrome/116.0.0.0 Safari/537.36
      ┣ 客户端区域语言：   zh-CN,zh;q=0.9
      ┣ 客户端 IP 地址：   0.0.0.1
      ┣ 服务端 IP 地址：   0.0.0.1
      ┣ 客户端连接 ID：    00-adc944ae7e82e6c9113b4fafd83776a1-1266606e45c117e2-00
      ┣ 服务线程 ID：      #60
      ┣ 执行耗时：         79ms
      ┣ ━━━━━━━━━━━━━━━  Cookies ━━━━━━━━━━━━━━━
      ┣ 请求端：           
      ┣ 响应端：           
      ┣ ━━━━━━━━━━━━━━━  系统信息 ━━━━━━━━━━━━━━━
      ┣ 系统名称：         Microsoft Windows 10.0.19044
      ┣ 系统架构：         X64
      ┣ 基础框架：         Furion.Pure v4.8.8.41
      ┣ .NET 架构：        .NET 6.0.16
      ┣ ━━━━━━━━━━━━━━━  启动信息 ━━━━━━━━━━━━━━━
      ┣ 运行环境：         Production
      ┣ 启动程序集：       Admin.NET.Web.Entry
      ┣ 进程名称：         Admin.NET.Web.Entry
      ┣ 托管程序：         Kestrel
      ┣ ━━━━━━━━━━━━━━━  返回信息 ━━━━━━━━━━━━━━━
      ┣ HTTP响应状态码：   200
      ┣ 原始类型：         Admin.NET.Core.JuAI.AppUpgrade
      ┣ 最终类型：         Admin.NET.Core.AdminResult<System.Object>
      ┣ 最终返回值：       {"code":200,"type":"success","message":"","result":{"version":"2.12.3","desc":"修复聊天不显示","isForceUpdate":true,"isClearCache":true,"createOrgId":null,"createTime":"2023-08-08T22:29:38","updateTime":"2023-08-08T22:14:27","createUserId":null,"updateUserId":null,"isDelete":false,"id":"3334"},"extras":null,"time":"2023-08-28T21:42:31.2263322+08:00"}
      ┗━━━━━━━━━━━  Logging Monitor ━━━━━━━━━━━
info: 2023-08-28 21:42:31.2204694 +08:00 星期一 L System.Logging.LoggingMonitor[0] #58
      [System.Private.CoreLib.dll] void System.Runtime.CompilerServices.AsyncTaskMethodBuilder<TResult>+AsyncStateMachineBox<TStateMachine>.MoveNext(Thread threadPoolThread)
      ┏━━━━━━━━━━━  Logging Monitor ━━━━━━━━━━━
      ┣ Admin.NET.Core.JuAI.Service.UserTokenService.GetIsQianDaoToday
      ┣ 
      ┣ 控制器名称：                   UserTokenService
      ┣ 操作名称：                     GetIsQianDaoToday
      ┣ 显示名称：                     
      ┣ 路由信息：                     [area]: ; [controller]: userToken; [action]: isQianDaoToday
      ┣ 请求方式：                     GET
      ┣ 请求地址：                     http://localhost:5005/api/userToken/isQianDaoToday
      ┣ 来源地址：                     http://localhost:19991/
      ┣ 请求端源：                     client
      ┣ 浏览器标识：                   Mozilla/5.0 (Windows NT 10.0; Win64; x64) AppleWebKit/537.36 (KHTML, like Gecko) Chrome/116.0.0.0 Safari/537.36
      ┣ 客户端区域语言：               zh-CN,zh;q=0.9
      ┣ 客户端 IP 地址：               0.0.0.1
      ┣ 服务端 IP 地址：               0.0.0.1
      ┣ 客户端连接 ID：                00-b4200ea1d1bd4943e82ef3f82262c42f-5ad939ed4660a94b-00
      ┣ 服务线程 ID：                  #33
      ┣ 执行耗时：                     58ms
      ┣ ━━━━━━━━━━━━━━━  Cookies ━━━━━━━━━━━━━━━
      ┣ 请求端：                       
      ┣ 响应端：                       
      ┣ ━━━━━━━━━━━━━━━  系统信息 ━━━━━━━━━━━━━━━
      ┣ 系统名称：                     Microsoft Windows 10.0.19044
      ┣ 系统架构：                     X64
      ┣ 基础框架：                     Furion.Pure v4.8.8.41
      ┣ .NET 架构：                    .NET 6.0.16
      ┣ ━━━━━━━━━━━━━━━  启动信息 ━━━━━━━━━━━━━━━
      ┣ 运行环境：                     Production
      ┣ 启动程序集：                   Admin.NET.Web.Entry
      ┣ 进程名称：                     Admin.NET.Web.Entry
      ┣ 托管程序：                     Kestrel
      ┣ ━━━━━━━━━━━━━━━  授权信息 ━━━━━━━━━━━━━━━
      ┣ JWT Token：                    Bearer eyJhbGciOiJIUzI1NiIsInR5cCI6IkpXVCJ9.eyJVc2VySWQiOjE0MDA1ODI2MzU4MjEzLCJUZW5hbnRJZCI6MTMwMDAwMDAwMDAwMSwiQWNjb3VudCI6IjE4NjAwNzY2MDQ1IiwiTmlja05hbWUiOiLogZpBSV82MDQ1IiwiQWNjb3VudFR5cGUiOjAsImlhdCI6MTY5MzAzNzg0NiwibmJmIjoxNjkzMDM3ODQ2LCJleHAiOjE2OTM2NDI2NDYsImlzcyI6IkFkbWluLk5FVCIsImF1ZCI6IkFkbWluLk5FVCJ9.Pt3OMLor8iLzYQfEoREoKU3AxA0Ja7UX_Q2sCCdnGEw
      ┣ 
      ┣ UserId (integer64)：           14005826358213
      ┣ TenantId (integer64)：         1300000000001
      ┣ Account (string)：             18600766045
      ┣ NickName (string)：            聚AI_6045
      ┣ AccountType (integer)：        0
      ┣ iat (integer)：                1693037846 (2023-08-26 16:17:26:0000(+08:00) 星期六 L)
      ┣ nbf (integer)：                1693037846 (2023-08-26 16:17:26:0000(+08:00) 星期六 L)
      ┣ exp (integer)：                1693642646 (2023-09-02 16:17:26:0000(+08:00) 星期六 L)
      ┣ iss (string)：                 Admin.NET
      ┣ aud (string)：                 Admin.NET
      ┣ ━━━━━━━━━━━━━━━  返回信息 ━━━━━━━━━━━━━━━
      ┣ HTTP响应状态码：               200
      ┣ 原始类型：                     System.Threading.Tasks.Task<System.Boolean>
      ┣ 最终类型：                     Admin.NET.Core.AdminResult<System.Object>
      ┣ 最终返回值：                   {"code":200,"type":"success","message":"","result":false,"extras":null,"time":"2023-08-28T21:42:31.2180767+08:00"}
      ┗━━━━━━━━━━━  Logging Monitor ━━━━━━━━━━━
info: 2023-08-28 21:42:31.2283540 +08:00 星期一 L System.Logging.LoggingMonitor[0] #62
      [System.Private.CoreLib.dll] void System.Runtime.CompilerServices.AsyncTaskMethodBuilder<TResult>+AsyncStateMachineBox<TStateMachine>.MoveNext(Thread threadPoolThread)
      ┏━━━━━━━━━━━  Logging Monitor ━━━━━━━━━━━
      ┣ Admin.NET.Core.JuAI.Service.SpecialService.GetNewest
      ┣ 
      ┣ 控制器名称：                SpecialService
      ┣ 操作名称：                  GetNewest
      ┣ 显示名称：                  
      ┣ 路由信息：                  [area]: ; [controller]: special; [action]: newest
      ┣ 请求方式：                  GET
      ┣ 请求地址：                  http://localhost:5005/api/special/newest?minId=
      ┣ 来源地址：                  http://localhost:19991/
      ┣ 请求端源：                  client
      ┣ 浏览器标识：                Mozilla/5.0 (Windows NT 10.0; Win64; x64) AppleWebKit/537.36 (KHTML, like Gecko) Chrome/116.0.0.0 Safari/537.36
      ┣ 客户端区域语言：            zh-CN,zh;q=0.9
      ┣ 客户端 IP 地址：            0.0.0.1
      ┣ 服务端 IP 地址：            0.0.0.1
      ┣ 客户端连接 ID：             00-c550b4910dbbd9fb75da3cbb3948bc9a-18e5ecb8a9211f65-00
      ┣ 服务线程 ID：               #50
      ┣ 执行耗时：                  79ms
      ┣ ━━━━━━━━━━━━━━━  Cookies ━━━━━━━━━━━━━━━
      ┣ 请求端：                    
      ┣ 响应端：                    
      ┣ ━━━━━━━━━━━━━━━  系统信息 ━━━━━━━━━━━━━━━
      ┣ 系统名称：                  Microsoft Windows 10.0.19044
      ┣ 系统架构：                  X64
      ┣ 基础框架：                  Furion.Pure v4.8.8.41
      ┣ .NET 架构：                 .NET 6.0.16
      ┣ ━━━━━━━━━━━━━━━  启动信息 ━━━━━━━━━━━━━━━
      ┣ 运行环境：                  Production
      ┣ 启动程序集：                Admin.NET.Web.Entry
      ┣ 进程名称：                  Admin.NET.Web.Entry
      ┣ 托管程序：                  Kestrel
      ┣ ━━━━━━━━━━━━━━━  参数列表 ━━━━━━━━━━━━━━━
      ┣ Content-Type：              
      ┣ 
      ┣ minId (Nullable`1)：        
      ┣ ━━━━━━━━━━━━━━━  返回信息 ━━━━━━━━━━━━━━━
      ┣ HTTP响应状态码：            200
      ┣ 原始类型：                  System.Threading.Tasks.Task<System.Collections.Generic.IList<Admin.NET.Core.JuAI.Service.SpecialOutput>>
      ┣ 最终类型：                  Admin.NET.Core.AdminResult<System.Object>
      ┣ 最终返回值：                {"code":200,"type":"success","message":"","result":[{"id":"141254407701223","title":"抓烂22223","text":"就螺丝扣搭街坊立刻就333333","cover":"http://filetest.guxin.link/Special/2023/08/14125440695621.jpg","coverFile":null},{"id":"141242588270232","title":"第一个抓烂","text":"就开始大家和弗兰克沙龙的开发建设离开的顺德府顺德府手动","cover":"http://filetest.guxin.link/Special/2023/08/14124258623685.jpg","coverFile":null},{"id":"141242586827023","title":"第一个抓烂","text":"就开始大家和弗兰克沙龙的开发建设离开的顺德府顺德府手动","cover":"http://filetest.guxin.link/Special/20
      ┗━━━━━━━━━━━  Logging Monitor ━━━━━━━━━━━
info: 2023-08-28 21:42:31.3533288 +08:00 星期一 L System.Logging.LoggingMonitor[0] #62
      [System.Private.CoreLib.dll] void System.Runtime.CompilerServices.AsyncTaskMethodBuilder<TResult>+AsyncStateMachineBox<TStateMachine>.MoveNext(Thread threadPoolThread)
      ┏━━━━━━━━━━━  Logging Monitor ━━━━━━━━━━━
      ┣ Admin.NET.Core.JuAI.Service.ArticleService.GetNewest
      ┣ 
      ┣ 控制器名称：                ArticleService
      ┣ 操作名称：                  GetNewest
      ┣ 显示名称：                  
      ┣ 路由信息：                  [area]: ; [controller]: article; [action]: newest
      ┣ 请求方式：                  GET
      ┣ 请求地址：                  http://localhost:5005/api/article/newest?minId=
      ┣ 来源地址：                  http://localhost:19991/
      ┣ 请求端源：                  client
      ┣ 浏览器标识：                Mozilla/5.0 (Windows NT 10.0; Win64; x64) AppleWebKit/537.36 (KHTML, like Gecko) Chrome/116.0.0.0 Safari/537.36
      ┣ 客户端区域语言：            zh-CN,zh;q=0.9
      ┣ 客户端 IP 地址：            0.0.0.1
      ┣ 服务端 IP 地址：            0.0.0.1
      ┣ 客户端连接 ID：             00-7697a1c376596e0d4313f441f26a9211-97391a716bfc0562-00
      ┣ 服务线程 ID：               #53
      ┣ 执行耗时：                  201ms
      ┣ ━━━━━━━━━━━━━━━  Cookies ━━━━━━━━━━━━━━━
      ┣ 请求端：                    
      ┣ 响应端：                    
      ┣ ━━━━━━━━━━━━━━━  系统信息 ━━━━━━━━━━━━━━━
      ┣ 系统名称：                  Microsoft Windows 10.0.19044
      ┣ 系统架构：                  X64
      ┣ 基础框架：                  Furion.Pure v4.8.8.41
      ┣ .NET 架构：                 .NET 6.0.16
      ┣ ━━━━━━━━━━━━━━━  启动信息 ━━━━━━━━━━━━━━━
      ┣ 运行环境：                  Production
      ┣ 启动程序集：                Admin.NET.Web.Entry
      ┣ 进程名称：                  Admin.NET.Web.Entry
      ┣ 托管程序：                  Kestrel
      ┣ ━━━━━━━━━━━━━━━  参数列表 ━━━━━━━━━━━━━━━
      ┣ Content-Type：              
      ┣ 
      ┣ minId (Nullable`1)：        
      ┣ ━━━━━━━━━━━━━━━  返回信息 ━━━━━━━━━━━━━━━
      ┣ HTTP响应状态码：            200
      ┣ 原始类型：                  System.Threading.Tasks.Task<System.Collections.Generic.List<Admin.NET.Core.JuAI.Service.ArticleOutput>>
      ┣ 最终类型：                  Admin.NET.Core.AdminResult<System.Object>
      ┣ 最终返回值：                {"code":200,"type":"success","message":"","result":[{"id":"14215981060677","title":"测试一个样式试试。。哈哈","html":"<p>大量减少离开</p><blockquote>第三方顺德府阿斯顿</blockquote><hr/><p>时间快</p><pre><code class=\"language-csharp\">烦烦烦烦烦烦\r\n顺德府阿斯蒂芬\r\n哈哈哈数据库的\r\nhahhahhkjsd </code></pre><table style=\"width: auto;\"><tbody><tr><th colSpan=\"1\" rowSpan=\"1\" width=\"auto\"></th><th colSpan=\"1\" rowSpan=\"1\" width=\"auto\"></th><th colSpan=\"1\" rowSpan=\"1\" width=\"auto\"></th><th colSpan=\"1\" rowSpan=\"1\" width=\"a
      ┗━━━━━━━━━━━  Logging Monitor ━━━━━━━━━━━
info: 2023-08-28 21:42:31.5449496 +08:00 星期一 L System.Logging.LoggingMonitor[0] #58
      [System.Private.CoreLib.dll] void System.Runtime.CompilerServices.AsyncTaskMethodBuilder<TResult>+AsyncStateMachineBox<TStateMachine>.MoveNext(Thread threadPoolThread)
      ┏━━━━━━━━━━━  Logging Monitor ━━━━━━━━━━━
      ┣ Admin.NET.Core.JuAI.Service.ArticleService.GetRecommend
      ┣ 
      ┣ 控制器名称：       ArticleService
      ┣ 操作名称：         GetRecommend
      ┣ 显示名称：         
      ┣ 路由信息：         [area]: ; [controller]: article; [action]: recommend
      ┣ 请求方式：         GET
      ┣ 请求地址：         http://localhost:5005/api/article/recommend
      ┣ 来源地址：         http://localhost:19991/
      ┣ 请求端源：         client
      ┣ 浏览器标识：       Mozilla/5.0 (Windows NT 10.0; Win64; x64) AppleWebKit/537.36 (KHTML, like Gecko) Chrome/116.0.0.0 Safari/537.36
      ┣ 客户端区域语言：   zh-CN,zh;q=0.9
      ┣ 客户端 IP 地址：   0.0.0.1
      ┣ 服务端 IP 地址：   0.0.0.1
      ┣ 客户端连接 ID：    00-c348e1c428cc93cce01d17c36c825b51-903bc65a8227eb3a-00
      ┣ 服务线程 ID：      #46
      ┣ 执行耗时：         396ms
      ┣ ━━━━━━━━━━━━━━━  Cookies ━━━━━━━━━━━━━━━
      ┣ 请求端：           
      ┣ 响应端：           
      ┣ ━━━━━━━━━━━━━━━  系统信息 ━━━━━━━━━━━━━━━
      ┣ 系统名称：         Microsoft Windows 10.0.19044
      ┣ 系统架构：         X64
      ┣ 基础框架：         Furion.Pure v4.8.8.41
      ┣ .NET 架构：        .NET 6.0.16
      ┣ ━━━━━━━━━━━━━━━  启动信息 ━━━━━━━━━━━━━━━
      ┣ 运行环境：         Production
      ┣ 启动程序集：       Admin.NET.Web.Entry
      ┣ 进程名称：         Admin.NET.Web.Entry
      ┣ 托管程序：         Kestrel
      ┣ ━━━━━━━━━━━━━━━  返回信息 ━━━━━━━━━━━━━━━
      ┣ HTTP响应状态码：   200
      ┣ 原始类型：         System.Threading.Tasks.Task<System.Collections.Generic.List<Admin.NET.Core.JuAI.Service.ArticleSiderOutput>>
      ┣ 最终类型：         Admin.NET.Core.AdminResult<System.Object>
      ┣ 最终返回值：       {"code":200,"type":"success","message":"","result":[{"id":"14215981060677","title":"测试一个样式试试。。哈哈"},{"id":"14194109678917","title":"测试第一个抓烂拉了进来"},{"id":"14127539556677","title":"两个图片测试呢。"},{"id":"14127533953093","title":"设置一下图片和视频试一试呢。。哈哈"},{"id":"14127509730629","title":"一个视频和两个图片"},{"id":"14127478756933","title":"考了几分离开的分析来看都分割"},{"id":"14127257110597","title":"测试一个视频和图片功能看好不好呀"},{"id":"14084316607813","title":"111111111111111"},{"id":"14084262750277","title":"wangEditor 粘贴从 word 复制的带图片内容的最"},{
      ┗━━━━━━━━━━━  Logging Monitor ━━━━━━━━━━━
info: 2023-08-28 21:42:58.6014222 +08:00 星期一 L System.Logging.LoggingMonitor[0] #58
      [System.Private.CoreLib.dll] void System.Runtime.CompilerServices.AsyncTaskMethodBuilder<TResult>+AsyncStateMachineBox<TStateMachine>.MoveNext(Thread threadPoolThread)
      ┏━━━━━━━━━━━  Logging Monitor ━━━━━━━━━━━
      ┣ Admin.NET.Core.JuAI.Service.SpecialService.GetNewest
      ┣ 
      ┣ 控制器名称：                SpecialService
      ┣ 操作名称：                  GetNewest
      ┣ 显示名称：                  
      ┣ 路由信息：                  [area]: ; [controller]: special; [action]: newest
      ┣ 请求方式：                  GET
      ┣ 请求地址：                  http://localhost:5005/api/special/newest?minId=
      ┣ 来源地址：                  http://localhost:19991/
      ┣ 请求端源：                  client
      ┣ 浏览器标识：                Mozilla/5.0 (Windows NT 10.0; Win64; x64) AppleWebKit/537.36 (KHTML, like Gecko) Chrome/116.0.0.0 Safari/537.36
      ┣ 客户端区域语言：            zh-CN,zh;q=0.9
      ┣ 客户端 IP 地址：            0.0.0.1
      ┣ 服务端 IP 地址：            0.0.0.1
      ┣ 客户端连接 ID：             00-5405b3d2c64dbe5d7c40b0f5918f1a33-132859a6fe091b6b-00
      ┣ 服务线程 ID：               #43
      ┣ 执行耗时：                  86ms
      ┣ ━━━━━━━━━━━━━━━  Cookies ━━━━━━━━━━━━━━━
      ┣ 请求端：                    
      ┣ 响应端：                    
      ┣ ━━━━━━━━━━━━━━━  系统信息 ━━━━━━━━━━━━━━━
      ┣ 系统名称：                  Microsoft Windows 10.0.19044
      ┣ 系统架构：                  X64
      ┣ 基础框架：                  Furion.Pure v4.8.8.41
      ┣ .NET 架构：                 .NET 6.0.16
      ┣ ━━━━━━━━━━━━━━━  启动信息 ━━━━━━━━━━━━━━━
      ┣ 运行环境：                  Production
      ┣ 启动程序集：                Admin.NET.Web.Entry
      ┣ 进程名称：                  Admin.NET.Web.Entry
      ┣ 托管程序：                  Kestrel
      ┣ ━━━━━━━━━━━━━━━  参数列表 ━━━━━━━━━━━━━━━
      ┣ Content-Type：              
      ┣ 
      ┣ minId (Nullable`1)：        
      ┣ ━━━━━━━━━━━━━━━  返回信息 ━━━━━━━━━━━━━━━
      ┣ HTTP响应状态码：            200
      ┣ 原始类型：                  System.Threading.Tasks.Task<System.Collections.Generic.IList<Admin.NET.Core.JuAI.Service.SpecialOutput>>
      ┣ 最终类型：                  Admin.NET.Core.AdminResult<System.Object>
      ┣ 最终返回值：                {"code":200,"type":"success","message":"","result":[{"id":"141254407701223","title":"抓烂22223","text":"就螺丝扣搭街坊立刻就333333","cover":"http://filetest.guxin.link/Special/2023/08/14125440695621.jpg","coverFile":null},{"id":"141242588270232","title":"第一个抓烂","text":"就开始大家和弗兰克沙龙的开发建设离开的顺德府顺德府手动","cover":"http://filetest.guxin.link/Special/2023/08/14124258623685.jpg","coverFile":null},{"id":"141242586827023","title":"第一个抓烂","text":"就开始大家和弗兰克沙龙的开发建设离开的顺德府顺德府手动","cover":"http://filetest.guxin.link/Special/20
      ┗━━━━━━━━━━━  Logging Monitor ━━━━━━━━━━━
info: 2023-08-28 21:42:58.6522068 +08:00 星期一 L System.Logging.LoggingMonitor[0] #57
      [System.Private.CoreLib.dll] void System.Runtime.CompilerServices.AsyncTaskMethodBuilder<TResult>+AsyncStateMachineBox<TStateMachine>.MoveNext(Thread threadPoolThread)
      ┏━━━━━━━━━━━  Logging Monitor ━━━━━━━━━━━
      ┣ Admin.NET.Core.JuAI.Service.UserTokenService.GetIsQianDaoToday
      ┣ 
      ┣ 控制器名称：                   UserTokenService
      ┣ 操作名称：                     GetIsQianDaoToday
      ┣ 显示名称：                     
      ┣ 路由信息：                     [area]: ; [controller]: userToken; [action]: isQianDaoToday
      ┣ 请求方式：                     GET
      ┣ 请求地址：                     http://localhost:5005/api/userToken/isQianDaoToday
      ┣ 来源地址：                     http://localhost:19991/
      ┣ 请求端源：                     client
      ┣ 浏览器标识：                   Mozilla/5.0 (Windows NT 10.0; Win64; x64) AppleWebKit/537.36 (KHTML, like Gecko) Chrome/116.0.0.0 Safari/537.36
      ┣ 客户端区域语言：               zh-CN,zh;q=0.9
      ┣ 客户端 IP 地址：               0.0.0.1
      ┣ 服务端 IP 地址：               0.0.0.1
      ┣ 客户端连接 ID：                00-9d6b1f4885fbecf0f075e5efcef34745-81b07b0726dc7558-00
      ┣ 服务线程 ID：                  #46
      ┣ 执行耗时：                     83ms
      ┣ ━━━━━━━━━━━━━━━  Cookies ━━━━━━━━━━━━━━━
      ┣ 请求端：                       
      ┣ 响应端：                       
      ┣ ━━━━━━━━━━━━━━━  系统信息 ━━━━━━━━━━━━━━━
      ┣ 系统名称：                     Microsoft Windows 10.0.19044
      ┣ 系统架构：                     X64
      ┣ 基础框架：                     Furion.Pure v4.8.8.41
      ┣ .NET 架构：                    .NET 6.0.16
      ┣ ━━━━━━━━━━━━━━━  启动信息 ━━━━━━━━━━━━━━━
      ┣ 运行环境：                     Production
      ┣ 启动程序集：                   Admin.NET.Web.Entry
      ┣ 进程名称：                     Admin.NET.Web.Entry
      ┣ 托管程序：                     Kestrel
      ┣ ━━━━━━━━━━━━━━━  授权信息 ━━━━━━━━━━━━━━━
      ┣ JWT Token：                    Bearer eyJhbGciOiJIUzI1NiIsInR5cCI6IkpXVCJ9.eyJVc2VySWQiOjE0MDA1ODI2MzU4MjEzLCJUZW5hbnRJZCI6MTMwMDAwMDAwMDAwMSwiQWNjb3VudCI6IjE4NjAwNzY2MDQ1IiwiTmlja05hbWUiOiLogZpBSV82MDQ1IiwiQWNjb3VudFR5cGUiOjAsImlhdCI6MTY5MzAzNzg0NiwibmJmIjoxNjkzMDM3ODQ2LCJleHAiOjE2OTM2NDI2NDYsImlzcyI6IkFkbWluLk5FVCIsImF1ZCI6IkFkbWluLk5FVCJ9.Pt3OMLor8iLzYQfEoREoKU3AxA0Ja7UX_Q2sCCdnGEw
      ┣ 
      ┣ UserId (integer64)：           14005826358213
      ┣ TenantId (integer64)：         1300000000001
      ┣ Account (string)：             18600766045
      ┣ NickName (string)：            聚AI_6045
      ┣ AccountType (integer)：        0
      ┣ iat (integer)：                1693037846 (2023-08-26 16:17:26:0000(+08:00) 星期六 L)
      ┣ nbf (integer)：                1693037846 (2023-08-26 16:17:26:0000(+08:00) 星期六 L)
      ┣ exp (integer)：                1693642646 (2023-09-02 16:17:26:0000(+08:00) 星期六 L)
      ┣ iss (string)：                 Admin.NET
      ┣ aud (string)：                 Admin.NET
      ┣ ━━━━━━━━━━━━━━━  返回信息 ━━━━━━━━━━━━━━━
      ┣ HTTP响应状态码：               200
      ┣ 原始类型：                     System.Threading.Tasks.Task<System.Boolean>
      ┣ 最终类型：                     Admin.NET.Core.AdminResult<System.Object>
      ┣ 最终返回值：                   {"code":200,"type":"success","message":"","result":false,"extras":null,"time":"2023-08-28T21:42:58.6463064+08:00"}
      ┗━━━━━━━━━━━  Logging Monitor ━━━━━━━━━━━
info: 2023-08-28 21:42:58.7511728 +08:00 星期一 L System.Logging.LoggingMonitor[0] #57
      [System.Private.CoreLib.dll] void System.Runtime.CompilerServices.AsyncTaskMethodBuilder<TResult>+AsyncStateMachineBox<TStateMachine>.MoveNext(Thread threadPoolThread)
      ┏━━━━━━━━━━━  Logging Monitor ━━━━━━━━━━━
      ┣ Admin.NET.Core.JuAI.Service.ArticleService.GetNewest
      ┣ 
      ┣ 控制器名称：                ArticleService
      ┣ 操作名称：                  GetNewest
      ┣ 显示名称：                  
      ┣ 路由信息：                  [area]: ; [controller]: article; [action]: newest
      ┣ 请求方式：                  GET
      ┣ 请求地址：                  http://localhost:5005/api/article/newest?minId=
      ┣ 来源地址：                  http://localhost:19991/
      ┣ 请求端源：                  client
      ┣ 浏览器标识：                Mozilla/5.0 (Windows NT 10.0; Win64; x64) AppleWebKit/537.36 (KHTML, like Gecko) Chrome/116.0.0.0 Safari/537.36
      ┣ 客户端区域语言：            zh-CN,zh;q=0.9
      ┣ 客户端 IP 地址：            0.0.0.1
      ┣ 服务端 IP 地址：            0.0.0.1
      ┣ 客户端连接 ID：             00-82645444e7200a879596bc8441842356-8cad2a1a8c77c94a-00
      ┣ 服务线程 ID：               #60
      ┣ 执行耗时：                  205ms
      ┣ ━━━━━━━━━━━━━━━  Cookies ━━━━━━━━━━━━━━━
      ┣ 请求端：                    
      ┣ 响应端：                    
      ┣ ━━━━━━━━━━━━━━━  系统信息 ━━━━━━━━━━━━━━━
      ┣ 系统名称：                  Microsoft Windows 10.0.19044
      ┣ 系统架构：                  X64
      ┣ 基础框架：                  Furion.Pure v4.8.8.41
      ┣ .NET 架构：                 .NET 6.0.16
      ┣ ━━━━━━━━━━━━━━━  启动信息 ━━━━━━━━━━━━━━━
      ┣ 运行环境：                  Production
      ┣ 启动程序集：                Admin.NET.Web.Entry
      ┣ 进程名称：                  Admin.NET.Web.Entry
      ┣ 托管程序：                  Kestrel
      ┣ ━━━━━━━━━━━━━━━  参数列表 ━━━━━━━━━━━━━━━
      ┣ Content-Type：              
      ┣ 
      ┣ minId (Nullable`1)：        
      ┣ ━━━━━━━━━━━━━━━  返回信息 ━━━━━━━━━━━━━━━
      ┣ HTTP响应状态码：            200
      ┣ 原始类型：                  System.Threading.Tasks.Task<System.Collections.Generic.List<Admin.NET.Core.JuAI.Service.ArticleOutput>>
      ┣ 最终类型：                  Admin.NET.Core.AdminResult<System.Object>
      ┣ 最终返回值：                {"code":200,"type":"success","message":"","result":[{"id":"14215981060677","title":"测试一个样式试试。。哈哈","html":"<p>大量减少离开</p><blockquote>第三方顺德府阿斯顿</blockquote><hr/><p>时间快</p><pre><code class=\"language-csharp\">烦烦烦烦烦烦\r\n顺德府阿斯蒂芬\r\n哈哈哈数据库的\r\nhahhahhkjsd </code></pre><table style=\"width: auto;\"><tbody><tr><th colSpan=\"1\" rowSpan=\"1\" width=\"auto\"></th><th colSpan=\"1\" rowSpan=\"1\" width=\"auto\"></th><th colSpan=\"1\" rowSpan=\"1\" width=\"auto\"></th><th colSpan=\"1\" rowSpan=\"1\" width=\"a
      ┗━━━━━━━━━━━  Logging Monitor ━━━━━━━━━━━
info: 2023-08-28 21:42:58.8916107 +08:00 星期一 L System.Logging.LoggingMonitor[0] #43
      [System.Private.CoreLib.dll] void System.Runtime.CompilerServices.AsyncMethodBuilderCore.Start<TStateMachine>(ref TStateMachine stateMachine)
      ┏━━━━━━━━━━━  Logging Monitor ━━━━━━━━━━━
      ┣ Admin.NET.Core.JuAI.Service.UserService.GetActiveUsers
      ┣ 
      ┣ 控制器名称：       UserService
      ┣ 操作名称：         GetActiveUsers
      ┣ 显示名称：         活跃用户
      ┣ 路由信息：         [area]: ; [controller]: user; [action]: activeUsers
      ┣ 请求方式：         GET
      ┣ 请求地址：         http://localhost:5005/api/User/ActiveUsers
      ┣ 来源地址：         http://localhost:19991/
      ┣ 请求端源：         client
      ┣ 浏览器标识：       Mozilla/5.0 (Windows NT 10.0; Win64; x64) AppleWebKit/537.36 (KHTML, like Gecko) Chrome/116.0.0.0 Safari/537.36
      ┣ 客户端区域语言：   zh-CN,zh;q=0.9
      ┣ 客户端 IP 地址：   0.0.0.1
      ┣ 服务端 IP 地址：   0.0.0.1
      ┣ 客户端连接 ID：    00-7209a153c9f5882c1fec886ab934b9e2-638a9317a2e7c18f-00
      ┣ 服务线程 ID：      #43
      ┣ 执行耗时：         61ms
      ┣ ━━━━━━━━━━━━━━━  Cookies ━━━━━━━━━━━━━━━
      ┣ 请求端：           
      ┣ 响应端：           
      ┣ ━━━━━━━━━━━━━━━  系统信息 ━━━━━━━━━━━━━━━
      ┣ 系统名称：         Microsoft Windows 10.0.19044
      ┣ 系统架构：         X64
      ┣ 基础框架：         Furion.Pure v4.8.8.41
      ┣ .NET 架构：        .NET 6.0.16
      ┣ ━━━━━━━━━━━━━━━  启动信息 ━━━━━━━━━━━━━━━
      ┣ 运行环境：         Production
      ┣ 启动程序集：       Admin.NET.Web.Entry
      ┣ 进程名称：         Admin.NET.Web.Entry
      ┣ 托管程序：         Kestrel
      ┣ ━━━━━━━━━━━━━━━  返回信息 ━━━━━━━━━━━━━━━
      ┣ HTTP响应状态码：   200
      ┣ 原始类型：         System.Collections.Generic.IList<Admin.NET.Core.JuAI.Service.UserInfoOutput>
      ┣ 最终类型：         Admin.NET.Core.AdminResult<System.Object>
      ┣ 最终返回值：       {"code":200,"type":"success","message":"","result":[{"nickName":"聚AI_6045","avatar":"Upload/Avatar/14194583407941.jpg","id":"14005826358213"},{"nickName":"聚AI_6045","avatar":null,"id":"14005810391877"},{"nickName":"聚AI_6045","avatar":null,"id":"13727127390021"},{"nickName":"聚AI_6047","avatar":null,"id":"13763405483077"},{"nickName":"聚AI_6046","avatar":null,"id":"13763350061253"}],"extras":null,"time":"2023-08-28T21:42:58.8873451+08:00"}
      ┗━━━━━━━━━━━  Logging Monitor ━━━━━━━━━━━
info: 2023-08-28 21:42:58.9087090 +08:00 星期一 L System.Logging.LoggingMonitor[0] #60
      [System.Private.CoreLib.dll] void System.Runtime.CompilerServices.AsyncMethodBuilderCore.Start<TStateMachine>(ref TStateMachine stateMachine)
      ┏━━━━━━━━━━━  Logging Monitor ━━━━━━━━━━━
      ┣ Admin.NET.Core.JuAI.Service.UpgradeService.GetNewst
      ┣ 
      ┣ 控制器名称：       UpgradeService
      ┣ 操作名称：         GetNewst
      ┣ 显示名称：         
      ┣ 路由信息：         [area]: ; [controller]: upgrade; [action]: newst
      ┣ 请求方式：         GET
      ┣ 请求地址：         http://localhost:5005/api/upgrade/newst
      ┣ 来源地址：         http://localhost:19991/
      ┣ 请求端源：         client
      ┣ 浏览器标识：       Mozilla/5.0 (Windows NT 10.0; Win64; x64) AppleWebKit/537.36 (KHTML, like Gecko) Chrome/116.0.0.0 Safari/537.36
      ┣ 客户端区域语言：   zh-CN,zh;q=0.9
      ┣ 客户端 IP 地址：   0.0.0.1
      ┣ 服务端 IP 地址：   0.0.0.1
      ┣ 客户端连接 ID：    00-90e08945cfa9609b3feebb4b1aef6123-eee1bbb982b27677-00
      ┣ 服务线程 ID：      #60
      ┣ 执行耗时：         73ms
      ┣ ━━━━━━━━━━━━━━━  Cookies ━━━━━━━━━━━━━━━
      ┣ 请求端：           
      ┣ 响应端：           
      ┣ ━━━━━━━━━━━━━━━  系统信息 ━━━━━━━━━━━━━━━
      ┣ 系统名称：         Microsoft Windows 10.0.19044
      ┣ 系统架构：         X64
      ┣ 基础框架：         Furion.Pure v4.8.8.41
      ┣ .NET 架构：        .NET 6.0.16
      ┣ ━━━━━━━━━━━━━━━  启动信息 ━━━━━━━━━━━━━━━
      ┣ 运行环境：         Production
      ┣ 启动程序集：       Admin.NET.Web.Entry
      ┣ 进程名称：         Admin.NET.Web.Entry
      ┣ 托管程序：         Kestrel
      ┣ ━━━━━━━━━━━━━━━  返回信息 ━━━━━━━━━━━━━━━
      ┣ HTTP响应状态码：   200
      ┣ 原始类型：         Admin.NET.Core.JuAI.AppUpgrade
      ┣ 最终类型：         Admin.NET.Core.AdminResult<System.Object>
      ┣ 最终返回值：       {"code":200,"type":"success","message":"","result":{"version":"2.12.3","desc":"修复聊天不显示","isForceUpdate":true,"isClearCache":true,"createOrgId":null,"createTime":"2023-08-08T22:29:38","updateTime":"2023-08-08T22:14:27","createUserId":null,"updateUserId":null,"isDelete":false,"id":"3334"},"extras":null,"time":"2023-08-28T21:42:58.9040054+08:00"}
      ┗━━━━━━━━━━━  Logging Monitor ━━━━━━━━━━━
info: 2023-08-28 21:42:59.0542785 +08:00 星期一 L System.Logging.LoggingMonitor[0] #58
      [System.Private.CoreLib.dll] void System.Runtime.CompilerServices.AsyncTaskMethodBuilder<TResult>+AsyncStateMachineBox<TStateMachine>.MoveNext(Thread threadPoolThread)
      ┏━━━━━━━━━━━  Logging Monitor ━━━━━━━━━━━
      ┣ Admin.NET.Core.JuAI.Service.ArticleService.GetRecommend
      ┣ 
      ┣ 控制器名称：       ArticleService
      ┣ 操作名称：         GetRecommend
      ┣ 显示名称：         
      ┣ 路由信息：         [area]: ; [controller]: article; [action]: recommend
      ┣ 请求方式：         GET
      ┣ 请求地址：         http://localhost:5005/api/article/recommend
      ┣ 来源地址：         http://localhost:19991/
      ┣ 请求端源：         client
      ┣ 浏览器标识：       Mozilla/5.0 (Windows NT 10.0; Win64; x64) AppleWebKit/537.36 (KHTML, like Gecko) Chrome/116.0.0.0 Safari/537.36
      ┣ 客户端区域语言：   zh-CN,zh;q=0.9
      ┣ 客户端 IP 地址：   0.0.0.1
      ┣ 服务端 IP 地址：   0.0.0.1
      ┣ 客户端连接 ID：    00-9a162b8b8311136b13a0488f3fc74062-ddf0d23fd223b25b-00
      ┣ 服务线程 ID：      #48
      ┣ 执行耗时：         221ms
      ┣ ━━━━━━━━━━━━━━━  Cookies ━━━━━━━━━━━━━━━
      ┣ 请求端：           
      ┣ 响应端：           
      ┣ ━━━━━━━━━━━━━━━  系统信息 ━━━━━━━━━━━━━━━
      ┣ 系统名称：         Microsoft Windows 10.0.19044
      ┣ 系统架构：         X64
      ┣ 基础框架：         Furion.Pure v4.8.8.41
      ┣ .NET 架构：        .NET 6.0.16
      ┣ ━━━━━━━━━━━━━━━  启动信息 ━━━━━━━━━━━━━━━
      ┣ 运行环境：         Production
      ┣ 启动程序集：       Admin.NET.Web.Entry
      ┣ 进程名称：         Admin.NET.Web.Entry
      ┣ 托管程序：         Kestrel
      ┣ ━━━━━━━━━━━━━━━  返回信息 ━━━━━━━━━━━━━━━
      ┣ HTTP响应状态码：   200
      ┣ 原始类型：         System.Threading.Tasks.Task<System.Collections.Generic.List<Admin.NET.Core.JuAI.Service.ArticleSiderOutput>>
      ┣ 最终类型：         Admin.NET.Core.AdminResult<System.Object>
      ┣ 最终返回值：       {"code":200,"type":"success","message":"","result":[{"id":"14215981060677","title":"测试一个样式试试。。哈哈"},{"id":"14194109678917","title":"测试第一个抓烂拉了进来"},{"id":"14127539556677","title":"两个图片测试呢。"},{"id":"14127533953093","title":"设置一下图片和视频试一试呢。。哈哈"},{"id":"14127509730629","title":"一个视频和两个图片"},{"id":"14127478756933","title":"考了几分离开的分析来看都分割"},{"id":"14127257110597","title":"测试一个视频和图片功能看好不好呀"},{"id":"14084316607813","title":"111111111111111"},{"id":"14084262750277","title":"wangEditor 粘贴从 word 复制的带图片内容的最"},{
      ┗━━━━━━━━━━━  Logging Monitor ━━━━━━━━━━━
info: 2023-08-28 21:43:01.5189003 +08:00 星期一 L System.Logging.LoggingMonitor[0] #43
      [System.Private.CoreLib.dll] void System.Runtime.CompilerServices.AsyncMethodBuilderCore.Start<TStateMachine>(ref TStateMachine stateMachine)
      ┏━━━━━━━━━━━  Logging Monitor ━━━━━━━━━━━
      ┣ Admin.NET.Core.JuAI.Service.UpgradeService.GetNewst
      ┣ 
      ┣ 控制器名称：       UpgradeService
      ┣ 操作名称：         GetNewst
      ┣ 显示名称：         
      ┣ 路由信息：         [area]: ; [controller]: upgrade; [action]: newst
      ┣ 请求方式：         GET
      ┣ 请求地址：         http://localhost:5005/api/upgrade/newst
      ┣ 来源地址：         http://localhost:19991/
      ┣ 请求端源：         client
      ┣ 浏览器标识：       Mozilla/5.0 (Windows NT 10.0; Win64; x64) AppleWebKit/537.36 (KHTML, like Gecko) Chrome/116.0.0.0 Safari/537.36
      ┣ 客户端区域语言：   zh-CN,zh;q=0.9
      ┣ 客户端 IP 地址：   0.0.0.1
      ┣ 服务端 IP 地址：   0.0.0.1
      ┣ 客户端连接 ID：    00-bcc647b267e4aec1a354ee72df7499ef-90523594e6146e62-00
      ┣ 服务线程 ID：      #43
      ┣ 执行耗时：         77ms
      ┣ ━━━━━━━━━━━━━━━  Cookies ━━━━━━━━━━━━━━━
      ┣ 请求端：           
      ┣ 响应端：           
      ┣ ━━━━━━━━━━━━━━━  系统信息 ━━━━━━━━━━━━━━━
      ┣ 系统名称：         Microsoft Windows 10.0.19044
      ┣ 系统架构：         X64
      ┣ 基础框架：         Furion.Pure v4.8.8.41
      ┣ .NET 架构：        .NET 6.0.16
      ┣ ━━━━━━━━━━━━━━━  启动信息 ━━━━━━━━━━━━━━━
      ┣ 运行环境：         Production
      ┣ 启动程序集：       Admin.NET.Web.Entry
      ┣ 进程名称：         Admin.NET.Web.Entry
      ┣ 托管程序：         Kestrel
      ┣ ━━━━━━━━━━━━━━━  返回信息 ━━━━━━━━━━━━━━━
      ┣ HTTP响应状态码：   200
      ┣ 原始类型：         Admin.NET.Core.JuAI.AppUpgrade
      ┣ 最终类型：         Admin.NET.Core.AdminResult<System.Object>
      ┣ 最终返回值：       {"code":200,"type":"success","message":"","result":{"version":"2.12.3","desc":"修复聊天不显示","isForceUpdate":true,"isClearCache":true,"createOrgId":null,"createTime":"2023-08-08T22:29:38","updateTime":"2023-08-08T22:14:27","createUserId":null,"updateUserId":null,"isDelete":false,"id":"3334"},"extras":null,"time":"2023-08-28T21:43:01.5091186+08:00"}
      ┗━━━━━━━━━━━  Logging Monitor ━━━━━━━━━━━
info: 2023-08-28 21:43:01.5311331 +08:00 星期一 L System.Logging.LoggingMonitor[0] #48
      [System.Private.CoreLib.dll] void System.Runtime.CompilerServices.AsyncMethodBuilderCore.Start<TStateMachine>(ref TStateMachine stateMachine)
      ┏━━━━━━━━━━━  Logging Monitor ━━━━━━━━━━━
      ┣ Admin.NET.Core.JuAI.Service.UserService.GetActiveUsers
      ┣ 
      ┣ 控制器名称：       UserService
      ┣ 操作名称：         GetActiveUsers
      ┣ 显示名称：         活跃用户
      ┣ 路由信息：         [area]: ; [controller]: user; [action]: activeUsers
      ┣ 请求方式：         GET
      ┣ 请求地址：         http://localhost:5005/api/User/ActiveUsers
      ┣ 来源地址：         http://localhost:19991/
      ┣ 请求端源：         client
      ┣ 浏览器标识：       Mozilla/5.0 (Windows NT 10.0; Win64; x64) AppleWebKit/537.36 (KHTML, like Gecko) Chrome/116.0.0.0 Safari/537.36
      ┣ 客户端区域语言：   zh-CN,zh;q=0.9
      ┣ 客户端 IP 地址：   0.0.0.1
      ┣ 服务端 IP 地址：   0.0.0.1
      ┣ 客户端连接 ID：    00-1cd70c881d8a8c78a6181611f62baea8-1d195339ac0e8c60-00
      ┣ 服务线程 ID：      #48
      ┣ 执行耗时：         96ms
      ┣ ━━━━━━━━━━━━━━━  Cookies ━━━━━━━━━━━━━━━
      ┣ 请求端：           
      ┣ 响应端：           
      ┣ ━━━━━━━━━━━━━━━  系统信息 ━━━━━━━━━━━━━━━
      ┣ 系统名称：         Microsoft Windows 10.0.19044
      ┣ 系统架构：         X64
      ┣ 基础框架：         Furion.Pure v4.8.8.41
      ┣ .NET 架构：        .NET 6.0.16
      ┣ ━━━━━━━━━━━━━━━  启动信息 ━━━━━━━━━━━━━━━
      ┣ 运行环境：         Production
      ┣ 启动程序集：       Admin.NET.Web.Entry
      ┣ 进程名称：         Admin.NET.Web.Entry
      ┣ 托管程序：         Kestrel
      ┣ ━━━━━━━━━━━━━━━  返回信息 ━━━━━━━━━━━━━━━
      ┣ HTTP响应状态码：   200
      ┣ 原始类型：         System.Collections.Generic.IList<Admin.NET.Core.JuAI.Service.UserInfoOutput>
      ┣ 最终类型：         Admin.NET.Core.AdminResult<System.Object>
      ┣ 最终返回值：       {"code":200,"type":"success","message":"","result":[{"nickName":"聚AI_6045","avatar":"Upload/Avatar/14194583407941.jpg","id":"14005826358213"},{"nickName":"聚AI_6045","avatar":null,"id":"14005810391877"},{"nickName":"聚AI_6045","avatar":null,"id":"13727127390021"},{"nickName":"聚AI_6047","avatar":null,"id":"13763405483077"},{"nickName":"聚AI_6046","avatar":null,"id":"13763350061253"}],"extras":null,"time":"2023-08-28T21:43:01.527925+08:00"}
      ┗━━━━━━━━━━━  Logging Monitor ━━━━━━━━━━━
info: 2023-08-28 21:43:01.5163122 +08:00 星期一 L System.Logging.LoggingMonitor[0] #57
      [System.Private.CoreLib.dll] void System.Runtime.CompilerServices.AsyncTaskMethodBuilder<TResult>+AsyncStateMachineBox<TStateMachine>.MoveNext(Thread threadPoolThread)
      ┏━━━━━━━━━━━  Logging Monitor ━━━━━━━━━━━
      ┣ Admin.NET.Core.JuAI.Service.SpecialService.GetNewest
      ┣ 
      ┣ 控制器名称：                SpecialService
      ┣ 操作名称：                  GetNewest
      ┣ 显示名称：                  
      ┣ 路由信息：                  [area]: ; [controller]: special; [action]: newest
      ┣ 请求方式：                  GET
      ┣ 请求地址：                  http://localhost:5005/api/special/newest?minId=
      ┣ 来源地址：                  http://localhost:19991/
      ┣ 请求端源：                  client
      ┣ 浏览器标识：                Mozilla/5.0 (Windows NT 10.0; Win64; x64) AppleWebKit/537.36 (KHTML, like Gecko) Chrome/116.0.0.0 Safari/537.36
      ┣ 客户端区域语言：            zh-CN,zh;q=0.9
      ┣ 客户端 IP 地址：            0.0.0.1
      ┣ 服务端 IP 地址：            0.0.0.1
      ┣ 客户端连接 ID：             00-edf8bd871f6a35ea4c47cb46d759e9a5-192d76219bfb7c48-00
      ┣ 服务线程 ID：               #46
      ┣ 执行耗时：                  77ms
      ┣ ━━━━━━━━━━━━━━━  Cookies ━━━━━━━━━━━━━━━
      ┣ 请求端：                    
      ┣ 响应端：                    
      ┣ ━━━━━━━━━━━━━━━  系统信息 ━━━━━━━━━━━━━━━
      ┣ 系统名称：                  Microsoft Windows 10.0.19044
      ┣ 系统架构：                  X64
      ┣ 基础框架：                  Furion.Pure v4.8.8.41
      ┣ .NET 架构：                 .NET 6.0.16
      ┣ ━━━━━━━━━━━━━━━  启动信息 ━━━━━━━━━━━━━━━
      ┣ 运行环境：                  Production
      ┣ 启动程序集：                Admin.NET.Web.Entry
      ┣ 进程名称：                  Admin.NET.Web.Entry
      ┣ 托管程序：                  Kestrel
      ┣ ━━━━━━━━━━━━━━━  参数列表 ━━━━━━━━━━━━━━━
      ┣ Content-Type：              
      ┣ 
      ┣ minId (Nullable`1)：        
      ┣ ━━━━━━━━━━━━━━━  返回信息 ━━━━━━━━━━━━━━━
      ┣ HTTP响应状态码：            200
      ┣ 原始类型：                  System.Threading.Tasks.Task<System.Collections.Generic.IList<Admin.NET.Core.JuAI.Service.SpecialOutput>>
      ┣ 最终类型：                  Admin.NET.Core.AdminResult<System.Object>
      ┣ 最终返回值：                {"code":200,"type":"success","message":"","result":[{"id":"141254407701223","title":"抓烂22223","text":"就螺丝扣搭街坊立刻就333333","cover":"http://filetest.guxin.link/Special/2023/08/14125440695621.jpg","coverFile":null},{"id":"141242588270232","title":"第一个抓烂","text":"就开始大家和弗兰克沙龙的开发建设离开的顺德府顺德府手动","cover":"http://filetest.guxin.link/Special/2023/08/14124258623685.jpg","coverFile":null},{"id":"141242586827023","title":"第一个抓烂","text":"就开始大家和弗兰克沙龙的开发建设离开的顺德府顺德府手动","cover":"http://filetest.guxin.link/Special/20
      ┗━━━━━━━━━━━  Logging Monitor ━━━━━━━━━━━
info: 2023-08-28 21:43:01.5203644 +08:00 星期一 L System.Logging.LoggingMonitor[0] #54
      [System.Private.CoreLib.dll] void System.Runtime.CompilerServices.AsyncTaskMethodBuilder<TResult>+AsyncStateMachineBox<TStateMachine>.MoveNext(Thread threadPoolThread)
      ┏━━━━━━━━━━━  Logging Monitor ━━━━━━━━━━━
      ┣ Admin.NET.Core.JuAI.Service.UserTokenService.GetIsQianDaoToday
      ┣ 
      ┣ 控制器名称：                   UserTokenService
      ┣ 操作名称：                     GetIsQianDaoToday
      ┣ 显示名称：                     
      ┣ 路由信息：                     [area]: ; [controller]: userToken; [action]: isQianDaoToday
      ┣ 请求方式：                     GET
      ┣ 请求地址：                     http://localhost:5005/api/userToken/isQianDaoToday
      ┣ 来源地址：                     http://localhost:19991/
      ┣ 请求端源：                     client
      ┣ 浏览器标识：                   Mozilla/5.0 (Windows NT 10.0; Win64; x64) AppleWebKit/537.36 (KHTML, like Gecko) Chrome/116.0.0.0 Safari/537.36
      ┣ 客户端区域语言：               zh-CN,zh;q=0.9
      ┣ 客户端 IP 地址：               0.0.0.1
      ┣ 服务端 IP 地址：               0.0.0.1
      ┣ 客户端连接 ID：                00-56ff06a01e90f81138b43daaa98917ba-3af98133faf353ab-00
      ┣ 服务线程 ID：                  #50
      ┣ 执行耗时：                     67ms
      ┣ ━━━━━━━━━━━━━━━  Cookies ━━━━━━━━━━━━━━━
      ┣ 请求端：                       
      ┣ 响应端：                       
      ┣ ━━━━━━━━━━━━━━━  系统信息 ━━━━━━━━━━━━━━━
      ┣ 系统名称：                     Microsoft Windows 10.0.19044
      ┣ 系统架构：                     X64
      ┣ 基础框架：                     Furion.Pure v4.8.8.41
      ┣ .NET 架构：                    .NET 6.0.16
      ┣ ━━━━━━━━━━━━━━━  启动信息 ━━━━━━━━━━━━━━━
      ┣ 运行环境：                     Production
      ┣ 启动程序集：                   Admin.NET.Web.Entry
      ┣ 进程名称：                     Admin.NET.Web.Entry
      ┣ 托管程序：                     Kestrel
      ┣ ━━━━━━━━━━━━━━━  授权信息 ━━━━━━━━━━━━━━━
      ┣ JWT Token：                    Bearer eyJhbGciOiJIUzI1NiIsInR5cCI6IkpXVCJ9.eyJVc2VySWQiOjE0MDA1ODI2MzU4MjEzLCJUZW5hbnRJZCI6MTMwMDAwMDAwMDAwMSwiQWNjb3VudCI6IjE4NjAwNzY2MDQ1IiwiTmlja05hbWUiOiLogZpBSV82MDQ1IiwiQWNjb3VudFR5cGUiOjAsImlhdCI6MTY5MzAzNzg0NiwibmJmIjoxNjkzMDM3ODQ2LCJleHAiOjE2OTM2NDI2NDYsImlzcyI6IkFkbWluLk5FVCIsImF1ZCI6IkFkbWluLk5FVCJ9.Pt3OMLor8iLzYQfEoREoKU3AxA0Ja7UX_Q2sCCdnGEw
      ┣ 
      ┣ UserId (integer64)：           14005826358213
      ┣ TenantId (integer64)：         1300000000001
      ┣ Account (string)：             18600766045
      ┣ NickName (string)：            聚AI_6045
      ┣ AccountType (integer)：        0
      ┣ iat (integer)：                1693037846 (2023-08-26 16:17:26:0000(+08:00) 星期六 L)
      ┣ nbf (integer)：                1693037846 (2023-08-26 16:17:26:0000(+08:00) 星期六 L)
      ┣ exp (integer)：                1693642646 (2023-09-02 16:17:26:0000(+08:00) 星期六 L)
      ┣ iss (string)：                 Admin.NET
      ┣ aud (string)：                 Admin.NET
      ┣ ━━━━━━━━━━━━━━━  返回信息 ━━━━━━━━━━━━━━━
      ┣ HTTP响应状态码：               200
      ┣ 原始类型：                     System.Threading.Tasks.Task<System.Boolean>
      ┣ 最终类型：                     Admin.NET.Core.AdminResult<System.Object>
      ┣ 最终返回值：                   {"code":200,"type":"success","message":"","result":false,"extras":null,"time":"2023-08-28T21:43:01.5159166+08:00"}
      ┗━━━━━━━━━━━  Logging Monitor ━━━━━━━━━━━
info: 2023-08-28 21:43:01.7430882 +08:00 星期一 L System.Logging.LoggingMonitor[0] #54
      [System.Private.CoreLib.dll] void System.Runtime.CompilerServices.AsyncTaskMethodBuilder<TResult>+AsyncStateMachineBox<TStateMachine>.MoveNext(Thread threadPoolThread)
      ┏━━━━━━━━━━━  Logging Monitor ━━━━━━━━━━━
      ┣ Admin.NET.Core.JuAI.Service.ArticleService.GetRecommend
      ┣ 
      ┣ 控制器名称：       ArticleService
      ┣ 操作名称：         GetRecommend
      ┣ 显示名称：         
      ┣ 路由信息：         [area]: ; [controller]: article; [action]: recommend
      ┣ 请求方式：         GET
      ┣ 请求地址：         http://localhost:5005/api/article/recommend
      ┣ 来源地址：         http://localhost:19991/
      ┣ 请求端源：         client
      ┣ 浏览器标识：       Mozilla/5.0 (Windows NT 10.0; Win64; x64) AppleWebKit/537.36 (KHTML, like Gecko) Chrome/116.0.0.0 Safari/537.36
      ┣ 客户端区域语言：   zh-CN,zh;q=0.9
      ┣ 客户端 IP 地址：   0.0.0.1
      ┣ 服务端 IP 地址：   0.0.0.1
      ┣ 客户端连接 ID：    00-128a721de857c338db6119ca168ec2eb-3a7e83ba215e3f5c-00
      ┣ 服务线程 ID：      #45
      ┣ 执行耗时：         307ms
      ┣ ━━━━━━━━━━━━━━━  Cookies ━━━━━━━━━━━━━━━
      ┣ 请求端：           
      ┣ 响应端：           
      ┣ ━━━━━━━━━━━━━━━  系统信息 ━━━━━━━━━━━━━━━
      ┣ 系统名称：         Microsoft Windows 10.0.19044
      ┣ 系统架构：         X64
      ┣ 基础框架：         Furion.Pure v4.8.8.41
      ┣ .NET 架构：        .NET 6.0.16
      ┣ ━━━━━━━━━━━━━━━  启动信息 ━━━━━━━━━━━━━━━
      ┣ 运行环境：         Production
      ┣ 启动程序集：       Admin.NET.Web.Entry
      ┣ 进程名称：         Admin.NET.Web.Entry
      ┣ 托管程序：         Kestrel
      ┣ ━━━━━━━━━━━━━━━  返回信息 ━━━━━━━━━━━━━━━
      ┣ HTTP响应状态码：   200
      ┣ 原始类型：         System.Threading.Tasks.Task<System.Collections.Generic.List<Admin.NET.Core.JuAI.Service.ArticleSiderOutput>>
      ┣ 最终类型：         Admin.NET.Core.AdminResult<System.Object>
      ┣ 最终返回值：       {"code":200,"type":"success","message":"","result":[{"id":"14215981060677","title":"测试一个样式试试。。哈哈"},{"id":"14194109678917","title":"测试第一个抓烂拉了进来"},{"id":"14127539556677","title":"两个图片测试呢。"},{"id":"14127533953093","title":"设置一下图片和视频试一试呢。。哈哈"},{"id":"14127509730629","title":"一个视频和两个图片"},{"id":"14127478756933","title":"考了几分离开的分析来看都分割"},{"id":"14127257110597","title":"测试一个视频和图片功能看好不好呀"},{"id":"14084316607813","title":"111111111111111"},{"id":"14084262750277","title":"wangEditor 粘贴从 word 复制的带图片内容的最"},{
      ┗━━━━━━━━━━━  Logging Monitor ━━━━━━━━━━━
info: 2023-08-28 21:43:01.8049833 +08:00 星期一 L System.Logging.LoggingMonitor[0] #54
      [System.Private.CoreLib.dll] void System.Runtime.CompilerServices.AsyncTaskMethodBuilder<TResult>+AsyncStateMachineBox<TStateMachine>.MoveNext(Thread threadPoolThread)
      ┏━━━━━━━━━━━  Logging Monitor ━━━━━━━━━━━
      ┣ Admin.NET.Core.JuAI.Service.ArticleService.GetNewest
      ┣ 
      ┣ 控制器名称：                ArticleService
      ┣ 操作名称：                  GetNewest
      ┣ 显示名称：                  
      ┣ 路由信息：                  [area]: ; [controller]: article; [action]: newest
      ┣ 请求方式：                  GET
      ┣ 请求地址：                  http://localhost:5005/api/article/newest?minId=
      ┣ 来源地址：                  http://localhost:19991/
      ┣ 请求端源：                  client
      ┣ 浏览器标识：                Mozilla/5.0 (Windows NT 10.0; Win64; x64) AppleWebKit/537.36 (KHTML, like Gecko) Chrome/116.0.0.0 Safari/537.36
      ┣ 客户端区域语言：            zh-CN,zh;q=0.9
      ┣ 客户端 IP 地址：            0.0.0.1
      ┣ 服务端 IP 地址：            0.0.0.1
      ┣ 客户端连接 ID：             00-20b640bc92c110744fd9166a35ac4e2e-ce01c66ec4bd56eb-00
      ┣ 服务线程 ID：               #23
      ┣ 执行耗时：                  369ms
      ┣ ━━━━━━━━━━━━━━━  Cookies ━━━━━━━━━━━━━━━
      ┣ 请求端：                    
      ┣ 响应端：                    
      ┣ ━━━━━━━━━━━━━━━  系统信息 ━━━━━━━━━━━━━━━
      ┣ 系统名称：                  Microsoft Windows 10.0.19044
      ┣ 系统架构：                  X64
      ┣ 基础框架：                  Furion.Pure v4.8.8.41
      ┣ .NET 架构：                 .NET 6.0.16
      ┣ ━━━━━━━━━━━━━━━  启动信息 ━━━━━━━━━━━━━━━
      ┣ 运行环境：                  Production
      ┣ 启动程序集：                Admin.NET.Web.Entry
      ┣ 进程名称：                  Admin.NET.Web.Entry
      ┣ 托管程序：                  Kestrel
      ┣ ━━━━━━━━━━━━━━━  参数列表 ━━━━━━━━━━━━━━━
      ┣ Content-Type：              
      ┣ 
      ┣ minId (Nullable`1)：        
      ┣ ━━━━━━━━━━━━━━━  返回信息 ━━━━━━━━━━━━━━━
      ┣ HTTP响应状态码：            200
      ┣ 原始类型：                  System.Threading.Tasks.Task<System.Collections.Generic.List<Admin.NET.Core.JuAI.Service.ArticleOutput>>
      ┣ 最终类型：                  Admin.NET.Core.AdminResult<System.Object>
      ┣ 最终返回值：                {"code":200,"type":"success","message":"","result":[{"id":"14215981060677","title":"测试一个样式试试。。哈哈","html":"<p>大量减少离开</p><blockquote>第三方顺德府阿斯顿</blockquote><hr/><p>时间快</p><pre><code class=\"language-csharp\">烦烦烦烦烦烦\r\n顺德府阿斯蒂芬\r\n哈哈哈数据库的\r\nhahhahhkjsd </code></pre><table style=\"width: auto;\"><tbody><tr><th colSpan=\"1\" rowSpan=\"1\" width=\"auto\"></th><th colSpan=\"1\" rowSpan=\"1\" width=\"auto\"></th><th colSpan=\"1\" rowSpan=\"1\" width=\"auto\"></th><th colSpan=\"1\" rowSpan=\"1\" width=\"a
      ┗━━━━━━━━━━━  Logging Monitor ━━━━━━━━━━━
info: 2023-08-28 21:43:35.5383147 +08:00 星期一 L System.Logging.LoggingMonitor[0] #41
      [System.Private.CoreLib.dll] void System.Runtime.CompilerServices.AsyncMethodBuilderCore.Start<TStateMachine>(ref TStateMachine stateMachine)
      ┏━━━━━━━━━━━  Logging Monitor ━━━━━━━━━━━
      ┣ Admin.NET.Core.JuAI.Service.UpgradeService.GetNewst
      ┣ 
      ┣ 控制器名称：       UpgradeService
      ┣ 操作名称：         GetNewst
      ┣ 显示名称：         
      ┣ 路由信息：         [area]: ; [controller]: upgrade; [action]: newst
      ┣ 请求方式：         GET
      ┣ 请求地址：         http://localhost:5005/api/upgrade/newst
      ┣ 来源地址：         http://localhost:19991/
      ┣ 请求端源：         client
      ┣ 浏览器标识：       Mozilla/5.0 (Windows NT 10.0; Win64; x64) AppleWebKit/537.36 (KHTML, like Gecko) Chrome/116.0.0.0 Safari/537.36
      ┣ 客户端区域语言：   zh-CN,zh;q=0.9
      ┣ 客户端 IP 地址：   0.0.0.1
      ┣ 服务端 IP 地址：   0.0.0.1
      ┣ 客户端连接 ID：    00-90afd462461cf6e9ccb1be2a7f26dc7f-6163dd7bd0ece3ef-00
      ┣ 服务线程 ID：      #41
      ┣ 执行耗时：         63ms
      ┣ ━━━━━━━━━━━━━━━  Cookies ━━━━━━━━━━━━━━━
      ┣ 请求端：           
      ┣ 响应端：           
      ┣ ━━━━━━━━━━━━━━━  系统信息 ━━━━━━━━━━━━━━━
      ┣ 系统名称：         Microsoft Windows 10.0.19044
      ┣ 系统架构：         X64
      ┣ 基础框架：         Furion.Pure v4.8.8.41
      ┣ .NET 架构：        .NET 6.0.16
      ┣ ━━━━━━━━━━━━━━━  启动信息 ━━━━━━━━━━━━━━━
      ┣ 运行环境：         Production
      ┣ 启动程序集：       Admin.NET.Web.Entry
      ┣ 进程名称：         Admin.NET.Web.Entry
      ┣ 托管程序：         Kestrel
      ┣ ━━━━━━━━━━━━━━━  返回信息 ━━━━━━━━━━━━━━━
      ┣ HTTP响应状态码：   200
      ┣ 原始类型：         Admin.NET.Core.JuAI.AppUpgrade
      ┣ 最终类型：         Admin.NET.Core.AdminResult<System.Object>
      ┣ 最终返回值：       {"code":200,"type":"success","message":"","result":{"version":"2.12.3","desc":"修复聊天不显示","isForceUpdate":true,"isClearCache":true,"createOrgId":null,"createTime":"2023-08-08T22:29:38","updateTime":"2023-08-08T22:14:27","createUserId":null,"updateUserId":null,"isDelete":false,"id":"3334"},"extras":null,"time":"2023-08-28T21:43:35.5351603+08:00"}
      ┗━━━━━━━━━━━  Logging Monitor ━━━━━━━━━━━
info: 2023-08-28 21:43:35.5555033 +08:00 星期一 L System.Logging.LoggingMonitor[0] #23
      [System.Private.CoreLib.dll] void System.Runtime.CompilerServices.AsyncMethodBuilderCore.Start<TStateMachine>(ref TStateMachine stateMachine)
      ┏━━━━━━━━━━━  Logging Monitor ━━━━━━━━━━━
      ┣ Admin.NET.Core.JuAI.Service.UserService.GetActiveUsers
      ┣ 
      ┣ 控制器名称：       UserService
      ┣ 操作名称：         GetActiveUsers
      ┣ 显示名称：         活跃用户
      ┣ 路由信息：         [area]: ; [controller]: user; [action]: activeUsers
      ┣ 请求方式：         GET
      ┣ 请求地址：         http://localhost:5005/api/User/ActiveUsers
      ┣ 来源地址：         http://localhost:19991/
      ┣ 请求端源：         client
      ┣ 浏览器标识：       Mozilla/5.0 (Windows NT 10.0; Win64; x64) AppleWebKit/537.36 (KHTML, like Gecko) Chrome/116.0.0.0 Safari/537.36
      ┣ 客户端区域语言：   zh-CN,zh;q=0.9
      ┣ 客户端 IP 地址：   0.0.0.1
      ┣ 服务端 IP 地址：   0.0.0.1
      ┣ 客户端连接 ID：    00-5744d32e569ddb4fe51562e3783858a3-da0d3ba6100e153f-00
      ┣ 服务线程 ID：      #23
      ┣ 执行耗时：         82ms
      ┣ ━━━━━━━━━━━━━━━  Cookies ━━━━━━━━━━━━━━━
      ┣ 请求端：           
      ┣ 响应端：           
      ┣ ━━━━━━━━━━━━━━━  系统信息 ━━━━━━━━━━━━━━━
      ┣ 系统名称：         Microsoft Windows 10.0.19044
      ┣ 系统架构：         X64
      ┣ 基础框架：         Furion.Pure v4.8.8.41
      ┣ .NET 架构：        .NET 6.0.16
      ┣ ━━━━━━━━━━━━━━━  启动信息 ━━━━━━━━━━━━━━━
      ┣ 运行环境：         Production
      ┣ 启动程序集：       Admin.NET.Web.Entry
      ┣ 进程名称：         Admin.NET.Web.Entry
      ┣ 托管程序：         Kestrel
      ┣ ━━━━━━━━━━━━━━━  返回信息 ━━━━━━━━━━━━━━━
      ┣ HTTP响应状态码：   200
      ┣ 原始类型：         System.Collections.Generic.IList<Admin.NET.Core.JuAI.Service.UserInfoOutput>
      ┣ 最终类型：         Admin.NET.Core.AdminResult<System.Object>
      ┣ 最终返回值：       {"code":200,"type":"success","message":"","result":[{"nickName":"聚AI_6045","avatar":"Upload/Avatar/14194583407941.jpg","id":"14005826358213"},{"nickName":"聚AI_6045","avatar":null,"id":"14005810391877"},{"nickName":"聚AI_6045","avatar":null,"id":"13727127390021"},{"nickName":"聚AI_6047","avatar":null,"id":"13763405483077"},{"nickName":"聚AI_6046","avatar":null,"id":"13763350061253"}],"extras":null,"time":"2023-08-28T21:43:35.5512593+08:00"}
      ┗━━━━━━━━━━━  Logging Monitor ━━━━━━━━━━━
info: 2023-08-28 21:43:35.5428073 +08:00 星期一 L System.Logging.LoggingMonitor[0] #36
      [System.Private.CoreLib.dll] void System.Runtime.CompilerServices.AsyncTaskMethodBuilder<TResult>+AsyncStateMachineBox<TStateMachine>.MoveNext(Thread threadPoolThread)
      ┏━━━━━━━━━━━  Logging Monitor ━━━━━━━━━━━
      ┣ Admin.NET.Core.JuAI.Service.UserTokenService.GetIsQianDaoToday
      ┣ 
      ┣ 控制器名称：                   UserTokenService
      ┣ 操作名称：                     GetIsQianDaoToday
      ┣ 显示名称：                     
      ┣ 路由信息：                     [area]: ; [controller]: userToken; [action]: isQianDaoToday
      ┣ 请求方式：                     GET
      ┣ 请求地址：                     http://localhost:5005/api/userToken/isQianDaoToday
      ┣ 来源地址：                     http://localhost:19991/
      ┣ 请求端源：                     client
      ┣ 浏览器标识：                   Mozilla/5.0 (Windows NT 10.0; Win64; x64) AppleWebKit/537.36 (KHTML, like Gecko) Chrome/116.0.0.0 Safari/537.36
      ┣ 客户端区域语言：               zh-CN,zh;q=0.9
      ┣ 客户端 IP 地址：               0.0.0.1
      ┣ 服务端 IP 地址：               0.0.0.1
      ┣ 客户端连接 ID：                00-0ba203f2b8d75ec9b9e40fa1815747a4-dd809d42d4d6489e-00
      ┣ 服务线程 ID：                  #32
      ┣ 执行耗时：                     57ms
      ┣ ━━━━━━━━━━━━━━━  Cookies ━━━━━━━━━━━━━━━
      ┣ 请求端：                       
      ┣ 响应端：                       
      ┣ ━━━━━━━━━━━━━━━  系统信息 ━━━━━━━━━━━━━━━
      ┣ 系统名称：                     Microsoft Windows 10.0.19044
      ┣ 系统架构：                     X64
      ┣ 基础框架：                     Furion.Pure v4.8.8.41
      ┣ .NET 架构：                    .NET 6.0.16
      ┣ ━━━━━━━━━━━━━━━  启动信息 ━━━━━━━━━━━━━━━
      ┣ 运行环境：                     Production
      ┣ 启动程序集：                   Admin.NET.Web.Entry
      ┣ 进程名称：                     Admin.NET.Web.Entry
      ┣ 托管程序：                     Kestrel
      ┣ ━━━━━━━━━━━━━━━  授权信息 ━━━━━━━━━━━━━━━
      ┣ JWT Token：                    Bearer eyJhbGciOiJIUzI1NiIsInR5cCI6IkpXVCJ9.eyJVc2VySWQiOjE0MDA1ODI2MzU4MjEzLCJUZW5hbnRJZCI6MTMwMDAwMDAwMDAwMSwiQWNjb3VudCI6IjE4NjAwNzY2MDQ1IiwiTmlja05hbWUiOiLogZpBSV82MDQ1IiwiQWNjb3VudFR5cGUiOjAsImlhdCI6MTY5MzAzNzg0NiwibmJmIjoxNjkzMDM3ODQ2LCJleHAiOjE2OTM2NDI2NDYsImlzcyI6IkFkbWluLk5FVCIsImF1ZCI6IkFkbWluLk5FVCJ9.Pt3OMLor8iLzYQfEoREoKU3AxA0Ja7UX_Q2sCCdnGEw
      ┣ 
      ┣ UserId (integer64)：           14005826358213
      ┣ TenantId (integer64)：         1300000000001
      ┣ Account (string)：             18600766045
      ┣ NickName (string)：            聚AI_6045
      ┣ AccountType (integer)：        0
      ┣ iat (integer)：                1693037846 (2023-08-26 16:17:26:0000(+08:00) 星期六 L)
      ┣ nbf (integer)：                1693037846 (2023-08-26 16:17:26:0000(+08:00) 星期六 L)
      ┣ exp (integer)：                1693642646 (2023-09-02 16:17:26:0000(+08:00) 星期六 L)
      ┣ iss (string)：                 Admin.NET
      ┣ aud (string)：                 Admin.NET
      ┣ ━━━━━━━━━━━━━━━  返回信息 ━━━━━━━━━━━━━━━
      ┣ HTTP响应状态码：               200
      ┣ 原始类型：                     System.Threading.Tasks.Task<System.Boolean>
      ┣ 最终类型：                     Admin.NET.Core.AdminResult<System.Object>
      ┣ 最终返回值：                   {"code":200,"type":"success","message":"","result":false,"extras":null,"time":"2023-08-28T21:43:35.5391566+08:00"}
      ┗━━━━━━━━━━━  Logging Monitor ━━━━━━━━━━━
info: 2023-08-28 21:43:35.5506266 +08:00 星期一 L System.Logging.LoggingMonitor[0] #21
      [System.Private.CoreLib.dll] void System.Runtime.CompilerServices.AsyncTaskMethodBuilder<TResult>+AsyncStateMachineBox<TStateMachine>.MoveNext(Thread threadPoolThread)
      ┏━━━━━━━━━━━  Logging Monitor ━━━━━━━━━━━
      ┣ Admin.NET.Core.JuAI.Service.SpecialService.GetNewest
      ┣ 
      ┣ 控制器名称：                SpecialService
      ┣ 操作名称：                  GetNewest
      ┣ 显示名称：                  
      ┣ 路由信息：                  [area]: ; [controller]: special; [action]: newest
      ┣ 请求方式：                  GET
      ┣ 请求地址：                  http://localhost:5005/api/special/newest?minId=
      ┣ 来源地址：                  http://localhost:19991/
      ┣ 请求端源：                  client
      ┣ 浏览器标识：                Mozilla/5.0 (Windows NT 10.0; Win64; x64) AppleWebKit/537.36 (KHTML, like Gecko) Chrome/116.0.0.0 Safari/537.36
      ┣ 客户端区域语言：            zh-CN,zh;q=0.9
      ┣ 客户端 IP 地址：            0.0.0.1
      ┣ 服务端 IP 地址：            0.0.0.1
      ┣ 客户端连接 ID：             00-e60ecd93bc51620a504dfdd3f6220f59-18fb9778d45c9525-00
      ┣ 服务线程 ID：               #49
      ┣ 执行耗时：                  78ms
      ┣ ━━━━━━━━━━━━━━━  Cookies ━━━━━━━━━━━━━━━
      ┣ 请求端：                    
      ┣ 响应端：                    
      ┣ ━━━━━━━━━━━━━━━  系统信息 ━━━━━━━━━━━━━━━
      ┣ 系统名称：                  Microsoft Windows 10.0.19044
      ┣ 系统架构：                  X64
      ┣ 基础框架：                  Furion.Pure v4.8.8.41
      ┣ .NET 架构：                 .NET 6.0.16
      ┣ ━━━━━━━━━━━━━━━  启动信息 ━━━━━━━━━━━━━━━
      ┣ 运行环境：                  Production
      ┣ 启动程序集：                Admin.NET.Web.Entry
      ┣ 进程名称：                  Admin.NET.Web.Entry
      ┣ 托管程序：                  Kestrel
      ┣ ━━━━━━━━━━━━━━━  参数列表 ━━━━━━━━━━━━━━━
      ┣ Content-Type：              
      ┣ 
      ┣ minId (Nullable`1)：        
      ┣ ━━━━━━━━━━━━━━━  返回信息 ━━━━━━━━━━━━━━━
      ┣ HTTP响应状态码：            200
      ┣ 原始类型：                  System.Threading.Tasks.Task<System.Collections.Generic.IList<Admin.NET.Core.JuAI.Service.SpecialOutput>>
      ┣ 最终类型：                  Admin.NET.Core.AdminResult<System.Object>
      ┣ 最终返回值：                {"code":200,"type":"success","message":"","result":[{"id":"141254407701223","title":"抓烂22223","text":"就螺丝扣搭街坊立刻就333333","cover":"http://filetest.guxin.link/Special/2023/08/14125440695621.jpg","coverFile":null},{"id":"141242588270232","title":"第一个抓烂","text":"就开始大家和弗兰克沙龙的开发建设离开的顺德府顺德府手动","cover":"http://filetest.guxin.link/Special/2023/08/14124258623685.jpg","coverFile":null},{"id":"141242586827023","title":"第一个抓烂","text":"就开始大家和弗兰克沙龙的开发建设离开的顺德府顺德府手动","cover":"http://filetest.guxin.link/Special/20
      ┗━━━━━━━━━━━  Logging Monitor ━━━━━━━━━━━
info: 2023-08-28 21:43:35.6703542 +08:00 星期一 L System.Logging.LoggingMonitor[0] #21
      [System.Private.CoreLib.dll] void System.Runtime.CompilerServices.AsyncTaskMethodBuilder<TResult>+AsyncStateMachineBox<TStateMachine>.MoveNext(Thread threadPoolThread)
      ┏━━━━━━━━━━━  Logging Monitor ━━━━━━━━━━━
      ┣ Admin.NET.Core.JuAI.Service.ArticleService.GetNewest
      ┣ 
      ┣ 控制器名称：                ArticleService
      ┣ 操作名称：                  GetNewest
      ┣ 显示名称：                  
      ┣ 路由信息：                  [area]: ; [controller]: article; [action]: newest
      ┣ 请求方式：                  GET
      ┣ 请求地址：                  http://localhost:5005/api/article/newest?minId=
      ┣ 来源地址：                  http://localhost:19991/
      ┣ 请求端源：                  client
      ┣ 浏览器标识：                Mozilla/5.0 (Windows NT 10.0; Win64; x64) AppleWebKit/537.36 (KHTML, like Gecko) Chrome/116.0.0.0 Safari/537.36
      ┣ 客户端区域语言：            zh-CN,zh;q=0.9
      ┣ 客户端 IP 地址：            0.0.0.1
      ┣ 服务端 IP 地址：            0.0.0.1
      ┣ 客户端连接 ID：             00-af88bb241cc9f8f83795305a8ce150f8-d534dd3003bf1093-00
      ┣ 服务线程 ID：               #46
      ┣ 执行耗时：                  195ms
      ┣ ━━━━━━━━━━━━━━━  Cookies ━━━━━━━━━━━━━━━
      ┣ 请求端：                    
      ┣ 响应端：                    
      ┣ ━━━━━━━━━━━━━━━  系统信息 ━━━━━━━━━━━━━━━
      ┣ 系统名称：                  Microsoft Windows 10.0.19044
      ┣ 系统架构：                  X64
      ┣ 基础框架：                  Furion.Pure v4.8.8.41
      ┣ .NET 架构：                 .NET 6.0.16
      ┣ ━━━━━━━━━━━━━━━  启动信息 ━━━━━━━━━━━━━━━
      ┣ 运行环境：                  Production
      ┣ 启动程序集：                Admin.NET.Web.Entry
      ┣ 进程名称：                  Admin.NET.Web.Entry
      ┣ 托管程序：                  Kestrel
      ┣ ━━━━━━━━━━━━━━━  参数列表 ━━━━━━━━━━━━━━━
      ┣ Content-Type：              
      ┣ 
      ┣ minId (Nullable`1)：        
      ┣ ━━━━━━━━━━━━━━━  返回信息 ━━━━━━━━━━━━━━━
      ┣ HTTP响应状态码：            200
      ┣ 原始类型：                  System.Threading.Tasks.Task<System.Collections.Generic.List<Admin.NET.Core.JuAI.Service.ArticleOutput>>
      ┣ 最终类型：                  Admin.NET.Core.AdminResult<System.Object>
      ┣ 最终返回值：                {"code":200,"type":"success","message":"","result":[{"id":"14215981060677","title":"测试一个样式试试。。哈哈","html":"<p>大量减少离开</p><blockquote>第三方顺德府阿斯顿</blockquote><hr/><p>时间快</p><pre><code class=\"language-csharp\">烦烦烦烦烦烦\r\n顺德府阿斯蒂芬\r\n哈哈哈数据库的\r\nhahhahhkjsd </code></pre><table style=\"width: auto;\"><tbody><tr><th colSpan=\"1\" rowSpan=\"1\" width=\"auto\"></th><th colSpan=\"1\" rowSpan=\"1\" width=\"auto\"></th><th colSpan=\"1\" rowSpan=\"1\" width=\"auto\"></th><th colSpan=\"1\" rowSpan=\"1\" width=\"a
      ┗━━━━━━━━━━━  Logging Monitor ━━━━━━━━━━━
info: 2023-08-28 21:43:35.7316905 +08:00 星期一 L System.Logging.LoggingMonitor[0] #36
      [System.Private.CoreLib.dll] void System.Runtime.CompilerServices.AsyncTaskMethodBuilder<TResult>+AsyncStateMachineBox<TStateMachine>.MoveNext(Thread threadPoolThread)
      ┏━━━━━━━━━━━  Logging Monitor ━━━━━━━━━━━
      ┣ Admin.NET.Core.JuAI.Service.ArticleService.GetRecommend
      ┣ 
      ┣ 控制器名称：       ArticleService
      ┣ 操作名称：         GetRecommend
      ┣ 显示名称：         
      ┣ 路由信息：         [area]: ; [controller]: article; [action]: recommend
      ┣ 请求方式：         GET
      ┣ 请求地址：         http://localhost:5005/api/article/recommend
      ┣ 来源地址：         http://localhost:19991/
      ┣ 请求端源：         client
      ┣ 浏览器标识：       Mozilla/5.0 (Windows NT 10.0; Win64; x64) AppleWebKit/537.36 (KHTML, like Gecko) Chrome/116.0.0.0 Safari/537.36
      ┣ 客户端区域语言：   zh-CN,zh;q=0.9
      ┣ 客户端 IP 地址：   0.0.0.1
      ┣ 服务端 IP 地址：   0.0.0.1
      ┣ 客户端连接 ID：    00-f08463fe27e6a6a03a078bb06ceb3331-6d939f993192132f-00
      ┣ 服务线程 ID：      #39
      ┣ 执行耗时：         259ms
      ┣ ━━━━━━━━━━━━━━━  Cookies ━━━━━━━━━━━━━━━
      ┣ 请求端：           
      ┣ 响应端：           
      ┣ ━━━━━━━━━━━━━━━  系统信息 ━━━━━━━━━━━━━━━
      ┣ 系统名称：         Microsoft Windows 10.0.19044
      ┣ 系统架构：         X64
      ┣ 基础框架：         Furion.Pure v4.8.8.41
      ┣ .NET 架构：        .NET 6.0.16
      ┣ ━━━━━━━━━━━━━━━  启动信息 ━━━━━━━━━━━━━━━
      ┣ 运行环境：         Production
      ┣ 启动程序集：       Admin.NET.Web.Entry
      ┣ 进程名称：         Admin.NET.Web.Entry
      ┣ 托管程序：         Kestrel
      ┣ ━━━━━━━━━━━━━━━  返回信息 ━━━━━━━━━━━━━━━
      ┣ HTTP响应状态码：   200
      ┣ 原始类型：         System.Threading.Tasks.Task<System.Collections.Generic.List<Admin.NET.Core.JuAI.Service.ArticleSiderOutput>>
      ┣ 最终类型：         Admin.NET.Core.AdminResult<System.Object>
      ┣ 最终返回值：       {"code":200,"type":"success","message":"","result":[{"id":"14215981060677","title":"测试一个样式试试。。哈哈"},{"id":"14194109678917","title":"测试第一个抓烂拉了进来"},{"id":"14127539556677","title":"两个图片测试呢。"},{"id":"14127533953093","title":"设置一下图片和视频试一试呢。。哈哈"},{"id":"14127509730629","title":"一个视频和两个图片"},{"id":"14127478756933","title":"考了几分离开的分析来看都分割"},{"id":"14127257110597","title":"测试一个视频和图片功能看好不好呀"},{"id":"14084316607813","title":"111111111111111"},{"id":"14084262750277","title":"wangEditor 粘贴从 word 复制的带图片内容的最"},{
      ┗━━━━━━━━━━━  Logging Monitor ━━━━━━━━━━━
info: 2023-08-28 21:43:52.7379290 +08:00 星期一 L System.Logging.LoggingMonitor[0] #36
      [System.Private.CoreLib.dll] void System.Runtime.CompilerServices.AsyncTaskMethodBuilder<TResult>+AsyncStateMachineBox<TStateMachine>.MoveNext(Thread threadPoolThread)
      ┏━━━━━━━━━━━  Logging Monitor ━━━━━━━━━━━
      ┣ Admin.NET.Core.JuAI.Service.SpecialService.GetNewest
      ┣ 
      ┣ 控制器名称：                SpecialService
      ┣ 操作名称：                  GetNewest
      ┣ 显示名称：                  
      ┣ 路由信息：                  [area]: ; [controller]: special; [action]: newest
      ┣ 请求方式：                  GET
      ┣ 请求地址：                  http://localhost:5005/api/special/newest?minId=
      ┣ 来源地址：                  http://localhost:19991/
      ┣ 请求端源：                  client
      ┣ 浏览器标识：                Mozilla/5.0 (Windows NT 10.0; Win64; x64) AppleWebKit/537.36 (KHTML, like Gecko) Chrome/116.0.0.0 Safari/537.36
      ┣ 客户端区域语言：            zh-CN,zh;q=0.9
      ┣ 客户端 IP 地址：            0.0.0.1
      ┣ 服务端 IP 地址：            0.0.0.1
      ┣ 客户端连接 ID：             00-aa6130e6ab7972c12cff41e7666dcb97-9cc153c7f07dd2d7-00
      ┣ 服务线程 ID：               #48
      ┣ 执行耗时：                  60ms
      ┣ ━━━━━━━━━━━━━━━  Cookies ━━━━━━━━━━━━━━━
      ┣ 请求端：                    
      ┣ 响应端：                    
      ┣ ━━━━━━━━━━━━━━━  系统信息 ━━━━━━━━━━━━━━━
      ┣ 系统名称：                  Microsoft Windows 10.0.19044
      ┣ 系统架构：                  X64
      ┣ 基础框架：                  Furion.Pure v4.8.8.41
      ┣ .NET 架构：                 .NET 6.0.16
      ┣ ━━━━━━━━━━━━━━━  启动信息 ━━━━━━━━━━━━━━━
      ┣ 运行环境：                  Production
      ┣ 启动程序集：                Admin.NET.Web.Entry
      ┣ 进程名称：                  Admin.NET.Web.Entry
      ┣ 托管程序：                  Kestrel
      ┣ ━━━━━━━━━━━━━━━  参数列表 ━━━━━━━━━━━━━━━
      ┣ Content-Type：              
      ┣ 
      ┣ minId (Nullable`1)：        
      ┣ ━━━━━━━━━━━━━━━  返回信息 ━━━━━━━━━━━━━━━
      ┣ HTTP响应状态码：            200
      ┣ 原始类型：                  System.Threading.Tasks.Task<System.Collections.Generic.IList<Admin.NET.Core.JuAI.Service.SpecialOutput>>
      ┣ 最终类型：                  Admin.NET.Core.AdminResult<System.Object>
      ┣ 最终返回值：                {"code":200,"type":"success","message":"","result":[{"id":"141254407701223","title":"抓烂22223","text":"就螺丝扣搭街坊立刻就333333","cover":"http://filetest.guxin.link/Special/2023/08/14125440695621.jpg","coverFile":null},{"id":"141242588270232","title":"第一个抓烂","text":"就开始大家和弗兰克沙龙的开发建设离开的顺德府顺德府手动","cover":"http://filetest.guxin.link/Special/2023/08/14124258623685.jpg","coverFile":null},{"id":"141242586827023","title":"第一个抓烂","text":"就开始大家和弗兰克沙龙的开发建设离开的顺德府顺德府手动","cover":"http://filetest.guxin.link/Special/20
      ┗━━━━━━━━━━━  Logging Monitor ━━━━━━━━━━━
info: 2023-08-28 21:43:52.7476962 +08:00 星期一 L System.Logging.LoggingMonitor[0] #56
      [System.Private.CoreLib.dll] void System.Runtime.CompilerServices.AsyncTaskMethodBuilder<TResult>+AsyncStateMachineBox<TStateMachine>.MoveNext(Thread threadPoolThread)
      ┏━━━━━━━━━━━  Logging Monitor ━━━━━━━━━━━
      ┣ Admin.NET.Core.JuAI.Service.UserTokenService.GetIsQianDaoToday
      ┣ 
      ┣ 控制器名称：                   UserTokenService
      ┣ 操作名称：                     GetIsQianDaoToday
      ┣ 显示名称：                     
      ┣ 路由信息：                     [area]: ; [controller]: userToken; [action]: isQianDaoToday
      ┣ 请求方式：                     GET
      ┣ 请求地址：                     http://localhost:5005/api/userToken/isQianDaoToday
      ┣ 来源地址：                     http://localhost:19991/
      ┣ 请求端源：                     client
      ┣ 浏览器标识：                   Mozilla/5.0 (Windows NT 10.0; Win64; x64) AppleWebKit/537.36 (KHTML, like Gecko) Chrome/116.0.0.0 Safari/537.36
      ┣ 客户端区域语言：               zh-CN,zh;q=0.9
      ┣ 客户端 IP 地址：               0.0.0.1
      ┣ 服务端 IP 地址：               0.0.0.1
      ┣ 客户端连接 ID：                00-bd9f24cc497941970a7d81eb031eb091-4954eb92315f4dec-00
      ┣ 服务线程 ID：                  #23
      ┣ 执行耗时：                     58ms
      ┣ ━━━━━━━━━━━━━━━  Cookies ━━━━━━━━━━━━━━━
      ┣ 请求端：                       
      ┣ 响应端：                       
      ┣ ━━━━━━━━━━━━━━━  系统信息 ━━━━━━━━━━━━━━━
      ┣ 系统名称：                     Microsoft Windows 10.0.19044
      ┣ 系统架构：                     X64
      ┣ 基础框架：                     Furion.Pure v4.8.8.41
      ┣ .NET 架构：                    .NET 6.0.16
      ┣ ━━━━━━━━━━━━━━━  启动信息 ━━━━━━━━━━━━━━━
      ┣ 运行环境：                     Production
      ┣ 启动程序集：                   Admin.NET.Web.Entry
      ┣ 进程名称：                     Admin.NET.Web.Entry
      ┣ 托管程序：                     Kestrel
      ┣ ━━━━━━━━━━━━━━━  授权信息 ━━━━━━━━━━━━━━━
      ┣ JWT Token：                    Bearer eyJhbGciOiJIUzI1NiIsInR5cCI6IkpXVCJ9.eyJVc2VySWQiOjE0MDA1ODI2MzU4MjEzLCJUZW5hbnRJZCI6MTMwMDAwMDAwMDAwMSwiQWNjb3VudCI6IjE4NjAwNzY2MDQ1IiwiTmlja05hbWUiOiLogZpBSV82MDQ1IiwiQWNjb3VudFR5cGUiOjAsImlhdCI6MTY5MzAzNzg0NiwibmJmIjoxNjkzMDM3ODQ2LCJleHAiOjE2OTM2NDI2NDYsImlzcyI6IkFkbWluLk5FVCIsImF1ZCI6IkFkbWluLk5FVCJ9.Pt3OMLor8iLzYQfEoREoKU3AxA0Ja7UX_Q2sCCdnGEw
      ┣ 
      ┣ UserId (integer64)：           14005826358213
      ┣ TenantId (integer64)：         1300000000001
      ┣ Account (string)：             18600766045
      ┣ NickName (string)：            聚AI_6045
      ┣ AccountType (integer)：        0
      ┣ iat (integer)：                1693037846 (2023-08-26 16:17:26:0000(+08:00) 星期六 L)
      ┣ nbf (integer)：                1693037846 (2023-08-26 16:17:26:0000(+08:00) 星期六 L)
      ┣ exp (integer)：                1693642646 (2023-09-02 16:17:26:0000(+08:00) 星期六 L)
      ┣ iss (string)：                 Admin.NET
      ┣ aud (string)：                 Admin.NET
      ┣ ━━━━━━━━━━━━━━━  返回信息 ━━━━━━━━━━━━━━━
      ┣ HTTP响应状态码：               200
      ┣ 原始类型：                     System.Threading.Tasks.Task<System.Boolean>
      ┣ 最终类型：                     Admin.NET.Core.AdminResult<System.Object>
      ┣ 最终返回值：                   {"code":200,"type":"success","message":"","result":false,"extras":null,"time":"2023-08-28T21:43:52.7427721+08:00"}
      ┗━━━━━━━━━━━  Logging Monitor ━━━━━━━━━━━
info: 2023-08-28 21:43:52.9834074 +08:00 星期一 L System.Logging.LoggingMonitor[0] #36
      [System.Private.CoreLib.dll] void System.Runtime.CompilerServices.AsyncTaskMethodBuilder<TResult>+AsyncStateMachineBox<TStateMachine>.MoveNext(Thread threadPoolThread)
      ┏━━━━━━━━━━━  Logging Monitor ━━━━━━━━━━━
      ┣ Admin.NET.Core.JuAI.Service.ArticleService.GetNewest
      ┣ 
      ┣ 控制器名称：                ArticleService
      ┣ 操作名称：                  GetNewest
      ┣ 显示名称：                  
      ┣ 路由信息：                  [area]: ; [controller]: article; [action]: newest
      ┣ 请求方式：                  GET
      ┣ 请求地址：                  http://localhost:5005/api/article/newest?minId=
      ┣ 来源地址：                  http://localhost:19991/
      ┣ 请求端源：                  client
      ┣ 浏览器标识：                Mozilla/5.0 (Windows NT 10.0; Win64; x64) AppleWebKit/537.36 (KHTML, like Gecko) Chrome/116.0.0.0 Safari/537.36
      ┣ 客户端区域语言：            zh-CN,zh;q=0.9
      ┣ 客户端 IP 地址：            0.0.0.1
      ┣ 服务端 IP 地址：            0.0.0.1
      ┣ 客户端连接 ID：             00-fd8787c947a8e93b9f31c4cb574a4148-bd8016ff0fe3e896-00
      ┣ 服务线程 ID：               #48
      ┣ 执行耗时：                  290ms
      ┣ ━━━━━━━━━━━━━━━  Cookies ━━━━━━━━━━━━━━━
      ┣ 请求端：                    
      ┣ 响应端：                    
      ┣ ━━━━━━━━━━━━━━━  系统信息 ━━━━━━━━━━━━━━━
      ┣ 系统名称：                  Microsoft Windows 10.0.19044
      ┣ 系统架构：                  X64
      ┣ 基础框架：                  Furion.Pure v4.8.8.41
      ┣ .NET 架构：                 .NET 6.0.16
      ┣ ━━━━━━━━━━━━━━━  启动信息 ━━━━━━━━━━━━━━━
      ┣ 运行环境：                  Production
      ┣ 启动程序集：                Admin.NET.Web.Entry
      ┣ 进程名称：                  Admin.NET.Web.Entry
      ┣ 托管程序：                  Kestrel
      ┣ ━━━━━━━━━━━━━━━  参数列表 ━━━━━━━━━━━━━━━
      ┣ Content-Type：              
      ┣ 
      ┣ minId (Nullable`1)：        
      ┣ ━━━━━━━━━━━━━━━  返回信息 ━━━━━━━━━━━━━━━
      ┣ HTTP响应状态码：            200
      ┣ 原始类型：                  System.Threading.Tasks.Task<System.Collections.Generic.List<Admin.NET.Core.JuAI.Service.ArticleOutput>>
      ┣ 最终类型：                  Admin.NET.Core.AdminResult<System.Object>
      ┣ 最终返回值：                {"code":200,"type":"success","message":"","result":[{"id":"14215981060677","title":"测试一个样式试试。。哈哈","html":"<p>大量减少离开</p><blockquote>第三方顺德府阿斯顿</blockquote><hr/><p>时间快</p><pre><code class=\"language-csharp\">烦烦烦烦烦烦\r\n顺德府阿斯蒂芬\r\n哈哈哈数据库的\r\nhahhahhkjsd </code></pre><table style=\"width: auto;\"><tbody><tr><th colSpan=\"1\" rowSpan=\"1\" width=\"auto\"></th><th colSpan=\"1\" rowSpan=\"1\" width=\"auto\"></th><th colSpan=\"1\" rowSpan=\"1\" width=\"auto\"></th><th colSpan=\"1\" rowSpan=\"1\" width=\"a
      ┗━━━━━━━━━━━  Logging Monitor ━━━━━━━━━━━
info: 2023-08-28 21:43:53.0677583 +08:00 星期一 L System.Logging.LoggingMonitor[0] #23
      [System.Private.CoreLib.dll] void System.Runtime.CompilerServices.AsyncMethodBuilderCore.Start<TStateMachine>(ref TStateMachine stateMachine)
      ┏━━━━━━━━━━━  Logging Monitor ━━━━━━━━━━━
      ┣ Admin.NET.Core.JuAI.Service.UserService.GetActiveUsers
      ┣ 
      ┣ 控制器名称：       UserService
      ┣ 操作名称：         GetActiveUsers
      ┣ 显示名称：         活跃用户
      ┣ 路由信息：         [area]: ; [controller]: user; [action]: activeUsers
      ┣ 请求方式：         GET
      ┣ 请求地址：         http://localhost:5005/api/User/ActiveUsers
      ┣ 来源地址：         http://localhost:19991/
      ┣ 请求端源：         client
      ┣ 浏览器标识：       Mozilla/5.0 (Windows NT 10.0; Win64; x64) AppleWebKit/537.36 (KHTML, like Gecko) Chrome/116.0.0.0 Safari/537.36
      ┣ 客户端区域语言：   zh-CN,zh;q=0.9
      ┣ 客户端 IP 地址：   0.0.0.1
      ┣ 服务端 IP 地址：   0.0.0.1
      ┣ 客户端连接 ID：    00-2bb492f514a96feca813bf321985bbc6-2a78c64d4ef8fd9f-00
      ┣ 服务线程 ID：      #23
      ┣ 执行耗时：         70ms
      ┣ ━━━━━━━━━━━━━━━  Cookies ━━━━━━━━━━━━━━━
      ┣ 请求端：           
      ┣ 响应端：           
      ┣ ━━━━━━━━━━━━━━━  系统信息 ━━━━━━━━━━━━━━━
      ┣ 系统名称：         Microsoft Windows 10.0.19044
      ┣ 系统架构：         X64
      ┣ 基础框架：         Furion.Pure v4.8.8.41
      ┣ .NET 架构：        .NET 6.0.16
      ┣ ━━━━━━━━━━━━━━━  启动信息 ━━━━━━━━━━━━━━━
      ┣ 运行环境：         Production
      ┣ 启动程序集：       Admin.NET.Web.Entry
      ┣ 进程名称：         Admin.NET.Web.Entry
      ┣ 托管程序：         Kestrel
      ┣ ━━━━━━━━━━━━━━━  返回信息 ━━━━━━━━━━━━━━━
      ┣ HTTP响应状态码：   200
      ┣ 原始类型：         System.Collections.Generic.IList<Admin.NET.Core.JuAI.Service.UserInfoOutput>
      ┣ 最终类型：         Admin.NET.Core.AdminResult<System.Object>
      ┣ 最终返回值：       {"code":200,"type":"success","message":"","result":[{"nickName":"聚AI_6045","avatar":"Upload/Avatar/14194583407941.jpg","id":"14005826358213"},{"nickName":"聚AI_6045","avatar":null,"id":"14005810391877"},{"nickName":"聚AI_6045","avatar":null,"id":"13727127390021"},{"nickName":"聚AI_6047","avatar":null,"id":"13763405483077"},{"nickName":"聚AI_6046","avatar":null,"id":"13763350061253"}],"extras":null,"time":"2023-08-28T21:43:53.065648+08:00"}
      ┗━━━━━━━━━━━  Logging Monitor ━━━━━━━━━━━
info: 2023-08-28 21:43:53.0828651 +08:00 星期一 L System.Logging.LoggingMonitor[0] #49
      [System.Private.CoreLib.dll] void System.Runtime.CompilerServices.AsyncMethodBuilderCore.Start<TStateMachine>(ref TStateMachine stateMachine)
      ┏━━━━━━━━━━━  Logging Monitor ━━━━━━━━━━━
      ┣ Admin.NET.Core.JuAI.Service.UpgradeService.GetNewst
      ┣ 
      ┣ 控制器名称：       UpgradeService
      ┣ 操作名称：         GetNewst
      ┣ 显示名称：         
      ┣ 路由信息：         [area]: ; [controller]: upgrade; [action]: newst
      ┣ 请求方式：         GET
      ┣ 请求地址：         http://localhost:5005/api/upgrade/newst
      ┣ 来源地址：         http://localhost:19991/
      ┣ 请求端源：         client
      ┣ 浏览器标识：       Mozilla/5.0 (Windows NT 10.0; Win64; x64) AppleWebKit/537.36 (KHTML, like Gecko) Chrome/116.0.0.0 Safari/537.36
      ┣ 客户端区域语言：   zh-CN,zh;q=0.9
      ┣ 客户端 IP 地址：   0.0.0.1
      ┣ 服务端 IP 地址：   0.0.0.1
      ┣ 客户端连接 ID：    00-2c1292672fd3a08a763fc19181612bca-3cbfc184f37ce6b3-00
      ┣ 服务线程 ID：      #49
      ┣ 执行耗时：         85ms
      ┣ ━━━━━━━━━━━━━━━  Cookies ━━━━━━━━━━━━━━━
      ┣ 请求端：           
      ┣ 响应端：           
      ┣ ━━━━━━━━━━━━━━━  系统信息 ━━━━━━━━━━━━━━━
      ┣ 系统名称：         Microsoft Windows 10.0.19044
      ┣ 系统架构：         X64
      ┣ 基础框架：         Furion.Pure v4.8.8.41
      ┣ .NET 架构：        .NET 6.0.16
      ┣ ━━━━━━━━━━━━━━━  启动信息 ━━━━━━━━━━━━━━━
      ┣ 运行环境：         Production
      ┣ 启动程序集：       Admin.NET.Web.Entry
      ┣ 进程名称：         Admin.NET.Web.Entry
      ┣ 托管程序：         Kestrel
      ┣ ━━━━━━━━━━━━━━━  返回信息 ━━━━━━━━━━━━━━━
      ┣ HTTP响应状态码：   200
      ┣ 原始类型：         Admin.NET.Core.JuAI.AppUpgrade
      ┣ 最终类型：         Admin.NET.Core.AdminResult<System.Object>
      ┣ 最终返回值：       {"code":200,"type":"success","message":"","result":{"version":"2.12.3","desc":"修复聊天不显示","isForceUpdate":true,"isClearCache":true,"createOrgId":null,"createTime":"2023-08-08T22:29:38","updateTime":"2023-08-08T22:14:27","createUserId":null,"updateUserId":null,"isDelete":false,"id":"3334"},"extras":null,"time":"2023-08-28T21:43:53.0803985+08:00"}
      ┗━━━━━━━━━━━  Logging Monitor ━━━━━━━━━━━
info: 2023-08-28 21:43:53.2916884 +08:00 星期一 L System.Logging.LoggingMonitor[0] #56
      [System.Private.CoreLib.dll] void System.Runtime.CompilerServices.AsyncTaskMethodBuilder<TResult>+AsyncStateMachineBox<TStateMachine>.MoveNext(Thread threadPoolThread)
      ┏━━━━━━━━━━━  Logging Monitor ━━━━━━━━━━━
      ┣ Admin.NET.Core.JuAI.Service.ArticleService.GetRecommend
      ┣ 
      ┣ 控制器名称：       ArticleService
      ┣ 操作名称：         GetRecommend
      ┣ 显示名称：         
      ┣ 路由信息：         [area]: ; [controller]: article; [action]: recommend
      ┣ 请求方式：         GET
      ┣ 请求地址：         http://localhost:5005/api/article/recommend
      ┣ 来源地址：         http://localhost:19991/
      ┣ 请求端源：         client
      ┣ 浏览器标识：       Mozilla/5.0 (Windows NT 10.0; Win64; x64) AppleWebKit/537.36 (KHTML, like Gecko) Chrome/116.0.0.0 Safari/537.36
      ┣ 客户端区域语言：   zh-CN,zh;q=0.9
      ┣ 客户端 IP 地址：   0.0.0.1
      ┣ 服务端 IP 地址：   0.0.0.1
      ┣ 客户端连接 ID：    00-056412478dff22a960ddec795687523d-4b09c9781b7137ba-00
      ┣ 服务线程 ID：      #34
      ┣ 执行耗时：         294ms
      ┣ ━━━━━━━━━━━━━━━  Cookies ━━━━━━━━━━━━━━━
      ┣ 请求端：           
      ┣ 响应端：           
      ┣ ━━━━━━━━━━━━━━━  系统信息 ━━━━━━━━━━━━━━━
      ┣ 系统名称：         Microsoft Windows 10.0.19044
      ┣ 系统架构：         X64
      ┣ 基础框架：         Furion.Pure v4.8.8.41
      ┣ .NET 架构：        .NET 6.0.16
      ┣ ━━━━━━━━━━━━━━━  启动信息 ━━━━━━━━━━━━━━━
      ┣ 运行环境：         Production
      ┣ 启动程序集：       Admin.NET.Web.Entry
      ┣ 进程名称：         Admin.NET.Web.Entry
      ┣ 托管程序：         Kestrel
      ┣ ━━━━━━━━━━━━━━━  返回信息 ━━━━━━━━━━━━━━━
      ┣ HTTP响应状态码：   200
      ┣ 原始类型：         System.Threading.Tasks.Task<System.Collections.Generic.List<Admin.NET.Core.JuAI.Service.ArticleSiderOutput>>
      ┣ 最终类型：         Admin.NET.Core.AdminResult<System.Object>
      ┣ 最终返回值：       {"code":200,"type":"success","message":"","result":[{"id":"14215981060677","title":"测试一个样式试试。。哈哈"},{"id":"14194109678917","title":"测试第一个抓烂拉了进来"},{"id":"14127539556677","title":"两个图片测试呢。"},{"id":"14127533953093","title":"设置一下图片和视频试一试呢。。哈哈"},{"id":"14127509730629","title":"一个视频和两个图片"},{"id":"14127478756933","title":"考了几分离开的分析来看都分割"},{"id":"14127257110597","title":"测试一个视频和图片功能看好不好呀"},{"id":"14084316607813","title":"111111111111111"},{"id":"14084262750277","title":"wangEditor 粘贴从 word 复制的带图片内容的最"},{
      ┗━━━━━━━━━━━  Logging Monitor ━━━━━━━━━━━
info: 2023-08-28 21:46:01.3424409 +08:00 星期一 L System.Logging.LoggingMonitor[0] #58
      [System.Private.CoreLib.dll] void System.Runtime.CompilerServices.AsyncMethodBuilderCore.Start<TStateMachine>(ref TStateMachine stateMachine)
      ┏━━━━━━━━━━━  Logging Monitor ━━━━━━━━━━━
      ┣ Admin.NET.Core.JuAI.Service.UpgradeService.GetNewst
      ┣ 
      ┣ 控制器名称：       UpgradeService
      ┣ 操作名称：         GetNewst
      ┣ 显示名称：         
      ┣ 路由信息：         [area]: ; [controller]: upgrade; [action]: newst
      ┣ 请求方式：         GET
      ┣ 请求地址：         http://localhost:5005/api/upgrade/newst
      ┣ 来源地址：         http://localhost:19991/
      ┣ 请求端源：         client
      ┣ 浏览器标识：       Mozilla/5.0 (Windows NT 10.0; Win64; x64) AppleWebKit/537.36 (KHTML, like Gecko) Chrome/116.0.0.0 Safari/537.36
      ┣ 客户端区域语言：   zh-CN,zh;q=0.9
      ┣ 客户端 IP 地址：   0.0.0.1
      ┣ 服务端 IP 地址：   0.0.0.1
      ┣ 客户端连接 ID：    00-a395315fee80267ec97e6a3ab36286e6-d5373b90b4d82509-00
      ┣ 服务线程 ID：      #58
      ┣ 执行耗时：         60ms
      ┣ ━━━━━━━━━━━━━━━  Cookies ━━━━━━━━━━━━━━━
      ┣ 请求端：           
      ┣ 响应端：           
      ┣ ━━━━━━━━━━━━━━━  系统信息 ━━━━━━━━━━━━━━━
      ┣ 系统名称：         Microsoft Windows 10.0.19044
      ┣ 系统架构：         X64
      ┣ 基础框架：         Furion.Pure v4.8.8.41
      ┣ .NET 架构：        .NET 6.0.16
      ┣ ━━━━━━━━━━━━━━━  启动信息 ━━━━━━━━━━━━━━━
      ┣ 运行环境：         Production
      ┣ 启动程序集：       Admin.NET.Web.Entry
      ┣ 进程名称：         Admin.NET.Web.Entry
      ┣ 托管程序：         Kestrel
      ┣ ━━━━━━━━━━━━━━━  返回信息 ━━━━━━━━━━━━━━━
      ┣ HTTP响应状态码：   200
      ┣ 原始类型：         Admin.NET.Core.JuAI.AppUpgrade
      ┣ 最终类型：         Admin.NET.Core.AdminResult<System.Object>
      ┣ 最终返回值：       {"code":200,"type":"success","message":"","result":{"version":"2.12.3","desc":"修复聊天不显示","isForceUpdate":true,"isClearCache":true,"createOrgId":null,"createTime":"2023-08-08T22:29:38","updateTime":"2023-08-08T22:14:27","createUserId":null,"updateUserId":null,"isDelete":false,"id":"3334"},"extras":null,"time":"2023-08-28T21:46:01.3400627+08:00"}
      ┗━━━━━━━━━━━  Logging Monitor ━━━━━━━━━━━
info: 2023-08-28 21:46:01.3488429 +08:00 星期一 L System.Logging.LoggingMonitor[0] #49
      [System.Private.CoreLib.dll] void System.Runtime.CompilerServices.AsyncMethodBuilderCore.Start<TStateMachine>(ref TStateMachine stateMachine)
      ┏━━━━━━━━━━━  Logging Monitor ━━━━━━━━━━━
      ┣ Admin.NET.Core.JuAI.Service.UserService.GetActiveUsers
      ┣ 
      ┣ 控制器名称：       UserService
      ┣ 操作名称：         GetActiveUsers
      ┣ 显示名称：         活跃用户
      ┣ 路由信息：         [area]: ; [controller]: user; [action]: activeUsers
      ┣ 请求方式：         GET
      ┣ 请求地址：         http://localhost:5005/api/User/ActiveUsers
      ┣ 来源地址：         http://localhost:19991/
      ┣ 请求端源：         client
      ┣ 浏览器标识：       Mozilla/5.0 (Windows NT 10.0; Win64; x64) AppleWebKit/537.36 (KHTML, like Gecko) Chrome/116.0.0.0 Safari/537.36
      ┣ 客户端区域语言：   zh-CN,zh;q=0.9
      ┣ 客户端 IP 地址：   0.0.0.1
      ┣ 服务端 IP 地址：   0.0.0.1
      ┣ 客户端连接 ID：    00-33843cf16787ccbf871342168acb0350-a5b7250a8be3749f-00
      ┣ 服务线程 ID：      #49
      ┣ 执行耗时：         65ms
      ┣ ━━━━━━━━━━━━━━━  Cookies ━━━━━━━━━━━━━━━
      ┣ 请求端：           
      ┣ 响应端：           
      ┣ ━━━━━━━━━━━━━━━  系统信息 ━━━━━━━━━━━━━━━
      ┣ 系统名称：         Microsoft Windows 10.0.19044
      ┣ 系统架构：         X64
      ┣ 基础框架：         Furion.Pure v4.8.8.41
      ┣ .NET 架构：        .NET 6.0.16
      ┣ ━━━━━━━━━━━━━━━  启动信息 ━━━━━━━━━━━━━━━
      ┣ 运行环境：         Production
      ┣ 启动程序集：       Admin.NET.Web.Entry
      ┣ 进程名称：         Admin.NET.Web.Entry
      ┣ 托管程序：         Kestrel
      ┣ ━━━━━━━━━━━━━━━  返回信息 ━━━━━━━━━━━━━━━
      ┣ HTTP响应状态码：   200
      ┣ 原始类型：         System.Collections.Generic.IList<Admin.NET.Core.JuAI.Service.UserInfoOutput>
      ┣ 最终类型：         Admin.NET.Core.AdminResult<System.Object>
      ┣ 最终返回值：       {"code":200,"type":"success","message":"","result":[{"nickName":"聚AI_6045","avatar":"Upload/Avatar/14194583407941.jpg","id":"14005826358213"},{"nickName":"聚AI_6045","avatar":null,"id":"14005810391877"},{"nickName":"聚AI_6045","avatar":null,"id":"13727127390021"},{"nickName":"聚AI_6047","avatar":null,"id":"13763405483077"},{"nickName":"聚AI_6046","avatar":null,"id":"13763350061253"}],"extras":null,"time":"2023-08-28T21:46:01.346618+08:00"}
      ┗━━━━━━━━━━━  Logging Monitor ━━━━━━━━━━━
info: 2023-08-28 21:46:01.3596308 +08:00 星期一 L System.Logging.LoggingMonitor[0] #52
      [System.Private.CoreLib.dll] void System.Runtime.CompilerServices.AsyncTaskMethodBuilder<TResult>+AsyncStateMachineBox<TStateMachine>.MoveNext(Thread threadPoolThread)
      ┏━━━━━━━━━━━  Logging Monitor ━━━━━━━━━━━
      ┣ Admin.NET.Core.JuAI.Service.SpecialService.GetNewest
      ┣ 
      ┣ 控制器名称：                SpecialService
      ┣ 操作名称：                  GetNewest
      ┣ 显示名称：                  
      ┣ 路由信息：                  [area]: ; [controller]: special; [action]: newest
      ┣ 请求方式：                  GET
      ┣ 请求地址：                  http://localhost:5005/api/special/newest?minId=
      ┣ 来源地址：                  http://localhost:19991/
      ┣ 请求端源：                  client
      ┣ 浏览器标识：                Mozilla/5.0 (Windows NT 10.0; Win64; x64) AppleWebKit/537.36 (KHTML, like Gecko) Chrome/116.0.0.0 Safari/537.36
      ┣ 客户端区域语言：            zh-CN,zh;q=0.9
      ┣ 客户端 IP 地址：            0.0.0.1
      ┣ 服务端 IP 地址：            0.0.0.1
      ┣ 客户端连接 ID：             00-8773c501555ecfc99d2381a7e1cc1dd5-667e6ebdf196398b-00
      ┣ 服务线程 ID：               #3
      ┣ 执行耗时：                  77ms
      ┣ ━━━━━━━━━━━━━━━  Cookies ━━━━━━━━━━━━━━━
      ┣ 请求端：                    
      ┣ 响应端：                    
      ┣ ━━━━━━━━━━━━━━━  系统信息 ━━━━━━━━━━━━━━━
      ┣ 系统名称：                  Microsoft Windows 10.0.19044
      ┣ 系统架构：                  X64
      ┣ 基础框架：                  Furion.Pure v4.8.8.41
      ┣ .NET 架构：                 .NET 6.0.16
      ┣ ━━━━━━━━━━━━━━━  启动信息 ━━━━━━━━━━━━━━━
      ┣ 运行环境：                  Production
      ┣ 启动程序集：                Admin.NET.Web.Entry
      ┣ 进程名称：                  Admin.NET.Web.Entry
      ┣ 托管程序：                  Kestrel
      ┣ ━━━━━━━━━━━━━━━  参数列表 ━━━━━━━━━━━━━━━
      ┣ Content-Type：              
      ┣ 
      ┣ minId (Nullable`1)：        
      ┣ ━━━━━━━━━━━━━━━  返回信息 ━━━━━━━━━━━━━━━
      ┣ HTTP响应状态码：            200
      ┣ 原始类型：                  System.Threading.Tasks.Task<System.Collections.Generic.IList<Admin.NET.Core.JuAI.Service.SpecialOutput>>
      ┣ 最终类型：                  Admin.NET.Core.AdminResult<System.Object>
      ┣ 最终返回值：                {"code":200,"type":"success","message":"","result":[{"id":"141254407701223","title":"抓烂22223","text":"就螺丝扣搭街坊立刻就333333","cover":"http://filetest.guxin.link/Special/2023/08/14125440695621.jpg","coverFile":null},{"id":"141242588270232","title":"第一个抓烂","text":"就开始大家和弗兰克沙龙的开发建设离开的顺德府顺德府手动","cover":"http://filetest.guxin.link/Special/2023/08/14124258623685.jpg","coverFile":null},{"id":"141242586827023","title":"第一个抓烂","text":"就开始大家和弗兰克沙龙的开发建设离开的顺德府顺德府手动","cover":"http://filetest.guxin.link/Special/20
      ┗━━━━━━━━━━━  Logging Monitor ━━━━━━━━━━━
info: 2023-08-28 21:46:01.3570061 +08:00 星期一 L System.Logging.LoggingMonitor[0] #21
      [System.Private.CoreLib.dll] void System.Runtime.CompilerServices.AsyncTaskMethodBuilder<TResult>+AsyncStateMachineBox<TStateMachine>.MoveNext(Thread threadPoolThread)
      ┏━━━━━━━━━━━  Logging Monitor ━━━━━━━━━━━
      ┣ Admin.NET.Core.JuAI.Service.UserTokenService.GetIsQianDaoToday
      ┣ 
      ┣ 控制器名称：                   UserTokenService
      ┣ 操作名称：                     GetIsQianDaoToday
      ┣ 显示名称：                     
      ┣ 路由信息：                     [area]: ; [controller]: userToken; [action]: isQianDaoToday
      ┣ 请求方式：                     GET
      ┣ 请求地址：                     http://localhost:5005/api/userToken/isQianDaoToday
      ┣ 来源地址：                     http://localhost:19991/
      ┣ 请求端源：                     client
      ┣ 浏览器标识：                   Mozilla/5.0 (Windows NT 10.0; Win64; x64) AppleWebKit/537.36 (KHTML, like Gecko) Chrome/116.0.0.0 Safari/537.36
      ┣ 客户端区域语言：               zh-CN,zh;q=0.9
      ┣ 客户端 IP 地址：               0.0.0.1
      ┣ 服务端 IP 地址：               0.0.0.1
      ┣ 客户端连接 ID：                00-2c078e951a540f366d2b6cd55f66bf80-0a68b3f8a9a179d5-00
      ┣ 服务线程 ID：                  #38
      ┣ 执行耗时：                     60ms
      ┣ ━━━━━━━━━━━━━━━  Cookies ━━━━━━━━━━━━━━━
      ┣ 请求端：                       
      ┣ 响应端：                       
      ┣ ━━━━━━━━━━━━━━━  系统信息 ━━━━━━━━━━━━━━━
      ┣ 系统名称：                     Microsoft Windows 10.0.19044
      ┣ 系统架构：                     X64
      ┣ 基础框架：                     Furion.Pure v4.8.8.41
      ┣ .NET 架构：                    .NET 6.0.16
      ┣ ━━━━━━━━━━━━━━━  启动信息 ━━━━━━━━━━━━━━━
      ┣ 运行环境：                     Production
      ┣ 启动程序集：                   Admin.NET.Web.Entry
      ┣ 进程名称：                     Admin.NET.Web.Entry
      ┣ 托管程序：                     Kestrel
      ┣ ━━━━━━━━━━━━━━━  授权信息 ━━━━━━━━━━━━━━━
      ┣ JWT Token：                    Bearer eyJhbGciOiJIUzI1NiIsInR5cCI6IkpXVCJ9.eyJVc2VySWQiOjE0MDA1ODI2MzU4MjEzLCJUZW5hbnRJZCI6MTMwMDAwMDAwMDAwMSwiQWNjb3VudCI6IjE4NjAwNzY2MDQ1IiwiTmlja05hbWUiOiLogZpBSV82MDQ1IiwiQWNjb3VudFR5cGUiOjAsImlhdCI6MTY5MzAzNzg0NiwibmJmIjoxNjkzMDM3ODQ2LCJleHAiOjE2OTM2NDI2NDYsImlzcyI6IkFkbWluLk5FVCIsImF1ZCI6IkFkbWluLk5FVCJ9.Pt3OMLor8iLzYQfEoREoKU3AxA0Ja7UX_Q2sCCdnGEw
      ┣ 
      ┣ UserId (integer64)：           14005826358213
      ┣ TenantId (integer64)：         1300000000001
      ┣ Account (string)：             18600766045
      ┣ NickName (string)：            聚AI_6045
      ┣ AccountType (integer)：        0
      ┣ iat (integer)：                1693037846 (2023-08-26 16:17:26:0000(+08:00) 星期六 L)
      ┣ nbf (integer)：                1693037846 (2023-08-26 16:17:26:0000(+08:00) 星期六 L)
      ┣ exp (integer)：                1693642646 (2023-09-02 16:17:26:0000(+08:00) 星期六 L)
      ┣ iss (string)：                 Admin.NET
      ┣ aud (string)：                 Admin.NET
      ┣ ━━━━━━━━━━━━━━━  返回信息 ━━━━━━━━━━━━━━━
      ┣ HTTP响应状态码：               200
      ┣ 原始类型：                     System.Threading.Tasks.Task<System.Boolean>
      ┣ 最终类型：                     Admin.NET.Core.AdminResult<System.Object>
      ┣ 最终返回值：                   {"code":200,"type":"success","message":"","result":false,"extras":null,"time":"2023-08-28T21:46:01.3532186+08:00"}
      ┗━━━━━━━━━━━  Logging Monitor ━━━━━━━━━━━
info: 2023-08-28 21:46:01.5612577 +08:00 星期一 L System.Logging.LoggingMonitor[0] #21
      [System.Private.CoreLib.dll] void System.Runtime.CompilerServices.AsyncTaskMethodBuilder<TResult>+AsyncStateMachineBox<TStateMachine>.MoveNext(Thread threadPoolThread)
      ┏━━━━━━━━━━━  Logging Monitor ━━━━━━━━━━━
      ┣ Admin.NET.Core.JuAI.Service.ArticleService.GetRecommend
      ┣ 
      ┣ 控制器名称：       ArticleService
      ┣ 操作名称：         GetRecommend
      ┣ 显示名称：         
      ┣ 路由信息：         [area]: ; [controller]: article; [action]: recommend
      ┣ 请求方式：         GET
      ┣ 请求地址：         http://localhost:5005/api/article/recommend
      ┣ 来源地址：         http://localhost:19991/
      ┣ 请求端源：         client
      ┣ 浏览器标识：       Mozilla/5.0 (Windows NT 10.0; Win64; x64) AppleWebKit/537.36 (KHTML, like Gecko) Chrome/116.0.0.0 Safari/537.36
      ┣ 客户端区域语言：   zh-CN,zh;q=0.9
      ┣ 客户端 IP 地址：   0.0.0.1
      ┣ 服务端 IP 地址：   0.0.0.1
      ┣ 客户端连接 ID：    00-8a509ba80a9c2c56e3ffc0cff67d3bbc-0bd2a9e933c3c559-00
      ┣ 服务线程 ID：      #54
      ┣ 执行耗时：         279ms
      ┣ ━━━━━━━━━━━━━━━  Cookies ━━━━━━━━━━━━━━━
      ┣ 请求端：           
      ┣ 响应端：           
      ┣ ━━━━━━━━━━━━━━━  系统信息 ━━━━━━━━━━━━━━━
      ┣ 系统名称：         Microsoft Windows 10.0.19044
      ┣ 系统架构：         X64
      ┣ 基础框架：         Furion.Pure v4.8.8.41
      ┣ .NET 架构：        .NET 6.0.16
      ┣ ━━━━━━━━━━━━━━━  启动信息 ━━━━━━━━━━━━━━━
      ┣ 运行环境：         Production
      ┣ 启动程序集：       Admin.NET.Web.Entry
      ┣ 进程名称：         Admin.NET.Web.Entry
      ┣ 托管程序：         Kestrel
      ┣ ━━━━━━━━━━━━━━━  返回信息 ━━━━━━━━━━━━━━━
      ┣ HTTP响应状态码：   200
      ┣ 原始类型：         System.Threading.Tasks.Task<System.Collections.Generic.List<Admin.NET.Core.JuAI.Service.ArticleSiderOutput>>
      ┣ 最终类型：         Admin.NET.Core.AdminResult<System.Object>
      ┣ 最终返回值：       {"code":200,"type":"success","message":"","result":[{"id":"14215981060677","title":"测试一个样式试试。。哈哈"},{"id":"14194109678917","title":"测试第一个抓烂拉了进来"},{"id":"14127539556677","title":"两个图片测试呢。"},{"id":"14127533953093","title":"设置一下图片和视频试一试呢。。哈哈"},{"id":"14127509730629","title":"一个视频和两个图片"},{"id":"14127478756933","title":"考了几分离开的分析来看都分割"},{"id":"14127257110597","title":"测试一个视频和图片功能看好不好呀"},{"id":"14084316607813","title":"111111111111111"},{"id":"14084262750277","title":"wangEditor 粘贴从 word 复制的带图片内容的最"},{
      ┗━━━━━━━━━━━  Logging Monitor ━━━━━━━━━━━
info: 2023-08-28 21:46:01.6720771 +08:00 星期一 L System.Logging.LoggingMonitor[0] #21
      [System.Private.CoreLib.dll] void System.Runtime.CompilerServices.AsyncTaskMethodBuilder<TResult>+AsyncStateMachineBox<TStateMachine>.MoveNext(Thread threadPoolThread)
      ┏━━━━━━━━━━━  Logging Monitor ━━━━━━━━━━━
      ┣ Admin.NET.Core.JuAI.Service.ArticleService.GetNewest
      ┣ 
      ┣ 控制器名称：                ArticleService
      ┣ 操作名称：                  GetNewest
      ┣ 显示名称：                  
      ┣ 路由信息：                  [area]: ; [controller]: article; [action]: newest
      ┣ 请求方式：                  GET
      ┣ 请求地址：                  http://localhost:5005/api/article/newest?minId=
      ┣ 来源地址：                  http://localhost:19991/
      ┣ 请求端源：                  client
      ┣ 浏览器标识：                Mozilla/5.0 (Windows NT 10.0; Win64; x64) AppleWebKit/537.36 (KHTML, like Gecko) Chrome/116.0.0.0 Safari/537.36
      ┣ 客户端区域语言：            zh-CN,zh;q=0.9
      ┣ 客户端 IP 地址：            0.0.0.1
      ┣ 服务端 IP 地址：            0.0.0.1
      ┣ 客户端连接 ID：             00-4a1fd50a623f10dbaf96da3087a209ff-4a199a21101d0734-00
      ┣ 服务线程 ID：               #57
      ┣ 执行耗时：                  389ms
      ┣ ━━━━━━━━━━━━━━━  Cookies ━━━━━━━━━━━━━━━
      ┣ 请求端：                    
      ┣ 响应端：                    
      ┣ ━━━━━━━━━━━━━━━  系统信息 ━━━━━━━━━━━━━━━
      ┣ 系统名称：                  Microsoft Windows 10.0.19044
      ┣ 系统架构：                  X64
      ┣ 基础框架：                  Furion.Pure v4.8.8.41
      ┣ .NET 架构：                 .NET 6.0.16
      ┣ ━━━━━━━━━━━━━━━  启动信息 ━━━━━━━━━━━━━━━
      ┣ 运行环境：                  Production
      ┣ 启动程序集：                Admin.NET.Web.Entry
      ┣ 进程名称：                  Admin.NET.Web.Entry
      ┣ 托管程序：                  Kestrel
      ┣ ━━━━━━━━━━━━━━━  参数列表 ━━━━━━━━━━━━━━━
      ┣ Content-Type：              
      ┣ 
      ┣ minId (Nullable`1)：        
      ┣ ━━━━━━━━━━━━━━━  返回信息 ━━━━━━━━━━━━━━━
      ┣ HTTP响应状态码：            200
      ┣ 原始类型：                  System.Threading.Tasks.Task<System.Collections.Generic.List<Admin.NET.Core.JuAI.Service.ArticleOutput>>
      ┣ 最终类型：                  Admin.NET.Core.AdminResult<System.Object>
      ┣ 最终返回值：                {"code":200,"type":"success","message":"","result":[{"id":"14215981060677","title":"测试一个样式试试。。哈哈","html":"<p>大量减少离开</p><blockquote>第三方顺德府阿斯顿</blockquote><hr/><p>时间快</p><pre><code class=\"language-csharp\">烦烦烦烦烦烦\r\n顺德府阿斯蒂芬\r\n哈哈哈数据库的\r\nhahhahhkjsd </code></pre><table style=\"width: auto;\"><tbody><tr><th colSpan=\"1\" rowSpan=\"1\" width=\"auto\"></th><th colSpan=\"1\" rowSpan=\"1\" width=\"auto\"></th><th colSpan=\"1\" rowSpan=\"1\" width=\"auto\"></th><th colSpan=\"1\" rowSpan=\"1\" width=\"a
      ┗━━━━━━━━━━━  Logging Monitor ━━━━━━━━━━━
info: 2023-08-28 21:46:56.0475766 +08:00 星期一 L System.Logging.LoggingMonitor[0] #44
      [System.Private.CoreLib.dll] void System.Runtime.CompilerServices.AsyncTaskMethodBuilder<TResult>+AsyncStateMachineBox<TStateMachine>.MoveNext(Thread threadPoolThread)
      ┏━━━━━━━━━━━  Logging Monitor ━━━━━━━━━━━
      ┣ Admin.NET.Web.Entry.Controllers.ChatGPTController.GetAllChats
      ┣ 
      ┣ 控制器名称：                   ChatGPTController
      ┣ 操作名称：                     GetAllChats
      ┣ 显示名称：                     
      ┣ 路由信息：                     [area]: ; [controller]: ChatGPT; [action]: GetAllChats
      ┣ 请求方式：                     GET
      ┣ 请求地址：                     http://localhost:5005/api/chatgpt/chats?lastDate=
      ┣ 来源地址：                     http://localhost:19991/chats?t=chat
      ┣ 请求端源：                     client
      ┣ 浏览器标识：                   Mozilla/5.0 (Windows NT 10.0; Win64; x64) AppleWebKit/537.36 (KHTML, like Gecko) Chrome/116.0.0.0 Safari/537.36
      ┣ 客户端区域语言：               zh-CN,zh;q=0.9
      ┣ 客户端 IP 地址：               0.0.0.1
      ┣ 服务端 IP 地址：               0.0.0.1
      ┣ 客户端连接 ID：                00-3fc2e1200e95a1df72c2dbf7977c73b6-36d1030ef4e957d9-00
      ┣ 服务线程 ID：                  #57
      ┣ 执行耗时：                     102ms
      ┣ ━━━━━━━━━━━━━━━  Cookies ━━━━━━━━━━━━━━━
      ┣ 请求端：                       
      ┣ 响应端：                       
      ┣ ━━━━━━━━━━━━━━━  系统信息 ━━━━━━━━━━━━━━━
      ┣ 系统名称：                     Microsoft Windows 10.0.19044
      ┣ 系统架构：                     X64
      ┣ 基础框架：                     Furion.Pure v4.8.8.41
      ┣ .NET 架构：                    .NET 6.0.16
      ┣ ━━━━━━━━━━━━━━━  启动信息 ━━━━━━━━━━━━━━━
      ┣ 运行环境：                     Production
      ┣ 启动程序集：                   Admin.NET.Web.Entry
      ┣ 进程名称：                     Admin.NET.Web.Entry
      ┣ 托管程序：                     Kestrel
      ┣ ━━━━━━━━━━━━━━━  参数列表 ━━━━━━━━━━━━━━━
      ┣ Content-Type：                 
      ┣ 
      ┣ lastDate (Nullable`1)：        
      ┣ ━━━━━━━━━━━━━━━  返回信息 ━━━━━━━━━━━━━━━
      ┣ HTTP响应状态码：               200
      ┣ 原始类型：                     System.Threading.Tasks.Task<System.Collections.Generic.IList<Admin.NET.Core.JuAI.Service.ChatInfoOutput>>
      ┣ 最终类型：                     Admin.NET.Core.AdminResult<System.Object>
      ┣ 最终返回值：                   {"code":200,"type":"success","message":"","result":[{"id":"14117919373638","question":"我，十五岁，正读初三，是一个内向。活泼。野蛮的女孩。你们看见这句话，一定会觉得非常奇怪吧。那有人会说自己野蛮的呢？如果你们不信的话，请看下面。你们就一定会知道。我走过了十五年。发生的事也非常多。但是你们并不知道我的事情。知道的事情也不是很好。现在我向你们说一下我的故事吧。在小荷妹妹眼中，我是一个令人喜欢。讨别人开心的女孩。也是一个优秀的女孩。虽然网上的我这么优秀。但是现实的我，并不是小荷妹妹所说的那样好。差距非常大。在现实生活中的我是一个内向的女孩。有时侯又很大声说话。每到下课的时候，同学都到课室外去玩，只有我一个人在课室看书，写练习册。同学们在聊天的时候。总是看不见我的影子。你们只会看见有一个女孩在静静地看书。上体育课的时候。个个同学都在打篮球。而我呢？也是回到教室看书。看到这里。你们一定会觉得我喜欢看书，其实不是的，我不是很喜欢看书，也很懒看书。假勤奋啦。在学校的我，非常内向，所以交到的朋友并不是很多。只有几个
      ┗━━━━━━━━━━━  Logging Monitor ━━━━━━━━━━━
info: 2023-08-28 21:47:06.6125595 +08:00 星期一 L System.Logging.LoggingMonitor[0] #44
      [System.Private.CoreLib.dll] void System.Runtime.CompilerServices.AsyncTaskMethodBuilder<TResult>+AsyncStateMachineBox<TStateMachine>.MoveNext(Thread threadPoolThread)
      ┏━━━━━━━━━━━  Logging Monitor ━━━━━━━━━━━
      ┣ Admin.NET.Web.Entry.Controllers.MidjourneyController.GetAllImages
      ┣ 
      ┣ 控制器名称：                   MidjourneyController
      ┣ 操作名称：                     GetAllImages
      ┣ 显示名称：                     
      ┣ 路由信息：                     [area]: ; [controller]: Midjourney; [action]: GetAllImages
      ┣ 请求方式：                     GET
      ┣ 请求地址：                     http://localhost:5005/api/mid/images?lastDate=
      ┣ 来源地址：                     http://localhost:19991/images?t=image
      ┣ 请求端源：                     client
      ┣ 浏览器标识：                   Mozilla/5.0 (Windows NT 10.0; Win64; x64) AppleWebKit/537.36 (KHTML, like Gecko) Chrome/116.0.0.0 Safari/537.36
      ┣ 客户端区域语言：               zh-CN,zh;q=0.9
      ┣ 客户端 IP 地址：               0.0.0.1
      ┣ 服务端 IP 地址：               0.0.0.1
      ┣ 客户端连接 ID：                00-77acd39de7731803f8527f88bcabc2e9-36a85e4a6044c14d-00
      ┣ 服务线程 ID：                  #57
      ┣ 执行耗时：                     106ms
      ┣ ━━━━━━━━━━━━━━━  Cookies ━━━━━━━━━━━━━━━
      ┣ 请求端：                       
      ┣ 响应端：                       
      ┣ ━━━━━━━━━━━━━━━  系统信息 ━━━━━━━━━━━━━━━
      ┣ 系统名称：                     Microsoft Windows 10.0.19044
      ┣ 系统架构：                     X64
      ┣ 基础框架：                     Furion.Pure v4.8.8.41
      ┣ .NET 架构：                    .NET 6.0.16
      ┣ ━━━━━━━━━━━━━━━  启动信息 ━━━━━━━━━━━━━━━
      ┣ 运行环境：                     Production
      ┣ 启动程序集：                   Admin.NET.Web.Entry
      ┣ 进程名称：                     Admin.NET.Web.Entry
      ┣ 托管程序：                     Kestrel
      ┣ ━━━━━━━━━━━━━━━  参数列表 ━━━━━━━━━━━━━━━
      ┣ Content-Type：                 
      ┣ 
      ┣ lastDate (Nullable`1)：        
      ┣ ━━━━━━━━━━━━━━━  返回信息 ━━━━━━━━━━━━━━━
      ┣ HTTP响应状态码：               200
      ┣ 原始类型：                     System.Threading.Tasks.Task<System.Collections.Generic.IList<Admin.NET.Core.JuAI.Service.MidImageOutput>>
      ┣ 最终类型：                     Admin.NET.Core.AdminResult<System.Object>
      ┣ 最终返回值：                   {"code":200,"type":"success","message":"","result":[{"id":"1692882753602004","imageUrl":"http://3.96.174.56:3004/attachments/1125349599578689568/1144258099063029871/juai_link_A_stunning_maiden_soars_across_the_heavens._67da8999-17b4-41af-8b3a-d75d4870c7ce.png","prompt":"一个美女在天上飞","promptEn":"A stunning maiden soars across the heavens.","createDate":"2023-08-24T21:13:13"},{"id":"1692418430722693","imageUrl":"http://3.96.174.56:3004/attachments/1125349599578689568/1142310574689103932/juai_link_A_m
      ┗━━━━━━━━━━━  Logging Monitor ━━━━━━━━━━━
info: 2023-08-28 21:47:30.4699505 +08:00 星期一 L System.Logging.LoggingMonitor[0] #58
      [System.Private.CoreLib.dll] void System.Runtime.CompilerServices.AsyncMethodBuilderCore.Start<TStateMachine>(ref TStateMachine stateMachine)
      ┏━━━━━━━━━━━  Logging Monitor ━━━━━━━━━━━
      ┣ Admin.NET.Core.JuAI.Service.UserService.GetActiveUsers
      ┣ 
      ┣ 控制器名称：       UserService
      ┣ 操作名称：         GetActiveUsers
      ┣ 显示名称：         活跃用户
      ┣ 路由信息：         [area]: ; [controller]: user; [action]: activeUsers
      ┣ 请求方式：         GET
      ┣ 请求地址：         http://localhost:5005/api/User/ActiveUsers
      ┣ 来源地址：         http://localhost:19991/
      ┣ 请求端源：         client
      ┣ 浏览器标识：       Mozilla/5.0 (Windows NT 10.0; Win64; x64) AppleWebKit/537.36 (KHTML, like Gecko) Chrome/116.0.0.0 Safari/537.36
      ┣ 客户端区域语言：   zh-CN,zh;q=0.9
      ┣ 客户端 IP 地址：   0.0.0.1
      ┣ 服务端 IP 地址：   0.0.0.1
      ┣ 客户端连接 ID：    00-d6d8074b5e5d950d3e3eb8dd30527072-f6d4fe1f0c12282e-00
      ┣ 服务线程 ID：      #58
      ┣ 执行耗时：         78ms
      ┣ ━━━━━━━━━━━━━━━  Cookies ━━━━━━━━━━━━━━━
      ┣ 请求端：           
      ┣ 响应端：           
      ┣ ━━━━━━━━━━━━━━━  系统信息 ━━━━━━━━━━━━━━━
      ┣ 系统名称：         Microsoft Windows 10.0.19044
      ┣ 系统架构：         X64
      ┣ 基础框架：         Furion.Pure v4.8.8.41
      ┣ .NET 架构：        .NET 6.0.16
      ┣ ━━━━━━━━━━━━━━━  启动信息 ━━━━━━━━━━━━━━━
      ┣ 运行环境：         Production
      ┣ 启动程序集：       Admin.NET.Web.Entry
      ┣ 进程名称：         Admin.NET.Web.Entry
      ┣ 托管程序：         Kestrel
      ┣ ━━━━━━━━━━━━━━━  返回信息 ━━━━━━━━━━━━━━━
      ┣ HTTP响应状态码：   200
      ┣ 原始类型：         System.Collections.Generic.IList<Admin.NET.Core.JuAI.Service.UserInfoOutput>
      ┣ 最终类型：         Admin.NET.Core.AdminResult<System.Object>
      ┣ 最终返回值：       {"code":200,"type":"success","message":"","result":[{"nickName":"聚AI_6045","avatar":"Upload/Avatar/14194583407941.jpg","id":"14005826358213"},{"nickName":"聚AI_6045","avatar":null,"id":"14005810391877"},{"nickName":"聚AI_6045","avatar":null,"id":"13727127390021"},{"nickName":"聚AI_6047","avatar":null,"id":"13763405483077"},{"nickName":"聚AI_6046","avatar":null,"id":"13763350061253"}],"extras":null,"time":"2023-08-28T21:47:30.4678578+08:00"}
      ┗━━━━━━━━━━━  Logging Monitor ━━━━━━━━━━━
info: 2023-08-28 21:47:30.4599335 +08:00 星期一 L System.Logging.LoggingMonitor[0] #50
      [System.Private.CoreLib.dll] void System.Runtime.CompilerServices.AsyncTaskMethodBuilder<TResult>+AsyncStateMachineBox<TStateMachine>.MoveNext(Thread threadPoolThread)
      ┏━━━━━━━━━━━  Logging Monitor ━━━━━━━━━━━
      ┣ Admin.NET.Core.JuAI.Service.SpecialService.GetNewest
      ┣ 
      ┣ 控制器名称：                SpecialService
      ┣ 操作名称：                  GetNewest
      ┣ 显示名称：                  
      ┣ 路由信息：                  [area]: ; [controller]: special; [action]: newest
      ┣ 请求方式：                  GET
      ┣ 请求地址：                  http://localhost:5005/api/special/newest?minId=
      ┣ 来源地址：                  http://localhost:19991/
      ┣ 请求端源：                  client
      ┣ 浏览器标识：                Mozilla/5.0 (Windows NT 10.0; Win64; x64) AppleWebKit/537.36 (KHTML, like Gecko) Chrome/116.0.0.0 Safari/537.36
      ┣ 客户端区域语言：            zh-CN,zh;q=0.9
      ┣ 客户端 IP 地址：            0.0.0.1
      ┣ 服务端 IP 地址：            0.0.0.1
      ┣ 客户端连接 ID：             00-1309da2e556bf3755dff5c2b9243c258-69a9aa435de2502c-00
      ┣ 服务线程 ID：               #40
      ┣ 执行耗时：                  67ms
      ┣ ━━━━━━━━━━━━━━━  Cookies ━━━━━━━━━━━━━━━
      ┣ 请求端：                    
      ┣ 响应端：                    
      ┣ ━━━━━━━━━━━━━━━  系统信息 ━━━━━━━━━━━━━━━
      ┣ 系统名称：                  Microsoft Windows 10.0.19044
      ┣ 系统架构：                  X64
      ┣ 基础框架：                  Furion.Pure v4.8.8.41
      ┣ .NET 架构：                 .NET 6.0.16
      ┣ ━━━━━━━━━━━━━━━  启动信息 ━━━━━━━━━━━━━━━
      ┣ 运行环境：                  Production
      ┣ 启动程序集：                Admin.NET.Web.Entry
      ┣ 进程名称：                  Admin.NET.Web.Entry
      ┣ 托管程序：                  Kestrel
      ┣ ━━━━━━━━━━━━━━━  参数列表 ━━━━━━━━━━━━━━━
      ┣ Content-Type：              
      ┣ 
      ┣ minId (Nullable`1)：        
      ┣ ━━━━━━━━━━━━━━━  返回信息 ━━━━━━━━━━━━━━━
      ┣ HTTP响应状态码：            200
      ┣ 原始类型：                  System.Threading.Tasks.Task<System.Collections.Generic.IList<Admin.NET.Core.JuAI.Service.SpecialOutput>>
      ┣ 最终类型：                  Admin.NET.Core.AdminResult<System.Object>
      ┣ 最终返回值：                {"code":200,"type":"success","message":"","result":[{"id":"141254407701223","title":"抓烂22223","text":"就螺丝扣搭街坊立刻就333333","cover":"http://filetest.guxin.link/Special/2023/08/14125440695621.jpg","coverFile":null},{"id":"141242588270232","title":"第一个抓烂","text":"就开始大家和弗兰克沙龙的开发建设离开的顺德府顺德府手动","cover":"http://filetest.guxin.link/Special/2023/08/14124258623685.jpg","coverFile":null},{"id":"141242586827023","title":"第一个抓烂","text":"就开始大家和弗兰克沙龙的开发建设离开的顺德府顺德府手动","cover":"http://filetest.guxin.link/Special/20
      ┗━━━━━━━━━━━  Logging Monitor ━━━━━━━━━━━
info: 2023-08-28 21:47:30.4625426 +08:00 星期一 L System.Logging.LoggingMonitor[0] #8
      [System.Private.CoreLib.dll] void System.Runtime.CompilerServices.AsyncTaskMethodBuilder<TResult>+AsyncStateMachineBox<TStateMachine>.MoveNext(Thread threadPoolThread)
      ┏━━━━━━━━━━━  Logging Monitor ━━━━━━━━━━━
      ┣ Admin.NET.Core.JuAI.Service.UserTokenService.GetIsQianDaoToday
      ┣ 
      ┣ 控制器名称：                   UserTokenService
      ┣ 操作名称：                     GetIsQianDaoToday
      ┣ 显示名称：                     
      ┣ 路由信息：                     [area]: ; [controller]: userToken; [action]: isQianDaoToday
      ┣ 请求方式：                     GET
      ┣ 请求地址：                     http://localhost:5005/api/userToken/isQianDaoToday
      ┣ 来源地址：                     http://localhost:19991/
      ┣ 请求端源：                     client
      ┣ 浏览器标识：                   Mozilla/5.0 (Windows NT 10.0; Win64; x64) AppleWebKit/537.36 (KHTML, like Gecko) Chrome/116.0.0.0 Safari/537.36
      ┣ 客户端区域语言：               zh-CN,zh;q=0.9
      ┣ 客户端 IP 地址：               0.0.0.1
      ┣ 服务端 IP 地址：               0.0.0.1
      ┣ 客户端连接 ID：                00-3c28ff1c5d592560f2fa01f34424ea22-3a201e74743782f9-00
      ┣ 服务线程 ID：                  #56
      ┣ 执行耗时：                     58ms
      ┣ ━━━━━━━━━━━━━━━  Cookies ━━━━━━━━━━━━━━━
      ┣ 请求端：                       
      ┣ 响应端：                       
      ┣ ━━━━━━━━━━━━━━━  系统信息 ━━━━━━━━━━━━━━━
      ┣ 系统名称：                     Microsoft Windows 10.0.19044
      ┣ 系统架构：                     X64
      ┣ 基础框架：                     Furion.Pure v4.8.8.41
      ┣ .NET 架构：                    .NET 6.0.16
      ┣ ━━━━━━━━━━━━━━━  启动信息 ━━━━━━━━━━━━━━━
      ┣ 运行环境：                     Production
      ┣ 启动程序集：                   Admin.NET.Web.Entry
      ┣ 进程名称：                     Admin.NET.Web.Entry
      ┣ 托管程序：                     Kestrel
      ┣ ━━━━━━━━━━━━━━━  授权信息 ━━━━━━━━━━━━━━━
      ┣ JWT Token：                    Bearer eyJhbGciOiJIUzI1NiIsInR5cCI6IkpXVCJ9.eyJVc2VySWQiOjE0MDA1ODI2MzU4MjEzLCJUZW5hbnRJZCI6MTMwMDAwMDAwMDAwMSwiQWNjb3VudCI6IjE4NjAwNzY2MDQ1IiwiTmlja05hbWUiOiLogZpBSV82MDQ1IiwiQWNjb3VudFR5cGUiOjAsImlhdCI6MTY5MzAzNzg0NiwibmJmIjoxNjkzMDM3ODQ2LCJleHAiOjE2OTM2NDI2NDYsImlzcyI6IkFkbWluLk5FVCIsImF1ZCI6IkFkbWluLk5FVCJ9.Pt3OMLor8iLzYQfEoREoKU3AxA0Ja7UX_Q2sCCdnGEw
      ┣ 
      ┣ UserId (integer64)：           14005826358213
      ┣ TenantId (integer64)：         1300000000001
      ┣ Account (string)：             18600766045
      ┣ NickName (string)：            聚AI_6045
      ┣ AccountType (integer)：        0
      ┣ iat (integer)：                1693037846 (2023-08-26 16:17:26:0000(+08:00) 星期六 L)
      ┣ nbf (integer)：                1693037846 (2023-08-26 16:17:26:0000(+08:00) 星期六 L)
      ┣ exp (integer)：                1693642646 (2023-09-02 16:17:26:0000(+08:00) 星期六 L)
      ┣ iss (string)：                 Admin.NET
      ┣ aud (string)：                 Admin.NET
      ┣ ━━━━━━━━━━━━━━━  返回信息 ━━━━━━━━━━━━━━━
      ┣ HTTP响应状态码：               200
      ┣ 原始类型：                     System.Threading.Tasks.Task<System.Boolean>
      ┣ 最终类型：                     Admin.NET.Core.AdminResult<System.Object>
      ┣ 最终返回值：                   {"code":200,"type":"success","message":"","result":false,"extras":null,"time":"2023-08-28T21:47:30.4595578+08:00"}
      ┗━━━━━━━━━━━  Logging Monitor ━━━━━━━━━━━
info: 2023-08-28 21:47:30.7415571 +08:00 星期一 L System.Logging.LoggingMonitor[0] #50
      [System.Private.CoreLib.dll] void System.Runtime.CompilerServices.AsyncTaskMethodBuilder<TResult>+AsyncStateMachineBox<TStateMachine>.MoveNext(Thread threadPoolThread)
      ┏━━━━━━━━━━━  Logging Monitor ━━━━━━━━━━━
      ┣ Admin.NET.Core.JuAI.Service.ArticleService.GetRecommend
      ┣ 
      ┣ 控制器名称：       ArticleService
      ┣ 操作名称：         GetRecommend
      ┣ 显示名称：         
      ┣ 路由信息：         [area]: ; [controller]: article; [action]: recommend
      ┣ 请求方式：         GET
      ┣ 请求地址：         http://localhost:5005/api/article/recommend
      ┣ 来源地址：         http://localhost:19991/
      ┣ 请求端源：         client
      ┣ 浏览器标识：       Mozilla/5.0 (Windows NT 10.0; Win64; x64) AppleWebKit/537.36 (KHTML, like Gecko) Chrome/116.0.0.0 Safari/537.36
      ┣ 客户端区域语言：   zh-CN,zh;q=0.9
      ┣ 客户端 IP 地址：   0.0.0.1
      ┣ 服务端 IP 地址：   0.0.0.1
      ┣ 客户端连接 ID：    00-cef150c4ee0f473359d62fc492e1e3ff-b8a0cae1a473561e-00
      ┣ 服务线程 ID：      #57
      ┣ 执行耗时：         344ms
      ┣ ━━━━━━━━━━━━━━━  Cookies ━━━━━━━━━━━━━━━
      ┣ 请求端：           
      ┣ 响应端：           
      ┣ ━━━━━━━━━━━━━━━  系统信息 ━━━━━━━━━━━━━━━
      ┣ 系统名称：         Microsoft Windows 10.0.19044
      ┣ 系统架构：         X64
      ┣ 基础框架：         Furion.Pure v4.8.8.41
      ┣ .NET 架构：        .NET 6.0.16
      ┣ ━━━━━━━━━━━━━━━  启动信息 ━━━━━━━━━━━━━━━
      ┣ 运行环境：         Production
      ┣ 启动程序集：       Admin.NET.Web.Entry
      ┣ 进程名称：         Admin.NET.Web.Entry
      ┣ 托管程序：         Kestrel
      ┣ ━━━━━━━━━━━━━━━  返回信息 ━━━━━━━━━━━━━━━
      ┣ HTTP响应状态码：   200
      ┣ 原始类型：         System.Threading.Tasks.Task<System.Collections.Generic.List<Admin.NET.Core.JuAI.Service.ArticleSiderOutput>>
      ┣ 最终类型：         Admin.NET.Core.AdminResult<System.Object>
      ┣ 最终返回值：       {"code":200,"type":"success","message":"","result":[{"id":"14215981060677","title":"测试一个样式试试。。哈哈"},{"id":"14194109678917","title":"测试第一个抓烂拉了进来"},{"id":"14127539556677","title":"两个图片测试呢。"},{"id":"14127533953093","title":"设置一下图片和视频试一试呢。。哈哈"},{"id":"14127509730629","title":"一个视频和两个图片"},{"id":"14127478756933","title":"考了几分离开的分析来看都分割"},{"id":"14127257110597","title":"测试一个视频和图片功能看好不好呀"},{"id":"14084316607813","title":"111111111111111"},{"id":"14084262750277","title":"wangEditor 粘贴从 word 复制的带图片内容的最"},{
      ┗━━━━━━━━━━━  Logging Monitor ━━━━━━━━━━━
info: 2023-08-28 21:47:30.7549524 +08:00 星期一 L System.Logging.LoggingMonitor[0] #8
      [System.Private.CoreLib.dll] void System.Runtime.CompilerServices.AsyncTaskMethodBuilder<TResult>+AsyncStateMachineBox<TStateMachine>.MoveNext(Thread threadPoolThread)
      ┏━━━━━━━━━━━  Logging Monitor ━━━━━━━━━━━
      ┣ Admin.NET.Core.JuAI.Service.ArticleService.GetNewest
      ┣ 
      ┣ 控制器名称：                ArticleService
      ┣ 操作名称：                  GetNewest
      ┣ 显示名称：                  
      ┣ 路由信息：                  [area]: ; [controller]: article; [action]: newest
      ┣ 请求方式：                  GET
      ┣ 请求地址：                  http://localhost:5005/api/article/newest?minId=
      ┣ 来源地址：                  http://localhost:19991/
      ┣ 请求端源：                  client
      ┣ 浏览器标识：                Mozilla/5.0 (Windows NT 10.0; Win64; x64) AppleWebKit/537.36 (KHTML, like Gecko) Chrome/116.0.0.0 Safari/537.36
      ┣ 客户端区域语言：            zh-CN,zh;q=0.9
      ┣ 客户端 IP 地址：            0.0.0.1
      ┣ 服务端 IP 地址：            0.0.0.1
      ┣ 客户端连接 ID：             00-1d1e6e964f736fcb07c2149495dc0f70-37054e6e786df473-00
      ┣ 服务线程 ID：               #3
      ┣ 执行耗时：                  362ms
      ┣ ━━━━━━━━━━━━━━━  Cookies ━━━━━━━━━━━━━━━
      ┣ 请求端：                    
      ┣ 响应端：                    
      ┣ ━━━━━━━━━━━━━━━  系统信息 ━━━━━━━━━━━━━━━
      ┣ 系统名称：                  Microsoft Windows 10.0.19044
      ┣ 系统架构：                  X64
      ┣ 基础框架：                  Furion.Pure v4.8.8.41
      ┣ .NET 架构：                 .NET 6.0.16
      ┣ ━━━━━━━━━━━━━━━  启动信息 ━━━━━━━━━━━━━━━
      ┣ 运行环境：                  Production
      ┣ 启动程序集：                Admin.NET.Web.Entry
      ┣ 进程名称：                  Admin.NET.Web.Entry
      ┣ 托管程序：                  Kestrel
      ┣ ━━━━━━━━━━━━━━━  参数列表 ━━━━━━━━━━━━━━━
      ┣ Content-Type：              
      ┣ 
      ┣ minId (Nullable`1)：        
      ┣ ━━━━━━━━━━━━━━━  返回信息 ━━━━━━━━━━━━━━━
      ┣ HTTP响应状态码：            200
      ┣ 原始类型：                  System.Threading.Tasks.Task<System.Collections.Generic.List<Admin.NET.Core.JuAI.Service.ArticleOutput>>
      ┣ 最终类型：                  Admin.NET.Core.AdminResult<System.Object>
      ┣ 最终返回值：                {"code":200,"type":"success","message":"","result":[{"id":"14215981060677","title":"测试一个样式试试。。哈哈","html":"<p>大量减少离开</p><blockquote>第三方顺德府阿斯顿</blockquote><hr/><p>时间快</p><pre><code class=\"language-csharp\">烦烦烦烦烦烦\r\n顺德府阿斯蒂芬\r\n哈哈哈数据库的\r\nhahhahhkjsd </code></pre><table style=\"width: auto;\"><tbody><tr><th colSpan=\"1\" rowSpan=\"1\" width=\"auto\"></th><th colSpan=\"1\" rowSpan=\"1\" width=\"auto\"></th><th colSpan=\"1\" rowSpan=\"1\" width=\"auto\"></th><th colSpan=\"1\" rowSpan=\"1\" width=\"a
      ┗━━━━━━━━━━━  Logging Monitor ━━━━━━━━━━━
info: 2023-08-28 21:48:35.7473644 +08:00 星期一 L System.Logging.LoggingMonitor[0] #33
      [System.Private.CoreLib.dll] void System.Runtime.CompilerServices.AsyncMethodBuilderCore.Start<TStateMachine>(ref TStateMachine stateMachine)
      ┏━━━━━━━━━━━  Logging Monitor ━━━━━━━━━━━
      ┣ Admin.NET.Core.JuAI.Service.UserService.GetActiveUsers
      ┣ 
      ┣ 控制器名称：       UserService
      ┣ 操作名称：         GetActiveUsers
      ┣ 显示名称：         活跃用户
      ┣ 路由信息：         [area]: ; [controller]: user; [action]: activeUsers
      ┣ 请求方式：         GET
      ┣ 请求地址：         http://localhost:5005/api/User/ActiveUsers
      ┣ 来源地址：         http://localhost:19991/
      ┣ 请求端源：         client
      ┣ 浏览器标识：       Mozilla/5.0 (Windows NT 10.0; Win64; x64) AppleWebKit/537.36 (KHTML, like Gecko) Chrome/116.0.0.0 Safari/537.36
      ┣ 客户端区域语言：   zh-CN,zh;q=0.9
      ┣ 客户端 IP 地址：   0.0.0.1
      ┣ 服务端 IP 地址：   0.0.0.1
      ┣ 客户端连接 ID：    00-d9a8e2d02c2e67239624a5ecf04f1526-07b7e1124e20909e-00
      ┣ 服务线程 ID：      #33
      ┣ 执行耗时：         63ms
      ┣ ━━━━━━━━━━━━━━━  Cookies ━━━━━━━━━━━━━━━
      ┣ 请求端：           
      ┣ 响应端：           
      ┣ ━━━━━━━━━━━━━━━  系统信息 ━━━━━━━━━━━━━━━
      ┣ 系统名称：         Microsoft Windows 10.0.19044
      ┣ 系统架构：         X64
      ┣ 基础框架：         Furion.Pure v4.8.8.41
      ┣ .NET 架构：        .NET 6.0.16
      ┣ ━━━━━━━━━━━━━━━  启动信息 ━━━━━━━━━━━━━━━
      ┣ 运行环境：         Production
      ┣ 启动程序集：       Admin.NET.Web.Entry
      ┣ 进程名称：         Admin.NET.Web.Entry
      ┣ 托管程序：         Kestrel
      ┣ ━━━━━━━━━━━━━━━  返回信息 ━━━━━━━━━━━━━━━
      ┣ HTTP响应状态码：   200
      ┣ 原始类型：         System.Collections.Generic.IList<Admin.NET.Core.JuAI.Service.UserInfoOutput>
      ┣ 最终类型：         Admin.NET.Core.AdminResult<System.Object>
      ┣ 最终返回值：       {"code":200,"type":"success","message":"","result":[{"nickName":"聚AI_6045","avatar":"Upload/Avatar/14194583407941.jpg","id":"14005826358213"},{"nickName":"聚AI_6045","avatar":null,"id":"14005810391877"},{"nickName":"聚AI_6045","avatar":null,"id":"13727127390021"},{"nickName":"聚AI_6047","avatar":null,"id":"13763405483077"},{"nickName":"聚AI_6046","avatar":null,"id":"13763350061253"}],"extras":null,"time":"2023-08-28T21:48:35.7449191+08:00"}
      ┗━━━━━━━━━━━  Logging Monitor ━━━━━━━━━━━
info: 2023-08-28 21:48:35.7609117 +08:00 星期一 L System.Logging.LoggingMonitor[0] #56
      [System.Private.CoreLib.dll] void System.Runtime.CompilerServices.AsyncMethodBuilderCore.Start<TStateMachine>(ref TStateMachine stateMachine)
      ┏━━━━━━━━━━━  Logging Monitor ━━━━━━━━━━━
      ┣ Admin.NET.Core.JuAI.Service.UpgradeService.GetNewst
      ┣ 
      ┣ 控制器名称：       UpgradeService
      ┣ 操作名称：         GetNewst
      ┣ 显示名称：         
      ┣ 路由信息：         [area]: ; [controller]: upgrade; [action]: newst
      ┣ 请求方式：         GET
      ┣ 请求地址：         http://localhost:5005/api/upgrade/newst
      ┣ 来源地址：         http://localhost:19991/
      ┣ 请求端源：         client
      ┣ 浏览器标识：       Mozilla/5.0 (Windows NT 10.0; Win64; x64) AppleWebKit/537.36 (KHTML, like Gecko) Chrome/116.0.0.0 Safari/537.36
      ┣ 客户端区域语言：   zh-CN,zh;q=0.9
      ┣ 客户端 IP 地址：   0.0.0.1
      ┣ 服务端 IP 地址：   0.0.0.1
      ┣ 客户端连接 ID：    00-d5f9aa947c8dd0a1eb6621f77e01c2b7-a430d39e2fd15d5d-00
      ┣ 服务线程 ID：      #56
      ┣ 执行耗时：         75ms
      ┣ ━━━━━━━━━━━━━━━  Cookies ━━━━━━━━━━━━━━━
      ┣ 请求端：           
      ┣ 响应端：           
      ┣ ━━━━━━━━━━━━━━━  系统信息 ━━━━━━━━━━━━━━━
      ┣ 系统名称：         Microsoft Windows 10.0.19044
      ┣ 系统架构：         X64
      ┣ 基础框架：         Furion.Pure v4.8.8.41
      ┣ .NET 架构：        .NET 6.0.16
      ┣ ━━━━━━━━━━━━━━━  启动信息 ━━━━━━━━━━━━━━━
      ┣ 运行环境：         Production
      ┣ 启动程序集：       Admin.NET.Web.Entry
      ┣ 进程名称：         Admin.NET.Web.Entry
      ┣ 托管程序：         Kestrel
      ┣ ━━━━━━━━━━━━━━━  返回信息 ━━━━━━━━━━━━━━━
      ┣ HTTP响应状态码：   200
      ┣ 原始类型：         Admin.NET.Core.JuAI.AppUpgrade
      ┣ 最终类型：         Admin.NET.Core.AdminResult<System.Object>
      ┣ 最终返回值：       {"code":200,"type":"success","message":"","result":{"version":"2.12.3","desc":"修复聊天不显示","isForceUpdate":true,"isClearCache":true,"createOrgId":null,"createTime":"2023-08-08T22:29:38","updateTime":"2023-08-08T22:14:27","createUserId":null,"updateUserId":null,"isDelete":false,"id":"3334"},"extras":null,"time":"2023-08-28T21:48:35.7579572+08:00"}
      ┗━━━━━━━━━━━  Logging Monitor ━━━━━━━━━━━
info: 2023-08-28 21:48:35.7554708 +08:00 星期一 L System.Logging.LoggingMonitor[0] #28
      [System.Private.CoreLib.dll] void System.Runtime.CompilerServices.AsyncTaskMethodBuilder<TResult>+AsyncStateMachineBox<TStateMachine>.MoveNext(Thread threadPoolThread)
      ┏━━━━━━━━━━━  Logging Monitor ━━━━━━━━━━━
      ┣ Admin.NET.Core.JuAI.Service.SpecialService.GetNewest
      ┣ 
      ┣ 控制器名称：                SpecialService
      ┣ 操作名称：                  GetNewest
      ┣ 显示名称：                  
      ┣ 路由信息：                  [area]: ; [controller]: special; [action]: newest
      ┣ 请求方式：                  GET
      ┣ 请求地址：                  http://localhost:5005/api/special/newest?minId=
      ┣ 来源地址：                  http://localhost:19991/
      ┣ 请求端源：                  client
      ┣ 浏览器标识：                Mozilla/5.0 (Windows NT 10.0; Win64; x64) AppleWebKit/537.36 (KHTML, like Gecko) Chrome/116.0.0.0 Safari/537.36
      ┣ 客户端区域语言：            zh-CN,zh;q=0.9
      ┣ 客户端 IP 地址：            0.0.0.1
      ┣ 服务端 IP 地址：            0.0.0.1
      ┣ 客户端连接 ID：             00-42fd964ed64cf8aa4183a3766a9e9c40-5ba861ee69147e5e-00
      ┣ 服务线程 ID：               #3
      ┣ 执行耗时：                  86ms
      ┣ ━━━━━━━━━━━━━━━  Cookies ━━━━━━━━━━━━━━━
      ┣ 请求端：                    
      ┣ 响应端：                    
      ┣ ━━━━━━━━━━━━━━━  系统信息 ━━━━━━━━━━━━━━━
      ┣ 系统名称：                  Microsoft Windows 10.0.19044
      ┣ 系统架构：                  X64
      ┣ 基础框架：                  Furion.Pure v4.8.8.41
      ┣ .NET 架构：                 .NET 6.0.16
      ┣ ━━━━━━━━━━━━━━━  启动信息 ━━━━━━━━━━━━━━━
      ┣ 运行环境：                  Production
      ┣ 启动程序集：                Admin.NET.Web.Entry
      ┣ 进程名称：                  Admin.NET.Web.Entry
      ┣ 托管程序：                  Kestrel
      ┣ ━━━━━━━━━━━━━━━  参数列表 ━━━━━━━━━━━━━━━
      ┣ Content-Type：              
      ┣ 
      ┣ minId (Nullable`1)：        
      ┣ ━━━━━━━━━━━━━━━  返回信息 ━━━━━━━━━━━━━━━
      ┣ HTTP响应状态码：            200
      ┣ 原始类型：                  System.Threading.Tasks.Task<System.Collections.Generic.IList<Admin.NET.Core.JuAI.Service.SpecialOutput>>
      ┣ 最终类型：                  Admin.NET.Core.AdminResult<System.Object>
      ┣ 最终返回值：                {"code":200,"type":"success","message":"","result":[{"id":"141254407701223","title":"抓烂22223","text":"就螺丝扣搭街坊立刻就333333","cover":"http://filetest.guxin.link/Special/2023/08/14125440695621.jpg","coverFile":null},{"id":"141242588270232","title":"第一个抓烂","text":"就开始大家和弗兰克沙龙的开发建设离开的顺德府顺德府手动","cover":"http://filetest.guxin.link/Special/2023/08/14124258623685.jpg","coverFile":null},{"id":"141242586827023","title":"第一个抓烂","text":"就开始大家和弗兰克沙龙的开发建设离开的顺德府顺德府手动","cover":"http://filetest.guxin.link/Special/20
      ┗━━━━━━━━━━━  Logging Monitor ━━━━━━━━━━━
info: 2023-08-28 21:48:35.7536672 +08:00 星期一 L System.Logging.LoggingMonitor[0] #44
      [System.Private.CoreLib.dll] void System.Runtime.CompilerServices.AsyncTaskMethodBuilder<TResult>+AsyncStateMachineBox<TStateMachine>.MoveNext(Thread threadPoolThread)
      ┏━━━━━━━━━━━  Logging Monitor ━━━━━━━━━━━
      ┣ Admin.NET.Core.JuAI.Service.UserTokenService.GetIsQianDaoToday
      ┣ 
      ┣ 控制器名称：                   UserTokenService
      ┣ 操作名称：                     GetIsQianDaoToday
      ┣ 显示名称：                     
      ┣ 路由信息：                     [area]: ; [controller]: userToken; [action]: isQianDaoToday
      ┣ 请求方式：                     GET
      ┣ 请求地址：                     http://localhost:5005/api/userToken/isQianDaoToday
      ┣ 来源地址：                     http://localhost:19991/
      ┣ 请求端源：                     client
      ┣ 浏览器标识：                   Mozilla/5.0 (Windows NT 10.0; Win64; x64) AppleWebKit/537.36 (KHTML, like Gecko) Chrome/116.0.0.0 Safari/537.36
      ┣ 客户端区域语言：               zh-CN,zh;q=0.9
      ┣ 客户端 IP 地址：               0.0.0.1
      ┣ 服务端 IP 地址：               0.0.0.1
      ┣ 客户端连接 ID：                00-48ebeecbb788d9e70d889646b401354e-a278fae315dc5c11-00
      ┣ 服务线程 ID：                  #43
      ┣ 执行耗时：                     56ms
      ┣ ━━━━━━━━━━━━━━━  Cookies ━━━━━━━━━━━━━━━
      ┣ 请求端：                       
      ┣ 响应端：                       
      ┣ ━━━━━━━━━━━━━━━  系统信息 ━━━━━━━━━━━━━━━
      ┣ 系统名称：                     Microsoft Windows 10.0.19044
      ┣ 系统架构：                     X64
      ┣ 基础框架：                     Furion.Pure v4.8.8.41
      ┣ .NET 架构：                    .NET 6.0.16
      ┣ ━━━━━━━━━━━━━━━  启动信息 ━━━━━━━━━━━━━━━
      ┣ 运行环境：                     Production
      ┣ 启动程序集：                   Admin.NET.Web.Entry
      ┣ 进程名称：                     Admin.NET.Web.Entry
      ┣ 托管程序：                     Kestrel
      ┣ ━━━━━━━━━━━━━━━  授权信息 ━━━━━━━━━━━━━━━
      ┣ JWT Token：                    Bearer eyJhbGciOiJIUzI1NiIsInR5cCI6IkpXVCJ9.eyJVc2VySWQiOjE0MDA1ODI2MzU4MjEzLCJUZW5hbnRJZCI6MTMwMDAwMDAwMDAwMSwiQWNjb3VudCI6IjE4NjAwNzY2MDQ1IiwiTmlja05hbWUiOiLogZpBSV82MDQ1IiwiQWNjb3VudFR5cGUiOjAsImlhdCI6MTY5MzAzNzg0NiwibmJmIjoxNjkzMDM3ODQ2LCJleHAiOjE2OTM2NDI2NDYsImlzcyI6IkFkbWluLk5FVCIsImF1ZCI6IkFkbWluLk5FVCJ9.Pt3OMLor8iLzYQfEoREoKU3AxA0Ja7UX_Q2sCCdnGEw
      ┣ 
      ┣ UserId (integer64)：           14005826358213
      ┣ TenantId (integer64)：         1300000000001
      ┣ Account (string)：             18600766045
      ┣ NickName (string)：            聚AI_6045
      ┣ AccountType (integer)：        0
      ┣ iat (integer)：                1693037846 (2023-08-26 16:17:26:0000(+08:00) 星期六 L)
      ┣ nbf (integer)：                1693037846 (2023-08-26 16:17:26:0000(+08:00) 星期六 L)
      ┣ exp (integer)：                1693642646 (2023-09-02 16:17:26:0000(+08:00) 星期六 L)
      ┣ iss (string)：                 Admin.NET
      ┣ aud (string)：                 Admin.NET
      ┣ ━━━━━━━━━━━━━━━  返回信息 ━━━━━━━━━━━━━━━
      ┣ HTTP响应状态码：               200
      ┣ 原始类型：                     System.Threading.Tasks.Task<System.Boolean>
      ┣ 最终类型：                     Admin.NET.Core.AdminResult<System.Object>
      ┣ 最终返回值：                   {"code":200,"type":"success","message":"","result":false,"extras":null,"time":"2023-08-28T21:48:35.7501703+08:00"}
      ┗━━━━━━━━━━━  Logging Monitor ━━━━━━━━━━━
info: 2023-08-28 21:48:36.0053665 +08:00 星期一 L System.Logging.LoggingMonitor[0] #44
      [System.Private.CoreLib.dll] void System.Runtime.CompilerServices.AsyncTaskMethodBuilder<TResult>+AsyncStateMachineBox<TStateMachine>.MoveNext(Thread threadPoolThread)
      ┏━━━━━━━━━━━  Logging Monitor ━━━━━━━━━━━
      ┣ Admin.NET.Core.JuAI.Service.ArticleService.GetNewest
      ┣ 
      ┣ 控制器名称：                ArticleService
      ┣ 操作名称：                  GetNewest
      ┣ 显示名称：                  
      ┣ 路由信息：                  [area]: ; [controller]: article; [action]: newest
      ┣ 请求方式：                  GET
      ┣ 请求地址：                  http://localhost:5005/api/article/newest?minId=
      ┣ 来源地址：                  http://localhost:19991/
      ┣ 请求端源：                  client
      ┣ 浏览器标识：                Mozilla/5.0 (Windows NT 10.0; Win64; x64) AppleWebKit/537.36 (KHTML, like Gecko) Chrome/116.0.0.0 Safari/537.36
      ┣ 客户端区域语言：            zh-CN,zh;q=0.9
      ┣ 客户端 IP 地址：            0.0.0.1
      ┣ 服务端 IP 地址：            0.0.0.1
      ┣ 客户端连接 ID：             00-f85bc166acfb28f71e1c19dc6feb58e9-4b235adf0539dbc1-00
      ┣ 服务线程 ID：               #50
      ┣ 执行耗时：                  326ms
      ┣ ━━━━━━━━━━━━━━━  Cookies ━━━━━━━━━━━━━━━
      ┣ 请求端：                    
      ┣ 响应端：                    
      ┣ ━━━━━━━━━━━━━━━  系统信息 ━━━━━━━━━━━━━━━
      ┣ 系统名称：                  Microsoft Windows 10.0.19044
      ┣ 系统架构：                  X64
      ┣ 基础框架：                  Furion.Pure v4.8.8.41
      ┣ .NET 架构：                 .NET 6.0.16
      ┣ ━━━━━━━━━━━━━━━  启动信息 ━━━━━━━━━━━━━━━
      ┣ 运行环境：                  Production
      ┣ 启动程序集：                Admin.NET.Web.Entry
      ┣ 进程名称：                  Admin.NET.Web.Entry
      ┣ 托管程序：                  Kestrel
      ┣ ━━━━━━━━━━━━━━━  参数列表 ━━━━━━━━━━━━━━━
      ┣ Content-Type：              
      ┣ 
      ┣ minId (Nullable`1)：        
      ┣ ━━━━━━━━━━━━━━━  返回信息 ━━━━━━━━━━━━━━━
      ┣ HTTP响应状态码：            200
      ┣ 原始类型：                  System.Threading.Tasks.Task<System.Collections.Generic.List<Admin.NET.Core.JuAI.Service.ArticleOutput>>
      ┣ 最终类型：                  Admin.NET.Core.AdminResult<System.Object>
      ┣ 最终返回值：                {"code":200,"type":"success","message":"","result":[{"id":"14215981060677","title":"测试一个样式试试。。哈哈","html":"<p>大量减少离开</p><blockquote>第三方顺德府阿斯顿</blockquote><hr/><p>时间快</p><pre><code class=\"language-csharp\">烦烦烦烦烦烦\r\n顺德府阿斯蒂芬\r\n哈哈哈数据库的\r\nhahhahhkjsd </code></pre><table style=\"width: auto;\"><tbody><tr><th colSpan=\"1\" rowSpan=\"1\" width=\"auto\"></th><th colSpan=\"1\" rowSpan=\"1\" width=\"auto\"></th><th colSpan=\"1\" rowSpan=\"1\" width=\"auto\"></th><th colSpan=\"1\" rowSpan=\"1\" width=\"a
      ┗━━━━━━━━━━━  Logging Monitor ━━━━━━━━━━━
info: 2023-08-28 21:48:36.0563839 +08:00 星期一 L System.Logging.LoggingMonitor[0] #28
      [System.Private.CoreLib.dll] void System.Runtime.CompilerServices.AsyncTaskMethodBuilder<TResult>+AsyncStateMachineBox<TStateMachine>.MoveNext(Thread threadPoolThread)
      ┏━━━━━━━━━━━  Logging Monitor ━━━━━━━━━━━
      ┣ Admin.NET.Core.JuAI.Service.ArticleService.GetRecommend
      ┣ 
      ┣ 控制器名称：       ArticleService
      ┣ 操作名称：         GetRecommend
      ┣ 显示名称：         
      ┣ 路由信息：         [area]: ; [controller]: article; [action]: recommend
      ┣ 请求方式：         GET
      ┣ 请求地址：         http://localhost:5005/api/article/recommend
      ┣ 来源地址：         http://localhost:19991/
      ┣ 请求端源：         client
      ┣ 浏览器标识：       Mozilla/5.0 (Windows NT 10.0; Win64; x64) AppleWebKit/537.36 (KHTML, like Gecko) Chrome/116.0.0.0 Safari/537.36
      ┣ 客户端区域语言：   zh-CN,zh;q=0.9
      ┣ 客户端 IP 地址：   0.0.0.1
      ┣ 服务端 IP 地址：   0.0.0.1
      ┣ 客户端连接 ID：    00-0c35c43cfea352f5aca3fc591c0b38d8-dedf2612d036e7f2-00
      ┣ 服务线程 ID：      #58
      ┣ 执行耗时：         372ms
      ┣ ━━━━━━━━━━━━━━━  Cookies ━━━━━━━━━━━━━━━
      ┣ 请求端：           
      ┣ 响应端：           
      ┣ ━━━━━━━━━━━━━━━  系统信息 ━━━━━━━━━━━━━━━
      ┣ 系统名称：         Microsoft Windows 10.0.19044
      ┣ 系统架构：         X64
      ┣ 基础框架：         Furion.Pure v4.8.8.41
      ┣ .NET 架构：        .NET 6.0.16
      ┣ ━━━━━━━━━━━━━━━  启动信息 ━━━━━━━━━━━━━━━
      ┣ 运行环境：         Production
      ┣ 启动程序集：       Admin.NET.Web.Entry
      ┣ 进程名称：         Admin.NET.Web.Entry
      ┣ 托管程序：         Kestrel
      ┣ ━━━━━━━━━━━━━━━  返回信息 ━━━━━━━━━━━━━━━
      ┣ HTTP响应状态码：   200
      ┣ 原始类型：         System.Threading.Tasks.Task<System.Collections.Generic.List<Admin.NET.Core.JuAI.Service.ArticleSiderOutput>>
      ┣ 最终类型：         Admin.NET.Core.AdminResult<System.Object>
      ┣ 最终返回值：       {"code":200,"type":"success","message":"","result":[{"id":"14215981060677","title":"测试一个样式试试。。哈哈"},{"id":"14194109678917","title":"测试第一个抓烂拉了进来"},{"id":"14127539556677","title":"两个图片测试呢。"},{"id":"14127533953093","title":"设置一下图片和视频试一试呢。。哈哈"},{"id":"14127509730629","title":"一个视频和两个图片"},{"id":"14127478756933","title":"考了几分离开的分析来看都分割"},{"id":"14127257110597","title":"测试一个视频和图片功能看好不好呀"},{"id":"14084316607813","title":"111111111111111"},{"id":"14084262750277","title":"wangEditor 粘贴从 word 复制的带图片内容的最"},{
      ┗━━━━━━━━━━━  Logging Monitor ━━━━━━━━━━━
info: 2023-08-28 21:49:00.4427475 +08:00 星期一 L System.Logging.LoggingMonitor[0] #40
      [System.Private.CoreLib.dll] void System.Runtime.CompilerServices.AsyncMethodBuilderCore.Start<TStateMachine>(ref TStateMachine stateMachine)
      ┏━━━━━━━━━━━  Logging Monitor ━━━━━━━━━━━
      ┣ Admin.NET.Core.JuAI.Service.UpgradeService.GetNewst
      ┣ 
      ┣ 控制器名称：       UpgradeService
      ┣ 操作名称：         GetNewst
      ┣ 显示名称：         
      ┣ 路由信息：         [area]: ; [controller]: upgrade; [action]: newst
      ┣ 请求方式：         GET
      ┣ 请求地址：         http://localhost:5005/api/upgrade/newst
      ┣ 来源地址：         http://localhost:19991/
      ┣ 请求端源：         client
      ┣ 浏览器标识：       Mozilla/5.0 (Windows NT 10.0; Win64; x64) AppleWebKit/537.36 (KHTML, like Gecko) Chrome/116.0.0.0 Safari/537.36
      ┣ 客户端区域语言：   zh-CN,zh;q=0.9
      ┣ 客户端 IP 地址：   0.0.0.1
      ┣ 服务端 IP 地址：   0.0.0.1
      ┣ 客户端连接 ID：    00-f42e92d757d4ff843f0ba2545af4daab-a7fc1c2a74cad850-00
      ┣ 服务线程 ID：      #40
      ┣ 执行耗时：         73ms
      ┣ ━━━━━━━━━━━━━━━  Cookies ━━━━━━━━━━━━━━━
      ┣ 请求端：           
      ┣ 响应端：           
      ┣ ━━━━━━━━━━━━━━━  系统信息 ━━━━━━━━━━━━━━━
      ┣ 系统名称：         Microsoft Windows 10.0.19044
      ┣ 系统架构：         X64
      ┣ 基础框架：         Furion.Pure v4.8.8.41
      ┣ .NET 架构：        .NET 6.0.16
      ┣ ━━━━━━━━━━━━━━━  启动信息 ━━━━━━━━━━━━━━━
      ┣ 运行环境：         Production
      ┣ 启动程序集：       Admin.NET.Web.Entry
      ┣ 进程名称：         Admin.NET.Web.Entry
      ┣ 托管程序：         Kestrel
      ┣ ━━━━━━━━━━━━━━━  返回信息 ━━━━━━━━━━━━━━━
      ┣ HTTP响应状态码：   200
      ┣ 原始类型：         Admin.NET.Core.JuAI.AppUpgrade
      ┣ 最终类型：         Admin.NET.Core.AdminResult<System.Object>
      ┣ 最终返回值：       {"code":200,"type":"success","message":"","result":{"version":"2.12.3","desc":"修复聊天不显示","isForceUpdate":true,"isClearCache":true,"createOrgId":null,"createTime":"2023-08-08T22:29:38","updateTime":"2023-08-08T22:14:27","createUserId":null,"updateUserId":null,"isDelete":false,"id":"3334"},"extras":null,"time":"2023-08-28T21:49:00.4404364+08:00"}
      ┗━━━━━━━━━━━  Logging Monitor ━━━━━━━━━━━
info: 2023-08-28 21:49:00.4327646 +08:00 星期一 L System.Logging.LoggingMonitor[0] #28
      [System.Private.CoreLib.dll] void System.Runtime.CompilerServices.AsyncTaskMethodBuilder<TResult>+AsyncStateMachineBox<TStateMachine>.MoveNext(Thread threadPoolThread)
      ┏━━━━━━━━━━━  Logging Monitor ━━━━━━━━━━━
      ┣ Admin.NET.Core.JuAI.Service.SpecialService.GetNewest
      ┣ 
      ┣ 控制器名称：                SpecialService
      ┣ 操作名称：                  GetNewest
      ┣ 显示名称：                  
      ┣ 路由信息：                  [area]: ; [controller]: special; [action]: newest
      ┣ 请求方式：                  GET
      ┣ 请求地址：                  http://localhost:5005/api/special/newest?minId=
      ┣ 来源地址：                  http://localhost:19991/
      ┣ 请求端源：                  client
      ┣ 浏览器标识：                Mozilla/5.0 (Windows NT 10.0; Win64; x64) AppleWebKit/537.36 (KHTML, like Gecko) Chrome/116.0.0.0 Safari/537.36
      ┣ 客户端区域语言：            zh-CN,zh;q=0.9
      ┣ 客户端 IP 地址：            0.0.0.1
      ┣ 服务端 IP 地址：            0.0.0.1
      ┣ 客户端连接 ID：             00-bad2ca2070160d38ef6d5fab2809af16-df95b65f99be4ade-00
      ┣ 服务线程 ID：               #58
      ┣ 执行耗时：                  64ms
      ┣ ━━━━━━━━━━━━━━━  Cookies ━━━━━━━━━━━━━━━
      ┣ 请求端：                    
      ┣ 响应端：                    
      ┣ ━━━━━━━━━━━━━━━  系统信息 ━━━━━━━━━━━━━━━
      ┣ 系统名称：                  Microsoft Windows 10.0.19044
      ┣ 系统架构：                  X64
      ┣ 基础框架：                  Furion.Pure v4.8.8.41
      ┣ .NET 架构：                 .NET 6.0.16
      ┣ ━━━━━━━━━━━━━━━  启动信息 ━━━━━━━━━━━━━━━
      ┣ 运行环境：                  Production
      ┣ 启动程序集：                Admin.NET.Web.Entry
      ┣ 进程名称：                  Admin.NET.Web.Entry
      ┣ 托管程序：                  Kestrel
      ┣ ━━━━━━━━━━━━━━━  参数列表 ━━━━━━━━━━━━━━━
      ┣ Content-Type：              
      ┣ 
      ┣ minId (Nullable`1)：        
      ┣ ━━━━━━━━━━━━━━━  返回信息 ━━━━━━━━━━━━━━━
      ┣ HTTP响应状态码：            200
      ┣ 原始类型：                  System.Threading.Tasks.Task<System.Collections.Generic.IList<Admin.NET.Core.JuAI.Service.SpecialOutput>>
      ┣ 最终类型：                  Admin.NET.Core.AdminResult<System.Object>
      ┣ 最终返回值：                {"code":200,"type":"success","message":"","result":[{"id":"141254407701223","title":"抓烂22223","text":"就螺丝扣搭街坊立刻就333333","cover":"http://filetest.guxin.link/Special/2023/08/14125440695621.jpg","coverFile":null},{"id":"141242588270232","title":"第一个抓烂","text":"就开始大家和弗兰克沙龙的开发建设离开的顺德府顺德府手动","cover":"http://filetest.guxin.link/Special/2023/08/14124258623685.jpg","coverFile":null},{"id":"141242586827023","title":"第一个抓烂","text":"就开始大家和弗兰克沙龙的开发建设离开的顺德府顺德府手动","cover":"http://filetest.guxin.link/Special/20
      ┗━━━━━━━━━━━  Logging Monitor ━━━━━━━━━━━
info: 2023-08-28 21:49:00.4595175 +08:00 星期一 L System.Logging.LoggingMonitor[0] #39
      [System.Private.CoreLib.dll] void System.Runtime.CompilerServices.AsyncMethodBuilderCore.Start<TStateMachine>(ref TStateMachine stateMachine)
      ┏━━━━━━━━━━━  Logging Monitor ━━━━━━━━━━━
      ┣ Admin.NET.Core.JuAI.Service.UserService.GetActiveUsers
      ┣ 
      ┣ 控制器名称：       UserService
      ┣ 操作名称：         GetActiveUsers
      ┣ 显示名称：         活跃用户
      ┣ 路由信息：         [area]: ; [controller]: user; [action]: activeUsers
      ┣ 请求方式：         GET
      ┣ 请求地址：         http://localhost:5005/api/User/ActiveUsers
      ┣ 来源地址：         http://localhost:19991/
      ┣ 请求端源：         client
      ┣ 浏览器标识：       Mozilla/5.0 (Windows NT 10.0; Win64; x64) AppleWebKit/537.36 (KHTML, like Gecko) Chrome/116.0.0.0 Safari/537.36
      ┣ 客户端区域语言：   zh-CN,zh;q=0.9
      ┣ 客户端 IP 地址：   0.0.0.1
      ┣ 服务端 IP 地址：   0.0.0.1
      ┣ 客户端连接 ID：    00-4bc80226a6d6c67e353e5a8cbe49ffa8-21042cb634c60301-00
      ┣ 服务线程 ID：      #39
      ┣ 执行耗时：         90ms
      ┣ ━━━━━━━━━━━━━━━  Cookies ━━━━━━━━━━━━━━━
      ┣ 请求端：           
      ┣ 响应端：           
      ┣ ━━━━━━━━━━━━━━━  系统信息 ━━━━━━━━━━━━━━━
      ┣ 系统名称：         Microsoft Windows 10.0.19044
      ┣ 系统架构：         X64
      ┣ 基础框架：         Furion.Pure v4.8.8.41
      ┣ .NET 架构：        .NET 6.0.16
      ┣ ━━━━━━━━━━━━━━━  启动信息 ━━━━━━━━━━━━━━━
      ┣ 运行环境：         Production
      ┣ 启动程序集：       Admin.NET.Web.Entry
      ┣ 进程名称：         Admin.NET.Web.Entry
      ┣ 托管程序：         Kestrel
      ┣ ━━━━━━━━━━━━━━━  返回信息 ━━━━━━━━━━━━━━━
      ┣ HTTP响应状态码：   200
      ┣ 原始类型：         System.Collections.Generic.IList<Admin.NET.Core.JuAI.Service.UserInfoOutput>
      ┣ 最终类型：         Admin.NET.Core.AdminResult<System.Object>
      ┣ 最终返回值：       {"code":200,"type":"success","message":"","result":[{"nickName":"聚AI_6045","avatar":"Upload/Avatar/14194583407941.jpg","id":"14005826358213"},{"nickName":"聚AI_6045","avatar":null,"id":"14005810391877"},{"nickName":"聚AI_6045","avatar":null,"id":"13727127390021"},{"nickName":"聚AI_6047","avatar":null,"id":"13763405483077"},{"nickName":"聚AI_6046","avatar":null,"id":"13763350061253"}],"extras":null,"time":"2023-08-28T21:49:00.4562642+08:00"}
      ┗━━━━━━━━━━━  Logging Monitor ━━━━━━━━━━━
info: 2023-08-28 21:49:00.4458248 +08:00 星期一 L System.Logging.LoggingMonitor[0] #32
      [System.Private.CoreLib.dll] void System.Runtime.CompilerServices.AsyncTaskMethodBuilder<TResult>+AsyncStateMachineBox<TStateMachine>.MoveNext(Thread threadPoolThread)
      ┏━━━━━━━━━━━  Logging Monitor ━━━━━━━━━━━
      ┣ Admin.NET.Core.JuAI.Service.UserTokenService.GetIsQianDaoToday
      ┣ 
      ┣ 控制器名称：                   UserTokenService
      ┣ 操作名称：                     GetIsQianDaoToday
      ┣ 显示名称：                     
      ┣ 路由信息：                     [area]: ; [controller]: userToken; [action]: isQianDaoToday
      ┣ 请求方式：                     GET
      ┣ 请求地址：                     http://localhost:5005/api/userToken/isQianDaoToday
      ┣ 来源地址：                     http://localhost:19991/
      ┣ 请求端源：                     client
      ┣ 浏览器标识：                   Mozilla/5.0 (Windows NT 10.0; Win64; x64) AppleWebKit/537.36 (KHTML, like Gecko) Chrome/116.0.0.0 Safari/537.36
      ┣ 客户端区域语言：               zh-CN,zh;q=0.9
      ┣ 客户端 IP 地址：               0.0.0.1
      ┣ 服务端 IP 地址：               0.0.0.1
      ┣ 客户端连接 ID：                00-91529078d1e57488040c4c7bb4593e2b-e4ef4daccf65277e-00
      ┣ 服务线程 ID：                  #34
      ┣ 执行耗时：                     57ms
      ┣ ━━━━━━━━━━━━━━━  Cookies ━━━━━━━━━━━━━━━
      ┣ 请求端：                       
      ┣ 响应端：                       
      ┣ ━━━━━━━━━━━━━━━  系统信息 ━━━━━━━━━━━━━━━
      ┣ 系统名称：                     Microsoft Windows 10.0.19044
      ┣ 系统架构：                     X64
      ┣ 基础框架：                     Furion.Pure v4.8.8.41
      ┣ .NET 架构：                    .NET 6.0.16
      ┣ ━━━━━━━━━━━━━━━  启动信息 ━━━━━━━━━━━━━━━
      ┣ 运行环境：                     Production
      ┣ 启动程序集：                   Admin.NET.Web.Entry
      ┣ 进程名称：                     Admin.NET.Web.Entry
      ┣ 托管程序：                     Kestrel
      ┣ ━━━━━━━━━━━━━━━  授权信息 ━━━━━━━━━━━━━━━
      ┣ JWT Token：                    Bearer eyJhbGciOiJIUzI1NiIsInR5cCI6IkpXVCJ9.eyJVc2VySWQiOjE0MDA1ODI2MzU4MjEzLCJUZW5hbnRJZCI6MTMwMDAwMDAwMDAwMSwiQWNjb3VudCI6IjE4NjAwNzY2MDQ1IiwiTmlja05hbWUiOiLogZpBSV82MDQ1IiwiQWNjb3VudFR5cGUiOjAsImlhdCI6MTY5MzAzNzg0NiwibmJmIjoxNjkzMDM3ODQ2LCJleHAiOjE2OTM2NDI2NDYsImlzcyI6IkFkbWluLk5FVCIsImF1ZCI6IkFkbWluLk5FVCJ9.Pt3OMLor8iLzYQfEoREoKU3AxA0Ja7UX_Q2sCCdnGEw
      ┣ 
      ┣ UserId (integer64)：           14005826358213
      ┣ TenantId (integer64)：         1300000000001
      ┣ Account (string)：             18600766045
      ┣ NickName (string)：            聚AI_6045
      ┣ AccountType (integer)：        0
      ┣ iat (integer)：                1693037846 (2023-08-26 16:17:26:0000(+08:00) 星期六 L)
      ┣ nbf (integer)：                1693037846 (2023-08-26 16:17:26:0000(+08:00) 星期六 L)
      ┣ exp (integer)：                1693642646 (2023-09-02 16:17:26:0000(+08:00) 星期六 L)
      ┣ iss (string)：                 Admin.NET
      ┣ aud (string)：                 Admin.NET
      ┣ ━━━━━━━━━━━━━━━  返回信息 ━━━━━━━━━━━━━━━
      ┣ HTTP响应状态码：               200
      ┣ 原始类型：                     System.Threading.Tasks.Task<System.Boolean>
      ┣ 最终类型：                     Admin.NET.Core.AdminResult<System.Object>
      ┣ 最终返回值：                   {"code":200,"type":"success","message":"","result":false,"extras":null,"time":"2023-08-28T21:49:00.4419155+08:00"}
      ┗━━━━━━━━━━━  Logging Monitor ━━━━━━━━━━━
info: 2023-08-28 21:49:00.7373375 +08:00 星期一 L System.Logging.LoggingMonitor[0] #32
      [System.Private.CoreLib.dll] void System.Runtime.CompilerServices.AsyncTaskMethodBuilder<TResult>+AsyncStateMachineBox<TStateMachine>.MoveNext(Thread threadPoolThread)
      ┏━━━━━━━━━━━  Logging Monitor ━━━━━━━━━━━
      ┣ Admin.NET.Core.JuAI.Service.ArticleService.GetRecommend
      ┣ 
      ┣ 控制器名称：       ArticleService
      ┣ 操作名称：         GetRecommend
      ┣ 显示名称：         
      ┣ 路由信息：         [area]: ; [controller]: article; [action]: recommend
      ┣ 请求方式：         GET
      ┣ 请求地址：         http://localhost:5005/api/article/recommend
      ┣ 来源地址：         http://localhost:19991/
      ┣ 请求端源：         client
      ┣ 浏览器标识：       Mozilla/5.0 (Windows NT 10.0; Win64; x64) AppleWebKit/537.36 (KHTML, like Gecko) Chrome/116.0.0.0 Safari/537.36
      ┣ 客户端区域语言：   zh-CN,zh;q=0.9
      ┣ 客户端 IP 地址：   0.0.0.1
      ┣ 服务端 IP 地址：   0.0.0.1
      ┣ 客户端连接 ID：    00-41f3b4bbb9e6965c1d06aabab64e4391-ff36d10411af7aca-00
      ┣ 服务线程 ID：      #35
      ┣ 执行耗时：         363ms
      ┣ ━━━━━━━━━━━━━━━  Cookies ━━━━━━━━━━━━━━━
      ┣ 请求端：           
      ┣ 响应端：           
      ┣ ━━━━━━━━━━━━━━━  系统信息 ━━━━━━━━━━━━━━━
      ┣ 系统名称：         Microsoft Windows 10.0.19044
      ┣ 系统架构：         X64
      ┣ 基础框架：         Furion.Pure v4.8.8.41
      ┣ .NET 架构：        .NET 6.0.16
      ┣ ━━━━━━━━━━━━━━━  启动信息 ━━━━━━━━━━━━━━━
      ┣ 运行环境：         Production
      ┣ 启动程序集：       Admin.NET.Web.Entry
      ┣ 进程名称：         Admin.NET.Web.Entry
      ┣ 托管程序：         Kestrel
      ┣ ━━━━━━━━━━━━━━━  返回信息 ━━━━━━━━━━━━━━━
      ┣ HTTP响应状态码：   200
      ┣ 原始类型：         System.Threading.Tasks.Task<System.Collections.Generic.List<Admin.NET.Core.JuAI.Service.ArticleSiderOutput>>
      ┣ 最终类型：         Admin.NET.Core.AdminResult<System.Object>
      ┣ 最终返回值：       {"code":200,"type":"success","message":"","result":[{"id":"14215981060677","title":"测试一个样式试试。。哈哈"},{"id":"14194109678917","title":"测试第一个抓烂拉了进来"},{"id":"14127539556677","title":"两个图片测试呢。"},{"id":"14127533953093","title":"设置一下图片和视频试一试呢。。哈哈"},{"id":"14127509730629","title":"一个视频和两个图片"},{"id":"14127478756933","title":"考了几分离开的分析来看都分割"},{"id":"14127257110597","title":"测试一个视频和图片功能看好不好呀"},{"id":"14084316607813","title":"111111111111111"},{"id":"14084262750277","title":"wangEditor 粘贴从 word 复制的带图片内容的最"},{
      ┗━━━━━━━━━━━  Logging Monitor ━━━━━━━━━━━
info: 2023-08-28 21:49:00.7680089 +08:00 星期一 L System.Logging.LoggingMonitor[0] #28
      [System.Private.CoreLib.dll] void System.Runtime.CompilerServices.AsyncTaskMethodBuilder<TResult>+AsyncStateMachineBox<TStateMachine>.MoveNext(Thread threadPoolThread)
      ┏━━━━━━━━━━━  Logging Monitor ━━━━━━━━━━━
      ┣ Admin.NET.Core.JuAI.Service.ArticleService.GetNewest
      ┣ 
      ┣ 控制器名称：                ArticleService
      ┣ 操作名称：                  GetNewest
      ┣ 显示名称：                  
      ┣ 路由信息：                  [area]: ; [controller]: article; [action]: newest
      ┣ 请求方式：                  GET
      ┣ 请求地址：                  http://localhost:5005/api/article/newest?minId=
      ┣ 来源地址：                  http://localhost:19991/
      ┣ 请求端源：                  client
      ┣ 浏览器标识：                Mozilla/5.0 (Windows NT 10.0; Win64; x64) AppleWebKit/537.36 (KHTML, like Gecko) Chrome/116.0.0.0 Safari/537.36
      ┣ 客户端区域语言：            zh-CN,zh;q=0.9
      ┣ 客户端 IP 地址：            0.0.0.1
      ┣ 服务端 IP 地址：            0.0.0.1
      ┣ 客户端连接 ID：             00-d6308d1962b9a69faf9b376ebfa1b29d-aa70ff71aee84fd9-00
      ┣ 服务线程 ID：               #3
      ┣ 执行耗时：                  392ms
      ┣ ━━━━━━━━━━━━━━━  Cookies ━━━━━━━━━━━━━━━
      ┣ 请求端：                    
      ┣ 响应端：                    
      ┣ ━━━━━━━━━━━━━━━  系统信息 ━━━━━━━━━━━━━━━
      ┣ 系统名称：                  Microsoft Windows 10.0.19044
      ┣ 系统架构：                  X64
      ┣ 基础框架：                  Furion.Pure v4.8.8.41
      ┣ .NET 架构：                 .NET 6.0.16
      ┣ ━━━━━━━━━━━━━━━  启动信息 ━━━━━━━━━━━━━━━
      ┣ 运行环境：                  Production
      ┣ 启动程序集：                Admin.NET.Web.Entry
      ┣ 进程名称：                  Admin.NET.Web.Entry
      ┣ 托管程序：                  Kestrel
      ┣ ━━━━━━━━━━━━━━━  参数列表 ━━━━━━━━━━━━━━━
      ┣ Content-Type：              
      ┣ 
      ┣ minId (Nullable`1)：        
      ┣ ━━━━━━━━━━━━━━━  返回信息 ━━━━━━━━━━━━━━━
      ┣ HTTP响应状态码：            200
      ┣ 原始类型：                  System.Threading.Tasks.Task<System.Collections.Generic.List<Admin.NET.Core.JuAI.Service.ArticleOutput>>
      ┣ 最终类型：                  Admin.NET.Core.AdminResult<System.Object>
      ┣ 最终返回值：                {"code":200,"type":"success","message":"","result":[{"id":"14215981060677","title":"测试一个样式试试。。哈哈","html":"<p>大量减少离开</p><blockquote>第三方顺德府阿斯顿</blockquote><hr/><p>时间快</p><pre><code class=\"language-csharp\">烦烦烦烦烦烦\r\n顺德府阿斯蒂芬\r\n哈哈哈数据库的\r\nhahhahhkjsd </code></pre><table style=\"width: auto;\"><tbody><tr><th colSpan=\"1\" rowSpan=\"1\" width=\"auto\"></th><th colSpan=\"1\" rowSpan=\"1\" width=\"auto\"></th><th colSpan=\"1\" rowSpan=\"1\" width=\"auto\"></th><th colSpan=\"1\" rowSpan=\"1\" width=\"a
      ┗━━━━━━━━━━━  Logging Monitor ━━━━━━━━━━━
info: 2023-08-28 21:53:19.5641694 +08:00 星期一 L System.Logging.LoggingMonitor[0] #20
      [System.Private.CoreLib.dll] void System.Runtime.CompilerServices.AsyncMethodBuilderCore.Start<TStateMachine>(ref TStateMachine stateMachine)
      ┏━━━━━━━━━━━  Logging Monitor ━━━━━━━━━━━
      ┣ Admin.NET.Core.JuAI.Service.UserService.GetActiveUsers
      ┣ 
      ┣ 控制器名称：       UserService
      ┣ 操作名称：         GetActiveUsers
      ┣ 显示名称：         活跃用户
      ┣ 路由信息：         [area]: ; [controller]: user; [action]: activeUsers
      ┣ 请求方式：         GET
      ┣ 请求地址：         http://localhost:5005/api/User/ActiveUsers
      ┣ 来源地址：         http://localhost:19991/
      ┣ 请求端源：         client
      ┣ 浏览器标识：       Mozilla/5.0 (Windows NT 10.0; Win64; x64) AppleWebKit/537.36 (KHTML, like Gecko) Chrome/116.0.0.0 Safari/537.36
      ┣ 客户端区域语言：   zh-CN,zh;q=0.9
      ┣ 客户端 IP 地址：   0.0.0.1
      ┣ 服务端 IP 地址：   0.0.0.1
      ┣ 客户端连接 ID：    00-0c582a62dc0dd2262544b926b81067ae-b2d46d6472177209-00
      ┣ 服务线程 ID：      #20
      ┣ 执行耗时：         200ms
      ┣ ━━━━━━━━━━━━━━━  Cookies ━━━━━━━━━━━━━━━
      ┣ 请求端：           
      ┣ 响应端：           
      ┣ ━━━━━━━━━━━━━━━  系统信息 ━━━━━━━━━━━━━━━
      ┣ 系统名称：         Microsoft Windows 10.0.19044
      ┣ 系统架构：         X64
      ┣ 基础框架：         Furion.Pure v4.8.8.41
      ┣ .NET 架构：        .NET 6.0.16
      ┣ ━━━━━━━━━━━━━━━  启动信息 ━━━━━━━━━━━━━━━
      ┣ 运行环境：         Production
      ┣ 启动程序集：       Admin.NET.Web.Entry
      ┣ 进程名称：         Admin.NET.Web.Entry
      ┣ 托管程序：         Kestrel
      ┣ ━━━━━━━━━━━━━━━  返回信息 ━━━━━━━━━━━━━━━
      ┣ HTTP响应状态码：   200
      ┣ 原始类型：         System.Collections.Generic.IList<Admin.NET.Core.JuAI.Service.UserInfoOutput>
      ┣ 最终类型：         Admin.NET.Core.AdminResult<System.Object>
      ┣ 最终返回值：       {"code":200,"type":"success","message":"","result":[{"nickName":"聚AI_6045","avatar":"Upload/Avatar/14194583407941.jpg","id":"14005826358213"},{"nickName":"聚AI_6045","avatar":null,"id":"14005810391877"},{"nickName":"聚AI_6045","avatar":null,"id":"13727127390021"},{"nickName":"聚AI_6047","avatar":null,"id":"13763405483077"},{"nickName":"聚AI_6046","avatar":null,"id":"13763350061253"}],"extras":null,"time":"2023-08-28T21:53:19.5620556+08:00"}
      ┗━━━━━━━━━━━  Logging Monitor ━━━━━━━━━━━
info: 2023-08-28 21:53:19.5677277 +08:00 星期一 L System.Logging.LoggingMonitor[0] #41
      [System.Private.CoreLib.dll] void System.Runtime.CompilerServices.AsyncMethodBuilderCore.Start<TStateMachine>(ref TStateMachine stateMachine)
      ┏━━━━━━━━━━━  Logging Monitor ━━━━━━━━━━━
      ┣ Admin.NET.Core.JuAI.Service.UpgradeService.GetNewst
      ┣ 
      ┣ 控制器名称：       UpgradeService
      ┣ 操作名称：         GetNewst
      ┣ 显示名称：         
      ┣ 路由信息：         [area]: ; [controller]: upgrade; [action]: newst
      ┣ 请求方式：         GET
      ┣ 请求地址：         http://localhost:5005/api/upgrade/newst
      ┣ 来源地址：         http://localhost:19991/
      ┣ 请求端源：         client
      ┣ 浏览器标识：       Mozilla/5.0 (Windows NT 10.0; Win64; x64) AppleWebKit/537.36 (KHTML, like Gecko) Chrome/116.0.0.0 Safari/537.36
      ┣ 客户端区域语言：   zh-CN,zh;q=0.9
      ┣ 客户端 IP 地址：   0.0.0.1
      ┣ 服务端 IP 地址：   0.0.0.1
      ┣ 客户端连接 ID：    00-f1ec8907efe677277aae6a2a826123da-bc1819c673eeb4ad-00
      ┣ 服务线程 ID：      #41
      ┣ 执行耗时：         202ms
      ┣ ━━━━━━━━━━━━━━━  Cookies ━━━━━━━━━━━━━━━
      ┣ 请求端：           
      ┣ 响应端：           
      ┣ ━━━━━━━━━━━━━━━  系统信息 ━━━━━━━━━━━━━━━
      ┣ 系统名称：         Microsoft Windows 10.0.19044
      ┣ 系统架构：         X64
      ┣ 基础框架：         Furion.Pure v4.8.8.41
      ┣ .NET 架构：        .NET 6.0.16
      ┣ ━━━━━━━━━━━━━━━  启动信息 ━━━━━━━━━━━━━━━
      ┣ 运行环境：         Production
      ┣ 启动程序集：       Admin.NET.Web.Entry
      ┣ 进程名称：         Admin.NET.Web.Entry
      ┣ 托管程序：         Kestrel
      ┣ ━━━━━━━━━━━━━━━  返回信息 ━━━━━━━━━━━━━━━
      ┣ HTTP响应状态码：   200
      ┣ 原始类型：         Admin.NET.Core.JuAI.AppUpgrade
      ┣ 最终类型：         Admin.NET.Core.AdminResult<System.Object>
      ┣ 最终返回值：       {"code":200,"type":"success","message":"","result":{"version":"2.12.3","desc":"修复聊天不显示","isForceUpdate":true,"isClearCache":true,"createOrgId":null,"createTime":"2023-08-08T22:29:38","updateTime":"2023-08-08T22:14:27","createUserId":null,"updateUserId":null,"isDelete":false,"id":"3334"},"extras":null,"time":"2023-08-28T21:53:19.5650048+08:00"}
      ┗━━━━━━━━━━━  Logging Monitor ━━━━━━━━━━━
info: 2023-08-28 21:53:19.5703182 +08:00 星期一 L System.Logging.LoggingMonitor[0] #59
      [System.Private.CoreLib.dll] void System.Runtime.CompilerServices.AsyncTaskMethodBuilder<TResult>+AsyncStateMachineBox<TStateMachine>.MoveNext(Thread threadPoolThread)
      ┏━━━━━━━━━━━  Logging Monitor ━━━━━━━━━━━
      ┣ Admin.NET.Core.JuAI.Service.SpecialService.GetNewest
      ┣ 
      ┣ 控制器名称：                SpecialService
      ┣ 操作名称：                  GetNewest
      ┣ 显示名称：                  
      ┣ 路由信息：                  [area]: ; [controller]: special; [action]: newest
      ┣ 请求方式：                  GET
      ┣ 请求地址：                  http://localhost:5005/api/special/newest?minId=
      ┣ 来源地址：                  http://localhost:19991/
      ┣ 请求端源：                  client
      ┣ 浏览器标识：                Mozilla/5.0 (Windows NT 10.0; Win64; x64) AppleWebKit/537.36 (KHTML, like Gecko) Chrome/116.0.0.0 Safari/537.36
      ┣ 客户端区域语言：            zh-CN,zh;q=0.9
      ┣ 客户端 IP 地址：            0.0.0.1
      ┣ 服务端 IP 地址：            0.0.0.1
      ┣ 客户端连接 ID：             00-e46a833d2809d7e34b90610548680ec1-7249512505c503e3-00
      ┣ 服务线程 ID：               #42
      ┣ 执行耗时：                  203ms
      ┣ ━━━━━━━━━━━━━━━  Cookies ━━━━━━━━━━━━━━━
      ┣ 请求端：                    
      ┣ 响应端：                    
      ┣ ━━━━━━━━━━━━━━━  系统信息 ━━━━━━━━━━━━━━━
      ┣ 系统名称：                  Microsoft Windows 10.0.19044
      ┣ 系统架构：                  X64
      ┣ 基础框架：                  Furion.Pure v4.8.8.41
      ┣ .NET 架构：                 .NET 6.0.16
      ┣ ━━━━━━━━━━━━━━━  启动信息 ━━━━━━━━━━━━━━━
      ┣ 运行环境：                  Production
      ┣ 启动程序集：                Admin.NET.Web.Entry
      ┣ 进程名称：                  Admin.NET.Web.Entry
      ┣ 托管程序：                  Kestrel
      ┣ ━━━━━━━━━━━━━━━  参数列表 ━━━━━━━━━━━━━━━
      ┣ Content-Type：              
      ┣ 
      ┣ minId (Nullable`1)：        
      ┣ ━━━━━━━━━━━━━━━  返回信息 ━━━━━━━━━━━━━━━
      ┣ HTTP响应状态码：            200
      ┣ 原始类型：                  System.Threading.Tasks.Task<System.Collections.Generic.IList<Admin.NET.Core.JuAI.Service.SpecialOutput>>
      ┣ 最终类型：                  Admin.NET.Core.AdminResult<System.Object>
      ┣ 最终返回值：                {"code":200,"type":"success","message":"","result":[{"id":"141254407701223","title":"抓烂22223","text":"就螺丝扣搭街坊立刻就333333","cover":"http://filetest.guxin.link/Special/2023/08/14125440695621.jpg","coverFile":null},{"id":"141242588270232","title":"第一个抓烂","text":"就开始大家和弗兰克沙龙的开发建设离开的顺德府顺德府手动","cover":"http://filetest.guxin.link/Special/2023/08/14124258623685.jpg","coverFile":null},{"id":"141242586827023","title":"第一个抓烂","text":"就开始大家和弗兰克沙龙的开发建设离开的顺德府顺德府手动","cover":"http://filetest.guxin.link/Special/20
      ┗━━━━━━━━━━━  Logging Monitor ━━━━━━━━━━━
info: 2023-08-28 21:53:19.5708663 +08:00 星期一 L System.Logging.LoggingMonitor[0] #53
      [System.Private.CoreLib.dll] void System.Runtime.CompilerServices.AsyncTaskMethodBuilder<TResult>+AsyncStateMachineBox<TStateMachine>.MoveNext(Thread threadPoolThread)
      ┏━━━━━━━━━━━  Logging Monitor ━━━━━━━━━━━
      ┣ Admin.NET.Core.JuAI.Service.UserTokenService.GetIsQianDaoToday
      ┣ 
      ┣ 控制器名称：                   UserTokenService
      ┣ 操作名称：                     GetIsQianDaoToday
      ┣ 显示名称：                     
      ┣ 路由信息：                     [area]: ; [controller]: userToken; [action]: isQianDaoToday
      ┣ 请求方式：                     GET
      ┣ 请求地址：                     http://localhost:5005/api/userToken/isQianDaoToday
      ┣ 来源地址：                     http://localhost:19991/
      ┣ 请求端源：                     client
      ┣ 浏览器标识：                   Mozilla/5.0 (Windows NT 10.0; Win64; x64) AppleWebKit/537.36 (KHTML, like Gecko) Chrome/116.0.0.0 Safari/537.36
      ┣ 客户端区域语言：               zh-CN,zh;q=0.9
      ┣ 客户端 IP 地址：               0.0.0.1
      ┣ 服务端 IP 地址：               0.0.0.1
      ┣ 客户端连接 ID：                00-b227d6267754190820c25b71991699cd-f6ee7c68d11c642f-00
      ┣ 服务线程 ID：                  #29
      ┣ 执行耗时：                     192ms
      ┣ ━━━━━━━━━━━━━━━  Cookies ━━━━━━━━━━━━━━━
      ┣ 请求端：                       
      ┣ 响应端：                       
      ┣ ━━━━━━━━━━━━━━━  系统信息 ━━━━━━━━━━━━━━━
      ┣ 系统名称：                     Microsoft Windows 10.0.19044
      ┣ 系统架构：                     X64
      ┣ 基础框架：                     Furion.Pure v4.8.8.41
      ┣ .NET 架构：                    .NET 6.0.16
      ┣ ━━━━━━━━━━━━━━━  启动信息 ━━━━━━━━━━━━━━━
      ┣ 运行环境：                     Production
      ┣ 启动程序集：                   Admin.NET.Web.Entry
      ┣ 进程名称：                     Admin.NET.Web.Entry
      ┣ 托管程序：                     Kestrel
      ┣ ━━━━━━━━━━━━━━━  授权信息 ━━━━━━━━━━━━━━━
      ┣ JWT Token：                    Bearer eyJhbGciOiJIUzI1NiIsInR5cCI6IkpXVCJ9.eyJVc2VySWQiOjE0MDA1ODI2MzU4MjEzLCJUZW5hbnRJZCI6MTMwMDAwMDAwMDAwMSwiQWNjb3VudCI6IjE4NjAwNzY2MDQ1IiwiTmlja05hbWUiOiLogZpBSV82MDQ1IiwiQWNjb3VudFR5cGUiOjAsImlhdCI6MTY5MzAzNzg0NiwibmJmIjoxNjkzMDM3ODQ2LCJleHAiOjE2OTM2NDI2NDYsImlzcyI6IkFkbWluLk5FVCIsImF1ZCI6IkFkbWluLk5FVCJ9.Pt3OMLor8iLzYQfEoREoKU3AxA0Ja7UX_Q2sCCdnGEw
      ┣ 
      ┣ UserId (integer64)：           14005826358213
      ┣ TenantId (integer64)：         1300000000001
      ┣ Account (string)：             18600766045
      ┣ NickName (string)：            聚AI_6045
      ┣ AccountType (integer)：        0
      ┣ iat (integer)：                1693037846 (2023-08-26 16:17:26:0000(+08:00) 星期六 L)
      ┣ nbf (integer)：                1693037846 (2023-08-26 16:17:26:0000(+08:00) 星期六 L)
      ┣ exp (integer)：                1693642646 (2023-09-02 16:17:26:0000(+08:00) 星期六 L)
      ┣ iss (string)：                 Admin.NET
      ┣ aud (string)：                 Admin.NET
      ┣ ━━━━━━━━━━━━━━━  返回信息 ━━━━━━━━━━━━━━━
      ┣ HTTP响应状态码：               200
      ┣ 原始类型：                     System.Threading.Tasks.Task<System.Boolean>
      ┣ 最终类型：                     Admin.NET.Core.AdminResult<System.Object>
      ┣ 最终返回值：                   {"code":200,"type":"success","message":"","result":false,"extras":null,"time":"2023-08-28T21:53:19.5669237+08:00"}
      ┗━━━━━━━━━━━  Logging Monitor ━━━━━━━━━━━
info: 2023-08-28 21:53:19.7385134 +08:00 星期一 L System.Logging.LoggingMonitor[0] #37
      [System.Private.CoreLib.dll] void System.Runtime.CompilerServices.AsyncTaskMethodBuilder<TResult>+AsyncStateMachineBox<TStateMachine>.MoveNext(Thread threadPoolThread)
      ┏━━━━━━━━━━━  Logging Monitor ━━━━━━━━━━━
      ┣ Admin.NET.Core.JuAI.Service.ArticleService.GetNewest
      ┣ 
      ┣ 控制器名称：                ArticleService
      ┣ 操作名称：                  GetNewest
      ┣ 显示名称：                  
      ┣ 路由信息：                  [area]: ; [controller]: article; [action]: newest
      ┣ 请求方式：                  GET
      ┣ 请求地址：                  http://localhost:5005/api/article/newest?minId=
      ┣ 来源地址：                  http://localhost:19991/
      ┣ 请求端源：                  client
      ┣ 浏览器标识：                Mozilla/5.0 (Windows NT 10.0; Win64; x64) AppleWebKit/537.36 (KHTML, like Gecko) Chrome/116.0.0.0 Safari/537.36
      ┣ 客户端区域语言：            zh-CN,zh;q=0.9
      ┣ 客户端 IP 地址：            0.0.0.1
      ┣ 服务端 IP 地址：            0.0.0.1
      ┣ 客户端连接 ID：             00-9ed7cc4f33db524b10fefd446fc43f10-825531a34247aaf4-00
      ┣ 服务线程 ID：               #45
      ┣ 执行耗时：                  373ms
      ┣ ━━━━━━━━━━━━━━━  Cookies ━━━━━━━━━━━━━━━
      ┣ 请求端：                    
      ┣ 响应端：                    
      ┣ ━━━━━━━━━━━━━━━  系统信息 ━━━━━━━━━━━━━━━
      ┣ 系统名称：                  Microsoft Windows 10.0.19044
      ┣ 系统架构：                  X64
      ┣ 基础框架：                  Furion.Pure v4.8.8.41
      ┣ .NET 架构：                 .NET 6.0.16
      ┣ ━━━━━━━━━━━━━━━  启动信息 ━━━━━━━━━━━━━━━
      ┣ 运行环境：                  Production
      ┣ 启动程序集：                Admin.NET.Web.Entry
      ┣ 进程名称：                  Admin.NET.Web.Entry
      ┣ 托管程序：                  Kestrel
      ┣ ━━━━━━━━━━━━━━━  参数列表 ━━━━━━━━━━━━━━━
      ┣ Content-Type：              
      ┣ 
      ┣ minId (Nullable`1)：        
      ┣ ━━━━━━━━━━━━━━━  返回信息 ━━━━━━━━━━━━━━━
      ┣ HTTP响应状态码：            200
      ┣ 原始类型：                  System.Threading.Tasks.Task<System.Collections.Generic.List<Admin.NET.Core.JuAI.Service.ArticleOutput>>
      ┣ 最终类型：                  Admin.NET.Core.AdminResult<System.Object>
      ┣ 最终返回值：                {"code":200,"type":"success","message":"","result":[{"id":"14215981060677","title":"测试一个样式试试。。哈哈","html":"<p>大量减少离开</p><blockquote>第三方顺德府阿斯顿</blockquote><hr/><p>时间快</p><pre><code class=\"language-csharp\">烦烦烦烦烦烦\r\n顺德府阿斯蒂芬\r\n哈哈哈数据库的\r\nhahhahhkjsd </code></pre><table style=\"width: auto;\"><tbody><tr><th colSpan=\"1\" rowSpan=\"1\" width=\"auto\"></th><th colSpan=\"1\" rowSpan=\"1\" width=\"auto\"></th><th colSpan=\"1\" rowSpan=\"1\" width=\"auto\"></th><th colSpan=\"1\" rowSpan=\"1\" width=\"a
      ┗━━━━━━━━━━━  Logging Monitor ━━━━━━━━━━━
info: 2023-08-28 21:53:19.7914705 +08:00 星期一 L System.Logging.LoggingMonitor[0] #63
      [System.Private.CoreLib.dll] void System.Runtime.CompilerServices.AsyncTaskMethodBuilder<TResult>+AsyncStateMachineBox<TStateMachine>.MoveNext(Thread threadPoolThread)
      ┏━━━━━━━━━━━  Logging Monitor ━━━━━━━━━━━
      ┣ Admin.NET.Core.JuAI.Service.ArticleService.GetRecommend
      ┣ 
      ┣ 控制器名称：       ArticleService
      ┣ 操作名称：         GetRecommend
      ┣ 显示名称：         
      ┣ 路由信息：         [area]: ; [controller]: article; [action]: recommend
      ┣ 请求方式：         GET
      ┣ 请求地址：         http://localhost:5005/api/article/recommend
      ┣ 来源地址：         http://localhost:19991/
      ┣ 请求端源：         client
      ┣ 浏览器标识：       Mozilla/5.0 (Windows NT 10.0; Win64; x64) AppleWebKit/537.36 (KHTML, like Gecko) Chrome/116.0.0.0 Safari/537.36
      ┣ 客户端区域语言：   zh-CN,zh;q=0.9
      ┣ 客户端 IP 地址：   0.0.0.1
      ┣ 服务端 IP 地址：   0.0.0.1
      ┣ 客户端连接 ID：    00-9a7b5716daf80860f69f21c2f277a4d4-f33504690fcaa857-00
      ┣ 服务线程 ID：      #51
      ┣ 执行耗时：         426ms
      ┣ ━━━━━━━━━━━━━━━  Cookies ━━━━━━━━━━━━━━━
      ┣ 请求端：           
      ┣ 响应端：           
      ┣ ━━━━━━━━━━━━━━━  系统信息 ━━━━━━━━━━━━━━━
      ┣ 系统名称：         Microsoft Windows 10.0.19044
      ┣ 系统架构：         X64
      ┣ 基础框架：         Furion.Pure v4.8.8.41
      ┣ .NET 架构：        .NET 6.0.16
      ┣ ━━━━━━━━━━━━━━━  启动信息 ━━━━━━━━━━━━━━━
      ┣ 运行环境：         Production
      ┣ 启动程序集：       Admin.NET.Web.Entry
      ┣ 进程名称：         Admin.NET.Web.Entry
      ┣ 托管程序：         Kestrel
      ┣ ━━━━━━━━━━━━━━━  返回信息 ━━━━━━━━━━━━━━━
      ┣ HTTP响应状态码：   200
      ┣ 原始类型：         System.Threading.Tasks.Task<System.Collections.Generic.List<Admin.NET.Core.JuAI.Service.ArticleSiderOutput>>
      ┣ 最终类型：         Admin.NET.Core.AdminResult<System.Object>
      ┣ 最终返回值：       {"code":200,"type":"success","message":"","result":[{"id":"14215981060677","title":"测试一个样式试试。。哈哈"},{"id":"14194109678917","title":"测试第一个抓烂拉了进来"},{"id":"14127539556677","title":"两个图片测试呢。"},{"id":"14127533953093","title":"设置一下图片和视频试一试呢。。哈哈"},{"id":"14127509730629","title":"一个视频和两个图片"},{"id":"14127478756933","title":"考了几分离开的分析来看都分割"},{"id":"14127257110597","title":"测试一个视频和图片功能看好不好呀"},{"id":"14084316607813","title":"111111111111111"},{"id":"14084262750277","title":"wangEditor 粘贴从 word 复制的带图片内容的最"},{
      ┗━━━━━━━━━━━  Logging Monitor ━━━━━━━━━━━
info: 2023-08-28 21:53:25.4242360 +08:00 星期一 L System.Logging.LoggingMonitor[0] #53
      [System.Private.CoreLib.dll] void System.Runtime.CompilerServices.AsyncTaskMethodBuilder<TResult>+AsyncStateMachineBox<TStateMachine>.MoveNext(Thread threadPoolThread)
      ┏━━━━━━━━━━━  Logging Monitor ━━━━━━━━━━━
      ┣ Admin.NET.Core.JuAI.Service.SpecialService.GetNewest
      ┣ 
      ┣ 控制器名称：                SpecialService
      ┣ 操作名称：                  GetNewest
      ┣ 显示名称：                  
      ┣ 路由信息：                  [area]: ; [controller]: special; [action]: newest
      ┣ 请求方式：                  GET
      ┣ 请求地址：                  http://localhost:5005/api/special/newest?minId=14124255882723
      ┣ 来源地址：                  http://localhost:19991/
      ┣ 请求端源：                  client
      ┣ 浏览器标识：                Mozilla/5.0 (Windows NT 10.0; Win64; x64) AppleWebKit/537.36 (KHTML, like Gecko) Chrome/116.0.0.0 Safari/537.36
      ┣ 客户端区域语言：            zh-CN,zh;q=0.9
      ┣ 客户端 IP 地址：            0.0.0.1
      ┣ 服务端 IP 地址：            0.0.0.1
      ┣ 客户端连接 ID：             00-85f2c32b3d64bcb4a4c6cce846f4fc67-c2728027eefe29a5-00
      ┣ 服务线程 ID：               #42
      ┣ 执行耗时：                  62ms
      ┣ ━━━━━━━━━━━━━━━  Cookies ━━━━━━━━━━━━━━━
      ┣ 请求端：                    
      ┣ 响应端：                    
      ┣ ━━━━━━━━━━━━━━━  系统信息 ━━━━━━━━━━━━━━━
      ┣ 系统名称：                  Microsoft Windows 10.0.19044
      ┣ 系统架构：                  X64
      ┣ 基础框架：                  Furion.Pure v4.8.8.41
      ┣ .NET 架构：                 .NET 6.0.16
      ┣ ━━━━━━━━━━━━━━━  启动信息 ━━━━━━━━━━━━━━━
      ┣ 运行环境：                  Production
      ┣ 启动程序集：                Admin.NET.Web.Entry
      ┣ 进程名称：                  Admin.NET.Web.Entry
      ┣ 托管程序：                  Kestrel
      ┣ ━━━━━━━━━━━━━━━  参数列表 ━━━━━━━━━━━━━━━
      ┣ Content-Type：              
      ┣ 
      ┣ minId (Nullable`1)：        "14124255882723"
      ┣ ━━━━━━━━━━━━━━━  返回信息 ━━━━━━━━━━━━━━━
      ┣ HTTP响应状态码：            200
      ┣ 原始类型：                  System.Threading.Tasks.Task<System.Collections.Generic.IList<Admin.NET.Core.JuAI.Service.SpecialOutput>>
      ┣ 最终类型：                  Admin.NET.Core.AdminResult<System.Object>
      ┣ 最终返回值：                {"code":200,"type":"success","message":"","result":[{"id":"14124215882723","title":"第一个抓烂","text":"就开始大家和弗兰克沙龙的开发建设离开的顺德府顺德府手动","cover":"http://filetest.guxin.link/Special/2023/08/14124258623685.jpg","coverFile":null},{"id":"14122425882723","title":"第一个抓烂","text":"就开始大家和弗兰克沙龙的开发建设离开的顺德府顺德府手动","cover":"http://filetest.guxin.link/Special/2023/08/14124258623685.jpg","coverFile":null},{"id":"1412425882723","title":"第一个抓烂","text":"就开始大家和弗兰克沙龙的开发建设离开的顺德府顺德府手动","cover":"http://filetest.guxin.link/Speci
      ┗━━━━━━━━━━━  Logging Monitor ━━━━━━━━━━━
info: 2023-08-28 21:53:29.7859715 +08:00 星期一 L System.Logging.LoggingMonitor[0] #53
      [System.Private.CoreLib.dll] void System.Runtime.CompilerServices.AsyncTaskMethodBuilder<TResult>+AsyncStateMachineBox<TStateMachine>.MoveNext(Thread threadPoolThread)
      ┏━━━━━━━━━━━  Logging Monitor ━━━━━━━━━━━
      ┣ Admin.NET.Core.JuAI.Service.SpecialService.GetNewest
      ┣ 
      ┣ 控制器名称：                SpecialService
      ┣ 操作名称：                  GetNewest
      ┣ 显示名称：                  
      ┣ 路由信息：                  [area]: ; [controller]: special; [action]: newest
      ┣ 请求方式：                  GET
      ┣ 请求地址：                  http://localhost:5005/api/special/newest?minId=1412425882723
      ┣ 来源地址：                  http://localhost:19991/
      ┣ 请求端源：                  client
      ┣ 浏览器标识：                Mozilla/5.0 (Windows NT 10.0; Win64; x64) AppleWebKit/537.36 (KHTML, like Gecko) Chrome/116.0.0.0 Safari/537.36
      ┣ 客户端区域语言：            zh-CN,zh;q=0.9
      ┣ 客户端 IP 地址：            0.0.0.1
      ┣ 服务端 IP 地址：            0.0.0.1
      ┣ 客户端连接 ID：             00-071ed879d2da084abe0eb121a439bd18-f8f8532958021a61-00
      ┣ 服务线程 ID：               #29
      ┣ 执行耗时：                  59ms
      ┣ ━━━━━━━━━━━━━━━  Cookies ━━━━━━━━━━━━━━━
      ┣ 请求端：                    
      ┣ 响应端：                    
      ┣ ━━━━━━━━━━━━━━━  系统信息 ━━━━━━━━━━━━━━━
      ┣ 系统名称：                  Microsoft Windows 10.0.19044
      ┣ 系统架构：                  X64
      ┣ 基础框架：                  Furion.Pure v4.8.8.41
      ┣ .NET 架构：                 .NET 6.0.16
      ┣ ━━━━━━━━━━━━━━━  启动信息 ━━━━━━━━━━━━━━━
      ┣ 运行环境：                  Production
      ┣ 启动程序集：                Admin.NET.Web.Entry
      ┣ 进程名称：                  Admin.NET.Web.Entry
      ┣ 托管程序：                  Kestrel
      ┣ ━━━━━━━━━━━━━━━  参数列表 ━━━━━━━━━━━━━━━
      ┣ Content-Type：              
      ┣ 
      ┣ minId (Nullable`1)：        "1412425882723"
      ┣ ━━━━━━━━━━━━━━━  返回信息 ━━━━━━━━━━━━━━━
      ┣ HTTP响应状态码：            200
      ┣ 原始类型：                  System.Threading.Tasks.Task<System.Collections.Generic.IList<Admin.NET.Core.JuAI.Service.SpecialOutput>>
      ┣ 最终类型：                  Admin.NET.Core.AdminResult<System.Object>
      ┣ 最终返回值：                {"code":200,"type":"success","message":"","result":[],"extras":null,"time":"2023-08-28T21:53:29.7839721+08:00"}
      ┗━━━━━━━━━━━  Logging Monitor ━━━━━━━━━━━
info: 2023-08-28 22:02:27.1312384 +08:00 星期一 L System.Logging.LoggingMonitor[0] #39
      [System.Private.CoreLib.dll] void System.Runtime.CompilerServices.AsyncMethodBuilderCore.Start<TStateMachine>(ref TStateMachine stateMachine)
      ┏━━━━━━━━━━━  Logging Monitor ━━━━━━━━━━━
      ┣ Admin.NET.Core.JuAI.Service.UpgradeService.GetNewst
      ┣ 
      ┣ 控制器名称：       UpgradeService
      ┣ 操作名称：         GetNewst
      ┣ 显示名称：         
      ┣ 路由信息：         [area]: ; [controller]: upgrade; [action]: newst
      ┣ 请求方式：         GET
      ┣ 请求地址：         http://localhost:5005/api/upgrade/newst
      ┣ 来源地址：         http://localhost:19991/
      ┣ 请求端源：         client
      ┣ 浏览器标识：       Mozilla/5.0 (Windows NT 10.0; Win64; x64) AppleWebKit/537.36 (KHTML, like Gecko) Chrome/116.0.0.0 Safari/537.36
      ┣ 客户端区域语言：   zh-CN,zh;q=0.9
      ┣ 客户端 IP 地址：   0.0.0.1
      ┣ 服务端 IP 地址：   0.0.0.1
      ┣ 客户端连接 ID：    00-2c5a1307cfb37a6397620cfedd5f1156-ecc466998a94ffc3-00
      ┣ 服务线程 ID：      #39
      ┣ 执行耗时：         230ms
      ┣ ━━━━━━━━━━━━━━━  Cookies ━━━━━━━━━━━━━━━
      ┣ 请求端：           
      ┣ 响应端：           
      ┣ ━━━━━━━━━━━━━━━  系统信息 ━━━━━━━━━━━━━━━
      ┣ 系统名称：         Microsoft Windows 10.0.19044
      ┣ 系统架构：         X64
      ┣ 基础框架：         Furion.Pure v4.8.8.41
      ┣ .NET 架构：        .NET 6.0.16
      ┣ ━━━━━━━━━━━━━━━  启动信息 ━━━━━━━━━━━━━━━
      ┣ 运行环境：         Production
      ┣ 启动程序集：       Admin.NET.Web.Entry
      ┣ 进程名称：         Admin.NET.Web.Entry
      ┣ 托管程序：         Kestrel
      ┣ ━━━━━━━━━━━━━━━  返回信息 ━━━━━━━━━━━━━━━
      ┣ HTTP响应状态码：   200
      ┣ 原始类型：         Admin.NET.Core.JuAI.AppUpgrade
      ┣ 最终类型：         Admin.NET.Core.AdminResult<System.Object>
      ┣ 最终返回值：       {"code":200,"type":"success","message":"","result":null,"extras":null,"time":"2023-08-28T22:02:27.0958007+08:00"}
      ┗━━━━━━━━━━━  Logging Monitor ━━━━━━━━━━━
info: 2023-08-28 22:02:27.1312363 +08:00 星期一 L System.Logging.LoggingMonitor[0] #35
      [System.Private.CoreLib.dll] void System.Runtime.CompilerServices.AsyncMethodBuilderCore.Start<TStateMachine>(ref TStateMachine stateMachine)
      ┏━━━━━━━━━━━  Logging Monitor ━━━━━━━━━━━
      ┣ Admin.NET.Core.JuAI.Service.UserService.GetActiveUsers
      ┣ 
      ┣ 控制器名称：       UserService
      ┣ 操作名称：         GetActiveUsers
      ┣ 显示名称：         活跃用户
      ┣ 路由信息：         [area]: ; [controller]: user; [action]: activeUsers
      ┣ 请求方式：         GET
      ┣ 请求地址：         http://localhost:5005/api/User/ActiveUsers
      ┣ 来源地址：         http://localhost:19991/
      ┣ 请求端源：         client
      ┣ 浏览器标识：       Mozilla/5.0 (Windows NT 10.0; Win64; x64) AppleWebKit/537.36 (KHTML, like Gecko) Chrome/116.0.0.0 Safari/537.36
      ┣ 客户端区域语言：   zh-CN,zh;q=0.9
      ┣ 客户端 IP 地址：   0.0.0.1
      ┣ 服务端 IP 地址：   0.0.0.1
      ┣ 客户端连接 ID：    00-299b7ea71bc741df23e98f5d4888bc75-ca876ff1b82395e2-00
      ┣ 服务线程 ID：      #35
      ┣ 执行耗时：         230ms
      ┣ ━━━━━━━━━━━━━━━  Cookies ━━━━━━━━━━━━━━━
      ┣ 请求端：           
      ┣ 响应端：           
      ┣ ━━━━━━━━━━━━━━━  系统信息 ━━━━━━━━━━━━━━━
      ┣ 系统名称：         Microsoft Windows 10.0.19044
      ┣ 系统架构：         X64
      ┣ 基础框架：         Furion.Pure v4.8.8.41
      ┣ .NET 架构：        .NET 6.0.16
      ┣ ━━━━━━━━━━━━━━━  启动信息 ━━━━━━━━━━━━━━━
      ┣ 运行环境：         Production
      ┣ 启动程序集：       Admin.NET.Web.Entry
      ┣ 进程名称：         Admin.NET.Web.Entry
      ┣ 托管程序：         Kestrel
      ┣ ━━━━━━━━━━━━━━━  返回信息 ━━━━━━━━━━━━━━━
      ┣ HTTP响应状态码：   200
      ┣ 原始类型：         System.Collections.Generic.IList<Admin.NET.Core.JuAI.Service.UserInfoOutput>
      ┣ 最终类型：         Admin.NET.Core.AdminResult<System.Object>
      ┣ 最终返回值：       {"code":200,"type":"success","message":"","result":[{"nickName":"聚AI_6045","avatar":null,"id":"14213426327877"}],"extras":null,"time":"2023-08-28T22:02:27.0958007+08:00"}
      ┗━━━━━━━━━━━  Logging Monitor ━━━━━━━━━━━
info: 2023-08-28 22:02:27.1511179 +08:00 星期一 L System.Logging.LoggingMonitor[0] #59
      [System.Private.CoreLib.dll] void System.Runtime.CompilerServices.AsyncTaskMethodBuilder<TResult>+AsyncStateMachineBox<TStateMachine>.MoveNext(Thread threadPoolThread)
      ┏━━━━━━━━━━━  Logging Monitor ━━━━━━━━━━━
      ┣ Admin.NET.Core.JuAI.Service.UserTokenService.GetIsQianDaoToday
      ┣ 
      ┣ 控制器名称：                   UserTokenService
      ┣ 操作名称：                     GetIsQianDaoToday
      ┣ 显示名称：                     
      ┣ 路由信息：                     [area]: ; [controller]: userToken; [action]: isQianDaoToday
      ┣ 请求方式：                     GET
      ┣ 请求地址：                     http://localhost:5005/api/userToken/isQianDaoToday
      ┣ 来源地址：                     http://localhost:19991/
      ┣ 请求端源：                     client
      ┣ 浏览器标识：                   Mozilla/5.0 (Windows NT 10.0; Win64; x64) AppleWebKit/537.36 (KHTML, like Gecko) Chrome/116.0.0.0 Safari/537.36
      ┣ 客户端区域语言：               zh-CN,zh;q=0.9
      ┣ 客户端 IP 地址：               0.0.0.1
      ┣ 服务端 IP 地址：               0.0.0.1
      ┣ 客户端连接 ID：                00-9ac1019ce8aa5436a0adda7d975dab45-0eb5cd6e9b50bf84-00
      ┣ 服务线程 ID：                  #29
      ┣ 执行耗时：                     237ms
      ┣ ━━━━━━━━━━━━━━━  Cookies ━━━━━━━━━━━━━━━
      ┣ 请求端：                       
      ┣ 响应端：                       
      ┣ ━━━━━━━━━━━━━━━  系统信息 ━━━━━━━━━━━━━━━
      ┣ 系统名称：                     Microsoft Windows 10.0.19044
      ┣ 系统架构：                     X64
      ┣ 基础框架：                     Furion.Pure v4.8.8.41
      ┣ .NET 架构：                    .NET 6.0.16
      ┣ ━━━━━━━━━━━━━━━  启动信息 ━━━━━━━━━━━━━━━
      ┣ 运行环境：                     Production
      ┣ 启动程序集：                   Admin.NET.Web.Entry
      ┣ 进程名称：                     Admin.NET.Web.Entry
      ┣ 托管程序：                     Kestrel
      ┣ ━━━━━━━━━━━━━━━  授权信息 ━━━━━━━━━━━━━━━
      ┣ JWT Token：                    Bearer eyJhbGciOiJIUzI1NiIsInR5cCI6IkpXVCJ9.eyJVc2VySWQiOjE0MDA1ODI2MzU4MjEzLCJUZW5hbnRJZCI6MTMwMDAwMDAwMDAwMSwiQWNjb3VudCI6IjE4NjAwNzY2MDQ1IiwiTmlja05hbWUiOiLogZpBSV82MDQ1IiwiQWNjb3VudFR5cGUiOjAsImlhdCI6MTY5MzAzNzg0NiwibmJmIjoxNjkzMDM3ODQ2LCJleHAiOjE2OTM2NDI2NDYsImlzcyI6IkFkbWluLk5FVCIsImF1ZCI6IkFkbWluLk5FVCJ9.Pt3OMLor8iLzYQfEoREoKU3AxA0Ja7UX_Q2sCCdnGEw
      ┣ 
      ┣ UserId (integer64)：           14005826358213
      ┣ TenantId (integer64)：         1300000000001
      ┣ Account (string)：             18600766045
      ┣ NickName (string)：            聚AI_6045
      ┣ AccountType (integer)：        0
      ┣ iat (integer)：                1693037846 (2023-08-26 16:17:26:0000(+08:00) 星期六 L)
      ┣ nbf (integer)：                1693037846 (2023-08-26 16:17:26:0000(+08:00) 星期六 L)
      ┣ exp (integer)：                1693642646 (2023-09-02 16:17:26:0000(+08:00) 星期六 L)
      ┣ iss (string)：                 Admin.NET
      ┣ aud (string)：                 Admin.NET
      ┣ ━━━━━━━━━━━━━━━  返回信息 ━━━━━━━━━━━━━━━
      ┣ HTTP响应状态码：               200
      ┣ 原始类型：                     System.Threading.Tasks.Task<System.Boolean>
      ┣ 最终类型：                     Admin.NET.Core.AdminResult<System.Object>
      ┣ 最终返回值：                   {"code":200,"type":"success","message":"","result":false,"extras":null,"time":"2023-08-28T22:02:27.1488967+08:00"}
      ┗━━━━━━━━━━━  Logging Monitor ━━━━━━━━━━━
info: 2023-08-28 22:02:27.1634802 +08:00 星期一 L System.Logging.LoggingMonitor[0] #48
      [System.Private.CoreLib.dll] void System.Runtime.CompilerServices.AsyncTaskMethodBuilder<TResult>+AsyncStateMachineBox<TStateMachine>.MoveNext(Thread threadPoolThread)
      ┏━━━━━━━━━━━  Logging Monitor ━━━━━━━━━━━
      ┣ Admin.NET.Core.JuAI.Service.SpecialService.GetNewest
      ┣ 
      ┣ 控制器名称：                SpecialService
      ┣ 操作名称：                  GetNewest
      ┣ 显示名称：                  
      ┣ 路由信息：                  [area]: ; [controller]: special; [action]: newest
      ┣ 请求方式：                  GET
      ┣ 请求地址：                  http://localhost:5005/api/special/newest?minId=
      ┣ 来源地址：                  http://localhost:19991/
      ┣ 请求端源：                  client
      ┣ 浏览器标识：                Mozilla/5.0 (Windows NT 10.0; Win64; x64) AppleWebKit/537.36 (KHTML, like Gecko) Chrome/116.0.0.0 Safari/537.36
      ┣ 客户端区域语言：            zh-CN,zh;q=0.9
      ┣ 客户端 IP 地址：            0.0.0.1
      ┣ 服务端 IP 地址：            0.0.0.1
      ┣ 客户端连接 ID：             00-88e40f3e44f5aae87115213cdd620327-f943907b82dd169b-00
      ┣ 服务线程 ID：               #49
      ┣ 执行耗时：                  282ms
      ┣ ━━━━━━━━━━━━━━━  Cookies ━━━━━━━━━━━━━━━
      ┣ 请求端：                    
      ┣ 响应端：                    
      ┣ ━━━━━━━━━━━━━━━  系统信息 ━━━━━━━━━━━━━━━
      ┣ 系统名称：                  Microsoft Windows 10.0.19044
      ┣ 系统架构：                  X64
      ┣ 基础框架：                  Furion.Pure v4.8.8.41
      ┣ .NET 架构：                 .NET 6.0.16
      ┣ ━━━━━━━━━━━━━━━  启动信息 ━━━━━━━━━━━━━━━
      ┣ 运行环境：                  Production
      ┣ 启动程序集：                Admin.NET.Web.Entry
      ┣ 进程名称：                  Admin.NET.Web.Entry
      ┣ 托管程序：                  Kestrel
      ┣ ━━━━━━━━━━━━━━━  参数列表 ━━━━━━━━━━━━━━━
      ┣ Content-Type：              
      ┣ 
      ┣ minId (Nullable`1)：        
      ┣ ━━━━━━━━━━━━━━━  返回信息 ━━━━━━━━━━━━━━━
      ┣ HTTP响应状态码：            200
      ┣ 原始类型：                  System.Threading.Tasks.Task<System.Collections.Generic.IList<Admin.NET.Core.JuAI.Service.SpecialOutput>>
      ┣ 最终类型：                  Admin.NET.Core.AdminResult<System.Object>
      ┣ 最终返回值：                {"code":200,"type":"success","message":"","result":[{"id":"14213443775685","title":"提问的艺术","text":"提问的艺术 for CHATGPT\nprompt 技术工程高质量答案完全指南\n关于 prompt 技巧的全面指导","cover":"http://appui.guxin.link/Special/2023-08/14213443745221.jpg","coverFile":null}],"extras":null,"time":"2023-08-28T22:02:27.1612177+08:00"}
      ┗━━━━━━━━━━━  Logging Monitor ━━━━━━━━━━━
info: 2023-08-28 22:02:27.1344563 +08:00 星期一 L System.Logging.LoggingMonitor[0] #55
      [System.Private.CoreLib.dll] void System.Runtime.CompilerServices.AsyncTaskMethodBuilder<TResult>+AsyncStateMachineBox<TStateMachine>.MoveNext(Thread threadPoolThread)
      ┏━━━━━━━━━━━  Logging Monitor ━━━━━━━━━━━
      ┣ Admin.NET.Core.JuAI.Service.ArticleService.GetNewest
      ┣ 
      ┣ 控制器名称：                ArticleService
      ┣ 操作名称：                  GetNewest
      ┣ 显示名称：                  
      ┣ 路由信息：                  [area]: ; [controller]: article; [action]: newest
      ┣ 请求方式：                  GET
      ┣ 请求地址：                  http://localhost:5005/api/article/newest?minId=
      ┣ 来源地址：                  http://localhost:19991/
      ┣ 请求端源：                  client
      ┣ 浏览器标识：                Mozilla/5.0 (Windows NT 10.0; Win64; x64) AppleWebKit/537.36 (KHTML, like Gecko) Chrome/116.0.0.0 Safari/537.36
      ┣ 客户端区域语言：            zh-CN,zh;q=0.9
      ┣ 客户端 IP 地址：            0.0.0.1
      ┣ 服务端 IP 地址：            0.0.0.1
      ┣ 客户端连接 ID：             00-2a405d706d8e35644bf7f0d41b73ef5c-6735e5ddb871f61e-00
      ┣ 服务线程 ID：               #53
      ┣ 执行耗时：                  251ms
      ┣ ━━━━━━━━━━━━━━━  Cookies ━━━━━━━━━━━━━━━
      ┣ 请求端：                    
      ┣ 响应端：                    
      ┣ ━━━━━━━━━━━━━━━  系统信息 ━━━━━━━━━━━━━━━
      ┣ 系统名称：                  Microsoft Windows 10.0.19044
      ┣ 系统架构：                  X64
      ┣ 基础框架：                  Furion.Pure v4.8.8.41
      ┣ .NET 架构：                 .NET 6.0.16
      ┣ ━━━━━━━━━━━━━━━  启动信息 ━━━━━━━━━━━━━━━
      ┣ 运行环境：                  Production
      ┣ 启动程序集：                Admin.NET.Web.Entry
      ┣ 进程名称：                  Admin.NET.Web.Entry
      ┣ 托管程序：                  Kestrel
      ┣ ━━━━━━━━━━━━━━━  参数列表 ━━━━━━━━━━━━━━━
      ┣ Content-Type：              
      ┣ 
      ┣ minId (Nullable`1)：        
      ┣ ━━━━━━━━━━━━━━━  返回信息 ━━━━━━━━━━━━━━━
      ┣ HTTP响应状态码：            200
      ┣ 原始类型：                  System.Threading.Tasks.Task<System.Collections.Generic.List<Admin.NET.Core.JuAI.Service.ArticleOutput>>
      ┣ 最终类型：                  Admin.NET.Core.AdminResult<System.Object>
      ┣ 最终返回值：                {"code":200,"type":"success","message":"","result":[{"id":"14213722350277","title":"第 13 章：控制生成提示","html":"<p>控制生成提示是一种技术，它允许在生成文本时对输出进行高度控制。<br>这是通过向模型提供特定的输入，例如模板、特定的词汇表或一组限制条件，以指导生成过程而实现的。<br>以下是一些提示示例及其公式：<br></p><blockquote>示例 1：文本生成<br>任务：生成一个故事<br>说明：故事应基于特定的模板<br>提示公式：“根据以下模板生成故事：[插入模板]”<br>示例 2：文本完成<br>任务：完成一句话<br>说明：完成应使用特定的词汇表<br>提示公式：“使用以下词汇表完成以下句子：[插入词汇表]：[插入句子]”<br>示例 3：语言建模<br>任务：以特定的风格生成文本<br>说明：文本应遵循特定的语法规则<br>提示公式：“生成遵循以下语法规则的文本：[插入规则]：[插入内容]”</blockquote><p><br>通过向模型提供一组特定的输入，
      ┗━━━━━━━━━━━  Logging Monitor ━━━━━━━━━━━
info: 2023-08-28 22:02:27.2806037 +08:00 星期一 L System.Logging.LoggingMonitor[0] #48
      [System.Private.CoreLib.dll] void System.Runtime.CompilerServices.AsyncTaskMethodBuilder<TResult>+AsyncStateMachineBox<TStateMachine>.MoveNext(Thread threadPoolThread)
      ┏━━━━━━━━━━━  Logging Monitor ━━━━━━━━━━━
      ┣ Admin.NET.Core.JuAI.Service.ArticleService.GetRecommend
      ┣ 
      ┣ 控制器名称：       ArticleService
      ┣ 操作名称：         GetRecommend
      ┣ 显示名称：         
      ┣ 路由信息：         [area]: ; [controller]: article; [action]: recommend
      ┣ 请求方式：         GET
      ┣ 请求地址：         http://localhost:5005/api/article/recommend
      ┣ 来源地址：         http://localhost:19991/
      ┣ 请求端源：         client
      ┣ 浏览器标识：       Mozilla/5.0 (Windows NT 10.0; Win64; x64) AppleWebKit/537.36 (KHTML, like Gecko) Chrome/116.0.0.0 Safari/537.36
      ┣ 客户端区域语言：   zh-CN,zh;q=0.9
      ┣ 客户端 IP 地址：   0.0.0.1
      ┣ 服务端 IP 地址：   0.0.0.1
      ┣ 客户端连接 ID：    00-6b6ca39047f126b2d9e3ab69f399a466-9f805f1be95f4075-00
      ┣ 服务线程 ID：      #46
      ┣ 执行耗时：         356ms
      ┣ ━━━━━━━━━━━━━━━  Cookies ━━━━━━━━━━━━━━━
      ┣ 请求端：           
      ┣ 响应端：           
      ┣ ━━━━━━━━━━━━━━━  系统信息 ━━━━━━━━━━━━━━━
      ┣ 系统名称：         Microsoft Windows 10.0.19044
      ┣ 系统架构：         X64
      ┣ 基础框架：         Furion.Pure v4.8.8.41
      ┣ .NET 架构：        .NET 6.0.16
      ┣ ━━━━━━━━━━━━━━━  启动信息 ━━━━━━━━━━━━━━━
      ┣ 运行环境：         Production
      ┣ 启动程序集：       Admin.NET.Web.Entry
      ┣ 进程名称：         Admin.NET.Web.Entry
      ┣ 托管程序：         Kestrel
      ┣ ━━━━━━━━━━━━━━━  返回信息 ━━━━━━━━━━━━━━━
      ┣ HTTP响应状态码：   200
      ┣ 原始类型：         System.Threading.Tasks.Task<System.Collections.Generic.List<Admin.NET.Core.JuAI.Service.ArticleSiderOutput>>
      ┣ 最终类型：         Admin.NET.Core.AdminResult<System.Object>
      ┣ 最终返回值：       {"code":200,"type":"success","message":"","result":[{"id":"14213722350277","title":"第 13 章：控制生成提示"},{"id":"14213716397125","title":"第 12 章“可解释性软提示”"},{"id":"14213709600325","title":"第 11 章：多项选择提示"},{"id":"14213703993541","title":"第 10 章：知识整合提示"},{"id":"14213692720709","title":"第 9 章：知识生成提示"},{"id":"14213684942661","title":"第 8 章：种子词提示"},{"id":"14213665547845","title":"第 7 章：自一致性提示"},{"id":"14213649643077","title":"第 6 章：“让我们思考一下”提示"},{"id":"14213630721605","title":"第 5 章：零样本、一样本和少样本 Prompting"},
      ┗━━━━━━━━━━━  Logging Monitor ━━━━━━━━━━━
info: 2023-08-28 22:03:00.9166447 +08:00 星期一 L System.Logging.LoggingMonitor[0] #49
      [System.Private.CoreLib.dll] void System.Runtime.CompilerServices.AsyncMethodBuilderCore.Start<TStateMachine>(ref TStateMachine stateMachine)
      ┏━━━━━━━━━━━  Logging Monitor ━━━━━━━━━━━
      ┣ Admin.NET.Core.JuAI.Service.UserService.GetActiveUsers
      ┣ 
      ┣ 控制器名称：       UserService
      ┣ 操作名称：         GetActiveUsers
      ┣ 显示名称：         活跃用户
      ┣ 路由信息：         [area]: ; [controller]: user; [action]: activeUsers
      ┣ 请求方式：         GET
      ┣ 请求地址：         http://localhost:5005/api/User/ActiveUsers
      ┣ 来源地址：         http://localhost:19991/
      ┣ 请求端源：         client
      ┣ 浏览器标识：       Mozilla/5.0 (Windows NT 10.0; Win64; x64) AppleWebKit/537.36 (KHTML, like Gecko) Chrome/116.0.0.0 Safari/537.36
      ┣ 客户端区域语言：   zh-CN,zh;q=0.9
      ┣ 客户端 IP 地址：   0.0.0.1
      ┣ 服务端 IP 地址：   0.0.0.1
      ┣ 客户端连接 ID：    00-a7d324d74c6ec6a4e4a61d2417bb7b0b-df684535f7012e0b-00
      ┣ 服务线程 ID：      #49
      ┣ 执行耗时：         59ms
      ┣ ━━━━━━━━━━━━━━━  Cookies ━━━━━━━━━━━━━━━
      ┣ 请求端：           
      ┣ 响应端：           
      ┣ ━━━━━━━━━━━━━━━  系统信息 ━━━━━━━━━━━━━━━
      ┣ 系统名称：         Microsoft Windows 10.0.19044
      ┣ 系统架构：         X64
      ┣ 基础框架：         Furion.Pure v4.8.8.41
      ┣ .NET 架构：        .NET 6.0.16
      ┣ ━━━━━━━━━━━━━━━  启动信息 ━━━━━━━━━━━━━━━
      ┣ 运行环境：         Production
      ┣ 启动程序集：       Admin.NET.Web.Entry
      ┣ 进程名称：         Admin.NET.Web.Entry
      ┣ 托管程序：         Kestrel
      ┣ ━━━━━━━━━━━━━━━  返回信息 ━━━━━━━━━━━━━━━
      ┣ HTTP响应状态码：   200
      ┣ 原始类型：         System.Collections.Generic.IList<Admin.NET.Core.JuAI.Service.UserInfoOutput>
      ┣ 最终类型：         Admin.NET.Core.AdminResult<System.Object>
      ┣ 最终返回值：       {"code":200,"type":"success","message":"","result":[{"nickName":"聚AI_6045","avatar":null,"id":"14213426327877"}],"extras":null,"time":"2023-08-28T22:03:00.9128454+08:00"}
      ┗━━━━━━━━━━━  Logging Monitor ━━━━━━━━━━━
info: 2023-08-28 22:03:00.9186399 +08:00 星期一 L System.Logging.LoggingMonitor[0] #6
      [System.Private.CoreLib.dll] void System.Runtime.CompilerServices.AsyncTaskMethodBuilder<TResult>+AsyncStateMachineBox<TStateMachine>.MoveNext(Thread threadPoolThread)
      ┏━━━━━━━━━━━  Logging Monitor ━━━━━━━━━━━
      ┣ Admin.NET.Core.JuAI.Service.SpecialService.GetNewest
      ┣ 
      ┣ 控制器名称：                SpecialService
      ┣ 操作名称：                  GetNewest
      ┣ 显示名称：                  
      ┣ 路由信息：                  [area]: ; [controller]: special; [action]: newest
      ┣ 请求方式：                  GET
      ┣ 请求地址：                  http://localhost:5005/api/special/newest?minId=
      ┣ 来源地址：                  http://localhost:19991/
      ┣ 请求端源：                  client
      ┣ 浏览器标识：                Mozilla/5.0 (Windows NT 10.0; Win64; x64) AppleWebKit/537.36 (KHTML, like Gecko) Chrome/116.0.0.0 Safari/537.36
      ┣ 客户端区域语言：            zh-CN,zh;q=0.9
      ┣ 客户端 IP 地址：            0.0.0.1
      ┣ 服务端 IP 地址：            0.0.0.1
      ┣ 客户端连接 ID：             00-b5b9bdc0da2ce9f91ab38d1f0b962483-cc1d4cbdcde02a38-00
      ┣ 服务线程 ID：               #35
      ┣ 执行耗时：                  58ms
      ┣ ━━━━━━━━━━━━━━━  Cookies ━━━━━━━━━━━━━━━
      ┣ 请求端：                    
      ┣ 响应端：                    
      ┣ ━━━━━━━━━━━━━━━  系统信息 ━━━━━━━━━━━━━━━
      ┣ 系统名称：                  Microsoft Windows 10.0.19044
      ┣ 系统架构：                  X64
      ┣ 基础框架：                  Furion.Pure v4.8.8.41
      ┣ .NET 架构：                 .NET 6.0.16
      ┣ ━━━━━━━━━━━━━━━  启动信息 ━━━━━━━━━━━━━━━
      ┣ 运行环境：                  Production
      ┣ 启动程序集：                Admin.NET.Web.Entry
      ┣ 进程名称：                  Admin.NET.Web.Entry
      ┣ 托管程序：                  Kestrel
      ┣ ━━━━━━━━━━━━━━━  参数列表 ━━━━━━━━━━━━━━━
      ┣ Content-Type：              
      ┣ 
      ┣ minId (Nullable`1)：        
      ┣ ━━━━━━━━━━━━━━━  返回信息 ━━━━━━━━━━━━━━━
      ┣ HTTP响应状态码：            200
      ┣ 原始类型：                  System.Threading.Tasks.Task<System.Collections.Generic.IList<Admin.NET.Core.JuAI.Service.SpecialOutput>>
      ┣ 最终类型：                  Admin.NET.Core.AdminResult<System.Object>
      ┣ 最终返回值：                {"code":200,"type":"success","message":"","result":[{"id":"14213443775685","title":"提问的艺术","text":"提问的艺术 for CHATGPT\nprompt 技术工程高质量答案完全指南\n关于 prompt 技巧的全面指导","cover":"http://appui.guxin.link/Special/2023-08/14213443745221.jpg","coverFile":null}],"extras":null,"time":"2023-08-28T22:03:00.9130389+08:00"}
      ┗━━━━━━━━━━━  Logging Monitor ━━━━━━━━━━━
info: 2023-08-28 22:03:00.9448017 +08:00 星期一 L System.Logging.LoggingMonitor[0] #21
      [System.Private.CoreLib.dll] void System.Runtime.CompilerServices.AsyncTaskMethodBuilder<TResult>+AsyncStateMachineBox<TStateMachine>.MoveNext(Thread threadPoolThread)
      ┏━━━━━━━━━━━  Logging Monitor ━━━━━━━━━━━
      ┣ Admin.NET.Core.JuAI.Service.ArticleService.GetNewest
      ┣ 
      ┣ 控制器名称：                ArticleService
      ┣ 操作名称：                  GetNewest
      ┣ 显示名称：                  
      ┣ 路由信息：                  [area]: ; [controller]: article; [action]: newest
      ┣ 请求方式：                  GET
      ┣ 请求地址：                  http://localhost:5005/api/article/newest?minId=
      ┣ 来源地址：                  http://localhost:19991/
      ┣ 请求端源：                  client
      ┣ 浏览器标识：                Mozilla/5.0 (Windows NT 10.0; Win64; x64) AppleWebKit/537.36 (KHTML, like Gecko) Chrome/116.0.0.0 Safari/537.36
      ┣ 客户端区域语言：            zh-CN,zh;q=0.9
      ┣ 客户端 IP 地址：            0.0.0.1
      ┣ 服务端 IP 地址：            0.0.0.1
      ┣ 客户端连接 ID：             00-a995473e01e7777be7e54b0fec4a5bbb-4c50b993d6b28df2-00
      ┣ 服务线程 ID：               #37
      ┣ 执行耗时：                  88ms
      ┣ ━━━━━━━━━━━━━━━  Cookies ━━━━━━━━━━━━━━━
      ┣ 请求端：                    
      ┣ 响应端：                    
      ┣ ━━━━━━━━━━━━━━━  系统信息 ━━━━━━━━━━━━━━━
      ┣ 系统名称：                  Microsoft Windows 10.0.19044
      ┣ 系统架构：                  X64
      ┣ 基础框架：                  Furion.Pure v4.8.8.41
      ┣ .NET 架构：                 .NET 6.0.16
      ┣ ━━━━━━━━━━━━━━━  启动信息 ━━━━━━━━━━━━━━━
      ┣ 运行环境：                  Production
      ┣ 启动程序集：                Admin.NET.Web.Entry
      ┣ 进程名称：                  Admin.NET.Web.Entry
      ┣ 托管程序：                  Kestrel
      ┣ ━━━━━━━━━━━━━━━  参数列表 ━━━━━━━━━━━━━━━
      ┣ Content-Type：              
      ┣ 
      ┣ minId (Nullable`1)：        
      ┣ ━━━━━━━━━━━━━━━  返回信息 ━━━━━━━━━━━━━━━
      ┣ HTTP响应状态码：            200
      ┣ 原始类型：                  System.Threading.Tasks.Task<System.Collections.Generic.List<Admin.NET.Core.JuAI.Service.ArticleOutput>>
      ┣ 最终类型：                  Admin.NET.Core.AdminResult<System.Object>
      ┣ 最终返回值：                {"code":200,"type":"success","message":"","result":[{"id":"14213722350277","title":"第 13 章：控制生成提示","html":"<p>控制生成提示是一种技术，它允许在生成文本时对输出进行高度控制。<br>这是通过向模型提供特定的输入，例如模板、特定的词汇表或一组限制条件，以指导生成过程而实现的。<br>以下是一些提示示例及其公式：<br></p><blockquote>示例 1：文本生成<br>任务：生成一个故事<br>说明：故事应基于特定的模板<br>提示公式：“根据以下模板生成故事：[插入模板]”<br>示例 2：文本完成<br>任务：完成一句话<br>说明：完成应使用特定的词汇表<br>提示公式：“使用以下词汇表完成以下句子：[插入词汇表]：[插入句子]”<br>示例 3：语言建模<br>任务：以特定的风格生成文本<br>说明：文本应遵循特定的语法规则<br>提示公式：“生成遵循以下语法规则的文本：[插入规则]：[插入内容]”</blockquote><p><br>通过向模型提供一组特定的输入，
      ┗━━━━━━━━━━━  Logging Monitor ━━━━━━━━━━━
info: 2023-08-28 22:03:01.0047159 +08:00 星期一 L System.Logging.LoggingMonitor[0] #21
      [System.Private.CoreLib.dll] void System.Runtime.CompilerServices.AsyncTaskMethodBuilder<TResult>+AsyncStateMachineBox<TStateMachine>.MoveNext(Thread threadPoolThread)
      ┏━━━━━━━━━━━  Logging Monitor ━━━━━━━━━━━
      ┣ Admin.NET.Core.JuAI.Service.ArticleService.GetRecommend
      ┣ 
      ┣ 控制器名称：       ArticleService
      ┣ 操作名称：         GetRecommend
      ┣ 显示名称：         
      ┣ 路由信息：         [area]: ; [controller]: article; [action]: recommend
      ┣ 请求方式：         GET
      ┣ 请求地址：         http://localhost:5005/api/article/recommend
      ┣ 来源地址：         http://localhost:19991/
      ┣ 请求端源：         client
      ┣ 浏览器标识：       Mozilla/5.0 (Windows NT 10.0; Win64; x64) AppleWebKit/537.36 (KHTML, like Gecko) Chrome/116.0.0.0 Safari/537.36
      ┣ 客户端区域语言：   zh-CN,zh;q=0.9
      ┣ 客户端 IP 地址：   0.0.0.1
      ┣ 服务端 IP 地址：   0.0.0.1
      ┣ 客户端连接 ID：    00-9fbc32583b51ed66a29d912dcd90c6c0-9f727e8412892fca-00
      ┣ 服务线程 ID：      #51
      ┣ 执行耗时：         148ms
      ┣ ━━━━━━━━━━━━━━━  Cookies ━━━━━━━━━━━━━━━
      ┣ 请求端：           
      ┣ 响应端：           
      ┣ ━━━━━━━━━━━━━━━  系统信息 ━━━━━━━━━━━━━━━
      ┣ 系统名称：         Microsoft Windows 10.0.19044
      ┣ 系统架构：         X64
      ┣ 基础框架：         Furion.Pure v4.8.8.41
      ┣ .NET 架构：        .NET 6.0.16
      ┣ ━━━━━━━━━━━━━━━  启动信息 ━━━━━━━━━━━━━━━
      ┣ 运行环境：         Production
      ┣ 启动程序集：       Admin.NET.Web.Entry
      ┣ 进程名称：         Admin.NET.Web.Entry
      ┣ 托管程序：         Kestrel
      ┣ ━━━━━━━━━━━━━━━  返回信息 ━━━━━━━━━━━━━━━
      ┣ HTTP响应状态码：   200
      ┣ 原始类型：         System.Threading.Tasks.Task<System.Collections.Generic.List<Admin.NET.Core.JuAI.Service.ArticleSiderOutput>>
      ┣ 最终类型：         Admin.NET.Core.AdminResult<System.Object>
      ┣ 最终返回值：       {"code":200,"type":"success","message":"","result":[{"id":"14213722350277","title":"第 13 章：控制生成提示"},{"id":"14213716397125","title":"第 12 章“可解释性软提示”"},{"id":"14213709600325","title":"第 11 章：多项选择提示"},{"id":"14213703993541","title":"第 10 章：知识整合提示"},{"id":"14213692720709","title":"第 9 章：知识生成提示"},{"id":"14213684942661","title":"第 8 章：种子词提示"},{"id":"14213665547845","title":"第 7 章：自一致性提示"},{"id":"14213649643077","title":"第 6 章：“让我们思考一下”提示"},{"id":"14213630721605","title":"第 5 章：零样本、一样本和少样本 Prompting"},
      ┗━━━━━━━━━━━  Logging Monitor ━━━━━━━━━━━
info: 2023-08-28 22:03:08.1381337 +08:00 星期一 L System.Logging.LoggingMonitor[0] #28
      [System.Private.CoreLib.dll] void System.Runtime.CompilerServices.AsyncMethodBuilderCore.Start<TStateMachine>(ref TStateMachine stateMachine)
      ┏━━━━━━━━━━━  Logging Monitor ━━━━━━━━━━━
      ┣ Admin.NET.Core.JuAI.Service.UserService.GetActiveUsers
      ┣ 
      ┣ 控制器名称：       UserService
      ┣ 操作名称：         GetActiveUsers
      ┣ 显示名称：         活跃用户
      ┣ 路由信息：         [area]: ; [controller]: user; [action]: activeUsers
      ┣ 请求方式：         GET
      ┣ 请求地址：         http://localhost:5005/api/User/ActiveUsers
      ┣ 来源地址：         http://localhost:19991/
      ┣ 请求端源：         client
      ┣ 浏览器标识：       Mozilla/5.0 (Windows NT 10.0; Win64; x64) AppleWebKit/537.36 (KHTML, like Gecko) Chrome/116.0.0.0 Safari/537.36
      ┣ 客户端区域语言：   zh-CN,zh;q=0.9
      ┣ 客户端 IP 地址：   0.0.0.1
      ┣ 服务端 IP 地址：   0.0.0.1
      ┣ 客户端连接 ID：    00-34f622bb805968c3ad382f7ef7792a57-6a20fe32855afd32-00
      ┣ 服务线程 ID：      #28
      ┣ 执行耗时：         58ms
      ┣ ━━━━━━━━━━━━━━━  Cookies ━━━━━━━━━━━━━━━
      ┣ 请求端：           
      ┣ 响应端：           
      ┣ ━━━━━━━━━━━━━━━  系统信息 ━━━━━━━━━━━━━━━
      ┣ 系统名称：         Microsoft Windows 10.0.19044
      ┣ 系统架构：         X64
      ┣ 基础框架：         Furion.Pure v4.8.8.41
      ┣ .NET 架构：        .NET 6.0.16
      ┣ ━━━━━━━━━━━━━━━  启动信息 ━━━━━━━━━━━━━━━
      ┣ 运行环境：         Production
      ┣ 启动程序集：       Admin.NET.Web.Entry
      ┣ 进程名称：         Admin.NET.Web.Entry
      ┣ 托管程序：         Kestrel
      ┣ ━━━━━━━━━━━━━━━  返回信息 ━━━━━━━━━━━━━━━
      ┣ HTTP响应状态码：   200
      ┣ 原始类型：         System.Collections.Generic.IList<Admin.NET.Core.JuAI.Service.UserInfoOutput>
      ┣ 最终类型：         Admin.NET.Core.AdminResult<System.Object>
      ┣ 最终返回值：       {"code":200,"type":"success","message":"","result":[{"nickName":"聚AI_6045","avatar":null,"id":"14213426327877"}],"extras":null,"time":"2023-08-28T22:03:08.1348161+08:00"}
      ┗━━━━━━━━━━━  Logging Monitor ━━━━━━━━━━━
info: 2023-08-28 22:03:08.1358773 +08:00 星期一 L System.Logging.LoggingMonitor[0] #6
      [System.Private.CoreLib.dll] void System.Runtime.CompilerServices.AsyncTaskMethodBuilder<TResult>+AsyncStateMachineBox<TStateMachine>.MoveNext(Thread threadPoolThread)
      ┏━━━━━━━━━━━  Logging Monitor ━━━━━━━━━━━
      ┣ Admin.NET.Core.JuAI.Service.SpecialService.GetNewest
      ┣ 
      ┣ 控制器名称：                SpecialService
      ┣ 操作名称：                  GetNewest
      ┣ 显示名称：                  
      ┣ 路由信息：                  [area]: ; [controller]: special; [action]: newest
      ┣ 请求方式：                  GET
      ┣ 请求地址：                  http://localhost:5005/api/special/newest?minId=
      ┣ 来源地址：                  http://localhost:19991/
      ┣ 请求端源：                  client
      ┣ 浏览器标识：                Mozilla/5.0 (Windows NT 10.0; Win64; x64) AppleWebKit/537.36 (KHTML, like Gecko) Chrome/116.0.0.0 Safari/537.36
      ┣ 客户端区域语言：            zh-CN,zh;q=0.9
      ┣ 客户端 IP 地址：            0.0.0.1
      ┣ 服务端 IP 地址：            0.0.0.1
      ┣ 客户端连接 ID：             00-f30e59f76b82099a8ab2a26a396bcf4d-70048fc4bb2b3c3a-00
      ┣ 服务线程 ID：               #37
      ┣ 执行耗时：                  70ms
      ┣ ━━━━━━━━━━━━━━━  Cookies ━━━━━━━━━━━━━━━
      ┣ 请求端：                    
      ┣ 响应端：                    
      ┣ ━━━━━━━━━━━━━━━  系统信息 ━━━━━━━━━━━━━━━
      ┣ 系统名称：                  Microsoft Windows 10.0.19044
      ┣ 系统架构：                  X64
      ┣ 基础框架：                  Furion.Pure v4.8.8.41
      ┣ .NET 架构：                 .NET 6.0.16
      ┣ ━━━━━━━━━━━━━━━  启动信息 ━━━━━━━━━━━━━━━
      ┣ 运行环境：                  Production
      ┣ 启动程序集：                Admin.NET.Web.Entry
      ┣ 进程名称：                  Admin.NET.Web.Entry
      ┣ 托管程序：                  Kestrel
      ┣ ━━━━━━━━━━━━━━━  参数列表 ━━━━━━━━━━━━━━━
      ┣ Content-Type：              
      ┣ 
      ┣ minId (Nullable`1)：        
      ┣ ━━━━━━━━━━━━━━━  返回信息 ━━━━━━━━━━━━━━━
      ┣ HTTP响应状态码：            200
      ┣ 原始类型：                  System.Threading.Tasks.Task<System.Collections.Generic.IList<Admin.NET.Core.JuAI.Service.SpecialOutput>>
      ┣ 最终类型：                  Admin.NET.Core.AdminResult<System.Object>
      ┣ 最终返回值：                {"code":200,"type":"success","message":"","result":[{"id":"14213443775685","title":"提问的艺术","text":"提问的艺术 for CHATGPT\nprompt 技术工程高质量答案完全指南\n关于 prompt 技巧的全面指导","cover":"http://appui.guxin.link/Special/2023-08/14213443745221.jpg","coverFile":null}],"extras":null,"time":"2023-08-28T22:03:08.1329053+08:00"}
      ┗━━━━━━━━━━━  Logging Monitor ━━━━━━━━━━━
info: 2023-08-28 22:03:08.1652591 +08:00 星期一 L System.Logging.LoggingMonitor[0] #21
      [System.Private.CoreLib.dll] void System.Runtime.CompilerServices.AsyncTaskMethodBuilder<TResult>+AsyncStateMachineBox<TStateMachine>.MoveNext(Thread threadPoolThread)
      ┏━━━━━━━━━━━  Logging Monitor ━━━━━━━━━━━
      ┣ Admin.NET.Core.JuAI.Service.ArticleService.GetNewest
      ┣ 
      ┣ 控制器名称：                ArticleService
      ┣ 操作名称：                  GetNewest
      ┣ 显示名称：                  
      ┣ 路由信息：                  [area]: ; [controller]: article; [action]: newest
      ┣ 请求方式：                  GET
      ┣ 请求地址：                  http://localhost:5005/api/article/newest?minId=
      ┣ 来源地址：                  http://localhost:19991/
      ┣ 请求端源：                  client
      ┣ 浏览器标识：                Mozilla/5.0 (Windows NT 10.0; Win64; x64) AppleWebKit/537.36 (KHTML, like Gecko) Chrome/116.0.0.0 Safari/537.36
      ┣ 客户端区域语言：            zh-CN,zh;q=0.9
      ┣ 客户端 IP 地址：            0.0.0.1
      ┣ 服务端 IP 地址：            0.0.0.1
      ┣ 客户端连接 ID：             00-144dc57c7a71948f0d7d577986b2fe41-b228de2b1e2785e0-00
      ┣ 服务线程 ID：               #35
      ┣ 执行耗时：                  86ms
      ┣ ━━━━━━━━━━━━━━━  Cookies ━━━━━━━━━━━━━━━
      ┣ 请求端：                    
      ┣ 响应端：                    
      ┣ ━━━━━━━━━━━━━━━  系统信息 ━━━━━━━━━━━━━━━
      ┣ 系统名称：                  Microsoft Windows 10.0.19044
      ┣ 系统架构：                  X64
      ┣ 基础框架：                  Furion.Pure v4.8.8.41
      ┣ .NET 架构：                 .NET 6.0.16
      ┣ ━━━━━━━━━━━━━━━  启动信息 ━━━━━━━━━━━━━━━
      ┣ 运行环境：                  Production
      ┣ 启动程序集：                Admin.NET.Web.Entry
      ┣ 进程名称：                  Admin.NET.Web.Entry
      ┣ 托管程序：                  Kestrel
      ┣ ━━━━━━━━━━━━━━━  参数列表 ━━━━━━━━━━━━━━━
      ┣ Content-Type：              
      ┣ 
      ┣ minId (Nullable`1)：        
      ┣ ━━━━━━━━━━━━━━━  返回信息 ━━━━━━━━━━━━━━━
      ┣ HTTP响应状态码：            200
      ┣ 原始类型：                  System.Threading.Tasks.Task<System.Collections.Generic.List<Admin.NET.Core.JuAI.Service.ArticleOutput>>
      ┣ 最终类型：                  Admin.NET.Core.AdminResult<System.Object>
      ┣ 最终返回值：                {"code":200,"type":"success","message":"","result":[{"id":"14213722350277","title":"第 13 章：控制生成提示","html":"<p>控制生成提示是一种技术，它允许在生成文本时对输出进行高度控制。<br>这是通过向模型提供特定的输入，例如模板、特定的词汇表或一组限制条件，以指导生成过程而实现的。<br>以下是一些提示示例及其公式：<br></p><blockquote>示例 1：文本生成<br>任务：生成一个故事<br>说明：故事应基于特定的模板<br>提示公式：“根据以下模板生成故事：[插入模板]”<br>示例 2：文本完成<br>任务：完成一句话<br>说明：完成应使用特定的词汇表<br>提示公式：“使用以下词汇表完成以下句子：[插入词汇表]：[插入句子]”<br>示例 3：语言建模<br>任务：以特定的风格生成文本<br>说明：文本应遵循特定的语法规则<br>提示公式：“生成遵循以下语法规则的文本：[插入规则]：[插入内容]”</blockquote><p><br>通过向模型提供一组特定的输入，
      ┗━━━━━━━━━━━  Logging Monitor ━━━━━━━━━━━
info: 2023-08-28 22:03:08.2208624 +08:00 星期一 L System.Logging.LoggingMonitor[0] #6
      [System.Private.CoreLib.dll] void System.Runtime.CompilerServices.AsyncTaskMethodBuilder<TResult>+AsyncStateMachineBox<TStateMachine>.MoveNext(Thread threadPoolThread)
      ┏━━━━━━━━━━━  Logging Monitor ━━━━━━━━━━━
      ┣ Admin.NET.Core.JuAI.Service.ArticleService.GetRecommend
      ┣ 
      ┣ 控制器名称：       ArticleService
      ┣ 操作名称：         GetRecommend
      ┣ 显示名称：         
      ┣ 路由信息：         [area]: ; [controller]: article; [action]: recommend
      ┣ 请求方式：         GET
      ┣ 请求地址：         http://localhost:5005/api/article/recommend
      ┣ 来源地址：         http://localhost:19991/
      ┣ 请求端源：         client
      ┣ 浏览器标识：       Mozilla/5.0 (Windows NT 10.0; Win64; x64) AppleWebKit/537.36 (KHTML, like Gecko) Chrome/116.0.0.0 Safari/537.36
      ┣ 客户端区域语言：   zh-CN,zh;q=0.9
      ┣ 客户端 IP 地址：   0.0.0.1
      ┣ 服务端 IP 地址：   0.0.0.1
      ┣ 客户端连接 ID：    00-aa6fae44c924d4007cf4ba8ec1e26c42-0216b89bd79eaa89-00
      ┣ 服务线程 ID：      #33
      ┣ 执行耗时：         155ms
      ┣ ━━━━━━━━━━━━━━━  Cookies ━━━━━━━━━━━━━━━
      ┣ 请求端：           
      ┣ 响应端：           
      ┣ ━━━━━━━━━━━━━━━  系统信息 ━━━━━━━━━━━━━━━
      ┣ 系统名称：         Microsoft Windows 10.0.19044
      ┣ 系统架构：         X64
      ┣ 基础框架：         Furion.Pure v4.8.8.41
      ┣ .NET 架构：        .NET 6.0.16
      ┣ ━━━━━━━━━━━━━━━  启动信息 ━━━━━━━━━━━━━━━
      ┣ 运行环境：         Production
      ┣ 启动程序集：       Admin.NET.Web.Entry
      ┣ 进程名称：         Admin.NET.Web.Entry
      ┣ 托管程序：         Kestrel
      ┣ ━━━━━━━━━━━━━━━  返回信息 ━━━━━━━━━━━━━━━
      ┣ HTTP响应状态码：   200
      ┣ 原始类型：         System.Threading.Tasks.Task<System.Collections.Generic.List<Admin.NET.Core.JuAI.Service.ArticleSiderOutput>>
      ┣ 最终类型：         Admin.NET.Core.AdminResult<System.Object>
      ┣ 最终返回值：       {"code":200,"type":"success","message":"","result":[{"id":"14213722350277","title":"第 13 章：控制生成提示"},{"id":"14213716397125","title":"第 12 章“可解释性软提示”"},{"id":"14213709600325","title":"第 11 章：多项选择提示"},{"id":"14213703993541","title":"第 10 章：知识整合提示"},{"id":"14213692720709","title":"第 9 章：知识生成提示"},{"id":"14213684942661","title":"第 8 章：种子词提示"},{"id":"14213665547845","title":"第 7 章：自一致性提示"},{"id":"14213649643077","title":"第 6 章：“让我们思考一下”提示"},{"id":"14213630721605","title":"第 5 章：零样本、一样本和少样本 Prompting"},
      ┗━━━━━━━━━━━  Logging Monitor ━━━━━━━━━━━
info: 2023-08-28 22:03:19.8919300 +08:00 星期一 L System.Logging.LoggingMonitor[0] #35
      [System.Private.CoreLib.dll] void System.Runtime.CompilerServices.AsyncMethodBuilderCore.Start<TStateMachine>(ref TStateMachine stateMachine)
      ┏━━━━━━━━━━━  Logging Monitor ━━━━━━━━━━━
      ┣ Admin.NET.Core.JuAI.Service.UserService.GetActiveUsers
      ┣ 
      ┣ 控制器名称：       UserService
      ┣ 操作名称：         GetActiveUsers
      ┣ 显示名称：         活跃用户
      ┣ 路由信息：         [area]: ; [controller]: user; [action]: activeUsers
      ┣ 请求方式：         GET
      ┣ 请求地址：         http://localhost:5005/api/User/ActiveUsers
      ┣ 来源地址：         http://localhost:19991/
      ┣ 请求端源：         client
      ┣ 浏览器标识：       Mozilla/5.0 (Windows NT 10.0; Win64; x64) AppleWebKit/537.36 (KHTML, like Gecko) Chrome/116.0.0.0 Safari/537.36
      ┣ 客户端区域语言：   zh-CN,zh;q=0.9
      ┣ 客户端 IP 地址：   0.0.0.1
      ┣ 服务端 IP 地址：   0.0.0.1
      ┣ 客户端连接 ID：    00-8507cc95a9027f3f27c0ab2f7bf58043-31598da53e07e599-00
      ┣ 服务线程 ID：      #35
      ┣ 执行耗时：         59ms
      ┣ ━━━━━━━━━━━━━━━  Cookies ━━━━━━━━━━━━━━━
      ┣ 请求端：           
      ┣ 响应端：           
      ┣ ━━━━━━━━━━━━━━━  系统信息 ━━━━━━━━━━━━━━━
      ┣ 系统名称：         Microsoft Windows 10.0.19044
      ┣ 系统架构：         X64
      ┣ 基础框架：         Furion.Pure v4.8.8.41
      ┣ .NET 架构：        .NET 6.0.16
      ┣ ━━━━━━━━━━━━━━━  启动信息 ━━━━━━━━━━━━━━━
      ┣ 运行环境：         Production
      ┣ 启动程序集：       Admin.NET.Web.Entry
      ┣ 进程名称：         Admin.NET.Web.Entry
      ┣ 托管程序：         Kestrel
      ┣ ━━━━━━━━━━━━━━━  返回信息 ━━━━━━━━━━━━━━━
      ┣ HTTP响应状态码：   200
      ┣ 原始类型：         System.Collections.Generic.IList<Admin.NET.Core.JuAI.Service.UserInfoOutput>
      ┣ 最终类型：         Admin.NET.Core.AdminResult<System.Object>
      ┣ 最终返回值：       {"code":200,"type":"success","message":"","result":[{"nickName":"聚AI_6045","avatar":null,"id":"14213426327877"}],"extras":null,"time":"2023-08-28T22:03:19.8897438+08:00"}
      ┗━━━━━━━━━━━  Logging Monitor ━━━━━━━━━━━
info: 2023-08-28 22:03:19.8931890 +08:00 星期一 L System.Logging.LoggingMonitor[0] #21
      [System.Private.CoreLib.dll] void System.Runtime.CompilerServices.AsyncTaskMethodBuilder<TResult>+AsyncStateMachineBox<TStateMachine>.MoveNext(Thread threadPoolThread)
      ┏━━━━━━━━━━━  Logging Monitor ━━━━━━━━━━━
      ┣ Admin.NET.Core.JuAI.Service.SpecialService.GetNewest
      ┣ 
      ┣ 控制器名称：                SpecialService
      ┣ 操作名称：                  GetNewest
      ┣ 显示名称：                  
      ┣ 路由信息：                  [area]: ; [controller]: special; [action]: newest
      ┣ 请求方式：                  GET
      ┣ 请求地址：                  http://localhost:5005/api/special/newest?minId=
      ┣ 来源地址：                  http://localhost:19991/
      ┣ 请求端源：                  client
      ┣ 浏览器标识：                Mozilla/5.0 (Windows NT 10.0; Win64; x64) AppleWebKit/537.36 (KHTML, like Gecko) Chrome/116.0.0.0 Safari/537.36
      ┣ 客户端区域语言：            zh-CN,zh;q=0.9
      ┣ 客户端 IP 地址：            0.0.0.1
      ┣ 服务端 IP 地址：            0.0.0.1
      ┣ 客户端连接 ID：             00-deba8c1235d962c85d0e6455f8da3f17-5ac83cf23d7b2497-00
      ┣ 服务线程 ID：               #44
      ┣ 执行耗时：                  57ms
      ┣ ━━━━━━━━━━━━━━━  Cookies ━━━━━━━━━━━━━━━
      ┣ 请求端：                    
      ┣ 响应端：                    
      ┣ ━━━━━━━━━━━━━━━  系统信息 ━━━━━━━━━━━━━━━
      ┣ 系统名称：                  Microsoft Windows 10.0.19044
      ┣ 系统架构：                  X64
      ┣ 基础框架：                  Furion.Pure v4.8.8.41
      ┣ .NET 架构：                 .NET 6.0.16
      ┣ ━━━━━━━━━━━━━━━  启动信息 ━━━━━━━━━━━━━━━
      ┣ 运行环境：                  Production
      ┣ 启动程序集：                Admin.NET.Web.Entry
      ┣ 进程名称：                  Admin.NET.Web.Entry
      ┣ 托管程序：                  Kestrel
      ┣ ━━━━━━━━━━━━━━━  参数列表 ━━━━━━━━━━━━━━━
      ┣ Content-Type：              
      ┣ 
      ┣ minId (Nullable`1)：        
      ┣ ━━━━━━━━━━━━━━━  返回信息 ━━━━━━━━━━━━━━━
      ┣ HTTP响应状态码：            200
      ┣ 原始类型：                  System.Threading.Tasks.Task<System.Collections.Generic.IList<Admin.NET.Core.JuAI.Service.SpecialOutput>>
      ┣ 最终类型：                  Admin.NET.Core.AdminResult<System.Object>
      ┣ 最终返回值：                {"code":200,"type":"success","message":"","result":[{"id":"14213443775685","title":"提问的艺术","text":"提问的艺术 for CHATGPT\nprompt 技术工程高质量答案完全指南\n关于 prompt 技巧的全面指导","cover":"http://appui.guxin.link/Special/2023-08/14213443745221.jpg","coverFile":null}],"extras":null,"time":"2023-08-28T22:03:19.8900618+08:00"}
      ┗━━━━━━━━━━━  Logging Monitor ━━━━━━━━━━━
info: 2023-08-28 22:03:19.9210206 +08:00 星期一 L System.Logging.LoggingMonitor[0] #8
      [System.Private.CoreLib.dll] void System.Runtime.CompilerServices.AsyncTaskMethodBuilder<TResult>+AsyncStateMachineBox<TStateMachine>.MoveNext(Thread threadPoolThread)
      ┏━━━━━━━━━━━  Logging Monitor ━━━━━━━━━━━
      ┣ Admin.NET.Core.JuAI.Service.ArticleService.GetNewest
      ┣ 
      ┣ 控制器名称：                ArticleService
      ┣ 操作名称：                  GetNewest
      ┣ 显示名称：                  
      ┣ 路由信息：                  [area]: ; [controller]: article; [action]: newest
      ┣ 请求方式：                  GET
      ┣ 请求地址：                  http://localhost:5005/api/article/newest?minId=
      ┣ 来源地址：                  http://localhost:19991/
      ┣ 请求端源：                  client
      ┣ 浏览器标识：                Mozilla/5.0 (Windows NT 10.0; Win64; x64) AppleWebKit/537.36 (KHTML, like Gecko) Chrome/116.0.0.0 Safari/537.36
      ┣ 客户端区域语言：            zh-CN,zh;q=0.9
      ┣ 客户端 IP 地址：            0.0.0.1
      ┣ 服务端 IP 地址：            0.0.0.1
      ┣ 客户端连接 ID：             00-5f0235e9467c3ef662db9e86c9219797-04eb65d8faf722af-00
      ┣ 服务线程 ID：               #51
      ┣ 执行耗时：                  85ms
      ┣ ━━━━━━━━━━━━━━━  Cookies ━━━━━━━━━━━━━━━
      ┣ 请求端：                    
      ┣ 响应端：                    
      ┣ ━━━━━━━━━━━━━━━  系统信息 ━━━━━━━━━━━━━━━
      ┣ 系统名称：                  Microsoft Windows 10.0.19044
      ┣ 系统架构：                  X64
      ┣ 基础框架：                  Furion.Pure v4.8.8.41
      ┣ .NET 架构：                 .NET 6.0.16
      ┣ ━━━━━━━━━━━━━━━  启动信息 ━━━━━━━━━━━━━━━
      ┣ 运行环境：                  Production
      ┣ 启动程序集：                Admin.NET.Web.Entry
      ┣ 进程名称：                  Admin.NET.Web.Entry
      ┣ 托管程序：                  Kestrel
      ┣ ━━━━━━━━━━━━━━━  参数列表 ━━━━━━━━━━━━━━━
      ┣ Content-Type：              
      ┣ 
      ┣ minId (Nullable`1)：        
      ┣ ━━━━━━━━━━━━━━━  返回信息 ━━━━━━━━━━━━━━━
      ┣ HTTP响应状态码：            200
      ┣ 原始类型：                  System.Threading.Tasks.Task<System.Collections.Generic.List<Admin.NET.Core.JuAI.Service.ArticleOutput>>
      ┣ 最终类型：                  Admin.NET.Core.AdminResult<System.Object>
      ┣ 最终返回值：                {"code":200,"type":"success","message":"","result":[{"id":"14213722350277","title":"第 13 章：控制生成提示","html":"<p>控制生成提示是一种技术，它允许在生成文本时对输出进行高度控制。<br>这是通过向模型提供特定的输入，例如模板、特定的词汇表或一组限制条件，以指导生成过程而实现的。<br>以下是一些提示示例及其公式：<br></p><blockquote>示例 1：文本生成<br>任务：生成一个故事<br>说明：故事应基于特定的模板<br>提示公式：“根据以下模板生成故事：[插入模板]”<br>示例 2：文本完成<br>任务：完成一句话<br>说明：完成应使用特定的词汇表<br>提示公式：“使用以下词汇表完成以下句子：[插入词汇表]：[插入句子]”<br>示例 3：语言建模<br>任务：以特定的风格生成文本<br>说明：文本应遵循特定的语法规则<br>提示公式：“生成遵循以下语法规则的文本：[插入规则]：[插入内容]”</blockquote><p><br>通过向模型提供一组特定的输入，
      ┗━━━━━━━━━━━  Logging Monitor ━━━━━━━━━━━
info: 2023-08-28 22:03:19.9776436 +08:00 星期一 L System.Logging.LoggingMonitor[0] #8
      [System.Private.CoreLib.dll] void System.Runtime.CompilerServices.AsyncTaskMethodBuilder<TResult>+AsyncStateMachineBox<TStateMachine>.MoveNext(Thread threadPoolThread)
      ┏━━━━━━━━━━━  Logging Monitor ━━━━━━━━━━━
      ┣ Admin.NET.Core.JuAI.Service.ArticleService.GetRecommend
      ┣ 
      ┣ 控制器名称：       ArticleService
      ┣ 操作名称：         GetRecommend
      ┣ 显示名称：         
      ┣ 路由信息：         [area]: ; [controller]: article; [action]: recommend
      ┣ 请求方式：         GET
      ┣ 请求地址：         http://localhost:5005/api/article/recommend
      ┣ 来源地址：         http://localhost:19991/
      ┣ 请求端源：         client
      ┣ 浏览器标识：       Mozilla/5.0 (Windows NT 10.0; Win64; x64) AppleWebKit/537.36 (KHTML, like Gecko) Chrome/116.0.0.0 Safari/537.36
      ┣ 客户端区域语言：   zh-CN,zh;q=0.9
      ┣ 客户端 IP 地址：   0.0.0.1
      ┣ 服务端 IP 地址：   0.0.0.1
      ┣ 客户端连接 ID：    00-817b1965cb8e5d38df48fea7aa4aeadf-9ede8f1edc3dcad4-00
      ┣ 服务线程 ID：      #50
      ┣ 执行耗时：         143ms
      ┣ ━━━━━━━━━━━━━━━  Cookies ━━━━━━━━━━━━━━━
      ┣ 请求端：           
      ┣ 响应端：           
      ┣ ━━━━━━━━━━━━━━━  系统信息 ━━━━━━━━━━━━━━━
      ┣ 系统名称：         Microsoft Windows 10.0.19044
      ┣ 系统架构：         X64
      ┣ 基础框架：         Furion.Pure v4.8.8.41
      ┣ .NET 架构：        .NET 6.0.16
      ┣ ━━━━━━━━━━━━━━━  启动信息 ━━━━━━━━━━━━━━━
      ┣ 运行环境：         Production
      ┣ 启动程序集：       Admin.NET.Web.Entry
      ┣ 进程名称：         Admin.NET.Web.Entry
      ┣ 托管程序：         Kestrel
      ┣ ━━━━━━━━━━━━━━━  返回信息 ━━━━━━━━━━━━━━━
      ┣ HTTP响应状态码：   200
      ┣ 原始类型：         System.Threading.Tasks.Task<System.Collections.Generic.List<Admin.NET.Core.JuAI.Service.ArticleSiderOutput>>
      ┣ 最终类型：         Admin.NET.Core.AdminResult<System.Object>
      ┣ 最终返回值：       {"code":200,"type":"success","message":"","result":[{"id":"14213722350277","title":"第 13 章：控制生成提示"},{"id":"14213716397125","title":"第 12 章“可解释性软提示”"},{"id":"14213709600325","title":"第 11 章：多项选择提示"},{"id":"14213703993541","title":"第 10 章：知识整合提示"},{"id":"14213692720709","title":"第 9 章：知识生成提示"},{"id":"14213684942661","title":"第 8 章：种子词提示"},{"id":"14213665547845","title":"第 7 章：自一致性提示"},{"id":"14213649643077","title":"第 6 章：“让我们思考一下”提示"},{"id":"14213630721605","title":"第 5 章：零样本、一样本和少样本 Prompting"},
      ┗━━━━━━━━━━━  Logging Monitor ━━━━━━━━━━━
info: 2023-08-28 22:04:09.3867836 +08:00 星期一 L System.Logging.LoggingMonitor[0] #20
      [System.Private.CoreLib.dll] void System.Runtime.CompilerServices.AsyncMethodBuilderCore.Start<TStateMachine>(ref TStateMachine stateMachine)
      ┏━━━━━━━━━━━  Logging Monitor ━━━━━━━━━━━
      ┣ Admin.NET.Core.JuAI.Service.UserService.GetActiveUsers
      ┣ 
      ┣ 控制器名称：       UserService
      ┣ 操作名称：         GetActiveUsers
      ┣ 显示名称：         活跃用户
      ┣ 路由信息：         [area]: ; [controller]: user; [action]: activeUsers
      ┣ 请求方式：         GET
      ┣ 请求地址：         http://localhost:5005/api/User/ActiveUsers
      ┣ 来源地址：         http://localhost:19991/
      ┣ 请求端源：         client
      ┣ 浏览器标识：       Mozilla/5.0 (Windows NT 10.0; Win64; x64) AppleWebKit/537.36 (KHTML, like Gecko) Chrome/116.0.0.0 Safari/537.36
      ┣ 客户端区域语言：   zh-CN,zh;q=0.9
      ┣ 客户端 IP 地址：   0.0.0.1
      ┣ 服务端 IP 地址：   0.0.0.1
      ┣ 客户端连接 ID：    00-df63d22a6933143c20a42368a19b7bb2-2a33518e0f19bfc8-00
      ┣ 服务线程 ID：      #20
      ┣ 执行耗时：         63ms
      ┣ ━━━━━━━━━━━━━━━  Cookies ━━━━━━━━━━━━━━━
      ┣ 请求端：           
      ┣ 响应端：           
      ┣ ━━━━━━━━━━━━━━━  系统信息 ━━━━━━━━━━━━━━━
      ┣ 系统名称：         Microsoft Windows 10.0.19044
      ┣ 系统架构：         X64
      ┣ 基础框架：         Furion.Pure v4.8.8.41
      ┣ .NET 架构：        .NET 6.0.16
      ┣ ━━━━━━━━━━━━━━━  启动信息 ━━━━━━━━━━━━━━━
      ┣ 运行环境：         Production
      ┣ 启动程序集：       Admin.NET.Web.Entry
      ┣ 进程名称：         Admin.NET.Web.Entry
      ┣ 托管程序：         Kestrel
      ┣ ━━━━━━━━━━━━━━━  返回信息 ━━━━━━━━━━━━━━━
      ┣ HTTP响应状态码：   200
      ┣ 原始类型：         System.Collections.Generic.IList<Admin.NET.Core.JuAI.Service.UserInfoOutput>
      ┣ 最终类型：         Admin.NET.Core.AdminResult<System.Object>
      ┣ 最终返回值：       {"code":200,"type":"success","message":"","result":[{"nickName":"聚AI_6045","avatar":null,"id":"14213426327877"}],"extras":null,"time":"2023-08-28T22:04:09.3807083+08:00"}
      ┗━━━━━━━━━━━  Logging Monitor ━━━━━━━━━━━
info: 2023-08-28 22:04:09.3850685 +08:00 星期一 L System.Logging.LoggingMonitor[0] #40
      [System.Private.CoreLib.dll] void System.Runtime.CompilerServices.AsyncTaskMethodBuilder<TResult>+AsyncStateMachineBox<TStateMachine>.MoveNext(Thread threadPoolThread)
      ┏━━━━━━━━━━━  Logging Monitor ━━━━━━━━━━━
      ┣ Admin.NET.Core.JuAI.Service.SpecialService.GetNewest
      ┣ 
      ┣ 控制器名称：                SpecialService
      ┣ 操作名称：                  GetNewest
      ┣ 显示名称：                  
      ┣ 路由信息：                  [area]: ; [controller]: special; [action]: newest
      ┣ 请求方式：                  GET
      ┣ 请求地址：                  http://localhost:5005/api/special/newest?minId=
      ┣ 来源地址：                  http://localhost:19991/
      ┣ 请求端源：                  client
      ┣ 浏览器标识：                Mozilla/5.0 (Windows NT 10.0; Win64; x64) AppleWebKit/537.36 (KHTML, like Gecko) Chrome/116.0.0.0 Safari/537.36
      ┣ 客户端区域语言：            zh-CN,zh;q=0.9
      ┣ 客户端 IP 地址：            0.0.0.1
      ┣ 服务端 IP 地址：            0.0.0.1
      ┣ 客户端连接 ID：             00-23b0060c9c707202b3dfe52ccf8bd8b5-e375215304f77a57-00
      ┣ 服务线程 ID：               #47
      ┣ 执行耗时：                  59ms
      ┣ ━━━━━━━━━━━━━━━  Cookies ━━━━━━━━━━━━━━━
      ┣ 请求端：                    
      ┣ 响应端：                    
      ┣ ━━━━━━━━━━━━━━━  系统信息 ━━━━━━━━━━━━━━━
      ┣ 系统名称：                  Microsoft Windows 10.0.19044
      ┣ 系统架构：                  X64
      ┣ 基础框架：                  Furion.Pure v4.8.8.41
      ┣ .NET 架构：                 .NET 6.0.16
      ┣ ━━━━━━━━━━━━━━━  启动信息 ━━━━━━━━━━━━━━━
      ┣ 运行环境：                  Production
      ┣ 启动程序集：                Admin.NET.Web.Entry
      ┣ 进程名称：                  Admin.NET.Web.Entry
      ┣ 托管程序：                  Kestrel
      ┣ ━━━━━━━━━━━━━━━  参数列表 ━━━━━━━━━━━━━━━
      ┣ Content-Type：              
      ┣ 
      ┣ minId (Nullable`1)：        
      ┣ ━━━━━━━━━━━━━━━  返回信息 ━━━━━━━━━━━━━━━
      ┣ HTTP响应状态码：            200
      ┣ 原始类型：                  System.Threading.Tasks.Task<System.Collections.Generic.IList<Admin.NET.Core.JuAI.Service.SpecialOutput>>
      ┣ 最终类型：                  Admin.NET.Core.AdminResult<System.Object>
      ┣ 最终返回值：                {"code":200,"type":"success","message":"","result":[{"id":"14213443775685","title":"提问的艺术","text":"提问的艺术 for CHATGPT\nprompt 技术工程高质量答案完全指南\n关于 prompt 技巧的全面指导","cover":"http://appui.guxin.link/Special/2023-08/14213443745221.jpg","coverFile":null}],"extras":null,"time":"2023-08-28T22:04:09.3799517+08:00"}
      ┗━━━━━━━━━━━  Logging Monitor ━━━━━━━━━━━
info: 2023-08-28 22:04:09.4098272 +08:00 星期一 L System.Logging.LoggingMonitor[0] #50
      [System.Private.CoreLib.dll] void System.Runtime.CompilerServices.AsyncTaskMethodBuilder<TResult>+AsyncStateMachineBox<TStateMachine>.MoveNext(Thread threadPoolThread)
      ┏━━━━━━━━━━━  Logging Monitor ━━━━━━━━━━━
      ┣ Admin.NET.Core.JuAI.Service.ArticleService.GetNewest
      ┣ 
      ┣ 控制器名称：                ArticleService
      ┣ 操作名称：                  GetNewest
      ┣ 显示名称：                  
      ┣ 路由信息：                  [area]: ; [controller]: article; [action]: newest
      ┣ 请求方式：                  GET
      ┣ 请求地址：                  http://localhost:5005/api/article/newest?minId=
      ┣ 来源地址：                  http://localhost:19991/
      ┣ 请求端源：                  client
      ┣ 浏览器标识：                Mozilla/5.0 (Windows NT 10.0; Win64; x64) AppleWebKit/537.36 (KHTML, like Gecko) Chrome/116.0.0.0 Safari/537.36
      ┣ 客户端区域语言：            zh-CN,zh;q=0.9
      ┣ 客户端 IP 地址：            0.0.0.1
      ┣ 服务端 IP 地址：            0.0.0.1
      ┣ 客户端连接 ID：             00-97d85d732012c6467fe32fa60078af30-64620c0318e99848-00
      ┣ 服务线程 ID：               #51
      ┣ 执行耗时：                  86ms
      ┣ ━━━━━━━━━━━━━━━  Cookies ━━━━━━━━━━━━━━━
      ┣ 请求端：                    
      ┣ 响应端：                    
      ┣ ━━━━━━━━━━━━━━━  系统信息 ━━━━━━━━━━━━━━━
      ┣ 系统名称：                  Microsoft Windows 10.0.19044
      ┣ 系统架构：                  X64
      ┣ 基础框架：                  Furion.Pure v4.8.8.41
      ┣ .NET 架构：                 .NET 6.0.16
      ┣ ━━━━━━━━━━━━━━━  启动信息 ━━━━━━━━━━━━━━━
      ┣ 运行环境：                  Production
      ┣ 启动程序集：                Admin.NET.Web.Entry
      ┣ 进程名称：                  Admin.NET.Web.Entry
      ┣ 托管程序：                  Kestrel
      ┣ ━━━━━━━━━━━━━━━  参数列表 ━━━━━━━━━━━━━━━
      ┣ Content-Type：              
      ┣ 
      ┣ minId (Nullable`1)：        
      ┣ ━━━━━━━━━━━━━━━  返回信息 ━━━━━━━━━━━━━━━
      ┣ HTTP响应状态码：            200
      ┣ 原始类型：                  System.Threading.Tasks.Task<System.Collections.Generic.List<Admin.NET.Core.JuAI.Service.ArticleOutput>>
      ┣ 最终类型：                  Admin.NET.Core.AdminResult<System.Object>
      ┣ 最终返回值：                {"code":200,"type":"success","message":"","result":[{"id":"14213722350277","title":"第 13 章：控制生成提示","html":"<p>控制生成提示是一种技术，它允许在生成文本时对输出进行高度控制。<br>这是通过向模型提供特定的输入，例如模板、特定的词汇表或一组限制条件，以指导生成过程而实现的。<br>以下是一些提示示例及其公式：<br></p><blockquote>示例 1：文本生成<br>任务：生成一个故事<br>说明：故事应基于特定的模板<br>提示公式：“根据以下模板生成故事：[插入模板]”<br>示例 2：文本完成<br>任务：完成一句话<br>说明：完成应使用特定的词汇表<br>提示公式：“使用以下词汇表完成以下句子：[插入词汇表]：[插入句子]”<br>示例 3：语言建模<br>任务：以特定的风格生成文本<br>说明：文本应遵循特定的语法规则<br>提示公式：“生成遵循以下语法规则的文本：[插入规则]：[插入内容]”</blockquote><p><br>通过向模型提供一组特定的输入，
      ┗━━━━━━━━━━━  Logging Monitor ━━━━━━━━━━━
info: 2023-08-28 22:04:09.7138314 +08:00 星期一 L System.Logging.LoggingMonitor[0] #36
      [System.Private.CoreLib.dll] void System.Runtime.CompilerServices.AsyncTaskMethodBuilder<TResult>+AsyncStateMachineBox<TStateMachine>.MoveNext(Thread threadPoolThread)
      ┏━━━━━━━━━━━  Logging Monitor ━━━━━━━━━━━
      ┣ Admin.NET.Core.JuAI.Service.ArticleService.GetRecommend
      ┣ 
      ┣ 控制器名称：       ArticleService
      ┣ 操作名称：         GetRecommend
      ┣ 显示名称：         
      ┣ 路由信息：         [area]: ; [controller]: article; [action]: recommend
      ┣ 请求方式：         GET
      ┣ 请求地址：         http://localhost:5005/api/article/recommend
      ┣ 来源地址：         http://localhost:19991/
      ┣ 请求端源：         client
      ┣ 浏览器标识：       Mozilla/5.0 (Windows NT 10.0; Win64; x64) AppleWebKit/537.36 (KHTML, like Gecko) Chrome/116.0.0.0 Safari/537.36
      ┣ 客户端区域语言：   zh-CN,zh;q=0.9
      ┣ 客户端 IP 地址：   0.0.0.1
      ┣ 服务端 IP 地址：   0.0.0.1
      ┣ 客户端连接 ID：    00-0615e1037eb45fb6655f84dca24284b0-4f95cd49bc6840fc-00
      ┣ 服务线程 ID：      #33
      ┣ 执行耗时：         392ms
      ┣ ━━━━━━━━━━━━━━━  Cookies ━━━━━━━━━━━━━━━
      ┣ 请求端：           
      ┣ 响应端：           
      ┣ ━━━━━━━━━━━━━━━  系统信息 ━━━━━━━━━━━━━━━
      ┣ 系统名称：         Microsoft Windows 10.0.19044
      ┣ 系统架构：         X64
      ┣ 基础框架：         Furion.Pure v4.8.8.41
      ┣ .NET 架构：        .NET 6.0.16
      ┣ ━━━━━━━━━━━━━━━  启动信息 ━━━━━━━━━━━━━━━
      ┣ 运行环境：         Production
      ┣ 启动程序集：       Admin.NET.Web.Entry
      ┣ 进程名称：         Admin.NET.Web.Entry
      ┣ 托管程序：         Kestrel
      ┣ ━━━━━━━━━━━━━━━  返回信息 ━━━━━━━━━━━━━━━
      ┣ HTTP响应状态码：   200
      ┣ 原始类型：         System.Threading.Tasks.Task<System.Collections.Generic.List<Admin.NET.Core.JuAI.Service.ArticleSiderOutput>>
      ┣ 最终类型：         Admin.NET.Core.AdminResult<System.Object>
      ┣ 最终返回值：       {"code":200,"type":"success","message":"","result":[{"id":"14213722350277","title":"第 13 章：控制生成提示"},{"id":"14213716397125","title":"第 12 章“可解释性软提示”"},{"id":"14213709600325","title":"第 11 章：多项选择提示"},{"id":"14213703993541","title":"第 10 章：知识整合提示"},{"id":"14213692720709","title":"第 9 章：知识生成提示"},{"id":"14213684942661","title":"第 8 章：种子词提示"},{"id":"14213665547845","title":"第 7 章：自一致性提示"},{"id":"14213649643077","title":"第 6 章：“让我们思考一下”提示"},{"id":"14213630721605","title":"第 5 章：零样本、一样本和少样本 Prompting"},
      ┗━━━━━━━━━━━  Logging Monitor ━━━━━━━━━━━
info: 2023-08-28 22:04:20.0098493 +08:00 星期一 L System.Logging.LoggingMonitor[0] #33
      [System.Private.CoreLib.dll] void System.Runtime.CompilerServices.AsyncMethodBuilderCore.Start<TStateMachine>(ref TStateMachine stateMachine)
      ┏━━━━━━━━━━━  Logging Monitor ━━━━━━━━━━━
      ┣ Admin.NET.Core.JuAI.Service.UserService.GetActiveUsers
      ┣ 
      ┣ 控制器名称：       UserService
      ┣ 操作名称：         GetActiveUsers
      ┣ 显示名称：         活跃用户
      ┣ 路由信息：         [area]: ; [controller]: user; [action]: activeUsers
      ┣ 请求方式：         GET
      ┣ 请求地址：         http://localhost:5005/api/User/ActiveUsers
      ┣ 来源地址：         http://localhost:19991/
      ┣ 请求端源：         client
      ┣ 浏览器标识：       Mozilla/5.0 (Windows NT 10.0; Win64; x64) AppleWebKit/537.36 (KHTML, like Gecko) Chrome/116.0.0.0 Safari/537.36
      ┣ 客户端区域语言：   zh-CN,zh;q=0.9
      ┣ 客户端 IP 地址：   0.0.0.1
      ┣ 服务端 IP 地址：   0.0.0.1
      ┣ 客户端连接 ID：    00-ecd7baeec636b0b80e5a5ebad71cf477-20982752fda190d6-00
      ┣ 服务线程 ID：      #33
      ┣ 执行耗时：         70ms
      ┣ ━━━━━━━━━━━━━━━  Cookies ━━━━━━━━━━━━━━━
      ┣ 请求端：           
      ┣ 响应端：           
      ┣ ━━━━━━━━━━━━━━━  系统信息 ━━━━━━━━━━━━━━━
      ┣ 系统名称：         Microsoft Windows 10.0.19044
      ┣ 系统架构：         X64
      ┣ 基础框架：         Furion.Pure v4.8.8.41
      ┣ .NET 架构：        .NET 6.0.16
      ┣ ━━━━━━━━━━━━━━━  启动信息 ━━━━━━━━━━━━━━━
      ┣ 运行环境：         Production
      ┣ 启动程序集：       Admin.NET.Web.Entry
      ┣ 进程名称：         Admin.NET.Web.Entry
      ┣ 托管程序：         Kestrel
      ┣ ━━━━━━━━━━━━━━━  返回信息 ━━━━━━━━━━━━━━━
      ┣ HTTP响应状态码：   200
      ┣ 原始类型：         System.Collections.Generic.IList<Admin.NET.Core.JuAI.Service.UserInfoOutput>
      ┣ 最终类型：         Admin.NET.Core.AdminResult<System.Object>
      ┣ 最终返回值：       {"code":200,"type":"success","message":"","result":[{"nickName":"聚AI_6045","avatar":null,"id":"14213426327877"}],"extras":null,"time":"2023-08-28T22:04:20.0037985+08:00"}
      ┗━━━━━━━━━━━  Logging Monitor ━━━━━━━━━━━
info: 2023-08-28 22:04:20.0050879 +08:00 星期一 L System.Logging.LoggingMonitor[0] #40
      [System.Private.CoreLib.dll] void System.Runtime.CompilerServices.AsyncTaskMethodBuilder<TResult>+AsyncStateMachineBox<TStateMachine>.MoveNext(Thread threadPoolThread)
      ┏━━━━━━━━━━━  Logging Monitor ━━━━━━━━━━━
      ┣ Admin.NET.Core.JuAI.Service.SpecialService.GetNewest
      ┣ 
      ┣ 控制器名称：                SpecialService
      ┣ 操作名称：                  GetNewest
      ┣ 显示名称：                  
      ┣ 路由信息：                  [area]: ; [controller]: special; [action]: newest
      ┣ 请求方式：                  GET
      ┣ 请求地址：                  http://localhost:5005/api/special/newest?minId=
      ┣ 来源地址：                  http://localhost:19991/
      ┣ 请求端源：                  client
      ┣ 浏览器标识：                Mozilla/5.0 (Windows NT 10.0; Win64; x64) AppleWebKit/537.36 (KHTML, like Gecko) Chrome/116.0.0.0 Safari/537.36
      ┣ 客户端区域语言：            zh-CN,zh;q=0.9
      ┣ 客户端 IP 地址：            0.0.0.1
      ┣ 服务端 IP 地址：            0.0.0.1
      ┣ 客户端连接 ID：             00-4f0ac7017426cc5741a60390e41a7d18-d6fe089e59f4e4ad-00
      ┣ 服务线程 ID：               #43
      ┣ 执行耗时：                  65ms
      ┣ ━━━━━━━━━━━━━━━  Cookies ━━━━━━━━━━━━━━━
      ┣ 请求端：                    
      ┣ 响应端：                    
      ┣ ━━━━━━━━━━━━━━━  系统信息 ━━━━━━━━━━━━━━━
      ┣ 系统名称：                  Microsoft Windows 10.0.19044
      ┣ 系统架构：                  X64
      ┣ 基础框架：                  Furion.Pure v4.8.8.41
      ┣ .NET 架构：                 .NET 6.0.16
      ┣ ━━━━━━━━━━━━━━━  启动信息 ━━━━━━━━━━━━━━━
      ┣ 运行环境：                  Production
      ┣ 启动程序集：                Admin.NET.Web.Entry
      ┣ 进程名称：                  Admin.NET.Web.Entry
      ┣ 托管程序：                  Kestrel
      ┣ ━━━━━━━━━━━━━━━  参数列表 ━━━━━━━━━━━━━━━
      ┣ Content-Type：              
      ┣ 
      ┣ minId (Nullable`1)：        
      ┣ ━━━━━━━━━━━━━━━  返回信息 ━━━━━━━━━━━━━━━
      ┣ HTTP响应状态码：            200
      ┣ 原始类型：                  System.Threading.Tasks.Task<System.Collections.Generic.IList<Admin.NET.Core.JuAI.Service.SpecialOutput>>
      ┣ 最终类型：                  Admin.NET.Core.AdminResult<System.Object>
      ┣ 最终返回值：                {"code":200,"type":"success","message":"","result":[{"id":"14213443775685","title":"提问的艺术","text":"提问的艺术 for CHATGPT\nprompt 技术工程高质量答案完全指南\n关于 prompt 技巧的全面指导","cover":"http://appui.guxin.link/Special/2023-08/14213443745221.jpg","coverFile":null}],"extras":null,"time":"2023-08-28T22:04:20.0002566+08:00"}
      ┗━━━━━━━━━━━  Logging Monitor ━━━━━━━━━━━
info: 2023-08-28 22:04:20.0295581 +08:00 星期一 L System.Logging.LoggingMonitor[0] #36
      [System.Private.CoreLib.dll] void System.Runtime.CompilerServices.AsyncTaskMethodBuilder<TResult>+AsyncStateMachineBox<TStateMachine>.MoveNext(Thread threadPoolThread)
      ┏━━━━━━━━━━━  Logging Monitor ━━━━━━━━━━━
      ┣ Admin.NET.Core.JuAI.Service.ArticleService.GetNewest
      ┣ 
      ┣ 控制器名称：                ArticleService
      ┣ 操作名称：                  GetNewest
      ┣ 显示名称：                  
      ┣ 路由信息：                  [area]: ; [controller]: article; [action]: newest
      ┣ 请求方式：                  GET
      ┣ 请求地址：                  http://localhost:5005/api/article/newest?minId=
      ┣ 来源地址：                  http://localhost:19991/
      ┣ 请求端源：                  client
      ┣ 浏览器标识：                Mozilla/5.0 (Windows NT 10.0; Win64; x64) AppleWebKit/537.36 (KHTML, like Gecko) Chrome/116.0.0.0 Safari/537.36
      ┣ 客户端区域语言：            zh-CN,zh;q=0.9
      ┣ 客户端 IP 地址：            0.0.0.1
      ┣ 服务端 IP 地址：            0.0.0.1
      ┣ 客户端连接 ID：             00-fe1e65c77722187a193ee4e6becb44e0-fcd75c7204d56390-00
      ┣ 服务线程 ID：               #45
      ┣ 执行耗时：                  92ms
      ┣ ━━━━━━━━━━━━━━━  Cookies ━━━━━━━━━━━━━━━
      ┣ 请求端：                    
      ┣ 响应端：                    
      ┣ ━━━━━━━━━━━━━━━  系统信息 ━━━━━━━━━━━━━━━
      ┣ 系统名称：                  Microsoft Windows 10.0.19044
      ┣ 系统架构：                  X64
      ┣ 基础框架：                  Furion.Pure v4.8.8.41
      ┣ .NET 架构：                 .NET 6.0.16
      ┣ ━━━━━━━━━━━━━━━  启动信息 ━━━━━━━━━━━━━━━
      ┣ 运行环境：                  Production
      ┣ 启动程序集：                Admin.NET.Web.Entry
      ┣ 进程名称：                  Admin.NET.Web.Entry
      ┣ 托管程序：                  Kestrel
      ┣ ━━━━━━━━━━━━━━━  参数列表 ━━━━━━━━━━━━━━━
      ┣ Content-Type：              
      ┣ 
      ┣ minId (Nullable`1)：        
      ┣ ━━━━━━━━━━━━━━━  返回信息 ━━━━━━━━━━━━━━━
      ┣ HTTP响应状态码：            200
      ┣ 原始类型：                  System.Threading.Tasks.Task<System.Collections.Generic.List<Admin.NET.Core.JuAI.Service.ArticleOutput>>
      ┣ 最终类型：                  Admin.NET.Core.AdminResult<System.Object>
      ┣ 最终返回值：                {"code":200,"type":"success","message":"","result":[{"id":"14213722350277","title":"第 13 章：控制生成提示","html":"<p>控制生成提示是一种技术，它允许在生成文本时对输出进行高度控制。<br>这是通过向模型提供特定的输入，例如模板、特定的词汇表或一组限制条件，以指导生成过程而实现的。<br>以下是一些提示示例及其公式：<br></p><blockquote>示例 1：文本生成<br>任务：生成一个故事<br>说明：故事应基于特定的模板<br>提示公式：“根据以下模板生成故事：[插入模板]”<br>示例 2：文本完成<br>任务：完成一句话<br>说明：完成应使用特定的词汇表<br>提示公式：“使用以下词汇表完成以下句子：[插入词汇表]：[插入句子]”<br>示例 3：语言建模<br>任务：以特定的风格生成文本<br>说明：文本应遵循特定的语法规则<br>提示公式：“生成遵循以下语法规则的文本：[插入规则]：[插入内容]”</blockquote><p><br>通过向模型提供一组特定的输入，
      ┗━━━━━━━━━━━  Logging Monitor ━━━━━━━━━━━
info: 2023-08-28 22:04:20.1036385 +08:00 星期一 L System.Logging.LoggingMonitor[0] #36
      [System.Private.CoreLib.dll] void System.Runtime.CompilerServices.AsyncTaskMethodBuilder<TResult>+AsyncStateMachineBox<TStateMachine>.MoveNext(Thread threadPoolThread)
      ┏━━━━━━━━━━━  Logging Monitor ━━━━━━━━━━━
      ┣ Admin.NET.Core.JuAI.Service.ArticleService.GetRecommend
      ┣ 
      ┣ 控制器名称：       ArticleService
      ┣ 操作名称：         GetRecommend
      ┣ 显示名称：         
      ┣ 路由信息：         [area]: ; [controller]: article; [action]: recommend
      ┣ 请求方式：         GET
      ┣ 请求地址：         http://localhost:5005/api/article/recommend
      ┣ 来源地址：         http://localhost:19991/
      ┣ 请求端源：         client
      ┣ 浏览器标识：       Mozilla/5.0 (Windows NT 10.0; Win64; x64) AppleWebKit/537.36 (KHTML, like Gecko) Chrome/116.0.0.0 Safari/537.36
      ┣ 客户端区域语言：   zh-CN,zh;q=0.9
      ┣ 客户端 IP 地址：   0.0.0.1
      ┣ 服务端 IP 地址：   0.0.0.1
      ┣ 客户端连接 ID：    00-65e771a53e1ab789cab00265f2da495e-61dfdba6854d1fd1-00
      ┣ 服务线程 ID：      #47
      ┣ 执行耗时：         165ms
      ┣ ━━━━━━━━━━━━━━━  Cookies ━━━━━━━━━━━━━━━
      ┣ 请求端：           
      ┣ 响应端：           
      ┣ ━━━━━━━━━━━━━━━  系统信息 ━━━━━━━━━━━━━━━
      ┣ 系统名称：         Microsoft Windows 10.0.19044
      ┣ 系统架构：         X64
      ┣ 基础框架：         Furion.Pure v4.8.8.41
      ┣ .NET 架构：        .NET 6.0.16
      ┣ ━━━━━━━━━━━━━━━  启动信息 ━━━━━━━━━━━━━━━
      ┣ 运行环境：         Production
      ┣ 启动程序集：       Admin.NET.Web.Entry
      ┣ 进程名称：         Admin.NET.Web.Entry
      ┣ 托管程序：         Kestrel
      ┣ ━━━━━━━━━━━━━━━  返回信息 ━━━━━━━━━━━━━━━
      ┣ HTTP响应状态码：   200
      ┣ 原始类型：         System.Threading.Tasks.Task<System.Collections.Generic.List<Admin.NET.Core.JuAI.Service.ArticleSiderOutput>>
      ┣ 最终类型：         Admin.NET.Core.AdminResult<System.Object>
      ┣ 最终返回值：       {"code":200,"type":"success","message":"","result":[{"id":"14213722350277","title":"第 13 章：控制生成提示"},{"id":"14213716397125","title":"第 12 章“可解释性软提示”"},{"id":"14213709600325","title":"第 11 章：多项选择提示"},{"id":"14213703993541","title":"第 10 章：知识整合提示"},{"id":"14213692720709","title":"第 9 章：知识生成提示"},{"id":"14213684942661","title":"第 8 章：种子词提示"},{"id":"14213665547845","title":"第 7 章：自一致性提示"},{"id":"14213649643077","title":"第 6 章：“让我们思考一下”提示"},{"id":"14213630721605","title":"第 5 章：零样本、一样本和少样本 Prompting"},
      ┗━━━━━━━━━━━  Logging Monitor ━━━━━━━━━━━
