info: 2024-05-21 21:02:12.2808192 +08:00 星期二 L System.Logging.TaskQueueService[0] #1
      [Furion.Pure.dll] async Task Furion.TaskQueue.TaskQueueHostedService.ExecuteAsync(CancellationToken stoppingToken)
      TaskQueue hosted service is running.
info: 2024-05-21 21:02:12.3061994 +08:00 星期二 L System.Logging.ScheduleService[0] #1
      [Furion.Pure.dll] void Furion.Schedule.ScheduleLogger.LogInformation(string message, params object[] args)
      Schedule hosted service is running.
info: 2024-05-21 21:02:12.3083672 +08:00 星期二 L System.Logging.ScheduleService[0] #1
      [Furion.Pure.dll] void Furion.Schedule.ScheduleLogger.LogInformation(string message, params object[] args)
      Schedule hosted service is preloading...
info: 2024-05-21 21:02:13.0083320 +08:00 星期二 L System.Logging.ScheduleService[0] #1
      [Furion.Pure.dll] void Furion.Schedule.ScheduleLogger.LogInformation(string message, params object[] args)
      The <trigger_log> trigger for scheduler of <job_log> successfully appended and updated to the schedule.
info: 2024-05-21 21:02:13.0098256 +08:00 星期二 L System.Logging.ScheduleService[0] #1
      [Furion.Pure.dll] void Furion.Schedule.ScheduleLogger.LogInformation(string message, params object[] args)
      The scheduler of <job_log> successfully appended and updated to the schedule.
info: 2024-05-21 21:02:13.0176058 +08:00 星期二 L System.Logging.ScheduleService[0] #1
      [Furion.Pure.dll] void Furion.Schedule.ScheduleLogger.LogInformation(string message, params object[] args)
      The <trigger_onlineUser> trigger for scheduler of <job_onlineUser> successfully appended and updated to the schedule.
info: 2024-05-21 21:02:13.0188422 +08:00 星期二 L System.Logging.ScheduleService[0] #1
      [Furion.Pure.dll] void Furion.Schedule.ScheduleLogger.LogInformation(string message, params object[] args)
      The scheduler of <job_onlineUser> successfully appended and updated to the schedule.
info: 2024-05-21 21:02:13.0238317 +08:00 星期二 L System.Logging.ScheduleService[0] #1
      [Furion.Pure.dll] void Furion.Schedule.ScheduleLogger.LogInformation(string message, params object[] args)
      The <trigger_ossAsync> trigger for scheduler of <job_ossAsync> successfully appended and updated to the schedule.
info: 2024-05-21 21:02:13.0250633 +08:00 星期二 L System.Logging.ScheduleService[0] #1
      [Furion.Pure.dll] void Furion.Schedule.ScheduleLogger.LogInformation(string message, params object[] args)
      The scheduler of <job_ossAsync> successfully appended and updated to the schedule.
info: 2024-05-21 21:04:06.5584231 +08:00 星期二 L System.Logging.LoggingMonitor[0] #30 '00-35da8dc33b11ee9f3c7c53074bac8802-73cb558d145b220e-00'
      [System.Private.CoreLib.dll] void System.Runtime.CompilerServices.AsyncTaskMethodBuilder<TResult>+AsyncStateMachineBox<TStateMachine>.MoveNext(Thread threadPoolThread)
      ┏━━━━━━━━━━━  Logging Monitor ━━━━━━━━━━━
      ┣ Admin.NET.Core.JuAI.JuAIService.GetSysNotices
      ┣ 
      ┣ 控制器名称：                     JuAIService
      ┣ 操作名称：                       GetSysNotices
      ┣ 显示名称：                       系统消息
      ┣ 路由信息：                       [area]: ; [controller]: juAI; [action]: sysNotices
      ┣ 请求方式：                       GET
      ┣ 请求地址：                       http://localhost:5005/app/api/juai/SysNotices?page=1
      ┣ 来源地址：                       http://localhost:9527/
      ┣ 请求端源：                       client
      ┣ 浏览器标识：                     Mozilla/5.0 (Windows NT 10.0; Win64; x64) AppleWebKit/537.36 (KHTML, like Gecko) Chrome/124.0.0.0 Safari/537.36
      ┣ 客户端区域语言：                 zh-CN,zh;q=0.9
      ┣ 客户端 IP 地址：                 127.0.0.1
      ┣ 服务端 IP 地址：                 127.0.0.1
      ┣ 客户端连接 ID：                  00-35da8dc33b11ee9f3c7c53074bac8802-73cb558d145b220e-00
      ┣ 服务线程 ID：                    #30
      ┣ 执行耗时：                       136ms
      ┣ ━━━━━━━━━━━━━━━  Cookies ━━━━━━━━━━━━━━━
      ┣ 请求端：                         
      ┣ 响应端：                         
      ┣ ━━━━━━━━━━━━━━━  系统信息 ━━━━━━━━━━━━━━━
      ┣ 系统名称：                       Microsoft Windows 10.0.19045
      ┣ 系统架构：                       X64
      ┣ 基础框架：                       Furion.Pure v1.0.0.0
      ┣ .NET 架构：                      .NET 8.0.0
      ┣ ━━━━━━━━━━━━━━━  启动信息 ━━━━━━━━━━━━━━━
      ┣ 运行环境：                       Production
      ┣ 启动程序集：                     Admin.NET.Web.Entry
      ┣ 进程名称：                       Admin.NET.Web.Entry
      ┣ 托管程序：                       Kestrel
      ┣ ━━━━━━━━━━━━━━━  授权信息 ━━━━━━━━━━━━━━━
      ┣ JWT Token：                      Bearer eyJhbGciOiJIUzI1NiIsInR5cCI6IkpXVCJ9.eyJVc2VySWQiOjE0MjEzNDI2MzI3ODc3LCJUZW5hbnRJZCI6MTMwMDAwMDAwMDAwMSwiQWNjb3VudCI6IjE4NjAwNzY2MDQ1IiwiTmlja05hbWUiOiLmgKrlhb3mnaXkuoYiLCJBY2NvdW50VHlwZSI6Nzc3LCJleHAiOjE3MTY3MzI3MDMsIm5iZiI6MTcxNjEyNzkwMywiaWF0IjoxNzE2MTI3OTAzLCJpc3MiOiJndXhpbi5saW5rIiwiYXVkIjoiZ3V4aW4ubGluayJ9.E5LD5xGmUwcB7tVU6SZ-2i4_Eg-xy1joE2Wz0IPNMJ0
      ┣ 
      ┣ UserId (integer64)：             14213426327877
      ┣ TenantId (integer64)：           1300000000001
      ┣ Account (string)：               18600766045
      ┣ NickName (string)：              怪兽来了
      ┣ AccountType (integer32)：        777
      ┣ exp (integer64)：                1716732703 (2024-05-26 22:11:43:0000(+08:00) 星期日 L)
      ┣ nbf (integer64)：                1716127903 (2024-05-19 22:11:43:0000(+08:00) 星期日 L)
      ┣ iat (integer64)：                1716127903 (2024-05-19 22:11:43:0000(+08:00) 星期日 L)
      ┣ iss (string)：                   guxin.link
      ┣ aud (string)：                   guxin.link
      ┣ ━━━━━━━━━━━━━━━  请求头信息 ━━━━━━━━━━━━━━━
      ┣ 
      ┣ Accept：                         application/json, text/plain, */*
      ┣ Connection：                     keep-alive
      ┣ Host：                           localhost:5005
      ┣ User-Agent：                     Mozilla/5.0 (Windows NT 10.0; Win64; x64) AppleWebKit/537.36 (KHTML, like Gecko) Chrome/124.0.0.0 Safari/537.36
      ┣ Accept-Encoding：                gzip, deflate, br, zstd
      ┣ Accept-Language：                zh-CN,zh;q=0.9
      ┣ Authorization：                  Bearer eyJhbGciOiJIUzI1NiIsInR5cCI6IkpXVCJ9.eyJVc2VySWQiOjE0MjEzNDI2MzI3ODc3LCJUZW5hbnRJZCI6MTMwMDAwMDAwMDAwMSwiQWNjb3VudCI6IjE4NjAwNzY2MDQ1IiwiTmlja05hbWUiOiLmgKrlhb3mnaXkuoYiLCJBY2NvdW50VHlwZSI6Nzc3LCJleHAiOjE3MTY3MzI3MDMsIm5iZiI6MTcxNjEyNzkwMywiaWF0IjoxNzE2MTI3OTAzLCJpc3MiOiJndXhpbi5saW5rIiwiYXVkIjoiZ3V4aW4ubGluayJ9.E5LD5xGmUwcB7tVU6SZ-2i4_Eg-xy1joE2Wz0IPNMJ0
      ┣ Origin：                         http://localhost:9527
      ┣ Referer：                        http://localhost:9527/
      ┣ sec-ch-ua：                      "Chromium";v="124", "Google Chrome";v="124", "Not-A.Brand";v="99"
      ┣ DNT：                            1
      ┣ sec-ch-ua-mobile：               ?0
      ┣ X-Authorization：                Bearer eyJhbGciOiJIUzI1NiIsInR5cCI6IkpXVCJ9.eyJmIjoiZXlKaGJHY2lPaUpJVXpJMU5pSXNJblI1Y0NJNklrcFhWQ0o5IiwiZSI6IkU1TEQ1eEdtVXdjQjd0VlU2U1otMmk0X0VnLXh5MWpvRTJXejBJUE5NSjAiLCJzIjo3OSwibCI6MywiayI6IjZJaiIsImlhdCI6MTcxNjEyNzkwMywibmJmIjoxNzE2MTI3OTAzLCJleHAiOjE3MTczMzc1MDMsImlzcyI6Imd1eGluLmxpbmsiLCJhdWQiOiJndXhpbi5saW5rIn0.VCasbsEh70gJEMSsMBs6_8Yj3ofR902O-JmGvOnK4BE
      ┣ X-Request-Id：                   HFIOFROkLdYq8WX4ndOc9
      ┣ sec-ch-ua-platform：             "Windows"
      ┣ Sec-Fetch-Site：                 same-site
      ┣ Sec-Fetch-Mode：                 cors
      ┣ Sec-Fetch-Dest：                 empty
      ┣ ━━━━━━━━━━━━━━━  参数列表 ━━━━━━━━━━━━━━━
      ┣ Content-Type：                   
      ┣ 
      ┣ page (Int32)：                   1
      ┣ ━━━━━━━━━━━━━━━  返回信息 ━━━━━━━━━━━━━━━
      ┣ HTTP响应状态码：                 200
      ┣ 原始类型：                       System.Threading.Tasks.Task<System.Object>
      ┣ 最终类型：                       Admin.NET.Core.AdminResult<System.Object>
      ┣ 最终返回值：                     {"code":200,"type":"success","message":"","result":[{"title":"升级消息","content":"将升级将升级将升级将升级将升级将升级","type":1,"publicUserId":"1","publicUserName":null,"publicOrgId":"2","publicOrgName":"23","publicTime":"2024-05-07T22:05:48","cancelTime":null,"status":1,"createTime":null,"updateTime":null,"createUserId":null,"createUserName":null,"updateUserId":null,"updateUserName":null,"isDelete":false,"id":"1"}],"extras":null,"time":"2024-05-21T21:04:06.5024618+08:00"}
      ┗━━━━━━━━━━━  Logging Monitor ━━━━━━━━━━━
info: 2024-05-21 21:04:06.6344452 +08:00 星期二 L System.Logging.LoggingMonitor[0] #29 '00-d1b796027827f35ae117f762388fba57-96c25eace62c49ae-00'
      [System.Private.CoreLib.dll] void System.Runtime.CompilerServices.AsyncTaskMethodBuilder<TResult>+AsyncStateMachineBox<TStateMachine>.MoveNext(Thread threadPoolThread)
      ┏━━━━━━━━━━━  Logging Monitor ━━━━━━━━━━━
      ┣ Admin.NET.Core.JuAI.JuAIService.GetMyStatistics
      ┣ 
      ┣ 控制器名称：                     JuAIService
      ┣ 操作名称：                       GetMyStatistics
      ┣ 显示名称：                       我的统计
      ┣ 路由信息：                       [area]: ; [controller]: juAI; [action]: myStatistics
      ┣ 请求方式：                       GET
      ┣ 请求地址：                       http://localhost:5005/app/api/juai/MyStatistics
      ┣ 来源地址：                       http://localhost:9527/
      ┣ 请求端源：                       client
      ┣ 浏览器标识：                     Mozilla/5.0 (Windows NT 10.0; Win64; x64) AppleWebKit/537.36 (KHTML, like Gecko) Chrome/124.0.0.0 Safari/537.36
      ┣ 客户端区域语言：                 zh-CN,zh;q=0.9
      ┣ 客户端 IP 地址：                 127.0.0.1
      ┣ 服务端 IP 地址：                 127.0.0.1
      ┣ 客户端连接 ID：                  00-d1b796027827f35ae117f762388fba57-96c25eace62c49ae-00
      ┣ 服务线程 ID：                    #29
      ┣ 执行耗时：                       262ms
      ┣ ━━━━━━━━━━━━━━━  Cookies ━━━━━━━━━━━━━━━
      ┣ 请求端：                         
      ┣ 响应端：                         
      ┣ ━━━━━━━━━━━━━━━  系统信息 ━━━━━━━━━━━━━━━
      ┣ 系统名称：                       Microsoft Windows 10.0.19045
      ┣ 系统架构：                       X64
      ┣ 基础框架：                       Furion.Pure v1.0.0.0
      ┣ .NET 架构：                      .NET 8.0.0
      ┣ ━━━━━━━━━━━━━━━  启动信息 ━━━━━━━━━━━━━━━
      ┣ 运行环境：                       Production
      ┣ 启动程序集：                     Admin.NET.Web.Entry
      ┣ 进程名称：                       Admin.NET.Web.Entry
      ┣ 托管程序：                       Kestrel
      ┣ ━━━━━━━━━━━━━━━  授权信息 ━━━━━━━━━━━━━━━
      ┣ JWT Token：                      Bearer eyJhbGciOiJIUzI1NiIsInR5cCI6IkpXVCJ9.eyJVc2VySWQiOjE0MjEzNDI2MzI3ODc3LCJUZW5hbnRJZCI6MTMwMDAwMDAwMDAwMSwiQWNjb3VudCI6IjE4NjAwNzY2MDQ1IiwiTmlja05hbWUiOiLmgKrlhb3mnaXkuoYiLCJBY2NvdW50VHlwZSI6Nzc3LCJleHAiOjE3MTY3MzI3MDMsIm5iZiI6MTcxNjEyNzkwMywiaWF0IjoxNzE2MTI3OTAzLCJpc3MiOiJndXhpbi5saW5rIiwiYXVkIjoiZ3V4aW4ubGluayJ9.E5LD5xGmUwcB7tVU6SZ-2i4_Eg-xy1joE2Wz0IPNMJ0
      ┣ 
      ┣ UserId (integer64)：             14213426327877
      ┣ TenantId (integer64)：           1300000000001
      ┣ Account (string)：               18600766045
      ┣ NickName (string)：              怪兽来了
      ┣ AccountType (integer32)：        777
      ┣ exp (integer64)：                1716732703 (2024-05-26 22:11:43:0000(+08:00) 星期日 L)
      ┣ nbf (integer64)：                1716127903 (2024-05-19 22:11:43:0000(+08:00) 星期日 L)
      ┣ iat (integer64)：                1716127903 (2024-05-19 22:11:43:0000(+08:00) 星期日 L)
      ┣ iss (string)：                   guxin.link
      ┣ aud (string)：                   guxin.link
      ┣ ━━━━━━━━━━━━━━━  请求头信息 ━━━━━━━━━━━━━━━
      ┣ 
      ┣ Accept：                         application/json, text/plain, */*
      ┣ Connection：                     keep-alive
      ┣ Host：                           localhost:5005
      ┣ User-Agent：                     Mozilla/5.0 (Windows NT 10.0; Win64; x64) AppleWebKit/537.36 (KHTML, like Gecko) Chrome/124.0.0.0 Safari/537.36
      ┣ Accept-Encoding：                gzip, deflate, br, zstd
      ┣ Accept-Language：                zh-CN,zh;q=0.9
      ┣ Authorization：                  Bearer eyJhbGciOiJIUzI1NiIsInR5cCI6IkpXVCJ9.eyJVc2VySWQiOjE0MjEzNDI2MzI3ODc3LCJUZW5hbnRJZCI6MTMwMDAwMDAwMDAwMSwiQWNjb3VudCI6IjE4NjAwNzY2MDQ1IiwiTmlja05hbWUiOiLmgKrlhb3mnaXkuoYiLCJBY2NvdW50VHlwZSI6Nzc3LCJleHAiOjE3MTY3MzI3MDMsIm5iZiI6MTcxNjEyNzkwMywiaWF0IjoxNzE2MTI3OTAzLCJpc3MiOiJndXhpbi5saW5rIiwiYXVkIjoiZ3V4aW4ubGluayJ9.E5LD5xGmUwcB7tVU6SZ-2i4_Eg-xy1joE2Wz0IPNMJ0
      ┣ Origin：                         http://localhost:9527
      ┣ Referer：                        http://localhost:9527/
      ┣ sec-ch-ua：                      "Chromium";v="124", "Google Chrome";v="124", "Not-A.Brand";v="99"
      ┣ DNT：                            1
      ┣ sec-ch-ua-mobile：               ?0
      ┣ X-Authorization：                Bearer eyJhbGciOiJIUzI1NiIsInR5cCI6IkpXVCJ9.eyJmIjoiZXlKaGJHY2lPaUpJVXpJMU5pSXNJblI1Y0NJNklrcFhWQ0o5IiwiZSI6IkU1TEQ1eEdtVXdjQjd0VlU2U1otMmk0X0VnLXh5MWpvRTJXejBJUE5NSjAiLCJzIjo3OSwibCI6MywiayI6IjZJaiIsImlhdCI6MTcxNjEyNzkwMywibmJmIjoxNzE2MTI3OTAzLCJleHAiOjE3MTczMzc1MDMsImlzcyI6Imd1eGluLmxpbmsiLCJhdWQiOiJndXhpbi5saW5rIn0.VCasbsEh70gJEMSsMBs6_8Yj3ofR902O-JmGvOnK4BE
      ┣ X-Request-Id：                   PJVCJeorQNVZxKKRb3wE7
      ┣ sec-ch-ua-platform：             "Windows"
      ┣ Sec-Fetch-Site：                 same-site
      ┣ Sec-Fetch-Mode：                 cors
      ┣ Sec-Fetch-Dest：                 empty
      ┣ ━━━━━━━━━━━━━━━  返回信息 ━━━━━━━━━━━━━━━
      ┣ HTTP响应状态码：                 200
      ┣ 原始类型：                       System.Threading.Tasks.Task<System.Object>
      ┣ 最终类型：                       Admin.NET.Core.AdminResult<System.Object>
      ┣ 最终返回值：                     {"code":200,"type":"success","message":"","result":{"chatCount":120,"drawingCount":54,"jifenCount":"1728209","visitCount":0},"extras":null,"time":"2024-05-21T21:04:06.6289947+08:00"}
      ┗━━━━━━━━━━━  Logging Monitor ━━━━━━━━━━━
info: 2024-05-21 21:28:23.6346856 +08:00 星期二 L System.Logging.LoggingMonitor[0] #28 '00-2e680d09b9c2c68e9ed57157f987a18e-51c2584aad4228da-00'
      [System.Private.CoreLib.dll] void System.Runtime.CompilerServices.AsyncTaskMethodBuilder<TResult>+AsyncStateMachineBox<TStateMachine>.MoveNext(Thread threadPoolThread)
      ┏━━━━━━━━━━━  Logging Monitor ━━━━━━━━━━━
      ┣ Admin.NET.Core.JuAI.JuAIService.GetSysNotices
      ┣ 
      ┣ 控制器名称：                     JuAIService
      ┣ 操作名称：                       GetSysNotices
      ┣ 显示名称：                       系统消息
      ┣ 路由信息：                       [area]: ; [controller]: juAI; [action]: sysNotices
      ┣ 请求方式：                       GET
      ┣ 请求地址：                       http://localhost:5005/app/api/juai/SysNotices?page=1
      ┣ 来源地址：                       http://localhost:9527/
      ┣ 请求端源：                       client
      ┣ 浏览器标识：                     Mozilla/5.0 (Windows NT 10.0; Win64; x64) AppleWebKit/537.36 (KHTML, like Gecko) Chrome/124.0.0.0 Safari/537.36
      ┣ 客户端区域语言：                 zh-CN,zh;q=0.9
      ┣ 客户端 IP 地址：                 127.0.0.1
      ┣ 服务端 IP 地址：                 127.0.0.1
      ┣ 客户端连接 ID：                  00-2e680d09b9c2c68e9ed57157f987a18e-51c2584aad4228da-00
      ┣ 服务线程 ID：                    #28
      ┣ 执行耗时：                       383ms
      ┣ ━━━━━━━━━━━━━━━  Cookies ━━━━━━━━━━━━━━━
      ┣ 请求端：                         
      ┣ 响应端：                         
      ┣ ━━━━━━━━━━━━━━━  系统信息 ━━━━━━━━━━━━━━━
      ┣ 系统名称：                       Microsoft Windows 10.0.19045
      ┣ 系统架构：                       X64
      ┣ 基础框架：                       Furion.Pure v1.0.0.0
      ┣ .NET 架构：                      .NET 8.0.0
      ┣ ━━━━━━━━━━━━━━━  启动信息 ━━━━━━━━━━━━━━━
      ┣ 运行环境：                       Production
      ┣ 启动程序集：                     Admin.NET.Web.Entry
      ┣ 进程名称：                       Admin.NET.Web.Entry
      ┣ 托管程序：                       Kestrel
      ┣ ━━━━━━━━━━━━━━━  授权信息 ━━━━━━━━━━━━━━━
      ┣ JWT Token：                      Bearer eyJhbGciOiJIUzI1NiIsInR5cCI6IkpXVCJ9.eyJVc2VySWQiOjE0MjEzNDI2MzI3ODc3LCJUZW5hbnRJZCI6MTMwMDAwMDAwMDAwMSwiQWNjb3VudCI6IjE4NjAwNzY2MDQ1IiwiTmlja05hbWUiOiLmgKrlhb3mnaXkuoYiLCJBY2NvdW50VHlwZSI6Nzc3LCJleHAiOjE3MTY3MzI3MDMsIm5iZiI6MTcxNjEyNzkwMywiaWF0IjoxNzE2MTI3OTAzLCJpc3MiOiJndXhpbi5saW5rIiwiYXVkIjoiZ3V4aW4ubGluayJ9.E5LD5xGmUwcB7tVU6SZ-2i4_Eg-xy1joE2Wz0IPNMJ0
      ┣ 
      ┣ UserId (integer64)：             14213426327877
      ┣ TenantId (integer64)：           1300000000001
      ┣ Account (string)：               18600766045
      ┣ NickName (string)：              怪兽来了
      ┣ AccountType (integer32)：        777
      ┣ exp (integer64)：                1716732703 (2024-05-26 22:11:43:0000(+08:00) 星期日 L)
      ┣ nbf (integer64)：                1716127903 (2024-05-19 22:11:43:0000(+08:00) 星期日 L)
      ┣ iat (integer64)：                1716127903 (2024-05-19 22:11:43:0000(+08:00) 星期日 L)
      ┣ iss (string)：                   guxin.link
      ┣ aud (string)：                   guxin.link
      ┣ ━━━━━━━━━━━━━━━  请求头信息 ━━━━━━━━━━━━━━━
      ┣ 
      ┣ Accept：                         application/json, text/plain, */*
      ┣ Connection：                     keep-alive
      ┣ Host：                           localhost:5005
      ┣ User-Agent：                     Mozilla/5.0 (Windows NT 10.0; Win64; x64) AppleWebKit/537.36 (KHTML, like Gecko) Chrome/124.0.0.0 Safari/537.36
      ┣ Accept-Encoding：                gzip, deflate, br, zstd
      ┣ Accept-Language：                zh-CN,zh;q=0.9
      ┣ Authorization：                  Bearer eyJhbGciOiJIUzI1NiIsInR5cCI6IkpXVCJ9.eyJVc2VySWQiOjE0MjEzNDI2MzI3ODc3LCJUZW5hbnRJZCI6MTMwMDAwMDAwMDAwMSwiQWNjb3VudCI6IjE4NjAwNzY2MDQ1IiwiTmlja05hbWUiOiLmgKrlhb3mnaXkuoYiLCJBY2NvdW50VHlwZSI6Nzc3LCJleHAiOjE3MTY3MzI3MDMsIm5iZiI6MTcxNjEyNzkwMywiaWF0IjoxNzE2MTI3OTAzLCJpc3MiOiJndXhpbi5saW5rIiwiYXVkIjoiZ3V4aW4ubGluayJ9.E5LD5xGmUwcB7tVU6SZ-2i4_Eg-xy1joE2Wz0IPNMJ0
      ┣ Origin：                         http://localhost:9527
      ┣ Referer：                        http://localhost:9527/
      ┣ sec-ch-ua：                      "Chromium";v="124", "Google Chrome";v="124", "Not-A.Brand";v="99"
      ┣ DNT：                            1
      ┣ sec-ch-ua-mobile：               ?0
      ┣ X-Authorization：                Bearer eyJhbGciOiJIUzI1NiIsInR5cCI6IkpXVCJ9.eyJmIjoiZXlKaGJHY2lPaUpJVXpJMU5pSXNJblI1Y0NJNklrcFhWQ0o5IiwiZSI6IkU1TEQ1eEdtVXdjQjd0VlU2U1otMmk0X0VnLXh5MWpvRTJXejBJUE5NSjAiLCJzIjo3OSwibCI6MywiayI6IjZJaiIsImlhdCI6MTcxNjEyNzkwMywibmJmIjoxNzE2MTI3OTAzLCJleHAiOjE3MTczMzc1MDMsImlzcyI6Imd1eGluLmxpbmsiLCJhdWQiOiJndXhpbi5saW5rIn0.VCasbsEh70gJEMSsMBs6_8Yj3ofR902O-JmGvOnK4BE
      ┣ X-Request-Id：                   -j8nmIV9WcVTzbxmgl_DL
      ┣ sec-ch-ua-platform：             "Windows"
      ┣ Sec-Fetch-Site：                 same-site
      ┣ Sec-Fetch-Mode：                 cors
      ┣ Sec-Fetch-Dest：                 empty
      ┣ ━━━━━━━━━━━━━━━  参数列表 ━━━━━━━━━━━━━━━
      ┣ Content-Type：                   
      ┣ 
      ┣ page (Int32)：                   1
      ┣ ━━━━━━━━━━━━━━━  返回信息 ━━━━━━━━━━━━━━━
      ┣ HTTP响应状态码：                 200
      ┣ 原始类型：                       System.Threading.Tasks.Task<System.Object>
      ┣ 最终类型：                       Admin.NET.Core.AdminResult<System.Object>
      ┣ 最终返回值：                     {"code":200,"type":"success","message":"","result":[{"title":"升级消息","content":"将升级将升级将升级将升级将升级将升级","type":1,"publicUserId":"1","publicUserName":null,"publicOrgId":"2","publicOrgName":"23","publicTime":"2024-05-07T22:05:48","cancelTime":null,"status":1,"createTime":null,"updateTime":null,"createUserId":null,"createUserName":null,"updateUserId":null,"updateUserName":null,"isDelete":false,"id":"1"}],"extras":null,"time":"2024-05-21T21:28:23.6325999+08:00"}
      ┗━━━━━━━━━━━  Logging Monitor ━━━━━━━━━━━
info: 2024-05-21 21:28:23.7395664 +08:00 星期二 L System.Logging.LoggingMonitor[0] #37 '00-875f6fd980f430385bf939538c5cd1a7-26c3c37fea2fe73a-00'
      [System.Private.CoreLib.dll] void System.Runtime.CompilerServices.AsyncTaskMethodBuilder<TResult>+AsyncStateMachineBox<TStateMachine>.MoveNext(Thread threadPoolThread)
      ┏━━━━━━━━━━━  Logging Monitor ━━━━━━━━━━━
      ┣ Admin.NET.Core.JuAI.JuAIService.GetMyStatistics
      ┣ 
      ┣ 控制器名称：                     JuAIService
      ┣ 操作名称：                       GetMyStatistics
      ┣ 显示名称：                       我的统计
      ┣ 路由信息：                       [area]: ; [controller]: juAI; [action]: myStatistics
      ┣ 请求方式：                       GET
      ┣ 请求地址：                       http://localhost:5005/app/api/juai/MyStatistics
      ┣ 来源地址：                       http://localhost:9527/
      ┣ 请求端源：                       client
      ┣ 浏览器标识：                     Mozilla/5.0 (Windows NT 10.0; Win64; x64) AppleWebKit/537.36 (KHTML, like Gecko) Chrome/124.0.0.0 Safari/537.36
      ┣ 客户端区域语言：                 zh-CN,zh;q=0.9
      ┣ 客户端 IP 地址：                 127.0.0.1
      ┣ 服务端 IP 地址：                 127.0.0.1
      ┣ 客户端连接 ID：                  00-875f6fd980f430385bf939538c5cd1a7-26c3c37fea2fe73a-00
      ┣ 服务线程 ID：                    #7
      ┣ 执行耗时：                       489ms
      ┣ ━━━━━━━━━━━━━━━  Cookies ━━━━━━━━━━━━━━━
      ┣ 请求端：                         
      ┣ 响应端：                         
      ┣ ━━━━━━━━━━━━━━━  系统信息 ━━━━━━━━━━━━━━━
      ┣ 系统名称：                       Microsoft Windows 10.0.19045
      ┣ 系统架构：                       X64
      ┣ 基础框架：                       Furion.Pure v1.0.0.0
      ┣ .NET 架构：                      .NET 8.0.0
      ┣ ━━━━━━━━━━━━━━━  启动信息 ━━━━━━━━━━━━━━━
      ┣ 运行环境：                       Production
      ┣ 启动程序集：                     Admin.NET.Web.Entry
      ┣ 进程名称：                       Admin.NET.Web.Entry
      ┣ 托管程序：                       Kestrel
      ┣ ━━━━━━━━━━━━━━━  授权信息 ━━━━━━━━━━━━━━━
      ┣ JWT Token：                      Bearer eyJhbGciOiJIUzI1NiIsInR5cCI6IkpXVCJ9.eyJVc2VySWQiOjE0MjEzNDI2MzI3ODc3LCJUZW5hbnRJZCI6MTMwMDAwMDAwMDAwMSwiQWNjb3VudCI6IjE4NjAwNzY2MDQ1IiwiTmlja05hbWUiOiLmgKrlhb3mnaXkuoYiLCJBY2NvdW50VHlwZSI6Nzc3LCJleHAiOjE3MTY3MzI3MDMsIm5iZiI6MTcxNjEyNzkwMywiaWF0IjoxNzE2MTI3OTAzLCJpc3MiOiJndXhpbi5saW5rIiwiYXVkIjoiZ3V4aW4ubGluayJ9.E5LD5xGmUwcB7tVU6SZ-2i4_Eg-xy1joE2Wz0IPNMJ0
      ┣ 
      ┣ UserId (integer64)：             14213426327877
      ┣ TenantId (integer64)：           1300000000001
      ┣ Account (string)：               18600766045
      ┣ NickName (string)：              怪兽来了
      ┣ AccountType (integer32)：        777
      ┣ exp (integer64)：                1716732703 (2024-05-26 22:11:43:0000(+08:00) 星期日 L)
      ┣ nbf (integer64)：                1716127903 (2024-05-19 22:11:43:0000(+08:00) 星期日 L)
      ┣ iat (integer64)：                1716127903 (2024-05-19 22:11:43:0000(+08:00) 星期日 L)
      ┣ iss (string)：                   guxin.link
      ┣ aud (string)：                   guxin.link
      ┣ ━━━━━━━━━━━━━━━  请求头信息 ━━━━━━━━━━━━━━━
      ┣ 
      ┣ Accept：                         application/json, text/plain, */*
      ┣ Connection：                     keep-alive
      ┣ Host：                           localhost:5005
      ┣ User-Agent：                     Mozilla/5.0 (Windows NT 10.0; Win64; x64) AppleWebKit/537.36 (KHTML, like Gecko) Chrome/124.0.0.0 Safari/537.36
      ┣ Accept-Encoding：                gzip, deflate, br, zstd
      ┣ Accept-Language：                zh-CN,zh;q=0.9
      ┣ Authorization：                  Bearer eyJhbGciOiJIUzI1NiIsInR5cCI6IkpXVCJ9.eyJVc2VySWQiOjE0MjEzNDI2MzI3ODc3LCJUZW5hbnRJZCI6MTMwMDAwMDAwMDAwMSwiQWNjb3VudCI6IjE4NjAwNzY2MDQ1IiwiTmlja05hbWUiOiLmgKrlhb3mnaXkuoYiLCJBY2NvdW50VHlwZSI6Nzc3LCJleHAiOjE3MTY3MzI3MDMsIm5iZiI6MTcxNjEyNzkwMywiaWF0IjoxNzE2MTI3OTAzLCJpc3MiOiJndXhpbi5saW5rIiwiYXVkIjoiZ3V4aW4ubGluayJ9.E5LD5xGmUwcB7tVU6SZ-2i4_Eg-xy1joE2Wz0IPNMJ0
      ┣ Origin：                         http://localhost:9527
      ┣ Referer：                        http://localhost:9527/
      ┣ sec-ch-ua：                      "Chromium";v="124", "Google Chrome";v="124", "Not-A.Brand";v="99"
      ┣ DNT：                            1
      ┣ sec-ch-ua-mobile：               ?0
      ┣ X-Authorization：                Bearer eyJhbGciOiJIUzI1NiIsInR5cCI6IkpXVCJ9.eyJmIjoiZXlKaGJHY2lPaUpJVXpJMU5pSXNJblI1Y0NJNklrcFhWQ0o5IiwiZSI6IkU1TEQ1eEdtVXdjQjd0VlU2U1otMmk0X0VnLXh5MWpvRTJXejBJUE5NSjAiLCJzIjo3OSwibCI6MywiayI6IjZJaiIsImlhdCI6MTcxNjEyNzkwMywibmJmIjoxNzE2MTI3OTAzLCJleHAiOjE3MTczMzc1MDMsImlzcyI6Imd1eGluLmxpbmsiLCJhdWQiOiJndXhpbi5saW5rIn0.VCasbsEh70gJEMSsMBs6_8Yj3ofR902O-JmGvOnK4BE
      ┣ X-Request-Id：                   QuycZSwlvrjQDBQz6hTEJ
      ┣ sec-ch-ua-platform：             "Windows"
      ┣ Sec-Fetch-Site：                 same-site
      ┣ Sec-Fetch-Mode：                 cors
      ┣ Sec-Fetch-Dest：                 empty
      ┣ ━━━━━━━━━━━━━━━  返回信息 ━━━━━━━━━━━━━━━
      ┣ HTTP响应状态码：                 200
      ┣ 原始类型：                       System.Threading.Tasks.Task<System.Object>
      ┣ 最终类型：                       Admin.NET.Core.AdminResult<System.Object>
      ┣ 最终返回值：                     {"code":200,"type":"success","message":"","result":{"chatCount":120,"drawingCount":54,"jifenCount":"1728209","visitCount":0},"extras":null,"time":"2024-05-21T21:28:23.738586+08:00"}
      ┗━━━━━━━━━━━  Logging Monitor ━━━━━━━━━━━
info: 2024-05-21 21:35:27.8463447 +08:00 星期二 L System.Logging.LoggingMonitor[0] #9 '00-5c62844003988e0cfcb7328124b5ea18-b7476ca86c86c5cf-00'
      [System.Private.CoreLib.dll] void System.Runtime.CompilerServices.AsyncTaskMethodBuilder<TResult>+AsyncStateMachineBox<TStateMachine>.MoveNext(Thread threadPoolThread)
      ┏━━━━━━━━━━━  Logging Monitor ━━━━━━━━━━━
      ┣ Admin.NET.Core.JuAI.JuAIService.GetSysNotices
      ┣ 
      ┣ 控制器名称：                     JuAIService
      ┣ 操作名称：                       GetSysNotices
      ┣ 显示名称：                       系统消息
      ┣ 路由信息：                       [area]: ; [controller]: juAI; [action]: sysNotices
      ┣ 请求方式：                       GET
      ┣ 请求地址：                       http://localhost:5005/app/api/juai/SysNotices?page=1
      ┣ 来源地址：                       http://localhost:9527/
      ┣ 请求端源：                       client
      ┣ 浏览器标识：                     Mozilla/5.0 (Windows NT 10.0; Win64; x64) AppleWebKit/537.36 (KHTML, like Gecko) Chrome/124.0.0.0 Safari/537.36
      ┣ 客户端区域语言：                 zh-CN,zh;q=0.9
      ┣ 客户端 IP 地址：                 127.0.0.1
      ┣ 服务端 IP 地址：                 127.0.0.1
      ┣ 客户端连接 ID：                  00-5c62844003988e0cfcb7328124b5ea18-b7476ca86c86c5cf-00
      ┣ 服务线程 ID：                    #27
      ┣ 执行耗时：                       200ms
      ┣ ━━━━━━━━━━━━━━━  Cookies ━━━━━━━━━━━━━━━
      ┣ 请求端：                         
      ┣ 响应端：                         
      ┣ ━━━━━━━━━━━━━━━  系统信息 ━━━━━━━━━━━━━━━
      ┣ 系统名称：                       Microsoft Windows 10.0.19045
      ┣ 系统架构：                       X64
      ┣ 基础框架：                       Furion.Pure v1.0.0.0
      ┣ .NET 架构：                      .NET 8.0.0
      ┣ ━━━━━━━━━━━━━━━  启动信息 ━━━━━━━━━━━━━━━
      ┣ 运行环境：                       Production
      ┣ 启动程序集：                     Admin.NET.Web.Entry
      ┣ 进程名称：                       Admin.NET.Web.Entry
      ┣ 托管程序：                       Kestrel
      ┣ ━━━━━━━━━━━━━━━  授权信息 ━━━━━━━━━━━━━━━
      ┣ JWT Token：                      Bearer eyJhbGciOiJIUzI1NiIsInR5cCI6IkpXVCJ9.eyJVc2VySWQiOjE0MjEzNDI2MzI3ODc3LCJUZW5hbnRJZCI6MTMwMDAwMDAwMDAwMSwiQWNjb3VudCI6IjE4NjAwNzY2MDQ1IiwiTmlja05hbWUiOiLmgKrlhb3mnaXkuoYiLCJBY2NvdW50VHlwZSI6Nzc3LCJleHAiOjE3MTY3MzI3MDMsIm5iZiI6MTcxNjEyNzkwMywiaWF0IjoxNzE2MTI3OTAzLCJpc3MiOiJndXhpbi5saW5rIiwiYXVkIjoiZ3V4aW4ubGluayJ9.E5LD5xGmUwcB7tVU6SZ-2i4_Eg-xy1joE2Wz0IPNMJ0
      ┣ 
      ┣ UserId (integer64)：             14213426327877
      ┣ TenantId (integer64)：           1300000000001
      ┣ Account (string)：               18600766045
      ┣ NickName (string)：              怪兽来了
      ┣ AccountType (integer32)：        777
      ┣ exp (integer64)：                1716732703 (2024-05-26 22:11:43:0000(+08:00) 星期日 L)
      ┣ nbf (integer64)：                1716127903 (2024-05-19 22:11:43:0000(+08:00) 星期日 L)
      ┣ iat (integer64)：                1716127903 (2024-05-19 22:11:43:0000(+08:00) 星期日 L)
      ┣ iss (string)：                   guxin.link
      ┣ aud (string)：                   guxin.link
      ┣ ━━━━━━━━━━━━━━━  请求头信息 ━━━━━━━━━━━━━━━
      ┣ 
      ┣ Accept：                         application/json, text/plain, */*
      ┣ Connection：                     keep-alive
      ┣ Host：                           localhost:5005
      ┣ User-Agent：                     Mozilla/5.0 (Windows NT 10.0; Win64; x64) AppleWebKit/537.36 (KHTML, like Gecko) Chrome/124.0.0.0 Safari/537.36
      ┣ Accept-Encoding：                gzip, deflate, br, zstd
      ┣ Accept-Language：                zh-CN,zh;q=0.9
      ┣ Authorization：                  Bearer eyJhbGciOiJIUzI1NiIsInR5cCI6IkpXVCJ9.eyJVc2VySWQiOjE0MjEzNDI2MzI3ODc3LCJUZW5hbnRJZCI6MTMwMDAwMDAwMDAwMSwiQWNjb3VudCI6IjE4NjAwNzY2MDQ1IiwiTmlja05hbWUiOiLmgKrlhb3mnaXkuoYiLCJBY2NvdW50VHlwZSI6Nzc3LCJleHAiOjE3MTY3MzI3MDMsIm5iZiI6MTcxNjEyNzkwMywiaWF0IjoxNzE2MTI3OTAzLCJpc3MiOiJndXhpbi5saW5rIiwiYXVkIjoiZ3V4aW4ubGluayJ9.E5LD5xGmUwcB7tVU6SZ-2i4_Eg-xy1joE2Wz0IPNMJ0
      ┣ Cache-Control：                  no-cache
      ┣ Origin：                         http://localhost:9527
      ┣ Pragma：                         no-cache
      ┣ Referer：                        http://localhost:9527/
      ┣ sec-ch-ua：                      "Chromium";v="124", "Google Chrome";v="124", "Not-A.Brand";v="99"
      ┣ DNT：                            1
      ┣ sec-ch-ua-mobile：               ?0
      ┣ X-Authorization：                Bearer eyJhbGciOiJIUzI1NiIsInR5cCI6IkpXVCJ9.eyJmIjoiZXlKaGJHY2lPaUpJVXpJMU5pSXNJblI1Y0NJNklrcFhWQ0o5IiwiZSI6IkU1TEQ1eEdtVXdjQjd0VlU2U1otMmk0X0VnLXh5MWpvRTJXejBJUE5NSjAiLCJzIjo3OSwibCI6MywiayI6IjZJaiIsImlhdCI6MTcxNjEyNzkwMywibmJmIjoxNzE2MTI3OTAzLCJleHAiOjE3MTczMzc1MDMsImlzcyI6Imd1eGluLmxpbmsiLCJhdWQiOiJndXhpbi5saW5rIn0.VCasbsEh70gJEMSsMBs6_8Yj3ofR902O-JmGvOnK4BE
      ┣ X-Request-Id：                   6YEYDe2hMP2l3xwEwN6Aa
      ┣ sec-ch-ua-platform：             "Windows"
      ┣ Sec-Fetch-Site：                 same-site
      ┣ Sec-Fetch-Mode：                 cors
      ┣ Sec-Fetch-Dest：                 empty
      ┣ ━━━━━━━━━━━━━━━  参数列表 ━━━━━━━━━━━━━━━
      ┣ Content-Type：                   
      ┣ 
      ┣ page (Int32)：                   1
      ┣ ━━━━━━━━━━━━━━━  返回信息 ━━━━━━━━━━━━━━━
      ┣ HTTP响应状态码：                 200
      ┣ 原始类型：                       System.Threading.Tasks.Task<System.Object>
      ┣ 最终类型：                       Admin.NET.Core.AdminResult<System.Object>
      ┣ 最终返回值：                     {"code":200,"type":"success","message":"","result":[{"title":"升级消息","content":"将升级将升级将升级将升级将升级将升级","type":1,"publicUserId":"1","publicUserName":null,"publicOrgId":"2","publicOrgName":"23","publicTime":"2024-05-07T22:05:48","cancelTime":null,"status":1,"createTime":null,"updateTime":null,"createUserId":null,"createUserName":null,"updateUserId":null,"updateUserName":null,"isDelete":false,"id":"1"}],"extras":null,"time":"2024-05-21T21:35:27.8407838+08:00"}
      ┗━━━━━━━━━━━  Logging Monitor ━━━━━━━━━━━
info: 2024-05-21 21:35:27.9601240 +08:00 星期二 L System.Logging.LoggingMonitor[0] #9 '00-5f86ab0b634c8f143ff5b3efb078acae-d4cfbbaeb0ae08c6-00'
      [System.Private.CoreLib.dll] void System.Runtime.CompilerServices.AsyncTaskMethodBuilder<TResult>+AsyncStateMachineBox<TStateMachine>.MoveNext(Thread threadPoolThread)
      ┏━━━━━━━━━━━  Logging Monitor ━━━━━━━━━━━
      ┣ Admin.NET.Core.JuAI.JuAIService.GetMyStatistics
      ┣ 
      ┣ 控制器名称：                     JuAIService
      ┣ 操作名称：                       GetMyStatistics
      ┣ 显示名称：                       我的统计
      ┣ 路由信息：                       [area]: ; [controller]: juAI; [action]: myStatistics
      ┣ 请求方式：                       GET
      ┣ 请求地址：                       http://localhost:5005/app/api/juai/MyStatistics
      ┣ 来源地址：                       http://localhost:9527/
      ┣ 请求端源：                       client
      ┣ 浏览器标识：                     Mozilla/5.0 (Windows NT 10.0; Win64; x64) AppleWebKit/537.36 (KHTML, like Gecko) Chrome/124.0.0.0 Safari/537.36
      ┣ 客户端区域语言：                 zh-CN,zh;q=0.9
      ┣ 客户端 IP 地址：                 127.0.0.1
      ┣ 服务端 IP 地址：                 127.0.0.1
      ┣ 客户端连接 ID：                  00-5f86ab0b634c8f143ff5b3efb078acae-d4cfbbaeb0ae08c6-00
      ┣ 服务线程 ID：                    #9
      ┣ 执行耗时：                       319ms
      ┣ ━━━━━━━━━━━━━━━  Cookies ━━━━━━━━━━━━━━━
      ┣ 请求端：                         
      ┣ 响应端：                         
      ┣ ━━━━━━━━━━━━━━━  系统信息 ━━━━━━━━━━━━━━━
      ┣ 系统名称：                       Microsoft Windows 10.0.19045
      ┣ 系统架构：                       X64
      ┣ 基础框架：                       Furion.Pure v1.0.0.0
      ┣ .NET 架构：                      .NET 8.0.0
      ┣ ━━━━━━━━━━━━━━━  启动信息 ━━━━━━━━━━━━━━━
      ┣ 运行环境：                       Production
      ┣ 启动程序集：                     Admin.NET.Web.Entry
      ┣ 进程名称：                       Admin.NET.Web.Entry
      ┣ 托管程序：                       Kestrel
      ┣ ━━━━━━━━━━━━━━━  授权信息 ━━━━━━━━━━━━━━━
      ┣ JWT Token：                      Bearer eyJhbGciOiJIUzI1NiIsInR5cCI6IkpXVCJ9.eyJVc2VySWQiOjE0MjEzNDI2MzI3ODc3LCJUZW5hbnRJZCI6MTMwMDAwMDAwMDAwMSwiQWNjb3VudCI6IjE4NjAwNzY2MDQ1IiwiTmlja05hbWUiOiLmgKrlhb3mnaXkuoYiLCJBY2NvdW50VHlwZSI6Nzc3LCJleHAiOjE3MTY3MzI3MDMsIm5iZiI6MTcxNjEyNzkwMywiaWF0IjoxNzE2MTI3OTAzLCJpc3MiOiJndXhpbi5saW5rIiwiYXVkIjoiZ3V4aW4ubGluayJ9.E5LD5xGmUwcB7tVU6SZ-2i4_Eg-xy1joE2Wz0IPNMJ0
      ┣ 
      ┣ UserId (integer64)：             14213426327877
      ┣ TenantId (integer64)：           1300000000001
      ┣ Account (string)：               18600766045
      ┣ NickName (string)：              怪兽来了
      ┣ AccountType (integer32)：        777
      ┣ exp (integer64)：                1716732703 (2024-05-26 22:11:43:0000(+08:00) 星期日 L)
      ┣ nbf (integer64)：                1716127903 (2024-05-19 22:11:43:0000(+08:00) 星期日 L)
      ┣ iat (integer64)：                1716127903 (2024-05-19 22:11:43:0000(+08:00) 星期日 L)
      ┣ iss (string)：                   guxin.link
      ┣ aud (string)：                   guxin.link
      ┣ ━━━━━━━━━━━━━━━  请求头信息 ━━━━━━━━━━━━━━━
      ┣ 
      ┣ Accept：                         application/json, text/plain, */*
      ┣ Connection：                     keep-alive
      ┣ Host：                           localhost:5005
      ┣ User-Agent：                     Mozilla/5.0 (Windows NT 10.0; Win64; x64) AppleWebKit/537.36 (KHTML, like Gecko) Chrome/124.0.0.0 Safari/537.36
      ┣ Accept-Encoding：                gzip, deflate, br, zstd
      ┣ Accept-Language：                zh-CN,zh;q=0.9
      ┣ Authorization：                  Bearer eyJhbGciOiJIUzI1NiIsInR5cCI6IkpXVCJ9.eyJVc2VySWQiOjE0MjEzNDI2MzI3ODc3LCJUZW5hbnRJZCI6MTMwMDAwMDAwMDAwMSwiQWNjb3VudCI6IjE4NjAwNzY2MDQ1IiwiTmlja05hbWUiOiLmgKrlhb3mnaXkuoYiLCJBY2NvdW50VHlwZSI6Nzc3LCJleHAiOjE3MTY3MzI3MDMsIm5iZiI6MTcxNjEyNzkwMywiaWF0IjoxNzE2MTI3OTAzLCJpc3MiOiJndXhpbi5saW5rIiwiYXVkIjoiZ3V4aW4ubGluayJ9.E5LD5xGmUwcB7tVU6SZ-2i4_Eg-xy1joE2Wz0IPNMJ0
      ┣ Cache-Control：                  no-cache
      ┣ Origin：                         http://localhost:9527
      ┣ Pragma：                         no-cache
      ┣ Referer：                        http://localhost:9527/
      ┣ sec-ch-ua：                      "Chromium";v="124", "Google Chrome";v="124", "Not-A.Brand";v="99"
      ┣ DNT：                            1
      ┣ sec-ch-ua-mobile：               ?0
      ┣ X-Authorization：                Bearer eyJhbGciOiJIUzI1NiIsInR5cCI6IkpXVCJ9.eyJmIjoiZXlKaGJHY2lPaUpJVXpJMU5pSXNJblI1Y0NJNklrcFhWQ0o5IiwiZSI6IkU1TEQ1eEdtVXdjQjd0VlU2U1otMmk0X0VnLXh5MWpvRTJXejBJUE5NSjAiLCJzIjo3OSwibCI6MywiayI6IjZJaiIsImlhdCI6MTcxNjEyNzkwMywibmJmIjoxNzE2MTI3OTAzLCJleHAiOjE3MTczMzc1MDMsImlzcyI6Imd1eGluLmxpbmsiLCJhdWQiOiJndXhpbi5saW5rIn0.VCasbsEh70gJEMSsMBs6_8Yj3ofR902O-JmGvOnK4BE
      ┣ X-Request-Id：                   h75vcUOJTaZ9iN9f_LUBR
      ┣ sec-ch-ua-platform：             "Windows"
      ┣ Sec-Fetch-Site：                 same-site
      ┣ Sec-Fetch-Mode：                 cors
      ┣ Sec-Fetch-Dest：                 empty
      ┣ ━━━━━━━━━━━━━━━  返回信息 ━━━━━━━━━━━━━━━
      ┣ HTTP响应状态码：                 200
      ┣ 原始类型：                       System.Threading.Tasks.Task<System.Object>
      ┣ 最终类型：                       Admin.NET.Core.AdminResult<System.Object>
      ┣ 最终返回值：                     {"code":200,"type":"success","message":"","result":{"chatCount":120,"drawingCount":54,"jifenCount":"1728209","visitCount":0},"extras":null,"time":"2024-05-21T21:35:27.959204+08:00"}
      ┗━━━━━━━━━━━  Logging Monitor ━━━━━━━━━━━
info: 2024-05-21 21:36:47.4622070 +08:00 星期二 L System.Logging.LoggingMonitor[0] #3 '00-bb628857ca393811a097535de246c684-8c03fffd33c66941-00'
      [System.Private.CoreLib.dll] void System.Runtime.CompilerServices.AsyncTaskMethodBuilder<TResult>+AsyncStateMachineBox<TStateMachine>.MoveNext(Thread threadPoolThread)
      ┏━━━━━━━━━━━  Logging Monitor ━━━━━━━━━━━
      ┣ Admin.NET.Core.JuAI.Service.UserService.PostQianDaoToday
      ┣ 
      ┣ 控制器名称：                     UserService
      ┣ 操作名称：                       PostQianDaoToday
      ┣ 显示名称：                       
      ┣ 路由信息：                       [area]: ; [controller]: user; [action]: qianDaoToday
      ┣ 请求方式：                       POST
      ┣ 请求地址：                       http://localhost:5005/app/api/user/QianDaoToday
      ┣ 来源地址：                       http://localhost:9527/
      ┣ 请求端源：                       client
      ┣ 浏览器标识：                     Mozilla/5.0 (Windows NT 10.0; Win64; x64) AppleWebKit/537.36 (KHTML, like Gecko) Chrome/124.0.0.0 Safari/537.36
      ┣ 客户端区域语言：                 zh-CN,zh;q=0.9
      ┣ 客户端 IP 地址：                 127.0.0.1
      ┣ 服务端 IP 地址：                 127.0.0.1
      ┣ 客户端连接 ID：                  00-bb628857ca393811a097535de246c684-8c03fffd33c66941-00
      ┣ 服务线程 ID：                    #3
      ┣ 执行耗时：                       421ms
      ┣ ━━━━━━━━━━━━━━━  Cookies ━━━━━━━━━━━━━━━
      ┣ 请求端：                         
      ┣ 响应端：                         
      ┣ ━━━━━━━━━━━━━━━  系统信息 ━━━━━━━━━━━━━━━
      ┣ 系统名称：                       Microsoft Windows 10.0.19045
      ┣ 系统架构：                       X64
      ┣ 基础框架：                       Furion.Pure v1.0.0.0
      ┣ .NET 架构：                      .NET 8.0.0
      ┣ ━━━━━━━━━━━━━━━  启动信息 ━━━━━━━━━━━━━━━
      ┣ 运行环境：                       Production
      ┣ 启动程序集：                     Admin.NET.Web.Entry
      ┣ 进程名称：                       Admin.NET.Web.Entry
      ┣ 托管程序：                       Kestrel
      ┣ ━━━━━━━━━━━━━━━  授权信息 ━━━━━━━━━━━━━━━
      ┣ JWT Token：                      Bearer eyJhbGciOiJIUzI1NiIsInR5cCI6IkpXVCJ9.eyJVc2VySWQiOjE0MjEzNDI2MzI3ODc3LCJUZW5hbnRJZCI6MTMwMDAwMDAwMDAwMSwiQWNjb3VudCI6IjE4NjAwNzY2MDQ1IiwiTmlja05hbWUiOiLmgKrlhb3mnaXkuoYiLCJBY2NvdW50VHlwZSI6Nzc3LCJleHAiOjE3MTY3MzI3MDMsIm5iZiI6MTcxNjEyNzkwMywiaWF0IjoxNzE2MTI3OTAzLCJpc3MiOiJndXhpbi5saW5rIiwiYXVkIjoiZ3V4aW4ubGluayJ9.E5LD5xGmUwcB7tVU6SZ-2i4_Eg-xy1joE2Wz0IPNMJ0
      ┣ 
      ┣ UserId (integer64)：             14213426327877
      ┣ TenantId (integer64)：           1300000000001
      ┣ Account (string)：               18600766045
      ┣ NickName (string)：              怪兽来了
      ┣ AccountType (integer32)：        777
      ┣ exp (integer64)：                1716732703 (2024-05-26 22:11:43:0000(+08:00) 星期日 L)
      ┣ nbf (integer64)：                1716127903 (2024-05-19 22:11:43:0000(+08:00) 星期日 L)
      ┣ iat (integer64)：                1716127903 (2024-05-19 22:11:43:0000(+08:00) 星期日 L)
      ┣ iss (string)：                   guxin.link
      ┣ aud (string)：                   guxin.link
      ┣ ━━━━━━━━━━━━━━━  请求头信息 ━━━━━━━━━━━━━━━
      ┣ 
      ┣ Accept：                         application/json, text/plain, */*
      ┣ Connection：                     keep-alive
      ┣ Host：                           localhost:5005
      ┣ User-Agent：                     Mozilla/5.0 (Windows NT 10.0; Win64; x64) AppleWebKit/537.36 (KHTML, like Gecko) Chrome/124.0.0.0 Safari/537.36
      ┣ Accept-Encoding：                gzip, deflate, br, zstd
      ┣ Accept-Language：                zh-CN,zh;q=0.9
      ┣ Authorization：                  Bearer eyJhbGciOiJIUzI1NiIsInR5cCI6IkpXVCJ9.eyJVc2VySWQiOjE0MjEzNDI2MzI3ODc3LCJUZW5hbnRJZCI6MTMwMDAwMDAwMDAwMSwiQWNjb3VudCI6IjE4NjAwNzY2MDQ1IiwiTmlja05hbWUiOiLmgKrlhb3mnaXkuoYiLCJBY2NvdW50VHlwZSI6Nzc3LCJleHAiOjE3MTY3MzI3MDMsIm5iZiI6MTcxNjEyNzkwMywiaWF0IjoxNzE2MTI3OTAzLCJpc3MiOiJndXhpbi5saW5rIiwiYXVkIjoiZ3V4aW4ubGluayJ9.E5LD5xGmUwcB7tVU6SZ-2i4_Eg-xy1joE2Wz0IPNMJ0
      ┣ Origin：                         http://localhost:9527
      ┣ Referer：                        http://localhost:9527/
      ┣ Content-Length：                 0
      ┣ sec-ch-ua：                      "Chromium";v="124", "Google Chrome";v="124", "Not-A.Brand";v="99"
      ┣ DNT：                            1
      ┣ sec-ch-ua-mobile：               ?0
      ┣ X-Authorization：                Bearer eyJhbGciOiJIUzI1NiIsInR5cCI6IkpXVCJ9.eyJmIjoiZXlKaGJHY2lPaUpJVXpJMU5pSXNJblI1Y0NJNklrcFhWQ0o5IiwiZSI6IkU1TEQ1eEdtVXdjQjd0VlU2U1otMmk0X0VnLXh5MWpvRTJXejBJUE5NSjAiLCJzIjo3OSwibCI6MywiayI6IjZJaiIsImlhdCI6MTcxNjEyNzkwMywibmJmIjoxNzE2MTI3OTAzLCJleHAiOjE3MTczMzc1MDMsImlzcyI6Imd1eGluLmxpbmsiLCJhdWQiOiJndXhpbi5saW5rIn0.VCasbsEh70gJEMSsMBs6_8Yj3ofR902O-JmGvOnK4BE
      ┣ X-Request-Id：                   u9GajWUxR1un7CAdLVO3O
      ┣ sec-ch-ua-platform：             "Windows"
      ┣ Sec-Fetch-Site：                 same-site
      ┣ Sec-Fetch-Mode：                 cors
      ┣ Sec-Fetch-Dest：                 empty
      ┣ ━━━━━━━━━━━━━━━  返回信息 ━━━━━━━━━━━━━━━
      ┣ HTTP响应状态码：                 200
      ┣ 原始类型：                       System.Threading.Tasks.Task<System.Boolean>
      ┣ 最终类型：                       Admin.NET.Core.AdminResult<System.Object>
      ┣ 最终返回值：                     {"code":200,"type":"success","message":"","result":true,"extras":null,"time":"2024-05-21T21:36:47.4613492+08:00"}
      ┗━━━━━━━━━━━  Logging Monitor ━━━━━━━━━━━
info: 2024-05-21 21:36:56.3126696 +08:00 星期二 L System.Logging.LoggingMonitor[0] #30 '00-f3a18c2b054b9afc05becb04ba1dc556-f6818b60dbb13b27-00'
      [System.Private.CoreLib.dll] void System.Runtime.CompilerServices.AsyncTaskMethodBuilder<TResult>+AsyncStateMachineBox<TStateMachine>.MoveNext(Thread threadPoolThread)
      ┏━━━━━━━━━━━  Logging Monitor ━━━━━━━━━━━
      ┣ Admin.NET.Core.JuAI.Service.UserService.PostQianDaoToday
      ┣ 
      ┣ 控制器名称：                     UserService
      ┣ 操作名称：                       PostQianDaoToday
      ┣ 显示名称：                       
      ┣ 路由信息：                       [area]: ; [controller]: user; [action]: qianDaoToday
      ┣ 请求方式：                       POST
      ┣ 请求地址：                       http://localhost:5005/app/api/user/QianDaoToday
      ┣ 来源地址：                       http://localhost:9527/
      ┣ 请求端源：                       client
      ┣ 浏览器标识：                     Mozilla/5.0 (Windows NT 10.0; Win64; x64) AppleWebKit/537.36 (KHTML, like Gecko) Chrome/124.0.0.0 Safari/537.36
      ┣ 客户端区域语言：                 zh-CN,zh;q=0.9
      ┣ 客户端 IP 地址：                 127.0.0.1
      ┣ 服务端 IP 地址：                 127.0.0.1
      ┣ 客户端连接 ID：                  00-f3a18c2b054b9afc05becb04ba1dc556-f6818b60dbb13b27-00
      ┣ 服务线程 ID：                    #30
      ┣ 执行耗时：                       333ms
      ┣ ━━━━━━━━━━━━━━━  Cookies ━━━━━━━━━━━━━━━
      ┣ 请求端：                         
      ┣ 响应端：                         
      ┣ ━━━━━━━━━━━━━━━  系统信息 ━━━━━━━━━━━━━━━
      ┣ 系统名称：                       Microsoft Windows 10.0.19045
      ┣ 系统架构：                       X64
      ┣ 基础框架：                       Furion.Pure v1.0.0.0
      ┣ .NET 架构：                      .NET 8.0.0
      ┣ ━━━━━━━━━━━━━━━  启动信息 ━━━━━━━━━━━━━━━
      ┣ 运行环境：                       Production
      ┣ 启动程序集：                     Admin.NET.Web.Entry
      ┣ 进程名称：                       Admin.NET.Web.Entry
      ┣ 托管程序：                       Kestrel
      ┣ ━━━━━━━━━━━━━━━  授权信息 ━━━━━━━━━━━━━━━
      ┣ JWT Token：                      Bearer eyJhbGciOiJIUzI1NiIsInR5cCI6IkpXVCJ9.eyJVc2VySWQiOjE0MjEzNDI2MzI3ODc3LCJUZW5hbnRJZCI6MTMwMDAwMDAwMDAwMSwiQWNjb3VudCI6IjE4NjAwNzY2MDQ1IiwiTmlja05hbWUiOiLmgKrlhb3mnaXkuoYiLCJBY2NvdW50VHlwZSI6Nzc3LCJleHAiOjE3MTY3MzI3MDMsIm5iZiI6MTcxNjEyNzkwMywiaWF0IjoxNzE2MTI3OTAzLCJpc3MiOiJndXhpbi5saW5rIiwiYXVkIjoiZ3V4aW4ubGluayJ9.E5LD5xGmUwcB7tVU6SZ-2i4_Eg-xy1joE2Wz0IPNMJ0
      ┣ 
      ┣ UserId (integer64)：             14213426327877
      ┣ TenantId (integer64)：           1300000000001
      ┣ Account (string)：               18600766045
      ┣ NickName (string)：              怪兽来了
      ┣ AccountType (integer32)：        777
      ┣ exp (integer64)：                1716732703 (2024-05-26 22:11:43:0000(+08:00) 星期日 L)
      ┣ nbf (integer64)：                1716127903 (2024-05-19 22:11:43:0000(+08:00) 星期日 L)
      ┣ iat (integer64)：                1716127903 (2024-05-19 22:11:43:0000(+08:00) 星期日 L)
      ┣ iss (string)：                   guxin.link
      ┣ aud (string)：                   guxin.link
      ┣ ━━━━━━━━━━━━━━━  请求头信息 ━━━━━━━━━━━━━━━
      ┣ 
      ┣ Accept：                         application/json, text/plain, */*
      ┣ Connection：                     keep-alive
      ┣ Host：                           localhost:5005
      ┣ User-Agent：                     Mozilla/5.0 (Windows NT 10.0; Win64; x64) AppleWebKit/537.36 (KHTML, like Gecko) Chrome/124.0.0.0 Safari/537.36
      ┣ Accept-Encoding：                gzip, deflate, br, zstd
      ┣ Accept-Language：                zh-CN,zh;q=0.9
      ┣ Authorization：                  Bearer eyJhbGciOiJIUzI1NiIsInR5cCI6IkpXVCJ9.eyJVc2VySWQiOjE0MjEzNDI2MzI3ODc3LCJUZW5hbnRJZCI6MTMwMDAwMDAwMDAwMSwiQWNjb3VudCI6IjE4NjAwNzY2MDQ1IiwiTmlja05hbWUiOiLmgKrlhb3mnaXkuoYiLCJBY2NvdW50VHlwZSI6Nzc3LCJleHAiOjE3MTY3MzI3MDMsIm5iZiI6MTcxNjEyNzkwMywiaWF0IjoxNzE2MTI3OTAzLCJpc3MiOiJndXhpbi5saW5rIiwiYXVkIjoiZ3V4aW4ubGluayJ9.E5LD5xGmUwcB7tVU6SZ-2i4_Eg-xy1joE2Wz0IPNMJ0
      ┣ Cache-Control：                  no-cache
      ┣ Origin：                         http://localhost:9527
      ┣ Pragma：                         no-cache
      ┣ Referer：                        http://localhost:9527/
      ┣ Content-Length：                 0
      ┣ sec-ch-ua：                      "Chromium";v="124", "Google Chrome";v="124", "Not-A.Brand";v="99"
      ┣ DNT：                            1
      ┣ sec-ch-ua-mobile：               ?0
      ┣ X-Authorization：                Bearer eyJhbGciOiJIUzI1NiIsInR5cCI6IkpXVCJ9.eyJmIjoiZXlKaGJHY2lPaUpJVXpJMU5pSXNJblI1Y0NJNklrcFhWQ0o5IiwiZSI6IkU1TEQ1eEdtVXdjQjd0VlU2U1otMmk0X0VnLXh5MWpvRTJXejBJUE5NSjAiLCJzIjo3OSwibCI6MywiayI6IjZJaiIsImlhdCI6MTcxNjEyNzkwMywibmJmIjoxNzE2MTI3OTAzLCJleHAiOjE3MTczMzc1MDMsImlzcyI6Imd1eGluLmxpbmsiLCJhdWQiOiJndXhpbi5saW5rIn0.VCasbsEh70gJEMSsMBs6_8Yj3ofR902O-JmGvOnK4BE
      ┣ X-Request-Id：                   6nnvbC6G_-cRwEVenZzTA
      ┣ sec-ch-ua-platform：             "Windows"
      ┣ Sec-Fetch-Site：                 same-site
      ┣ Sec-Fetch-Mode：                 cors
      ┣ Sec-Fetch-Dest：                 empty
      ┣ ━━━━━━━━━━━━━━━  返回信息 ━━━━━━━━━━━━━━━
      ┣ HTTP响应状态码：                 200
      ┣ 原始类型：                       System.Threading.Tasks.Task<System.Boolean>
      ┣ 最终类型：                       Admin.NET.Core.AdminResult<System.Object>
      ┣ 最终返回值：                     {"code":400,"type":"error","message":"今日已签到","result":null,"extras":null,"time":"2024-05-21T21:36:56.3101744+08:00"}
      ┣ ━━━━━━━━━━━━━━━  业务异常 ━━━━━━━━━━━━━━━
      ┣ 业务码：                         
      ┣ 业务码（原）：                   
      ┣ 业务消息：                       今日已签到
      ┗━━━━━━━━━━━  Logging Monitor ━━━━━━━━━━━
info: 2024-05-21 21:38:58.9491414 +08:00 星期二 L System.Logging.LoggingMonitor[0] #32 '00-b7ba23d44375dd8b289d52f678a626ab-280d4ab7fe4db5bd-00'
      [System.Private.CoreLib.dll] void System.Runtime.CompilerServices.AsyncTaskMethodBuilder<TResult>+AsyncStateMachineBox<TStateMachine>.MoveNext(Thread threadPoolThread)
      ┏━━━━━━━━━━━  Logging Monitor ━━━━━━━━━━━
      ┣ Admin.NET.Core.JuAI.JuAIService.GetSysNotices
      ┣ 
      ┣ 控制器名称：                     JuAIService
      ┣ 操作名称：                       GetSysNotices
      ┣ 显示名称：                       系统消息
      ┣ 路由信息：                       [area]: ; [controller]: juAI; [action]: sysNotices
      ┣ 请求方式：                       GET
      ┣ 请求地址：                       http://localhost:5005/app/api/juai/SysNotices?page=1
      ┣ 来源地址：                       http://localhost:9527/
      ┣ 请求端源：                       client
      ┣ 浏览器标识：                     Mozilla/5.0 (Windows NT 10.0; Win64; x64) AppleWebKit/537.36 (KHTML, like Gecko) Chrome/124.0.0.0 Safari/537.36
      ┣ 客户端区域语言：                 zh-CN,zh;q=0.9
      ┣ 客户端 IP 地址：                 127.0.0.1
      ┣ 服务端 IP 地址：                 127.0.0.1
      ┣ 客户端连接 ID：                  00-b7ba23d44375dd8b289d52f678a626ab-280d4ab7fe4db5bd-00
      ┣ 服务线程 ID：                    #29
      ┣ 执行耗时：                       111ms
      ┣ ━━━━━━━━━━━━━━━  Cookies ━━━━━━━━━━━━━━━
      ┣ 请求端：                         
      ┣ 响应端：                         
      ┣ ━━━━━━━━━━━━━━━  系统信息 ━━━━━━━━━━━━━━━
      ┣ 系统名称：                       Microsoft Windows 10.0.19045
      ┣ 系统架构：                       X64
      ┣ 基础框架：                       Furion.Pure v1.0.0.0
      ┣ .NET 架构：                      .NET 8.0.0
      ┣ ━━━━━━━━━━━━━━━  启动信息 ━━━━━━━━━━━━━━━
      ┣ 运行环境：                       Production
      ┣ 启动程序集：                     Admin.NET.Web.Entry
      ┣ 进程名称：                       Admin.NET.Web.Entry
      ┣ 托管程序：                       Kestrel
      ┣ ━━━━━━━━━━━━━━━  授权信息 ━━━━━━━━━━━━━━━
      ┣ JWT Token：                      Bearer eyJhbGciOiJIUzI1NiIsInR5cCI6IkpXVCJ9.eyJVc2VySWQiOjE0MjEzNDI2MzI3ODc3LCJUZW5hbnRJZCI6MTMwMDAwMDAwMDAwMSwiQWNjb3VudCI6IjE4NjAwNzY2MDQ1IiwiTmlja05hbWUiOiLmgKrlhb3mnaXkuoYiLCJBY2NvdW50VHlwZSI6Nzc3LCJleHAiOjE3MTY3MzI3MDMsIm5iZiI6MTcxNjEyNzkwMywiaWF0IjoxNzE2MTI3OTAzLCJpc3MiOiJndXhpbi5saW5rIiwiYXVkIjoiZ3V4aW4ubGluayJ9.E5LD5xGmUwcB7tVU6SZ-2i4_Eg-xy1joE2Wz0IPNMJ0
      ┣ 
      ┣ UserId (integer64)：             14213426327877
      ┣ TenantId (integer64)：           1300000000001
      ┣ Account (string)：               18600766045
      ┣ NickName (string)：              怪兽来了
      ┣ AccountType (integer32)：        777
      ┣ exp (integer64)：                1716732703 (2024-05-26 22:11:43:0000(+08:00) 星期日 L)
      ┣ nbf (integer64)：                1716127903 (2024-05-19 22:11:43:0000(+08:00) 星期日 L)
      ┣ iat (integer64)：                1716127903 (2024-05-19 22:11:43:0000(+08:00) 星期日 L)
      ┣ iss (string)：                   guxin.link
      ┣ aud (string)：                   guxin.link
      ┣ ━━━━━━━━━━━━━━━  请求头信息 ━━━━━━━━━━━━━━━
      ┣ 
      ┣ Accept：                         application/json, text/plain, */*
      ┣ Connection：                     keep-alive
      ┣ Host：                           localhost:5005
      ┣ User-Agent：                     Mozilla/5.0 (Windows NT 10.0; Win64; x64) AppleWebKit/537.36 (KHTML, like Gecko) Chrome/124.0.0.0 Safari/537.36
      ┣ Accept-Encoding：                gzip, deflate, br, zstd
      ┣ Accept-Language：                zh-CN,zh;q=0.9
      ┣ Authorization：                  Bearer eyJhbGciOiJIUzI1NiIsInR5cCI6IkpXVCJ9.eyJVc2VySWQiOjE0MjEzNDI2MzI3ODc3LCJUZW5hbnRJZCI6MTMwMDAwMDAwMDAwMSwiQWNjb3VudCI6IjE4NjAwNzY2MDQ1IiwiTmlja05hbWUiOiLmgKrlhb3mnaXkuoYiLCJBY2NvdW50VHlwZSI6Nzc3LCJleHAiOjE3MTY3MzI3MDMsIm5iZiI6MTcxNjEyNzkwMywiaWF0IjoxNzE2MTI3OTAzLCJpc3MiOiJndXhpbi5saW5rIiwiYXVkIjoiZ3V4aW4ubGluayJ9.E5LD5xGmUwcB7tVU6SZ-2i4_Eg-xy1joE2Wz0IPNMJ0
      ┣ Cache-Control：                  no-cache
      ┣ Origin：                         http://localhost:9527
      ┣ Pragma：                         no-cache
      ┣ Referer：                        http://localhost:9527/
      ┣ sec-ch-ua：                      "Chromium";v="124", "Google Chrome";v="124", "Not-A.Brand";v="99"
      ┣ DNT：                            1
      ┣ sec-ch-ua-mobile：               ?0
      ┣ X-Authorization：                Bearer eyJhbGciOiJIUzI1NiIsInR5cCI6IkpXVCJ9.eyJmIjoiZXlKaGJHY2lPaUpJVXpJMU5pSXNJblI1Y0NJNklrcFhWQ0o5IiwiZSI6IkU1TEQ1eEdtVXdjQjd0VlU2U1otMmk0X0VnLXh5MWpvRTJXejBJUE5NSjAiLCJzIjo3OSwibCI6MywiayI6IjZJaiIsImlhdCI6MTcxNjEyNzkwMywibmJmIjoxNzE2MTI3OTAzLCJleHAiOjE3MTczMzc1MDMsImlzcyI6Imd1eGluLmxpbmsiLCJhdWQiOiJndXhpbi5saW5rIn0.VCasbsEh70gJEMSsMBs6_8Yj3ofR902O-JmGvOnK4BE
      ┣ X-Request-Id：                   rAj9m-KhZlSAuzDvV65Rz
      ┣ sec-ch-ua-platform：             "Windows"
      ┣ Sec-Fetch-Site：                 same-site
      ┣ Sec-Fetch-Mode：                 cors
      ┣ Sec-Fetch-Dest：                 empty
      ┣ ━━━━━━━━━━━━━━━  参数列表 ━━━━━━━━━━━━━━━
      ┣ Content-Type：                   
      ┣ 
      ┣ page (Int32)：                   1
      ┣ ━━━━━━━━━━━━━━━  返回信息 ━━━━━━━━━━━━━━━
      ┣ HTTP响应状态码：                 200
      ┣ 原始类型：                       System.Threading.Tasks.Task<System.Object>
      ┣ 最终类型：                       Admin.NET.Core.AdminResult<System.Object>
      ┣ 最终返回值：                     {"code":200,"type":"success","message":"","result":[{"title":"升级消息","content":"将升级将升级将升级将升级将升级将升级","type":1,"publicUserId":"1","publicUserName":null,"publicOrgId":"2","publicOrgName":"23","publicTime":"2024-05-07T22:05:48","cancelTime":null,"status":1,"createTime":null,"updateTime":null,"createUserId":null,"createUserName":null,"updateUserId":null,"updateUserName":null,"isDelete":false,"id":"1"}],"extras":null,"time":"2024-05-21T21:38:58.9480963+08:00"}
      ┗━━━━━━━━━━━  Logging Monitor ━━━━━━━━━━━
info: 2024-05-21 21:38:59.0616495 +08:00 星期二 L System.Logging.LoggingMonitor[0] #32 '00-c26a1f4397f8f8ea4bd807ca633737b0-e2e948a6f3b27515-00'
      [System.Private.CoreLib.dll] void System.Runtime.CompilerServices.AsyncTaskMethodBuilder<TResult>+AsyncStateMachineBox<TStateMachine>.MoveNext(Thread threadPoolThread)
      ┏━━━━━━━━━━━  Logging Monitor ━━━━━━━━━━━
      ┣ Admin.NET.Core.JuAI.JuAIService.GetMyStatistics
      ┣ 
      ┣ 控制器名称：                     JuAIService
      ┣ 操作名称：                       GetMyStatistics
      ┣ 显示名称：                       我的统计
      ┣ 路由信息：                       [area]: ; [controller]: juAI; [action]: myStatistics
      ┣ 请求方式：                       GET
      ┣ 请求地址：                       http://localhost:5005/app/api/juai/MyStatistics
      ┣ 来源地址：                       http://localhost:9527/
      ┣ 请求端源：                       client
      ┣ 浏览器标识：                     Mozilla/5.0 (Windows NT 10.0; Win64; x64) AppleWebKit/537.36 (KHTML, like Gecko) Chrome/124.0.0.0 Safari/537.36
      ┣ 客户端区域语言：                 zh-CN,zh;q=0.9
      ┣ 客户端 IP 地址：                 127.0.0.1
      ┣ 服务端 IP 地址：                 127.0.0.1
      ┣ 客户端连接 ID：                  00-c26a1f4397f8f8ea4bd807ca633737b0-e2e948a6f3b27515-00
      ┣ 服务线程 ID：                    #23
      ┣ 执行耗时：                       218ms
      ┣ ━━━━━━━━━━━━━━━  Cookies ━━━━━━━━━━━━━━━
      ┣ 请求端：                         
      ┣ 响应端：                         
      ┣ ━━━━━━━━━━━━━━━  系统信息 ━━━━━━━━━━━━━━━
      ┣ 系统名称：                       Microsoft Windows 10.0.19045
      ┣ 系统架构：                       X64
      ┣ 基础框架：                       Furion.Pure v1.0.0.0
      ┣ .NET 架构：                      .NET 8.0.0
      ┣ ━━━━━━━━━━━━━━━  启动信息 ━━━━━━━━━━━━━━━
      ┣ 运行环境：                       Production
      ┣ 启动程序集：                     Admin.NET.Web.Entry
      ┣ 进程名称：                       Admin.NET.Web.Entry
      ┣ 托管程序：                       Kestrel
      ┣ ━━━━━━━━━━━━━━━  授权信息 ━━━━━━━━━━━━━━━
      ┣ JWT Token：                      Bearer eyJhbGciOiJIUzI1NiIsInR5cCI6IkpXVCJ9.eyJVc2VySWQiOjE0MjEzNDI2MzI3ODc3LCJUZW5hbnRJZCI6MTMwMDAwMDAwMDAwMSwiQWNjb3VudCI6IjE4NjAwNzY2MDQ1IiwiTmlja05hbWUiOiLmgKrlhb3mnaXkuoYiLCJBY2NvdW50VHlwZSI6Nzc3LCJleHAiOjE3MTY3MzI3MDMsIm5iZiI6MTcxNjEyNzkwMywiaWF0IjoxNzE2MTI3OTAzLCJpc3MiOiJndXhpbi5saW5rIiwiYXVkIjoiZ3V4aW4ubGluayJ9.E5LD5xGmUwcB7tVU6SZ-2i4_Eg-xy1joE2Wz0IPNMJ0
      ┣ 
      ┣ UserId (integer64)：             14213426327877
      ┣ TenantId (integer64)：           1300000000001
      ┣ Account (string)：               18600766045
      ┣ NickName (string)：              怪兽来了
      ┣ AccountType (integer32)：        777
      ┣ exp (integer64)：                1716732703 (2024-05-26 22:11:43:0000(+08:00) 星期日 L)
      ┣ nbf (integer64)：                1716127903 (2024-05-19 22:11:43:0000(+08:00) 星期日 L)
      ┣ iat (integer64)：                1716127903 (2024-05-19 22:11:43:0000(+08:00) 星期日 L)
      ┣ iss (string)：                   guxin.link
      ┣ aud (string)：                   guxin.link
      ┣ ━━━━━━━━━━━━━━━  请求头信息 ━━━━━━━━━━━━━━━
      ┣ 
      ┣ Accept：                         application/json, text/plain, */*
      ┣ Connection：                     keep-alive
      ┣ Host：                           localhost:5005
      ┣ User-Agent：                     Mozilla/5.0 (Windows NT 10.0; Win64; x64) AppleWebKit/537.36 (KHTML, like Gecko) Chrome/124.0.0.0 Safari/537.36
      ┣ Accept-Encoding：                gzip, deflate, br, zstd
      ┣ Accept-Language：                zh-CN,zh;q=0.9
      ┣ Authorization：                  Bearer eyJhbGciOiJIUzI1NiIsInR5cCI6IkpXVCJ9.eyJVc2VySWQiOjE0MjEzNDI2MzI3ODc3LCJUZW5hbnRJZCI6MTMwMDAwMDAwMDAwMSwiQWNjb3VudCI6IjE4NjAwNzY2MDQ1IiwiTmlja05hbWUiOiLmgKrlhb3mnaXkuoYiLCJBY2NvdW50VHlwZSI6Nzc3LCJleHAiOjE3MTY3MzI3MDMsIm5iZiI6MTcxNjEyNzkwMywiaWF0IjoxNzE2MTI3OTAzLCJpc3MiOiJndXhpbi5saW5rIiwiYXVkIjoiZ3V4aW4ubGluayJ9.E5LD5xGmUwcB7tVU6SZ-2i4_Eg-xy1joE2Wz0IPNMJ0
      ┣ Cache-Control：                  no-cache
      ┣ Origin：                         http://localhost:9527
      ┣ Pragma：                         no-cache
      ┣ Referer：                        http://localhost:9527/
      ┣ sec-ch-ua：                      "Chromium";v="124", "Google Chrome";v="124", "Not-A.Brand";v="99"
      ┣ DNT：                            1
      ┣ sec-ch-ua-mobile：               ?0
      ┣ X-Authorization：                Bearer eyJhbGciOiJIUzI1NiIsInR5cCI6IkpXVCJ9.eyJmIjoiZXlKaGJHY2lPaUpJVXpJMU5pSXNJblI1Y0NJNklrcFhWQ0o5IiwiZSI6IkU1TEQ1eEdtVXdjQjd0VlU2U1otMmk0X0VnLXh5MWpvRTJXejBJUE5NSjAiLCJzIjo3OSwibCI6MywiayI6IjZJaiIsImlhdCI6MTcxNjEyNzkwMywibmJmIjoxNzE2MTI3OTAzLCJleHAiOjE3MTczMzc1MDMsImlzcyI6Imd1eGluLmxpbmsiLCJhdWQiOiJndXhpbi5saW5rIn0.VCasbsEh70gJEMSsMBs6_8Yj3ofR902O-JmGvOnK4BE
      ┣ X-Request-Id：                   TODxfW4ZLnjZCNwvZ9jVR
      ┣ sec-ch-ua-platform：             "Windows"
      ┣ Sec-Fetch-Site：                 same-site
      ┣ Sec-Fetch-Mode：                 cors
      ┣ Sec-Fetch-Dest：                 empty
      ┣ ━━━━━━━━━━━━━━━  返回信息 ━━━━━━━━━━━━━━━
      ┣ HTTP响应状态码：                 200
      ┣ 原始类型：                       System.Threading.Tasks.Task<System.Object>
      ┣ 最终类型：                       Admin.NET.Core.AdminResult<System.Object>
      ┣ 最终返回值：                     {"code":200,"type":"success","message":"","result":{"chatCount":120,"drawingCount":54,"jifenCount":"1738209","visitCount":0},"extras":null,"time":"2024-05-21T21:38:59.0604013+08:00"}
      ┗━━━━━━━━━━━  Logging Monitor ━━━━━━━━━━━
info: 2024-05-21 21:39:16.2192126 +08:00 星期二 L System.Logging.LoggingMonitor[0] #30 '00-cf55946d98ad64a4f2d8f604083d9310-e7fdf9e8b74ae9a5-00'
      [System.Private.CoreLib.dll] void System.Runtime.CompilerServices.AsyncTaskMethodBuilder<TResult>+AsyncStateMachineBox<TStateMachine>.MoveNext(Thread threadPoolThread)
      ┏━━━━━━━━━━━  Logging Monitor ━━━━━━━━━━━
      ┣ Admin.NET.Core.JuAI.AiModelService.GetModels
      ┣ 
      ┣ 控制器名称：                AiModelService
      ┣ 操作名称：                  GetModels
      ┣ 显示名称：                  
      ┣ 路由信息：                  [area]: ; [controller]: aiModel; [action]: models
      ┣ 请求方式：                  GET
      ┣ 请求地址：                  http://localhost:5005/app/api/aimodel/models
      ┣ 来源地址：                  http://localhost:9527/
      ┣ 请求端源：                  client
      ┣ 浏览器标识：                Mozilla/5.0 (Windows NT 10.0; Win64; x64) AppleWebKit/537.36 (KHTML, like Gecko) Chrome/124.0.0.0 Safari/537.36
      ┣ 客户端区域语言：            zh-CN,zh;q=0.9
      ┣ 客户端 IP 地址：            127.0.0.1
      ┣ 服务端 IP 地址：            127.0.0.1
      ┣ 客户端连接 ID：             00-cf55946d98ad64a4f2d8f604083d9310-e7fdf9e8b74ae9a5-00
      ┣ 服务线程 ID：               #29
      ┣ 执行耗时：                  116ms
      ┣ ━━━━━━━━━━━━━━━  Cookies ━━━━━━━━━━━━━━━
      ┣ 请求端：                    
      ┣ 响应端：                    
      ┣ ━━━━━━━━━━━━━━━  系统信息 ━━━━━━━━━━━━━━━
      ┣ 系统名称：                  Microsoft Windows 10.0.19045
      ┣ 系统架构：                  X64
      ┣ 基础框架：                  Furion.Pure v1.0.0.0
      ┣ .NET 架构：                 .NET 8.0.0
      ┣ ━━━━━━━━━━━━━━━  启动信息 ━━━━━━━━━━━━━━━
      ┣ 运行环境：                  Production
      ┣ 启动程序集：                Admin.NET.Web.Entry
      ┣ 进程名称：                  Admin.NET.Web.Entry
      ┣ 托管程序：                  Kestrel
      ┣ ━━━━━━━━━━━━━━━  请求头信息 ━━━━━━━━━━━━━━━
      ┣ 
      ┣ Accept：                    application/json, text/plain, */*
      ┣ Connection：                keep-alive
      ┣ Host：                      localhost:5005
      ┣ User-Agent：                Mozilla/5.0 (Windows NT 10.0; Win64; x64) AppleWebKit/537.36 (KHTML, like Gecko) Chrome/124.0.0.0 Safari/537.36
      ┣ Accept-Encoding：           gzip, deflate, br, zstd
      ┣ Accept-Language：           zh-CN,zh;q=0.9
      ┣ Authorization：             Bearer eyJhbGciOiJIUzI1NiIsInR5cCI6IkpXVCJ9.eyJVc2VySWQiOjE0MjEzNDI2MzI3ODc3LCJUZW5hbnRJZCI6MTMwMDAwMDAwMDAwMSwiQWNjb3VudCI6IjE4NjAwNzY2MDQ1IiwiTmlja05hbWUiOiLmgKrlhb3mnaXkuoYiLCJBY2NvdW50VHlwZSI6Nzc3LCJleHAiOjE3MTY3MzI3MDMsIm5iZiI6MTcxNjEyNzkwMywiaWF0IjoxNzE2MTI3OTAzLCJpc3MiOiJndXhpbi5saW5rIiwiYXVkIjoiZ3V4aW4ubGluayJ9.E5LD5xGmUwcB7tVU6SZ-2i4_Eg-xy1joE2Wz0IPNMJ0
      ┣ Cache-Control：             no-cache
      ┣ Origin：                    http://localhost:9527
      ┣ Pragma：                    no-cache
      ┣ Referer：                   http://localhost:9527/
      ┣ sec-ch-ua：                 "Chromium";v="124", "Google Chrome";v="124", "Not-A.Brand";v="99"
      ┣ DNT：                       1
      ┣ sec-ch-ua-mobile：          ?0
      ┣ X-Authorization：           Bearer eyJhbGciOiJIUzI1NiIsInR5cCI6IkpXVCJ9.eyJmIjoiZXlKaGJHY2lPaUpJVXpJMU5pSXNJblI1Y0NJNklrcFhWQ0o5IiwiZSI6IkU1TEQ1eEdtVXdjQjd0VlU2U1otMmk0X0VnLXh5MWpvRTJXejBJUE5NSjAiLCJzIjo3OSwibCI6MywiayI6IjZJaiIsImlhdCI6MTcxNjEyNzkwMywibmJmIjoxNzE2MTI3OTAzLCJleHAiOjE3MTczMzc1MDMsImlzcyI6Imd1eGluLmxpbmsiLCJhdWQiOiJndXhpbi5saW5rIn0.VCasbsEh70gJEMSsMBs6_8Yj3ofR902O-JmGvOnK4BE
      ┣ X-Request-Id：              OiU5OyLCO96lKUCISYk6L
      ┣ sec-ch-ua-platform：        "Windows"
      ┣ Sec-Fetch-Site：            same-site
      ┣ Sec-Fetch-Mode：            cors
      ┣ Sec-Fetch-Dest：            empty
      ┣ ━━━━━━━━━━━━━━━  返回信息 ━━━━━━━━━━━━━━━
      ┣ HTTP响应状态码：            200
      ┣ 原始类型：                  System.Threading.Tasks.Task<System.Collections.Generic.IList<Admin.NET.Core.JuAI.ChatModel>>
      ┣ 最终类型：                  Admin.NET.Core.AdminResult<System.Object>
      ┣ 最终返回值：                {"code":200,"type":"success","message":"","result":[{"modelId":"openai:gpt-3.5-turbo","name":"GPT-3.5","shortName":"GPT-3.5","avatarUrl":"http://filetest.guxin.link/init/gpt35.png","modelType":0,"category":"openai","url":"/app/api/chatOpenai/chat","maxToken":0,"thousandTokenCoin":0.0,"desc":"速度快，成本低","createTime":"2023-12-24T00:16:05","updateTime":null,"createUserId":"1300000000111","createUser":null,"updateUserId":null,"isDelete":false,"id":"31022838502469"},{"modelId":"openai:gpt-3.5-turbo-16k
      ┗━━━━━━━━━━━  Logging Monitor ━━━━━━━━━━━
info: 2024-05-21 21:40:49.8782595 +08:00 星期二 L System.Logging.LoggingMonitor[0] #27 '00-f4a99073f40f4346317c901c42767b44-74324403df98f891-00'
      [System.Private.CoreLib.dll] void System.Runtime.CompilerServices.AsyncTaskMethodBuilder<TResult>+AsyncStateMachineBox<TStateMachine>.MoveNext(Thread threadPoolThread)
      ┏━━━━━━━━━━━  Logging Monitor ━━━━━━━━━━━
      ┣ Admin.NET.Core.JuAI.Service.AIDrawing.DrawingImageService.GetRecommend
      ┣ 
      ┣ 控制器名称：                         DrawingImageService
      ┣ 操作名称：                           GetRecommend
      ┣ 显示名称：                           
      ┣ 路由信息：                           [area]: ; [controller]: drawingImage; [action]: recommend
      ┣ 请求方式：                           GET
      ┣ 请求地址：                           http://localhost:5005/app/api/DrawingImage/Recommend/dalle
      ┣ 来源地址：                           http://localhost:9527/
      ┣ 请求端源：                           client
      ┣ 浏览器标识：                         Mozilla/5.0 (Windows NT 10.0; Win64; x64) AppleWebKit/537.36 (KHTML, like Gecko) Chrome/124.0.0.0 Safari/537.36
      ┣ 客户端区域语言：                     zh-CN,zh;q=0.9
      ┣ 客户端 IP 地址：                     127.0.0.1
      ┣ 服务端 IP 地址：                     127.0.0.1
      ┣ 客户端连接 ID：                      00-f4a99073f40f4346317c901c42767b44-74324403df98f891-00
      ┣ 服务线程 ID：                        #27
      ┣ 执行耗时：                           67ms
      ┣ ━━━━━━━━━━━━━━━  Cookies ━━━━━━━━━━━━━━━
      ┣ 请求端：                             
      ┣ 响应端：                             
      ┣ ━━━━━━━━━━━━━━━  系统信息 ━━━━━━━━━━━━━━━
      ┣ 系统名称：                           Microsoft Windows 10.0.19045
      ┣ 系统架构：                           X64
      ┣ 基础框架：                           Furion.Pure v1.0.0.0
      ┣ .NET 架构：                          .NET 8.0.0
      ┣ ━━━━━━━━━━━━━━━  启动信息 ━━━━━━━━━━━━━━━
      ┣ 运行环境：                           Production
      ┣ 启动程序集：                         Admin.NET.Web.Entry
      ┣ 进程名称：                           Admin.NET.Web.Entry
      ┣ 托管程序：                           Kestrel
      ┣ ━━━━━━━━━━━━━━━  请求头信息 ━━━━━━━━━━━━━━━
      ┣ 
      ┣ Accept：                             application/json, text/plain, */*
      ┣ Connection：                         keep-alive
      ┣ Host：                               localhost:5005
      ┣ User-Agent：                         Mozilla/5.0 (Windows NT 10.0; Win64; x64) AppleWebKit/537.36 (KHTML, like Gecko) Chrome/124.0.0.0 Safari/537.36
      ┣ Accept-Encoding：                    gzip, deflate, br, zstd
      ┣ Accept-Language：                    zh-CN,zh;q=0.9
      ┣ Authorization：                      Bearer eyJhbGciOiJIUzI1NiIsInR5cCI6IkpXVCJ9.eyJVc2VySWQiOjE0MjEzNDI2MzI3ODc3LCJUZW5hbnRJZCI6MTMwMDAwMDAwMDAwMSwiQWNjb3VudCI6IjE4NjAwNzY2MDQ1IiwiTmlja05hbWUiOiLmgKrlhb3mnaXkuoYiLCJBY2NvdW50VHlwZSI6Nzc3LCJleHAiOjE3MTY3MzI3MDMsIm5iZiI6MTcxNjEyNzkwMywiaWF0IjoxNzE2MTI3OTAzLCJpc3MiOiJndXhpbi5saW5rIiwiYXVkIjoiZ3V4aW4ubGluayJ9.E5LD5xGmUwcB7tVU6SZ-2i4_Eg-xy1joE2Wz0IPNMJ0
      ┣ Cache-Control：                      no-cache
      ┣ Origin：                             http://localhost:9527
      ┣ Pragma：                             no-cache
      ┣ Referer：                            http://localhost:9527/
      ┣ sec-ch-ua：                          "Chromium";v="124", "Google Chrome";v="124", "Not-A.Brand";v="99"
      ┣ DNT：                                1
      ┣ sec-ch-ua-mobile：                   ?0
      ┣ X-Authorization：                    Bearer eyJhbGciOiJIUzI1NiIsInR5cCI6IkpXVCJ9.eyJmIjoiZXlKaGJHY2lPaUpJVXpJMU5pSXNJblI1Y0NJNklrcFhWQ0o5IiwiZSI6IkU1TEQ1eEdtVXdjQjd0VlU2U1otMmk0X0VnLXh5MWpvRTJXejBJUE5NSjAiLCJzIjo3OSwibCI6MywiayI6IjZJaiIsImlhdCI6MTcxNjEyNzkwMywibmJmIjoxNzE2MTI3OTAzLCJleHAiOjE3MTczMzc1MDMsImlzcyI6Imd1eGluLmxpbmsiLCJhdWQiOiJndXhpbi5saW5rIn0.VCasbsEh70gJEMSsMBs6_8Yj3ofR902O-JmGvOnK4BE
      ┣ X-Request-Id：                       07LO2korkwCXP2sZhG0hN
      ┣ sec-ch-ua-platform：                 "Windows"
      ┣ Sec-Fetch-Site：                     same-site
      ┣ Sec-Fetch-Mode：                     cors
      ┣ Sec-Fetch-Dest：                     empty
      ┣ ━━━━━━━━━━━━━━━  参数列表 ━━━━━━━━━━━━━━━
      ┣ Content-Type：                       
      ┣ 
      ┣ imageType (DrawingTypeEnum)：        0
      ┣ minDate (Nullable`1)：               
      ┣ ━━━━━━━━━━━━━━━  返回信息 ━━━━━━━━━━━━━━━
      ┣ HTTP响应状态码：                     200
      ┣ 原始类型：                           System.Threading.Tasks.Task<System.Collections.Generic.IList<Admin.NET.Core.JuAI.Service.ChatgptImageRes>>
      ┣ 最终类型：                           Admin.NET.Core.AdminResult<System.Object>
      ┣ 最终返回值：                         {"code":200,"type":"success","message":"","result":[{"id":"31325892048453","prompt":"日本街道，夜晚，霓虹灯，酒屋，美女，（厚漆风格：1.3），（广角镜头：1.4），（最佳照明），4K Unity，（超详细CG：1.2）， (8K: 1.2)，辛烷值渲染","promptEn":"Japanese streets, night, neon lights, sake bars, beautiful women, (thick lacquer style: 1.3), (wide-angle lens: 1.4), (optimal lighting), 4K Unity, (super detailed CG: 1.2), (8K: 1.2), octane rendering.","url":"http://filetest.guxin.link/YiShuZi_Image/31325892087877.jpg","executionStatus":0,"drawingType":0,"createUs
      ┗━━━━━━━━━━━  Logging Monitor ━━━━━━━━━━━
info: 2024-05-21 21:40:50.1711932 +08:00 星期二 L System.Logging.LoggingMonitor[0] #3 '00-4b46420c43e2e627fb5fb0b799f7f67e-9b923ee6b151a3e7-00'
      [System.Private.CoreLib.dll] void System.Runtime.CompilerServices.AsyncTaskMethodBuilder<TResult>+AsyncStateMachineBox<TStateMachine>.MoveNext(Thread threadPoolThread)
      ┏━━━━━━━━━━━  Logging Monitor ━━━━━━━━━━━
      ┣ Admin.NET.Core.JuAI.Service.AIDrawing.DrawingImageService.GetMyAll
      ┣ 
      ┣ 控制器名称：                     DrawingImageService
      ┣ 操作名称：                       GetMyAll
      ┣ 显示名称：                       
      ┣ 路由信息：                       [area]: ; [controller]: drawingImage; [action]: myAll
      ┣ 请求方式：                       GET
      ┣ 请求地址：                       http://localhost:5005/app/api/DrawingImage/MyALl?drawingType=dalle&minId=
      ┣ 来源地址：                       http://localhost:9527/
      ┣ 请求端源：                       client
      ┣ 浏览器标识：                     Mozilla/5.0 (Windows NT 10.0; Win64; x64) AppleWebKit/537.36 (KHTML, like Gecko) Chrome/124.0.0.0 Safari/537.36
      ┣ 客户端区域语言：                 zh-CN,zh;q=0.9
      ┣ 客户端 IP 地址：                 127.0.0.1
      ┣ 服务端 IP 地址：                 127.0.0.1
      ┣ 客户端连接 ID：                  00-4b46420c43e2e627fb5fb0b799f7f67e-9b923ee6b151a3e7-00
      ┣ 服务线程 ID：                    #30
      ┣ 执行耗时：                       69ms
      ┣ ━━━━━━━━━━━━━━━  Cookies ━━━━━━━━━━━━━━━
      ┣ 请求端：                         
      ┣ 响应端：                         
      ┣ ━━━━━━━━━━━━━━━  系统信息 ━━━━━━━━━━━━━━━
      ┣ 系统名称：                       Microsoft Windows 10.0.19045
      ┣ 系统架构：                       X64
      ┣ 基础框架：                       Furion.Pure v1.0.0.0
      ┣ .NET 架构：                      .NET 8.0.0
      ┣ ━━━━━━━━━━━━━━━  启动信息 ━━━━━━━━━━━━━━━
      ┣ 运行环境：                       Production
      ┣ 启动程序集：                     Admin.NET.Web.Entry
      ┣ 进程名称：                       Admin.NET.Web.Entry
      ┣ 托管程序：                       Kestrel
      ┣ ━━━━━━━━━━━━━━━  授权信息 ━━━━━━━━━━━━━━━
      ┣ JWT Token：                      Bearer eyJhbGciOiJIUzI1NiIsInR5cCI6IkpXVCJ9.eyJVc2VySWQiOjE0MjEzNDI2MzI3ODc3LCJUZW5hbnRJZCI6MTMwMDAwMDAwMDAwMSwiQWNjb3VudCI6IjE4NjAwNzY2MDQ1IiwiTmlja05hbWUiOiLmgKrlhb3mnaXkuoYiLCJBY2NvdW50VHlwZSI6Nzc3LCJleHAiOjE3MTY3MzI3MDMsIm5iZiI6MTcxNjEyNzkwMywiaWF0IjoxNzE2MTI3OTAzLCJpc3MiOiJndXhpbi5saW5rIiwiYXVkIjoiZ3V4aW4ubGluayJ9.E5LD5xGmUwcB7tVU6SZ-2i4_Eg-xy1joE2Wz0IPNMJ0
      ┣ 
      ┣ UserId (integer64)：             14213426327877
      ┣ TenantId (integer64)：           1300000000001
      ┣ Account (string)：               18600766045
      ┣ NickName (string)：              怪兽来了
      ┣ AccountType (integer32)：        777
      ┣ exp (integer64)：                1716732703 (2024-05-26 22:11:43:0000(+08:00) 星期日 L)
      ┣ nbf (integer64)：                1716127903 (2024-05-19 22:11:43:0000(+08:00) 星期日 L)
      ┣ iat (integer64)：                1716127903 (2024-05-19 22:11:43:0000(+08:00) 星期日 L)
      ┣ iss (string)：                   guxin.link
      ┣ aud (string)：                   guxin.link
      ┣ ━━━━━━━━━━━━━━━  请求头信息 ━━━━━━━━━━━━━━━
      ┣ 
      ┣ Accept：                         application/json, text/plain, */*
      ┣ Connection：                     keep-alive
      ┣ Host：                           localhost:5005
      ┣ User-Agent：                     Mozilla/5.0 (Windows NT 10.0; Win64; x64) AppleWebKit/537.36 (KHTML, like Gecko) Chrome/124.0.0.0 Safari/537.36
      ┣ Accept-Encoding：                gzip, deflate, br, zstd
      ┣ Accept-Language：                zh-CN,zh;q=0.9
      ┣ Authorization：                  Bearer eyJhbGciOiJIUzI1NiIsInR5cCI6IkpXVCJ9.eyJVc2VySWQiOjE0MjEzNDI2MzI3ODc3LCJUZW5hbnRJZCI6MTMwMDAwMDAwMDAwMSwiQWNjb3VudCI6IjE4NjAwNzY2MDQ1IiwiTmlja05hbWUiOiLmgKrlhb3mnaXkuoYiLCJBY2NvdW50VHlwZSI6Nzc3LCJleHAiOjE3MTY3MzI3MDMsIm5iZiI6MTcxNjEyNzkwMywiaWF0IjoxNzE2MTI3OTAzLCJpc3MiOiJndXhpbi5saW5rIiwiYXVkIjoiZ3V4aW4ubGluayJ9.E5LD5xGmUwcB7tVU6SZ-2i4_Eg-xy1joE2Wz0IPNMJ0
      ┣ Cache-Control：                  no-cache
      ┣ Origin：                         http://localhost:9527
      ┣ Pragma：                         no-cache
      ┣ Referer：                        http://localhost:9527/
      ┣ sec-ch-ua：                      "Chromium";v="124", "Google Chrome";v="124", "Not-A.Brand";v="99"
      ┣ DNT：                            1
      ┣ sec-ch-ua-mobile：               ?0
      ┣ X-Authorization：                Bearer eyJhbGciOiJIUzI1NiIsInR5cCI6IkpXVCJ9.eyJmIjoiZXlKaGJHY2lPaUpJVXpJMU5pSXNJblI1Y0NJNklrcFhWQ0o5IiwiZSI6IkU1TEQ1eEdtVXdjQjd0VlU2U1otMmk0X0VnLXh5MWpvRTJXejBJUE5NSjAiLCJzIjo3OSwibCI6MywiayI6IjZJaiIsImlhdCI6MTcxNjEyNzkwMywibmJmIjoxNzE2MTI3OTAzLCJleHAiOjE3MTczMzc1MDMsImlzcyI6Imd1eGluLmxpbmsiLCJhdWQiOiJndXhpbi5saW5rIn0.VCasbsEh70gJEMSsMBs6_8Yj3ofR902O-JmGvOnK4BE
      ┣ X-Request-Id：                   vlos7aU6YJRKFl6c27A1U
      ┣ sec-ch-ua-platform：             "Windows"
      ┣ Sec-Fetch-Site：                 same-site
      ┣ Sec-Fetch-Mode：                 cors
      ┣ Sec-Fetch-Dest：                 empty
      ┣ ━━━━━━━━━━━━━━━  参数列表 ━━━━━━━━━━━━━━━
      ┣ Content-Type：                   
      ┣ 
      ┣ imageType (Nullable`1)：         
      ┣ minId (Nullable`1)：             
      ┣ ━━━━━━━━━━━━━━━  返回信息 ━━━━━━━━━━━━━━━
      ┣ HTTP响应状态码：                 200
      ┣ 原始类型：                       System.Threading.Tasks.Task<System.Collections.Generic.IList<Admin.NET.Core.JuAI.Service.ChatgptImageRes>>
      ┣ 最终类型：                       Admin.NET.Core.AdminResult<System.Object>
      ┣ 最终返回值：                     {"code":200,"type":"success","message":"","result":[{"id":"34229284909125","prompt":"一个亚洲婴儿在妈妈的怀里安静的入睡。","promptEn":"A baby in Asia falls asleep peacefully in their mother's arms.","url":"http://filetest.guxin.link/YiShuZi_Image/31325892087877.jpg","executionStatus":1,"drawingType":0,"createUserId":"14213426327877"},{"id":"34227932688453","prompt":"一个亚洲婴儿在妈妈的怀里安静的入睡。","promptEn":"A baby in Asia peacefully falls asleep in their mother's arms.","url":null,"executionStatus":1,"drawingType":0,"creat
      ┗━━━━━━━━━━━  Logging Monitor ━━━━━━━━━━━
info: 2024-05-21 21:42:01.0364051 +08:00 星期二 L System.Logging.LoggingMonitor[0] #37 '00-91d4624f4a1f459fe355c55a23fd023d-b332e021c74d3a23-00'
      [System.Private.CoreLib.dll] void System.Runtime.CompilerServices.AsyncTaskMethodBuilder<TResult>+AsyncStateMachineBox<TStateMachine>.MoveNext(Thread threadPoolThread)
      ┏━━━━━━━━━━━  Logging Monitor ━━━━━━━━━━━
      ┣ Admin.NET.Core.JuAI.Service.AIDrawing.DrawingImageService.GetRecommend
      ┣ 
      ┣ 控制器名称：                         DrawingImageService
      ┣ 操作名称：                           GetRecommend
      ┣ 显示名称：                           
      ┣ 路由信息：                           [area]: ; [controller]: drawingImage; [action]: recommend
      ┣ 请求方式：                           GET
      ┣ 请求地址：                           http://localhost:5005/app/api/DrawingImage/Recommend/dalle
      ┣ 来源地址：                           http://localhost:9527/
      ┣ 请求端源：                           client
      ┣ 浏览器标识：                         Mozilla/5.0 (Windows NT 10.0; Win64; x64) AppleWebKit/537.36 (KHTML, like Gecko) Chrome/124.0.0.0 Safari/537.36
      ┣ 客户端区域语言：                     zh-CN,zh;q=0.9
      ┣ 客户端 IP 地址：                     127.0.0.1
      ┣ 服务端 IP 地址：                     127.0.0.1
      ┣ 客户端连接 ID：                      00-91d4624f4a1f459fe355c55a23fd023d-b332e021c74d3a23-00
      ┣ 服务线程 ID：                        #37
      ┣ 执行耗时：                           54ms
      ┣ ━━━━━━━━━━━━━━━  Cookies ━━━━━━━━━━━━━━━
      ┣ 请求端：                             
      ┣ 响应端：                             
      ┣ ━━━━━━━━━━━━━━━  系统信息 ━━━━━━━━━━━━━━━
      ┣ 系统名称：                           Microsoft Windows 10.0.19045
      ┣ 系统架构：                           X64
      ┣ 基础框架：                           Furion.Pure v1.0.0.0
      ┣ .NET 架构：                          .NET 8.0.0
      ┣ ━━━━━━━━━━━━━━━  启动信息 ━━━━━━━━━━━━━━━
      ┣ 运行环境：                           Production
      ┣ 启动程序集：                         Admin.NET.Web.Entry
      ┣ 进程名称：                           Admin.NET.Web.Entry
      ┣ 托管程序：                           Kestrel
      ┣ ━━━━━━━━━━━━━━━  请求头信息 ━━━━━━━━━━━━━━━
      ┣ 
      ┣ Accept：                             application/json, text/plain, */*
      ┣ Connection：                         keep-alive
      ┣ Host：                               localhost:5005
      ┣ User-Agent：                         Mozilla/5.0 (Windows NT 10.0; Win64; x64) AppleWebKit/537.36 (KHTML, like Gecko) Chrome/124.0.0.0 Safari/537.36
      ┣ Accept-Encoding：                    gzip, deflate, br, zstd
      ┣ Accept-Language：                    zh-CN,zh;q=0.9
      ┣ Authorization：                      Bearer eyJhbGciOiJIUzI1NiIsInR5cCI6IkpXVCJ9.eyJVc2VySWQiOjE0MjEzNDI2MzI3ODc3LCJUZW5hbnRJZCI6MTMwMDAwMDAwMDAwMSwiQWNjb3VudCI6IjE4NjAwNzY2MDQ1IiwiTmlja05hbWUiOiLmgKrlhb3mnaXkuoYiLCJBY2NvdW50VHlwZSI6Nzc3LCJleHAiOjE3MTY3MzI3MDMsIm5iZiI6MTcxNjEyNzkwMywiaWF0IjoxNzE2MTI3OTAzLCJpc3MiOiJndXhpbi5saW5rIiwiYXVkIjoiZ3V4aW4ubGluayJ9.E5LD5xGmUwcB7tVU6SZ-2i4_Eg-xy1joE2Wz0IPNMJ0
      ┣ Cache-Control：                      no-cache
      ┣ Origin：                             http://localhost:9527
      ┣ Pragma：                             no-cache
      ┣ Referer：                            http://localhost:9527/
      ┣ sec-ch-ua：                          "Chromium";v="124", "Google Chrome";v="124", "Not-A.Brand";v="99"
      ┣ DNT：                                1
      ┣ sec-ch-ua-mobile：                   ?0
      ┣ X-Authorization：                    Bearer eyJhbGciOiJIUzI1NiIsInR5cCI6IkpXVCJ9.eyJmIjoiZXlKaGJHY2lPaUpJVXpJMU5pSXNJblI1Y0NJNklrcFhWQ0o5IiwiZSI6IkU1TEQ1eEdtVXdjQjd0VlU2U1otMmk0X0VnLXh5MWpvRTJXejBJUE5NSjAiLCJzIjo3OSwibCI6MywiayI6IjZJaiIsImlhdCI6MTcxNjEyNzkwMywibmJmIjoxNzE2MTI3OTAzLCJleHAiOjE3MTczMzc1MDMsImlzcyI6Imd1eGluLmxpbmsiLCJhdWQiOiJndXhpbi5saW5rIn0.VCasbsEh70gJEMSsMBs6_8Yj3ofR902O-JmGvOnK4BE
      ┣ X-Request-Id：                       G-KMJA0QV42lE0MxzMQ-L
      ┣ sec-ch-ua-platform：                 "Windows"
      ┣ Sec-Fetch-Site：                     same-site
      ┣ Sec-Fetch-Mode：                     cors
      ┣ Sec-Fetch-Dest：                     empty
      ┣ ━━━━━━━━━━━━━━━  参数列表 ━━━━━━━━━━━━━━━
      ┣ Content-Type：                       
      ┣ 
      ┣ imageType (DrawingTypeEnum)：        0
      ┣ minDate (Nullable`1)：               
      ┣ ━━━━━━━━━━━━━━━  返回信息 ━━━━━━━━━━━━━━━
      ┣ HTTP响应状态码：                     200
      ┣ 原始类型：                           System.Threading.Tasks.Task<System.Collections.Generic.IList<Admin.NET.Core.JuAI.Service.ChatgptImageRes>>
      ┣ 最终类型：                           Admin.NET.Core.AdminResult<System.Object>
      ┣ 最终返回值：                         {"code":200,"type":"success","message":"","result":[{"id":"31325892048453","prompt":"日本街道，夜晚，霓虹灯，酒屋，美女，（厚漆风格：1.3），（广角镜头：1.4），（最佳照明），4K Unity，（超详细CG：1.2）， (8K: 1.2)，辛烷值渲染","promptEn":"Japanese streets, night, neon lights, sake bars, beautiful women, (thick lacquer style: 1.3), (wide-angle lens: 1.4), (optimal lighting), 4K Unity, (super detailed CG: 1.2), (8K: 1.2), octane rendering.","url":"http://filetest.guxin.link/YiShuZi_Image/31325892087877.jpg","executionStatus":0,"drawingType":0,"createUs
      ┗━━━━━━━━━━━  Logging Monitor ━━━━━━━━━━━
info: 2024-05-21 21:42:01.3478648 +08:00 星期二 L System.Logging.LoggingMonitor[0] #31 '00-dcbd74e1b3f84bd6a192ee4db80d3073-e566a2a334adeb80-00'
      [System.Private.CoreLib.dll] void System.Runtime.CompilerServices.AsyncTaskMethodBuilder<TResult>+AsyncStateMachineBox<TStateMachine>.MoveNext(Thread threadPoolThread)
      ┏━━━━━━━━━━━  Logging Monitor ━━━━━━━━━━━
      ┣ Admin.NET.Core.JuAI.Service.AIDrawing.DrawingImageService.GetMyAll
      ┣ 
      ┣ 控制器名称：                     DrawingImageService
      ┣ 操作名称：                       GetMyAll
      ┣ 显示名称：                       
      ┣ 路由信息：                       [area]: ; [controller]: drawingImage; [action]: myAll
      ┣ 请求方式：                       GET
      ┣ 请求地址：                       http://localhost:5005/app/api/DrawingImage/MyALl?drawingType=dalle&minId=
      ┣ 来源地址：                       http://localhost:9527/
      ┣ 请求端源：                       client
      ┣ 浏览器标识：                     Mozilla/5.0 (Windows NT 10.0; Win64; x64) AppleWebKit/537.36 (KHTML, like Gecko) Chrome/124.0.0.0 Safari/537.36
      ┣ 客户端区域语言：                 zh-CN,zh;q=0.9
      ┣ 客户端 IP 地址：                 127.0.0.1
      ┣ 服务端 IP 地址：                 127.0.0.1
      ┣ 客户端连接 ID：                  00-dcbd74e1b3f84bd6a192ee4db80d3073-e566a2a334adeb80-00
      ┣ 服务线程 ID：                    #31
      ┣ 执行耗时：                       56ms
      ┣ ━━━━━━━━━━━━━━━  Cookies ━━━━━━━━━━━━━━━
      ┣ 请求端：                         
      ┣ 响应端：                         
      ┣ ━━━━━━━━━━━━━━━  系统信息 ━━━━━━━━━━━━━━━
      ┣ 系统名称：                       Microsoft Windows 10.0.19045
      ┣ 系统架构：                       X64
      ┣ 基础框架：                       Furion.Pure v1.0.0.0
      ┣ .NET 架构：                      .NET 8.0.0
      ┣ ━━━━━━━━━━━━━━━  启动信息 ━━━━━━━━━━━━━━━
      ┣ 运行环境：                       Production
      ┣ 启动程序集：                     Admin.NET.Web.Entry
      ┣ 进程名称：                       Admin.NET.Web.Entry
      ┣ 托管程序：                       Kestrel
      ┣ ━━━━━━━━━━━━━━━  授权信息 ━━━━━━━━━━━━━━━
      ┣ JWT Token：                      Bearer eyJhbGciOiJIUzI1NiIsInR5cCI6IkpXVCJ9.eyJVc2VySWQiOjE0MjEzNDI2MzI3ODc3LCJUZW5hbnRJZCI6MTMwMDAwMDAwMDAwMSwiQWNjb3VudCI6IjE4NjAwNzY2MDQ1IiwiTmlja05hbWUiOiLmgKrlhb3mnaXkuoYiLCJBY2NvdW50VHlwZSI6Nzc3LCJleHAiOjE3MTY3MzI3MDMsIm5iZiI6MTcxNjEyNzkwMywiaWF0IjoxNzE2MTI3OTAzLCJpc3MiOiJndXhpbi5saW5rIiwiYXVkIjoiZ3V4aW4ubGluayJ9.E5LD5xGmUwcB7tVU6SZ-2i4_Eg-xy1joE2Wz0IPNMJ0
      ┣ 
      ┣ UserId (integer64)：             14213426327877
      ┣ TenantId (integer64)：           1300000000001
      ┣ Account (string)：               18600766045
      ┣ NickName (string)：              怪兽来了
      ┣ AccountType (integer32)：        777
      ┣ exp (integer64)：                1716732703 (2024-05-26 22:11:43:0000(+08:00) 星期日 L)
      ┣ nbf (integer64)：                1716127903 (2024-05-19 22:11:43:0000(+08:00) 星期日 L)
      ┣ iat (integer64)：                1716127903 (2024-05-19 22:11:43:0000(+08:00) 星期日 L)
      ┣ iss (string)：                   guxin.link
      ┣ aud (string)：                   guxin.link
      ┣ ━━━━━━━━━━━━━━━  请求头信息 ━━━━━━━━━━━━━━━
      ┣ 
      ┣ Accept：                         application/json, text/plain, */*
      ┣ Connection：                     keep-alive
      ┣ Host：                           localhost:5005
      ┣ User-Agent：                     Mozilla/5.0 (Windows NT 10.0; Win64; x64) AppleWebKit/537.36 (KHTML, like Gecko) Chrome/124.0.0.0 Safari/537.36
      ┣ Accept-Encoding：                gzip, deflate, br, zstd
      ┣ Accept-Language：                zh-CN,zh;q=0.9
      ┣ Authorization：                  Bearer eyJhbGciOiJIUzI1NiIsInR5cCI6IkpXVCJ9.eyJVc2VySWQiOjE0MjEzNDI2MzI3ODc3LCJUZW5hbnRJZCI6MTMwMDAwMDAwMDAwMSwiQWNjb3VudCI6IjE4NjAwNzY2MDQ1IiwiTmlja05hbWUiOiLmgKrlhb3mnaXkuoYiLCJBY2NvdW50VHlwZSI6Nzc3LCJleHAiOjE3MTY3MzI3MDMsIm5iZiI6MTcxNjEyNzkwMywiaWF0IjoxNzE2MTI3OTAzLCJpc3MiOiJndXhpbi5saW5rIiwiYXVkIjoiZ3V4aW4ubGluayJ9.E5LD5xGmUwcB7tVU6SZ-2i4_Eg-xy1joE2Wz0IPNMJ0
      ┣ Cache-Control：                  no-cache
      ┣ Origin：                         http://localhost:9527
      ┣ Pragma：                         no-cache
      ┣ Referer：                        http://localhost:9527/
      ┣ sec-ch-ua：                      "Chromium";v="124", "Google Chrome";v="124", "Not-A.Brand";v="99"
      ┣ DNT：                            1
      ┣ sec-ch-ua-mobile：               ?0
      ┣ X-Authorization：                Bearer eyJhbGciOiJIUzI1NiIsInR5cCI6IkpXVCJ9.eyJmIjoiZXlKaGJHY2lPaUpJVXpJMU5pSXNJblI1Y0NJNklrcFhWQ0o5IiwiZSI6IkU1TEQ1eEdtVXdjQjd0VlU2U1otMmk0X0VnLXh5MWpvRTJXejBJUE5NSjAiLCJzIjo3OSwibCI6MywiayI6IjZJaiIsImlhdCI6MTcxNjEyNzkwMywibmJmIjoxNzE2MTI3OTAzLCJleHAiOjE3MTczMzc1MDMsImlzcyI6Imd1eGluLmxpbmsiLCJhdWQiOiJndXhpbi5saW5rIn0.VCasbsEh70gJEMSsMBs6_8Yj3ofR902O-JmGvOnK4BE
      ┣ X-Request-Id：                   NwTIuNVmKDBToOoie7Kvx
      ┣ sec-ch-ua-platform：             "Windows"
      ┣ Sec-Fetch-Site：                 same-site
      ┣ Sec-Fetch-Mode：                 cors
      ┣ Sec-Fetch-Dest：                 empty
      ┣ ━━━━━━━━━━━━━━━  参数列表 ━━━━━━━━━━━━━━━
      ┣ Content-Type：                   
      ┣ 
      ┣ imageType (Nullable`1)：         
      ┣ minId (Nullable`1)：             
      ┣ ━━━━━━━━━━━━━━━  返回信息 ━━━━━━━━━━━━━━━
      ┣ HTTP响应状态码：                 200
      ┣ 原始类型：                       System.Threading.Tasks.Task<System.Collections.Generic.IList<Admin.NET.Core.JuAI.Service.ChatgptImageRes>>
      ┣ 最终类型：                       Admin.NET.Core.AdminResult<System.Object>
      ┣ 最终返回值：                     {"code":200,"type":"success","message":"","result":[{"id":"34229284909125","prompt":"一个亚洲婴儿在妈妈的怀里安静的入睡。","promptEn":"A baby in Asia falls asleep peacefully in their mother's arms.","url":"http://filetest.guxin.link/YiShuZi_Image/31325892087877.jpg","executionStatus":1,"drawingType":0,"createUserId":"14213426327877"},{"id":"34227932688453","prompt":"一个亚洲婴儿在妈妈的怀里安静的入睡。","promptEn":"A baby in Asia peacefully falls asleep in their mother's arms.","url":null,"executionStatus":1,"drawingType":0,"creat
      ┗━━━━━━━━━━━  Logging Monitor ━━━━━━━━━━━
info: 2024-05-21 21:42:44.5255156 +08:00 星期二 L System.Net.Http.HttpClient.IOpenAIService.LogicalHandler[100] #31 '00-1a09c0690efa52362cdc73d001242199-c84aaf07afba187c-00'
      [Microsoft.Extensions.Http.dll] async Task<HttpResponseMessage> Microsoft.Extensions.Http.Logging.LoggingScopeHttpMessageHandler.SendCoreAsync(HttpRequestMessage request, bool useAsync, CancellationToken cancellationToken)+Core(?)
      Start processing HTTP request POST http://3.96.174.56:3003/v1/chat/completions
info: 2024-05-21 21:42:44.5499411 +08:00 星期二 L System.Net.Http.HttpClient.IOpenAIService.ClientHandler[100] #31 '00-1a09c0690efa52362cdc73d001242199-c84aaf07afba187c-00'
      [Microsoft.Extensions.Http.dll] async Task<HttpResponseMessage> Microsoft.Extensions.Http.Logging.LoggingHttpMessageHandler.SendCoreAsync(HttpRequestMessage request, bool useAsync, CancellationToken cancellationToken)+Core(?)
      Sending HTTP request POST http://3.96.174.56:3003/v1/chat/completions
info: 2024-05-21 21:42:45.8411383 +08:00 星期二 L System.Net.Http.HttpClient.IOpenAIService.ClientHandler[101] #30 '00-1a09c0690efa52362cdc73d001242199-c84aaf07afba187c-00'
      [Microsoft.Extensions.Http.dll] void Microsoft.Extensions.Http.Logging.LoggingHttpMessageHandler+Log.RequestEnd(ILogger logger, HttpResponseMessage response, TimeSpan duration, Func<string, bool> shouldRedactHeaderValue)
      Received HTTP response headers after 1272.6443ms - 200
info: 2024-05-21 21:42:45.8592518 +08:00 星期二 L System.Net.Http.HttpClient.IOpenAIService.LogicalHandler[101] #30 '00-1a09c0690efa52362cdc73d001242199-c84aaf07afba187c-00'
      [Microsoft.Extensions.Http.dll] void Microsoft.Extensions.Http.Logging.LoggingScopeHttpMessageHandler+Log.RequestPipelineEnd(ILogger logger, HttpResponseMessage response, TimeSpan duration, Func<string, bool> shouldRedactHeaderValue)
      End processing HTTP request after 1337.7732ms - 200
info: 2024-05-21 21:42:46.2619151 +08:00 星期二 L System.Net.Http.HttpClient.IOpenAIService.LogicalHandler[100] #30 '00-1a09c0690efa52362cdc73d001242199-c84aaf07afba187c-00'
      [Microsoft.Extensions.Http.dll] async Task<HttpResponseMessage> Microsoft.Extensions.Http.Logging.LoggingScopeHttpMessageHandler.SendCoreAsync(HttpRequestMessage request, bool useAsync, CancellationToken cancellationToken)+Core(?)
      Start processing HTTP request POST http://3.96.174.56:3003/v1/images/generations
info: 2024-05-21 21:42:46.2710555 +08:00 星期二 L System.Net.Http.HttpClient.IOpenAIService.ClientHandler[100] #30 '00-1a09c0690efa52362cdc73d001242199-c84aaf07afba187c-00'
      [Microsoft.Extensions.Http.dll] async Task<HttpResponseMessage> Microsoft.Extensions.Http.Logging.LoggingHttpMessageHandler.SendCoreAsync(HttpRequestMessage request, bool useAsync, CancellationToken cancellationToken)+Core(?)
      Sending HTTP request POST http://3.96.174.56:3003/v1/images/generations
info: 2024-05-21 21:43:02.7791879 +08:00 星期二 L System.Net.Http.HttpClient.IOpenAIService.ClientHandler[101] #29 '00-1a09c0690efa52362cdc73d001242199-c84aaf07afba187c-00'
      [Microsoft.Extensions.Http.dll] void Microsoft.Extensions.Http.Logging.LoggingHttpMessageHandler+Log.RequestEnd(ILogger logger, HttpResponseMessage response, TimeSpan duration, Func<string, bool> shouldRedactHeaderValue)
      Received HTTP response headers after 16500.3781ms - 200
info: 2024-05-21 21:43:02.7816527 +08:00 星期二 L System.Net.Http.HttpClient.IOpenAIService.LogicalHandler[101] #29 '00-1a09c0690efa52362cdc73d001242199-c84aaf07afba187c-00'
      [Microsoft.Extensions.Http.dll] void Microsoft.Extensions.Http.Logging.LoggingScopeHttpMessageHandler+Log.RequestPipelineEnd(ILogger logger, HttpResponseMessage response, TimeSpan duration, Func<string, bool> shouldRedactHeaderValue)
      End processing HTTP request after 16519.7921ms - 200
info: 2024-05-21 21:43:03.2164881 +08:00 星期二 L System.Logging.LoggingMonitor[0] #29 '00-1a09c0690efa52362cdc73d001242199-c84aaf07afba187c-00'
      [System.Private.CoreLib.dll] void System.Runtime.CompilerServices.AsyncTaskMethodBuilder<TResult>+AsyncStateMachineBox<TStateMachine>.MoveNext(Thread threadPoolThread)
      ┏━━━━━━━━━━━  Logging Monitor ━━━━━━━━━━━
      ┣ Admin.NET.Core.JuAI.Service.DrawingOpenAIService.DrawingAsync
      ┣ 
      ┣ 控制器名称：                           DrawingOpenAIService
      ┣ 操作名称：                             DrawingAsync
      ┣ 显示名称：                             
      ┣ 路由信息：                             [area]: ; [controller]: drawingOpenAI; [action]: drawing
      ┣ 请求方式：                             POST
      ┣ 请求地址：                             http://localhost:5005/app/api/drawingOpenAI/drawing
      ┣ 来源地址：                             http://localhost:9527/
      ┣ 请求端源：                             client
      ┣ 浏览器标识：                           Mozilla/5.0 (Windows NT 10.0; Win64; x64) AppleWebKit/537.36 (KHTML, like Gecko) Chrome/124.0.0.0 Safari/537.36
      ┣ 客户端区域语言：                       zh-CN,zh;q=0.9
      ┣ 客户端 IP 地址：                       127.0.0.1
      ┣ 服务端 IP 地址：                       127.0.0.1
      ┣ 客户端连接 ID：                        00-1a09c0690efa52362cdc73d001242199-c84aaf07afba187c-00
      ┣ 服务线程 ID：                          #31
      ┣ 执行耗时：                             18769ms
      ┣ ━━━━━━━━━━━━━━━  Cookies ━━━━━━━━━━━━━━━
      ┣ 请求端：                               
      ┣ 响应端：                               
      ┣ ━━━━━━━━━━━━━━━  系统信息 ━━━━━━━━━━━━━━━
      ┣ 系统名称：                             Microsoft Windows 10.0.19045
      ┣ 系统架构：                             X64
      ┣ 基础框架：                             Furion.Pure v1.0.0.0
      ┣ .NET 架构：                            .NET 8.0.0
      ┣ ━━━━━━━━━━━━━━━  启动信息 ━━━━━━━━━━━━━━━
      ┣ 运行环境：                             Production
      ┣ 启动程序集：                           Admin.NET.Web.Entry
      ┣ 进程名称：                             Admin.NET.Web.Entry
      ┣ 托管程序：                             Kestrel
      ┣ ━━━━━━━━━━━━━━━  授权信息 ━━━━━━━━━━━━━━━
      ┣ JWT Token：                            Bearer eyJhbGciOiJIUzI1NiIsInR5cCI6IkpXVCJ9.eyJVc2VySWQiOjE0MjEzNDI2MzI3ODc3LCJUZW5hbnRJZCI6MTMwMDAwMDAwMDAwMSwiQWNjb3VudCI6IjE4NjAwNzY2MDQ1IiwiTmlja05hbWUiOiLmgKrlhb3mnaXkuoYiLCJBY2NvdW50VHlwZSI6Nzc3LCJleHAiOjE3MTY3MzI3MDMsIm5iZiI6MTcxNjEyNzkwMywiaWF0IjoxNzE2MTI3OTAzLCJpc3MiOiJndXhpbi5saW5rIiwiYXVkIjoiZ3V4aW4ubGluayJ9.E5LD5xGmUwcB7tVU6SZ-2i4_Eg-xy1joE2Wz0IPNMJ0
      ┣ 
      ┣ UserId (integer64)：                   14213426327877
      ┣ TenantId (integer64)：                 1300000000001
      ┣ Account (string)：                     18600766045
      ┣ NickName (string)：                    怪兽来了
      ┣ AccountType (integer32)：              777
      ┣ exp (integer64)：                      1716732703 (2024-05-26 22:11:43:0000(+08:00) 星期日 L)
      ┣ nbf (integer64)：                      1716127903 (2024-05-19 22:11:43:0000(+08:00) 星期日 L)
      ┣ iat (integer64)：                      1716127903 (2024-05-19 22:11:43:0000(+08:00) 星期日 L)
      ┣ iss (string)：                         guxin.link
      ┣ aud (string)：                         guxin.link
      ┣ ━━━━━━━━━━━━━━━  请求头信息 ━━━━━━━━━━━━━━━
      ┣ 
      ┣ Accept：                               application/json, text/plain, */*
      ┣ Connection：                           keep-alive
      ┣ Host：                                 localhost:5005
      ┣ User-Agent：                           Mozilla/5.0 (Windows NT 10.0; Win64; x64) AppleWebKit/537.36 (KHTML, like Gecko) Chrome/124.0.0.0 Safari/537.36
      ┣ Accept-Encoding：                      gzip, deflate, br, zstd
      ┣ Accept-Language：                      zh-CN,zh;q=0.9
      ┣ Authorization：                        Bearer eyJhbGciOiJIUzI1NiIsInR5cCI6IkpXVCJ9.eyJVc2VySWQiOjE0MjEzNDI2MzI3ODc3LCJUZW5hbnRJZCI6MTMwMDAwMDAwMDAwMSwiQWNjb3VudCI6IjE4NjAwNzY2MDQ1IiwiTmlja05hbWUiOiLmgKrlhb3mnaXkuoYiLCJBY2NvdW50VHlwZSI6Nzc3LCJleHAiOjE3MTY3MzI3MDMsIm5iZiI6MTcxNjEyNzkwMywiaWF0IjoxNzE2MTI3OTAzLCJpc3MiOiJndXhpbi5saW5rIiwiYXVkIjoiZ3V4aW4ubGluayJ9.E5LD5xGmUwcB7tVU6SZ-2i4_Eg-xy1joE2Wz0IPNMJ0
      ┣ Cache-Control：                        no-cache
      ┣ Content-Type：                         application/json
      ┣ Origin：                               http://localhost:9527
      ┣ Pragma：                               no-cache
      ┣ Referer：                              http://localhost:9527/
      ┣ Content-Length：                       72
      ┣ sec-ch-ua：                            "Chromium";v="124", "Google Chrome";v="124", "Not-A.Brand";v="99"
      ┣ DNT：                                  1
      ┣ sec-ch-ua-mobile：                     ?0
      ┣ X-Authorization：                      Bearer eyJhbGciOiJIUzI1NiIsInR5cCI6IkpXVCJ9.eyJmIjoiZXlKaGJHY2lPaUpJVXpJMU5pSXNJblI1Y0NJNklrcFhWQ0o5IiwiZSI6IkU1TEQ1eEdtVXdjQjd0VlU2U1otMmk0X0VnLXh5MWpvRTJXejBJUE5NSjAiLCJzIjo3OSwibCI6MywiayI6IjZJaiIsImlhdCI6MTcxNjEyNzkwMywibmJmIjoxNzE2MTI3OTAzLCJleHAiOjE3MTczMzc1MDMsImlzcyI6Imd1eGluLmxpbmsiLCJhdWQiOiJndXhpbi5saW5rIn0.VCasbsEh70gJEMSsMBs6_8Yj3ofR902O-JmGvOnK4BE
      ┣ X-Request-Id：                         1AyMD-aU-6C2Y9yORVoP0
      ┣ sec-ch-ua-platform：                   "Windows"
      ┣ Sec-Fetch-Site：                       same-site
      ┣ Sec-Fetch-Mode：                       cors
      ┣ Sec-Fetch-Dest：                       empty
      ┣ ━━━━━━━━━━━━━━━  参数列表 ━━━━━━━━━━━━━━━
      ┣ Content-Type：                         application/json
      ┣ 
      ┣ drawingReq (DrawingOpenAiReq)：        {"id":null,"isOpt":false,"drawingType":null,"prompt":"An Asian baby.","quality":null,"style":null,"n":null,"size":"1024x1024","responseFormat":"url","user":"Designer","model":"dall-e-3"}
      ┣ ━━━━━━━━━━━━━━━  返回信息 ━━━━━━━━━━━━━━━
      ┣ HTTP响应状态码：                       200
      ┣ 原始类型：                             System.Threading.Tasks.Task<Admin.NET.Core.JuAI.Service.ChatgptImageDetailRes>
      ┣ 最终类型：                             Admin.NET.Core.AdminResult<System.Object>
      ┣ 最终返回值：                           {"code":200,"type":"success","message":"","result":{"txt":null,"controlImage":null,"id":"34338243592517","prompt":"一个亚洲婴儿。","promptEn":"An Asian baby.","url":null,"executionStatus":0,"drawingType":0,"createUserId":"14213426327877"},"extras":null,"time":"2024-05-21T21:43:03.2131185+08:00"}
      ┗━━━━━━━━━━━  Logging Monitor ━━━━━━━━━━━
info: 2024-05-21 21:44:47.4109369 +08:00 星期二 L System.Logging.LoggingMonitor[0] #23 '00-9ef79f9cfb6317b0b171ab508d5ea366-ef766e130f0cb5ad-00'
      [System.Private.CoreLib.dll] void System.Runtime.CompilerServices.AsyncTaskMethodBuilder<TResult>+AsyncStateMachineBox<TStateMachine>.MoveNext(Thread threadPoolThread)
      ┏━━━━━━━━━━━  Logging Monitor ━━━━━━━━━━━
      ┣ Admin.NET.Core.JuAI.Service.AIDrawing.DrawingImageService.GetRecommend
      ┣ 
      ┣ 控制器名称：                         DrawingImageService
      ┣ 操作名称：                           GetRecommend
      ┣ 显示名称：                           
      ┣ 路由信息：                           [area]: ; [controller]: drawingImage; [action]: recommend
      ┣ 请求方式：                           GET
      ┣ 请求地址：                           http://localhost:5005/app/api/DrawingImage/Recommend/dalle
      ┣ 来源地址：                           http://localhost:9527/
      ┣ 请求端源：                           client
      ┣ 浏览器标识：                         Mozilla/5.0 (Windows NT 10.0; Win64; x64) AppleWebKit/537.36 (KHTML, like Gecko) Chrome/124.0.0.0 Safari/537.36
      ┣ 客户端区域语言：                     zh-CN,zh;q=0.9
      ┣ 客户端 IP 地址：                     127.0.0.1
      ┣ 服务端 IP 地址：                     127.0.0.1
      ┣ 客户端连接 ID：                      00-9ef79f9cfb6317b0b171ab508d5ea366-ef766e130f0cb5ad-00
      ┣ 服务线程 ID：                        #23
      ┣ 执行耗时：                           56ms
      ┣ ━━━━━━━━━━━━━━━  Cookies ━━━━━━━━━━━━━━━
      ┣ 请求端：                             
      ┣ 响应端：                             
      ┣ ━━━━━━━━━━━━━━━  系统信息 ━━━━━━━━━━━━━━━
      ┣ 系统名称：                           Microsoft Windows 10.0.19045
      ┣ 系统架构：                           X64
      ┣ 基础框架：                           Furion.Pure v1.0.0.0
      ┣ .NET 架构：                          .NET 8.0.0
      ┣ ━━━━━━━━━━━━━━━  启动信息 ━━━━━━━━━━━━━━━
      ┣ 运行环境：                           Production
      ┣ 启动程序集：                         Admin.NET.Web.Entry
      ┣ 进程名称：                           Admin.NET.Web.Entry
      ┣ 托管程序：                           Kestrel
      ┣ ━━━━━━━━━━━━━━━  请求头信息 ━━━━━━━━━━━━━━━
      ┣ 
      ┣ Accept：                             application/json, text/plain, */*
      ┣ Connection：                         keep-alive
      ┣ Host：                               localhost:5005
      ┣ User-Agent：                         Mozilla/5.0 (Windows NT 10.0; Win64; x64) AppleWebKit/537.36 (KHTML, like Gecko) Chrome/124.0.0.0 Safari/537.36
      ┣ Accept-Encoding：                    gzip, deflate, br, zstd
      ┣ Accept-Language：                    zh-CN,zh;q=0.9
      ┣ Authorization：                      Bearer eyJhbGciOiJIUzI1NiIsInR5cCI6IkpXVCJ9.eyJVc2VySWQiOjE0MjEzNDI2MzI3ODc3LCJUZW5hbnRJZCI6MTMwMDAwMDAwMDAwMSwiQWNjb3VudCI6IjE4NjAwNzY2MDQ1IiwiTmlja05hbWUiOiLmgKrlhb3mnaXkuoYiLCJBY2NvdW50VHlwZSI6Nzc3LCJleHAiOjE3MTY3MzI3MDMsIm5iZiI6MTcxNjEyNzkwMywiaWF0IjoxNzE2MTI3OTAzLCJpc3MiOiJndXhpbi5saW5rIiwiYXVkIjoiZ3V4aW4ubGluayJ9.E5LD5xGmUwcB7tVU6SZ-2i4_Eg-xy1joE2Wz0IPNMJ0
      ┣ Cache-Control：                      no-cache
      ┣ Origin：                             http://localhost:9527
      ┣ Pragma：                             no-cache
      ┣ Referer：                            http://localhost:9527/
      ┣ sec-ch-ua：                          "Chromium";v="124", "Google Chrome";v="124", "Not-A.Brand";v="99"
      ┣ DNT：                                1
      ┣ sec-ch-ua-mobile：                   ?0
      ┣ X-Authorization：                    Bearer eyJhbGciOiJIUzI1NiIsInR5cCI6IkpXVCJ9.eyJmIjoiZXlKaGJHY2lPaUpJVXpJMU5pSXNJblI1Y0NJNklrcFhWQ0o5IiwiZSI6IkU1TEQ1eEdtVXdjQjd0VlU2U1otMmk0X0VnLXh5MWpvRTJXejBJUE5NSjAiLCJzIjo3OSwibCI6MywiayI6IjZJaiIsImlhdCI6MTcxNjEyNzkwMywibmJmIjoxNzE2MTI3OTAzLCJleHAiOjE3MTczMzc1MDMsImlzcyI6Imd1eGluLmxpbmsiLCJhdWQiOiJndXhpbi5saW5rIn0.VCasbsEh70gJEMSsMBs6_8Yj3ofR902O-JmGvOnK4BE
      ┣ X-Request-Id：                       ZShlDaaletOiJfCXY0SIV
      ┣ sec-ch-ua-platform：                 "Windows"
      ┣ Sec-Fetch-Site：                     same-site
      ┣ Sec-Fetch-Mode：                     cors
      ┣ Sec-Fetch-Dest：                     empty
      ┣ ━━━━━━━━━━━━━━━  参数列表 ━━━━━━━━━━━━━━━
      ┣ Content-Type：                       
      ┣ 
      ┣ imageType (DrawingTypeEnum)：        0
      ┣ minDate (Nullable`1)：               
      ┣ ━━━━━━━━━━━━━━━  返回信息 ━━━━━━━━━━━━━━━
      ┣ HTTP响应状态码：                     200
      ┣ 原始类型：                           System.Threading.Tasks.Task<System.Collections.Generic.IList<Admin.NET.Core.JuAI.Service.ChatgptImageRes>>
      ┣ 最终类型：                           Admin.NET.Core.AdminResult<System.Object>
      ┣ 最终返回值：                         {"code":200,"type":"success","message":"","result":[{"id":"31325892048453","prompt":"日本街道，夜晚，霓虹灯，酒屋，美女，（厚漆风格：1.3），（广角镜头：1.4），（最佳照明），4K Unity，（超详细CG：1.2）， (8K: 1.2)，辛烷值渲染","promptEn":"Japanese streets, night, neon lights, sake bars, beautiful women, (thick lacquer style: 1.3), (wide-angle lens: 1.4), (optimal lighting), 4K Unity, (super detailed CG: 1.2), (8K: 1.2), octane rendering.","url":"http://filetest.guxin.link/YiShuZi_Image/31325892087877.jpg","executionStatus":0,"drawingType":0,"createUs
      ┗━━━━━━━━━━━  Logging Monitor ━━━━━━━━━━━
info: 2024-05-21 21:44:47.6867234 +08:00 星期二 L System.Logging.LoggingMonitor[0] #32 '00-6f47230cdab66d502a1fc7cf81d64dfc-fe1690466228e7fc-00'
      [System.Private.CoreLib.dll] void System.Runtime.CompilerServices.AsyncTaskMethodBuilder<TResult>+AsyncStateMachineBox<TStateMachine>.MoveNext(Thread threadPoolThread)
      ┏━━━━━━━━━━━  Logging Monitor ━━━━━━━━━━━
      ┣ Admin.NET.Core.JuAI.Service.AIDrawing.DrawingImageService.GetMyAll
      ┣ 
      ┣ 控制器名称：                     DrawingImageService
      ┣ 操作名称：                       GetMyAll
      ┣ 显示名称：                       
      ┣ 路由信息：                       [area]: ; [controller]: drawingImage; [action]: myAll
      ┣ 请求方式：                       GET
      ┣ 请求地址：                       http://localhost:5005/app/api/DrawingImage/MyALl?drawingType=dalle&minId=
      ┣ 来源地址：                       http://localhost:9527/
      ┣ 请求端源：                       client
      ┣ 浏览器标识：                     Mozilla/5.0 (Windows NT 10.0; Win64; x64) AppleWebKit/537.36 (KHTML, like Gecko) Chrome/124.0.0.0 Safari/537.36
      ┣ 客户端区域语言：                 zh-CN,zh;q=0.9
      ┣ 客户端 IP 地址：                 127.0.0.1
      ┣ 服务端 IP 地址：                 127.0.0.1
      ┣ 客户端连接 ID：                  00-6f47230cdab66d502a1fc7cf81d64dfc-fe1690466228e7fc-00
      ┣ 服务线程 ID：                    #32
      ┣ 执行耗时：                       53ms
      ┣ ━━━━━━━━━━━━━━━  Cookies ━━━━━━━━━━━━━━━
      ┣ 请求端：                         
      ┣ 响应端：                         
      ┣ ━━━━━━━━━━━━━━━  系统信息 ━━━━━━━━━━━━━━━
      ┣ 系统名称：                       Microsoft Windows 10.0.19045
      ┣ 系统架构：                       X64
      ┣ 基础框架：                       Furion.Pure v1.0.0.0
      ┣ .NET 架构：                      .NET 8.0.0
      ┣ ━━━━━━━━━━━━━━━  启动信息 ━━━━━━━━━━━━━━━
      ┣ 运行环境：                       Production
      ┣ 启动程序集：                     Admin.NET.Web.Entry
      ┣ 进程名称：                       Admin.NET.Web.Entry
      ┣ 托管程序：                       Kestrel
      ┣ ━━━━━━━━━━━━━━━  授权信息 ━━━━━━━━━━━━━━━
      ┣ JWT Token：                      Bearer eyJhbGciOiJIUzI1NiIsInR5cCI6IkpXVCJ9.eyJVc2VySWQiOjE0MjEzNDI2MzI3ODc3LCJUZW5hbnRJZCI6MTMwMDAwMDAwMDAwMSwiQWNjb3VudCI6IjE4NjAwNzY2MDQ1IiwiTmlja05hbWUiOiLmgKrlhb3mnaXkuoYiLCJBY2NvdW50VHlwZSI6Nzc3LCJleHAiOjE3MTY3MzI3MDMsIm5iZiI6MTcxNjEyNzkwMywiaWF0IjoxNzE2MTI3OTAzLCJpc3MiOiJndXhpbi5saW5rIiwiYXVkIjoiZ3V4aW4ubGluayJ9.E5LD5xGmUwcB7tVU6SZ-2i4_Eg-xy1joE2Wz0IPNMJ0
      ┣ 
      ┣ UserId (integer64)：             14213426327877
      ┣ TenantId (integer64)：           1300000000001
      ┣ Account (string)：               18600766045
      ┣ NickName (string)：              怪兽来了
      ┣ AccountType (integer32)：        777
      ┣ exp (integer64)：                1716732703 (2024-05-26 22:11:43:0000(+08:00) 星期日 L)
      ┣ nbf (integer64)：                1716127903 (2024-05-19 22:11:43:0000(+08:00) 星期日 L)
      ┣ iat (integer64)：                1716127903 (2024-05-19 22:11:43:0000(+08:00) 星期日 L)
      ┣ iss (string)：                   guxin.link
      ┣ aud (string)：                   guxin.link
      ┣ ━━━━━━━━━━━━━━━  请求头信息 ━━━━━━━━━━━━━━━
      ┣ 
      ┣ Accept：                         application/json, text/plain, */*
      ┣ Connection：                     keep-alive
      ┣ Host：                           localhost:5005
      ┣ User-Agent：                     Mozilla/5.0 (Windows NT 10.0; Win64; x64) AppleWebKit/537.36 (KHTML, like Gecko) Chrome/124.0.0.0 Safari/537.36
      ┣ Accept-Encoding：                gzip, deflate, br, zstd
      ┣ Accept-Language：                zh-CN,zh;q=0.9
      ┣ Authorization：                  Bearer eyJhbGciOiJIUzI1NiIsInR5cCI6IkpXVCJ9.eyJVc2VySWQiOjE0MjEzNDI2MzI3ODc3LCJUZW5hbnRJZCI6MTMwMDAwMDAwMDAwMSwiQWNjb3VudCI6IjE4NjAwNzY2MDQ1IiwiTmlja05hbWUiOiLmgKrlhb3mnaXkuoYiLCJBY2NvdW50VHlwZSI6Nzc3LCJleHAiOjE3MTY3MzI3MDMsIm5iZiI6MTcxNjEyNzkwMywiaWF0IjoxNzE2MTI3OTAzLCJpc3MiOiJndXhpbi5saW5rIiwiYXVkIjoiZ3V4aW4ubGluayJ9.E5LD5xGmUwcB7tVU6SZ-2i4_Eg-xy1joE2Wz0IPNMJ0
      ┣ Cache-Control：                  no-cache
      ┣ Origin：                         http://localhost:9527
      ┣ Pragma：                         no-cache
      ┣ Referer：                        http://localhost:9527/
      ┣ sec-ch-ua：                      "Chromium";v="124", "Google Chrome";v="124", "Not-A.Brand";v="99"
      ┣ DNT：                            1
      ┣ sec-ch-ua-mobile：               ?0
      ┣ X-Authorization：                Bearer eyJhbGciOiJIUzI1NiIsInR5cCI6IkpXVCJ9.eyJmIjoiZXlKaGJHY2lPaUpJVXpJMU5pSXNJblI1Y0NJNklrcFhWQ0o5IiwiZSI6IkU1TEQ1eEdtVXdjQjd0VlU2U1otMmk0X0VnLXh5MWpvRTJXejBJUE5NSjAiLCJzIjo3OSwibCI6MywiayI6IjZJaiIsImlhdCI6MTcxNjEyNzkwMywibmJmIjoxNzE2MTI3OTAzLCJleHAiOjE3MTczMzc1MDMsImlzcyI6Imd1eGluLmxpbmsiLCJhdWQiOiJndXhpbi5saW5rIn0.VCasbsEh70gJEMSsMBs6_8Yj3ofR902O-JmGvOnK4BE
      ┣ X-Request-Id：                   dAS7R0n3-f4CT6693Mu7A
      ┣ sec-ch-ua-platform：             "Windows"
      ┣ Sec-Fetch-Site：                 same-site
      ┣ Sec-Fetch-Mode：                 cors
      ┣ Sec-Fetch-Dest：                 empty
      ┣ ━━━━━━━━━━━━━━━  参数列表 ━━━━━━━━━━━━━━━
      ┣ Content-Type：                   
      ┣ 
      ┣ imageType (Nullable`1)：         
      ┣ minId (Nullable`1)：             
      ┣ ━━━━━━━━━━━━━━━  返回信息 ━━━━━━━━━━━━━━━
      ┣ HTTP响应状态码：                 200
      ┣ 原始类型：                       System.Threading.Tasks.Task<System.Collections.Generic.IList<Admin.NET.Core.JuAI.Service.ChatgptImageRes>>
      ┣ 最终类型：                       Admin.NET.Core.AdminResult<System.Object>
      ┣ 最终返回值：                     {"code":200,"type":"success","message":"","result":[{"id":"34338243592517","prompt":"一个亚洲婴儿。","promptEn":"An Asian baby.","url":null,"executionStatus":0,"drawingType":0,"createUserId":"14213426327877"},{"id":"34229284909125","prompt":"一个亚洲婴儿在妈妈的怀里安静的入睡。","promptEn":"A baby in Asia falls asleep peacefully in their mother's arms.","url":"http://filetest.guxin.link/YiShuZi_Image/31325892087877.jpg","executionStatus":1,"drawingType":0,"createUserId":"14213426327877"},{"id":"34227932688453","prompt":
      ┗━━━━━━━━━━━  Logging Monitor ━━━━━━━━━━━
info: 2024-05-21 21:46:39.6505067 +08:00 星期二 L System.Logging.LoggingMonitor[0] #27 '00-4d604ae436557d7c3c110d217ed763ed-5c3e3d8b7edee937-00'
      [System.Private.CoreLib.dll] void System.Runtime.CompilerServices.AsyncTaskMethodBuilder<TResult>+AsyncStateMachineBox<TStateMachine>.MoveNext(Thread threadPoolThread)
      ┏━━━━━━━━━━━  Logging Monitor ━━━━━━━━━━━
      ┣ Admin.NET.Core.JuAI.Service.AIDrawing.DrawingImageService.GetRecommend
      ┣ 
      ┣ 控制器名称：                         DrawingImageService
      ┣ 操作名称：                           GetRecommend
      ┣ 显示名称：                           
      ┣ 路由信息：                           [area]: ; [controller]: drawingImage; [action]: recommend
      ┣ 请求方式：                           GET
      ┣ 请求地址：                           http://localhost:5005/app/api/DrawingImage/Recommend/dalle
      ┣ 来源地址：                           http://localhost:9527/
      ┣ 请求端源：                           client
      ┣ 浏览器标识：                         Mozilla/5.0 (Windows NT 10.0; Win64; x64) AppleWebKit/537.36 (KHTML, like Gecko) Chrome/124.0.0.0 Safari/537.36
      ┣ 客户端区域语言：                     zh-CN,zh;q=0.9
      ┣ 客户端 IP 地址：                     127.0.0.1
      ┣ 服务端 IP 地址：                     127.0.0.1
      ┣ 客户端连接 ID：                      00-4d604ae436557d7c3c110d217ed763ed-5c3e3d8b7edee937-00
      ┣ 服务线程 ID：                        #27
      ┣ 执行耗时：                           59ms
      ┣ ━━━━━━━━━━━━━━━  Cookies ━━━━━━━━━━━━━━━
      ┣ 请求端：                             
      ┣ 响应端：                             
      ┣ ━━━━━━━━━━━━━━━  系统信息 ━━━━━━━━━━━━━━━
      ┣ 系统名称：                           Microsoft Windows 10.0.19045
      ┣ 系统架构：                           X64
      ┣ 基础框架：                           Furion.Pure v1.0.0.0
      ┣ .NET 架构：                          .NET 8.0.0
      ┣ ━━━━━━━━━━━━━━━  启动信息 ━━━━━━━━━━━━━━━
      ┣ 运行环境：                           Production
      ┣ 启动程序集：                         Admin.NET.Web.Entry
      ┣ 进程名称：                           Admin.NET.Web.Entry
      ┣ 托管程序：                           Kestrel
      ┣ ━━━━━━━━━━━━━━━  请求头信息 ━━━━━━━━━━━━━━━
      ┣ 
      ┣ Accept：                             application/json, text/plain, */*
      ┣ Connection：                         keep-alive
      ┣ Host：                               localhost:5005
      ┣ User-Agent：                         Mozilla/5.0 (Windows NT 10.0; Win64; x64) AppleWebKit/537.36 (KHTML, like Gecko) Chrome/124.0.0.0 Safari/537.36
      ┣ Accept-Encoding：                    gzip, deflate, br, zstd
      ┣ Accept-Language：                    zh-CN,zh;q=0.9
      ┣ Authorization：                      Bearer eyJhbGciOiJIUzI1NiIsInR5cCI6IkpXVCJ9.eyJVc2VySWQiOjE0MjEzNDI2MzI3ODc3LCJUZW5hbnRJZCI6MTMwMDAwMDAwMDAwMSwiQWNjb3VudCI6IjE4NjAwNzY2MDQ1IiwiTmlja05hbWUiOiLmgKrlhb3mnaXkuoYiLCJBY2NvdW50VHlwZSI6Nzc3LCJleHAiOjE3MTY3MzI3MDMsIm5iZiI6MTcxNjEyNzkwMywiaWF0IjoxNzE2MTI3OTAzLCJpc3MiOiJndXhpbi5saW5rIiwiYXVkIjoiZ3V4aW4ubGluayJ9.E5LD5xGmUwcB7tVU6SZ-2i4_Eg-xy1joE2Wz0IPNMJ0
      ┣ Cache-Control：                      no-cache
      ┣ Origin：                             http://localhost:9527
      ┣ Pragma：                             no-cache
      ┣ Referer：                            http://localhost:9527/
      ┣ sec-ch-ua：                          "Chromium";v="124", "Google Chrome";v="124", "Not-A.Brand";v="99"
      ┣ DNT：                                1
      ┣ sec-ch-ua-mobile：                   ?0
      ┣ X-Authorization：                    Bearer eyJhbGciOiJIUzI1NiIsInR5cCI6IkpXVCJ9.eyJmIjoiZXlKaGJHY2lPaUpJVXpJMU5pSXNJblI1Y0NJNklrcFhWQ0o5IiwiZSI6IkU1TEQ1eEdtVXdjQjd0VlU2U1otMmk0X0VnLXh5MWpvRTJXejBJUE5NSjAiLCJzIjo3OSwibCI6MywiayI6IjZJaiIsImlhdCI6MTcxNjEyNzkwMywibmJmIjoxNzE2MTI3OTAzLCJleHAiOjE3MTczMzc1MDMsImlzcyI6Imd1eGluLmxpbmsiLCJhdWQiOiJndXhpbi5saW5rIn0.VCasbsEh70gJEMSsMBs6_8Yj3ofR902O-JmGvOnK4BE
      ┣ X-Request-Id：                       7LCrltxsmmXP0X12XxzQI
      ┣ sec-ch-ua-platform：                 "Windows"
      ┣ Sec-Fetch-Site：                     same-site
      ┣ Sec-Fetch-Mode：                     cors
      ┣ Sec-Fetch-Dest：                     empty
      ┣ ━━━━━━━━━━━━━━━  参数列表 ━━━━━━━━━━━━━━━
      ┣ Content-Type：                       
      ┣ 
      ┣ imageType (DrawingTypeEnum)：        0
      ┣ minDate (Nullable`1)：               
      ┣ ━━━━━━━━━━━━━━━  返回信息 ━━━━━━━━━━━━━━━
      ┣ HTTP响应状态码：                     200
      ┣ 原始类型：                           System.Threading.Tasks.Task<System.Collections.Generic.IList<Admin.NET.Core.JuAI.Service.ChatgptImageRes>>
      ┣ 最终类型：                           Admin.NET.Core.AdminResult<System.Object>
      ┣ 最终返回值：                         {}
      ┗━━━━━━━━━━━  Logging Monitor ━━━━━━━━━━━
info: 2024-05-21 21:46:39.9486452 +08:00 星期二 L System.Logging.LoggingMonitor[0] #30 '00-14dce2f6022c5f4eb41cbee416b2b05a-65ab18630503cd5b-00'
      [System.Private.CoreLib.dll] void System.Runtime.CompilerServices.AsyncTaskMethodBuilder<TResult>+AsyncStateMachineBox<TStateMachine>.MoveNext(Thread threadPoolThread)
      ┏━━━━━━━━━━━  Logging Monitor ━━━━━━━━━━━
      ┣ Admin.NET.Core.JuAI.Service.AIDrawing.DrawingImageService.GetMyAll
      ┣ 
      ┣ 控制器名称：                     DrawingImageService
      ┣ 操作名称：                       GetMyAll
      ┣ 显示名称：                       
      ┣ 路由信息：                       [area]: ; [controller]: drawingImage; [action]: myAll
      ┣ 请求方式：                       GET
      ┣ 请求地址：                       http://localhost:5005/app/api/DrawingImage/MyALl?drawingType=dalle&minId=
      ┣ 来源地址：                       http://localhost:9527/
      ┣ 请求端源：                       client
      ┣ 浏览器标识：                     Mozilla/5.0 (Windows NT 10.0; Win64; x64) AppleWebKit/537.36 (KHTML, like Gecko) Chrome/124.0.0.0 Safari/537.36
      ┣ 客户端区域语言：                 zh-CN,zh;q=0.9
      ┣ 客户端 IP 地址：                 127.0.0.1
      ┣ 服务端 IP 地址：                 127.0.0.1
      ┣ 客户端连接 ID：                  00-14dce2f6022c5f4eb41cbee416b2b05a-65ab18630503cd5b-00
      ┣ 服务线程 ID：                    #30
      ┣ 执行耗时：                       54ms
      ┣ ━━━━━━━━━━━━━━━  Cookies ━━━━━━━━━━━━━━━
      ┣ 请求端：                         
      ┣ 响应端：                         
      ┣ ━━━━━━━━━━━━━━━  系统信息 ━━━━━━━━━━━━━━━
      ┣ 系统名称：                       Microsoft Windows 10.0.19045
      ┣ 系统架构：                       X64
      ┣ 基础框架：                       Furion.Pure v1.0.0.0
      ┣ .NET 架构：                      .NET 8.0.0
      ┣ ━━━━━━━━━━━━━━━  启动信息 ━━━━━━━━━━━━━━━
      ┣ 运行环境：                       Production
      ┣ 启动程序集：                     Admin.NET.Web.Entry
      ┣ 进程名称：                       Admin.NET.Web.Entry
      ┣ 托管程序：                       Kestrel
      ┣ ━━━━━━━━━━━━━━━  授权信息 ━━━━━━━━━━━━━━━
      ┣ JWT Token：                      Bearer eyJhbGciOiJIUzI1NiIsInR5cCI6IkpXVCJ9.eyJVc2VySWQiOjE0MjEzNDI2MzI3ODc3LCJUZW5hbnRJZCI6MTMwMDAwMDAwMDAwMSwiQWNjb3VudCI6IjE4NjAwNzY2MDQ1IiwiTmlja05hbWUiOiLmgKrlhb3mnaXkuoYiLCJBY2NvdW50VHlwZSI6Nzc3LCJleHAiOjE3MTY3MzI3MDMsIm5iZiI6MTcxNjEyNzkwMywiaWF0IjoxNzE2MTI3OTAzLCJpc3MiOiJndXhpbi5saW5rIiwiYXVkIjoiZ3V4aW4ubGluayJ9.E5LD5xGmUwcB7tVU6SZ-2i4_Eg-xy1joE2Wz0IPNMJ0
      ┣ 
      ┣ UserId (integer64)：             14213426327877
      ┣ TenantId (integer64)：           1300000000001
      ┣ Account (string)：               18600766045
      ┣ NickName (string)：              怪兽来了
      ┣ AccountType (integer32)：        777
      ┣ exp (integer64)：                1716732703 (2024-05-26 22:11:43:0000(+08:00) 星期日 L)
      ┣ nbf (integer64)：                1716127903 (2024-05-19 22:11:43:0000(+08:00) 星期日 L)
      ┣ iat (integer64)：                1716127903 (2024-05-19 22:11:43:0000(+08:00) 星期日 L)
      ┣ iss (string)：                   guxin.link
      ┣ aud (string)：                   guxin.link
      ┣ ━━━━━━━━━━━━━━━  请求头信息 ━━━━━━━━━━━━━━━
      ┣ 
      ┣ Accept：                         application/json, text/plain, */*
      ┣ Connection：                     keep-alive
      ┣ Host：                           localhost:5005
      ┣ User-Agent：                     Mozilla/5.0 (Windows NT 10.0; Win64; x64) AppleWebKit/537.36 (KHTML, like Gecko) Chrome/124.0.0.0 Safari/537.36
      ┣ Accept-Encoding：                gzip, deflate, br, zstd
      ┣ Accept-Language：                zh-CN,zh;q=0.9
      ┣ Authorization：                  Bearer eyJhbGciOiJIUzI1NiIsInR5cCI6IkpXVCJ9.eyJVc2VySWQiOjE0MjEzNDI2MzI3ODc3LCJUZW5hbnRJZCI6MTMwMDAwMDAwMDAwMSwiQWNjb3VudCI6IjE4NjAwNzY2MDQ1IiwiTmlja05hbWUiOiLmgKrlhb3mnaXkuoYiLCJBY2NvdW50VHlwZSI6Nzc3LCJleHAiOjE3MTY3MzI3MDMsIm5iZiI6MTcxNjEyNzkwMywiaWF0IjoxNzE2MTI3OTAzLCJpc3MiOiJndXhpbi5saW5rIiwiYXVkIjoiZ3V4aW4ubGluayJ9.E5LD5xGmUwcB7tVU6SZ-2i4_Eg-xy1joE2Wz0IPNMJ0
      ┣ Cache-Control：                  no-cache
      ┣ Origin：                         http://localhost:9527
      ┣ Pragma：                         no-cache
      ┣ Referer：                        http://localhost:9527/
      ┣ sec-ch-ua：                      "Chromium";v="124", "Google Chrome";v="124", "Not-A.Brand";v="99"
      ┣ DNT：                            1
      ┣ sec-ch-ua-mobile：               ?0
      ┣ X-Authorization：                Bearer eyJhbGciOiJIUzI1NiIsInR5cCI6IkpXVCJ9.eyJmIjoiZXlKaGJHY2lPaUpJVXpJMU5pSXNJblI1Y0NJNklrcFhWQ0o5IiwiZSI6IkU1TEQ1eEdtVXdjQjd0VlU2U1otMmk0X0VnLXh5MWpvRTJXejBJUE5NSjAiLCJzIjo3OSwibCI6MywiayI6IjZJaiIsImlhdCI6MTcxNjEyNzkwMywibmJmIjoxNzE2MTI3OTAzLCJleHAiOjE3MTczMzc1MDMsImlzcyI6Imd1eGluLmxpbmsiLCJhdWQiOiJndXhpbi5saW5rIn0.VCasbsEh70gJEMSsMBs6_8Yj3ofR902O-JmGvOnK4BE
      ┣ X-Request-Id：                   49knYVLk1qsstxdkG6AUa
      ┣ sec-ch-ua-platform：             "Windows"
      ┣ Sec-Fetch-Site：                 same-site
      ┣ Sec-Fetch-Mode：                 cors
      ┣ Sec-Fetch-Dest：                 empty
      ┣ ━━━━━━━━━━━━━━━  参数列表 ━━━━━━━━━━━━━━━
      ┣ Content-Type：                   
      ┣ 
      ┣ imageType (Nullable`1)：         
      ┣ minId (Nullable`1)：             
      ┣ ━━━━━━━━━━━━━━━  返回信息 ━━━━━━━━━━━━━━━
      ┣ HTTP响应状态码：                 200
      ┣ 原始类型：                       System.Threading.Tasks.Task<System.Collections.Generic.IList<Admin.NET.Core.JuAI.Service.ChatgptImageRes>>
      ┣ 最终类型：                       Admin.NET.Core.AdminResult<System.Object>
      ┣ 最终返回值：                     {}
      ┗━━━━━━━━━━━  Logging Monitor ━━━━━━━━━━━
info: 2024-05-21 21:46:40.0930129 +08:00 星期二 L System.Logging.LoggingMonitor[0] #27 '00-7b599ce1898cc020465c501471261eb1-a67c235390a0f7a3-00'
      [System.Private.CoreLib.dll] void System.Runtime.CompilerServices.AsyncTaskMethodBuilder<TResult>+AsyncStateMachineBox<TStateMachine>.MoveNext(Thread threadPoolThread)
      ┏━━━━━━━━━━━  Logging Monitor ━━━━━━━━━━━
      ┣ Admin.NET.Core.JuAI.Service.AIDrawing.DrawingImageService.GetRecommend
      ┣ 
      ┣ 控制器名称：                         DrawingImageService
      ┣ 操作名称：                           GetRecommend
      ┣ 显示名称：                           
      ┣ 路由信息：                           [area]: ; [controller]: drawingImage; [action]: recommend
      ┣ 请求方式：                           GET
      ┣ 请求地址：                           http://localhost:5005/app/api/DrawingImage/Recommend/dalle
      ┣ 来源地址：                           http://localhost:9527/
      ┣ 请求端源：                           client
      ┣ 浏览器标识：                         Mozilla/5.0 (Windows NT 10.0; Win64; x64) AppleWebKit/537.36 (KHTML, like Gecko) Chrome/124.0.0.0 Safari/537.36
      ┣ 客户端区域语言：                     zh-CN,zh;q=0.9
      ┣ 客户端 IP 地址：                     127.0.0.1
      ┣ 服务端 IP 地址：                     127.0.0.1
      ┣ 客户端连接 ID：                      00-7b599ce1898cc020465c501471261eb1-a67c235390a0f7a3-00
      ┣ 服务线程 ID：                        #3
      ┣ 执行耗时：                           68ms
      ┣ ━━━━━━━━━━━━━━━  Cookies ━━━━━━━━━━━━━━━
      ┣ 请求端：                             
      ┣ 响应端：                             
      ┣ ━━━━━━━━━━━━━━━  系统信息 ━━━━━━━━━━━━━━━
      ┣ 系统名称：                           Microsoft Windows 10.0.19045
      ┣ 系统架构：                           X64
      ┣ 基础框架：                           Furion.Pure v1.0.0.0
      ┣ .NET 架构：                          .NET 8.0.0
      ┣ ━━━━━━━━━━━━━━━  启动信息 ━━━━━━━━━━━━━━━
      ┣ 运行环境：                           Production
      ┣ 启动程序集：                         Admin.NET.Web.Entry
      ┣ 进程名称：                           Admin.NET.Web.Entry
      ┣ 托管程序：                           Kestrel
      ┣ ━━━━━━━━━━━━━━━  请求头信息 ━━━━━━━━━━━━━━━
      ┣ 
      ┣ Accept：                             application/json, text/plain, */*
      ┣ Connection：                         keep-alive
      ┣ Host：                               localhost:5005
      ┣ User-Agent：                         Mozilla/5.0 (Windows NT 10.0; Win64; x64) AppleWebKit/537.36 (KHTML, like Gecko) Chrome/124.0.0.0 Safari/537.36
      ┣ Accept-Encoding：                    gzip, deflate, br, zstd
      ┣ Accept-Language：                    zh-CN,zh;q=0.9
      ┣ Authorization：                      Bearer eyJhbGciOiJIUzI1NiIsInR5cCI6IkpXVCJ9.eyJVc2VySWQiOjE0MjEzNDI2MzI3ODc3LCJUZW5hbnRJZCI6MTMwMDAwMDAwMDAwMSwiQWNjb3VudCI6IjE4NjAwNzY2MDQ1IiwiTmlja05hbWUiOiLmgKrlhb3mnaXkuoYiLCJBY2NvdW50VHlwZSI6Nzc3LCJleHAiOjE3MTY3MzI3MDMsIm5iZiI6MTcxNjEyNzkwMywiaWF0IjoxNzE2MTI3OTAzLCJpc3MiOiJndXhpbi5saW5rIiwiYXVkIjoiZ3V4aW4ubGluayJ9.E5LD5xGmUwcB7tVU6SZ-2i4_Eg-xy1joE2Wz0IPNMJ0
      ┣ Cache-Control：                      no-cache
      ┣ Origin：                             http://localhost:9527
      ┣ Pragma：                             no-cache
      ┣ Referer：                            http://localhost:9527/
      ┣ sec-ch-ua：                          "Chromium";v="124", "Google Chrome";v="124", "Not-A.Brand";v="99"
      ┣ DNT：                                1
      ┣ sec-ch-ua-mobile：                   ?0
      ┣ X-Authorization：                    Bearer eyJhbGciOiJIUzI1NiIsInR5cCI6IkpXVCJ9.eyJmIjoiZXlKaGJHY2lPaUpJVXpJMU5pSXNJblI1Y0NJNklrcFhWQ0o5IiwiZSI6IkU1TEQ1eEdtVXdjQjd0VlU2U1otMmk0X0VnLXh5MWpvRTJXejBJUE5NSjAiLCJzIjo3OSwibCI6MywiayI6IjZJaiIsImlhdCI6MTcxNjEyNzkwMywibmJmIjoxNzE2MTI3OTAzLCJleHAiOjE3MTczMzc1MDMsImlzcyI6Imd1eGluLmxpbmsiLCJhdWQiOiJndXhpbi5saW5rIn0.VCasbsEh70gJEMSsMBs6_8Yj3ofR902O-JmGvOnK4BE
      ┣ X-Request-Id：                       o3rxnCzNlZc5ZihX44YTe
      ┣ sec-ch-ua-platform：                 "Windows"
      ┣ Sec-Fetch-Site：                     same-site
      ┣ Sec-Fetch-Mode：                     cors
      ┣ Sec-Fetch-Dest：                     empty
      ┣ ━━━━━━━━━━━━━━━  参数列表 ━━━━━━━━━━━━━━━
      ┣ Content-Type：                       
      ┣ 
      ┣ imageType (DrawingTypeEnum)：        0
      ┣ minDate (Nullable`1)：               
      ┣ ━━━━━━━━━━━━━━━  返回信息 ━━━━━━━━━━━━━━━
      ┣ HTTP响应状态码：                     200
      ┣ 原始类型：                           System.Threading.Tasks.Task<System.Collections.Generic.IList<Admin.NET.Core.JuAI.Service.ChatgptImageRes>>
      ┣ 最终类型：                           Admin.NET.Core.AdminResult<System.Object>
      ┣ 最终返回值：                         {}
      ┗━━━━━━━━━━━  Logging Monitor ━━━━━━━━━━━
info: 2024-05-21 21:46:40.4718928 +08:00 星期二 L System.Logging.LoggingMonitor[0] #30 '00-a8b9bac47ed3342f451b0a10e6b176a4-de9472cb237bb40c-00'
      [System.Private.CoreLib.dll] void System.Runtime.CompilerServices.AsyncTaskMethodBuilder<TResult>+AsyncStateMachineBox<TStateMachine>.MoveNext(Thread threadPoolThread)
      ┏━━━━━━━━━━━  Logging Monitor ━━━━━━━━━━━
      ┣ Admin.NET.Core.JuAI.Service.AIDrawing.DrawingImageService.GetRecommend
      ┣ 
      ┣ 控制器名称：                         DrawingImageService
      ┣ 操作名称：                           GetRecommend
      ┣ 显示名称：                           
      ┣ 路由信息：                           [area]: ; [controller]: drawingImage; [action]: recommend
      ┣ 请求方式：                           GET
      ┣ 请求地址：                           http://localhost:5005/app/api/DrawingImage/Recommend/dalle
      ┣ 来源地址：                           http://localhost:9527/
      ┣ 请求端源：                           client
      ┣ 浏览器标识：                         Mozilla/5.0 (Windows NT 10.0; Win64; x64) AppleWebKit/537.36 (KHTML, like Gecko) Chrome/124.0.0.0 Safari/537.36
      ┣ 客户端区域语言：                     zh-CN,zh;q=0.9
      ┣ 客户端 IP 地址：                     127.0.0.1
      ┣ 服务端 IP 地址：                     127.0.0.1
      ┣ 客户端连接 ID：                      00-a8b9bac47ed3342f451b0a10e6b176a4-de9472cb237bb40c-00
      ┣ 服务线程 ID：                        #30
      ┣ 执行耗时：                           55ms
      ┣ ━━━━━━━━━━━━━━━  Cookies ━━━━━━━━━━━━━━━
      ┣ 请求端：                             
      ┣ 响应端：                             
      ┣ ━━━━━━━━━━━━━━━  系统信息 ━━━━━━━━━━━━━━━
      ┣ 系统名称：                           Microsoft Windows 10.0.19045
      ┣ 系统架构：                           X64
      ┣ 基础框架：                           Furion.Pure v1.0.0.0
      ┣ .NET 架构：                          .NET 8.0.0
      ┣ ━━━━━━━━━━━━━━━  启动信息 ━━━━━━━━━━━━━━━
      ┣ 运行环境：                           Production
      ┣ 启动程序集：                         Admin.NET.Web.Entry
      ┣ 进程名称：                           Admin.NET.Web.Entry
      ┣ 托管程序：                           Kestrel
      ┣ ━━━━━━━━━━━━━━━  请求头信息 ━━━━━━━━━━━━━━━
      ┣ 
      ┣ Accept：                             application/json, text/plain, */*
      ┣ Connection：                         keep-alive
      ┣ Host：                               localhost:5005
      ┣ User-Agent：                         Mozilla/5.0 (Windows NT 10.0; Win64; x64) AppleWebKit/537.36 (KHTML, like Gecko) Chrome/124.0.0.0 Safari/537.36
      ┣ Accept-Encoding：                    gzip, deflate, br, zstd
      ┣ Accept-Language：                    zh-CN,zh;q=0.9
      ┣ Authorization：                      Bearer eyJhbGciOiJIUzI1NiIsInR5cCI6IkpXVCJ9.eyJVc2VySWQiOjE0MjEzNDI2MzI3ODc3LCJUZW5hbnRJZCI6MTMwMDAwMDAwMDAwMSwiQWNjb3VudCI6IjE4NjAwNzY2MDQ1IiwiTmlja05hbWUiOiLmgKrlhb3mnaXkuoYiLCJBY2NvdW50VHlwZSI6Nzc3LCJleHAiOjE3MTY3MzI3MDMsIm5iZiI6MTcxNjEyNzkwMywiaWF0IjoxNzE2MTI3OTAzLCJpc3MiOiJndXhpbi5saW5rIiwiYXVkIjoiZ3V4aW4ubGluayJ9.E5LD5xGmUwcB7tVU6SZ-2i4_Eg-xy1joE2Wz0IPNMJ0
      ┣ Cache-Control：                      no-cache
      ┣ Origin：                             http://localhost:9527
      ┣ Pragma：                             no-cache
      ┣ Referer：                            http://localhost:9527/
      ┣ sec-ch-ua：                          "Chromium";v="124", "Google Chrome";v="124", "Not-A.Brand";v="99"
      ┣ DNT：                                1
      ┣ sec-ch-ua-mobile：                   ?0
      ┣ X-Authorization：                    Bearer eyJhbGciOiJIUzI1NiIsInR5cCI6IkpXVCJ9.eyJmIjoiZXlKaGJHY2lPaUpJVXpJMU5pSXNJblI1Y0NJNklrcFhWQ0o5IiwiZSI6IkU1TEQ1eEdtVXdjQjd0VlU2U1otMmk0X0VnLXh5MWpvRTJXejBJUE5NSjAiLCJzIjo3OSwibCI6MywiayI6IjZJaiIsImlhdCI6MTcxNjEyNzkwMywibmJmIjoxNzE2MTI3OTAzLCJleHAiOjE3MTczMzc1MDMsImlzcyI6Imd1eGluLmxpbmsiLCJhdWQiOiJndXhpbi5saW5rIn0.VCasbsEh70gJEMSsMBs6_8Yj3ofR902O-JmGvOnK4BE
      ┣ X-Request-Id：                       1HoDFu_MY0G-M_JKW2aAT
      ┣ sec-ch-ua-platform：                 "Windows"
      ┣ Sec-Fetch-Site：                     same-site
      ┣ Sec-Fetch-Mode：                     cors
      ┣ Sec-Fetch-Dest：                     empty
      ┣ ━━━━━━━━━━━━━━━  参数列表 ━━━━━━━━━━━━━━━
      ┣ Content-Type：                       
      ┣ 
      ┣ imageType (DrawingTypeEnum)：        0
      ┣ minDate (Nullable`1)：               
      ┣ ━━━━━━━━━━━━━━━  返回信息 ━━━━━━━━━━━━━━━
      ┣ HTTP响应状态码：                     200
      ┣ 原始类型：                           System.Threading.Tasks.Task<System.Collections.Generic.IList<Admin.NET.Core.JuAI.Service.ChatgptImageRes>>
      ┣ 最终类型：                           Admin.NET.Core.AdminResult<System.Object>
      ┣ 最终返回值：                         {}
      ┗━━━━━━━━━━━  Logging Monitor ━━━━━━━━━━━
info: 2024-05-21 21:46:40.7013436 +08:00 星期二 L System.Logging.LoggingMonitor[0] #27 '00-2af29badeee094e587871937e89cfb9a-24a389fa5a4627ee-00'
      [System.Private.CoreLib.dll] void System.Runtime.CompilerServices.AsyncTaskMethodBuilder<TResult>+AsyncStateMachineBox<TStateMachine>.MoveNext(Thread threadPoolThread)
      ┏━━━━━━━━━━━  Logging Monitor ━━━━━━━━━━━
      ┣ Admin.NET.Core.JuAI.Service.AIDrawing.DrawingImageService.GetMyAll
      ┣ 
      ┣ 控制器名称：                     DrawingImageService
      ┣ 操作名称：                       GetMyAll
      ┣ 显示名称：                       
      ┣ 路由信息：                       [area]: ; [controller]: drawingImage; [action]: myAll
      ┣ 请求方式：                       GET
      ┣ 请求地址：                       http://localhost:5005/app/api/DrawingImage/MyALl?drawingType=dalle&minId=
      ┣ 来源地址：                       http://localhost:9527/
      ┣ 请求端源：                       client
      ┣ 浏览器标识：                     Mozilla/5.0 (Windows NT 10.0; Win64; x64) AppleWebKit/537.36 (KHTML, like Gecko) Chrome/124.0.0.0 Safari/537.36
      ┣ 客户端区域语言：                 zh-CN,zh;q=0.9
      ┣ 客户端 IP 地址：                 127.0.0.1
      ┣ 服务端 IP 地址：                 127.0.0.1
      ┣ 客户端连接 ID：                  00-2af29badeee094e587871937e89cfb9a-24a389fa5a4627ee-00
      ┣ 服务线程 ID：                    #32
      ┣ 执行耗时：                       118ms
      ┣ ━━━━━━━━━━━━━━━  Cookies ━━━━━━━━━━━━━━━
      ┣ 请求端：                         
      ┣ 响应端：                         
      ┣ ━━━━━━━━━━━━━━━  系统信息 ━━━━━━━━━━━━━━━
      ┣ 系统名称：                       Microsoft Windows 10.0.19045
      ┣ 系统架构：                       X64
      ┣ 基础框架：                       Furion.Pure v1.0.0.0
      ┣ .NET 架构：                      .NET 8.0.0
      ┣ ━━━━━━━━━━━━━━━  启动信息 ━━━━━━━━━━━━━━━
      ┣ 运行环境：                       Production
      ┣ 启动程序集：                     Admin.NET.Web.Entry
      ┣ 进程名称：                       Admin.NET.Web.Entry
      ┣ 托管程序：                       Kestrel
      ┣ ━━━━━━━━━━━━━━━  授权信息 ━━━━━━━━━━━━━━━
      ┣ JWT Token：                      Bearer eyJhbGciOiJIUzI1NiIsInR5cCI6IkpXVCJ9.eyJVc2VySWQiOjE0MjEzNDI2MzI3ODc3LCJUZW5hbnRJZCI6MTMwMDAwMDAwMDAwMSwiQWNjb3VudCI6IjE4NjAwNzY2MDQ1IiwiTmlja05hbWUiOiLmgKrlhb3mnaXkuoYiLCJBY2NvdW50VHlwZSI6Nzc3LCJleHAiOjE3MTY3MzI3MDMsIm5iZiI6MTcxNjEyNzkwMywiaWF0IjoxNzE2MTI3OTAzLCJpc3MiOiJndXhpbi5saW5rIiwiYXVkIjoiZ3V4aW4ubGluayJ9.E5LD5xGmUwcB7tVU6SZ-2i4_Eg-xy1joE2Wz0IPNMJ0
      ┣ 
      ┣ UserId (integer64)：             14213426327877
      ┣ TenantId (integer64)：           1300000000001
      ┣ Account (string)：               18600766045
      ┣ NickName (string)：              怪兽来了
      ┣ AccountType (integer32)：        777
      ┣ exp (integer64)：                1716732703 (2024-05-26 22:11:43:0000(+08:00) 星期日 L)
      ┣ nbf (integer64)：                1716127903 (2024-05-19 22:11:43:0000(+08:00) 星期日 L)
      ┣ iat (integer64)：                1716127903 (2024-05-19 22:11:43:0000(+08:00) 星期日 L)
      ┣ iss (string)：                   guxin.link
      ┣ aud (string)：                   guxin.link
      ┣ ━━━━━━━━━━━━━━━  请求头信息 ━━━━━━━━━━━━━━━
      ┣ 
      ┣ Accept：                         application/json, text/plain, */*
      ┣ Connection：                     keep-alive
      ┣ Host：                           localhost:5005
      ┣ User-Agent：                     Mozilla/5.0 (Windows NT 10.0; Win64; x64) AppleWebKit/537.36 (KHTML, like Gecko) Chrome/124.0.0.0 Safari/537.36
      ┣ Accept-Encoding：                gzip, deflate, br, zstd
      ┣ Accept-Language：                zh-CN,zh;q=0.9
      ┣ Authorization：                  Bearer eyJhbGciOiJIUzI1NiIsInR5cCI6IkpXVCJ9.eyJVc2VySWQiOjE0MjEzNDI2MzI3ODc3LCJUZW5hbnRJZCI6MTMwMDAwMDAwMDAwMSwiQWNjb3VudCI6IjE4NjAwNzY2MDQ1IiwiTmlja05hbWUiOiLmgKrlhb3mnaXkuoYiLCJBY2NvdW50VHlwZSI6Nzc3LCJleHAiOjE3MTY3MzI3MDMsIm5iZiI6MTcxNjEyNzkwMywiaWF0IjoxNzE2MTI3OTAzLCJpc3MiOiJndXhpbi5saW5rIiwiYXVkIjoiZ3V4aW4ubGluayJ9.E5LD5xGmUwcB7tVU6SZ-2i4_Eg-xy1joE2Wz0IPNMJ0
      ┣ Cache-Control：                  no-cache
      ┣ Origin：                         http://localhost:9527
      ┣ Pragma：                         no-cache
      ┣ Referer：                        http://localhost:9527/
      ┣ sec-ch-ua：                      "Chromium";v="124", "Google Chrome";v="124", "Not-A.Brand";v="99"
      ┣ DNT：                            1
      ┣ sec-ch-ua-mobile：               ?0
      ┣ X-Authorization：                Bearer eyJhbGciOiJIUzI1NiIsInR5cCI6IkpXVCJ9.eyJmIjoiZXlKaGJHY2lPaUpJVXpJMU5pSXNJblI1Y0NJNklrcFhWQ0o5IiwiZSI6IkU1TEQ1eEdtVXdjQjd0VlU2U1otMmk0X0VnLXh5MWpvRTJXejBJUE5NSjAiLCJzIjo3OSwibCI6MywiayI6IjZJaiIsImlhdCI6MTcxNjEyNzkwMywibmJmIjoxNzE2MTI3OTAzLCJleHAiOjE3MTczMzc1MDMsImlzcyI6Imd1eGluLmxpbmsiLCJhdWQiOiJndXhpbi5saW5rIn0.VCasbsEh70gJEMSsMBs6_8Yj3ofR902O-JmGvOnK4BE
      ┣ X-Request-Id：                   WMLzd_eO1YxPo43IXv6KR
      ┣ sec-ch-ua-platform：             "Windows"
      ┣ Sec-Fetch-Site：                 same-site
      ┣ Sec-Fetch-Mode：                 cors
      ┣ Sec-Fetch-Dest：                 empty
      ┣ ━━━━━━━━━━━━━━━  参数列表 ━━━━━━━━━━━━━━━
      ┣ Content-Type：                   
      ┣ 
      ┣ imageType (Nullable`1)：         
      ┣ minId (Nullable`1)：             
      ┣ ━━━━━━━━━━━━━━━  返回信息 ━━━━━━━━━━━━━━━
      ┣ HTTP响应状态码：                 200
      ┣ 原始类型：                       System.Threading.Tasks.Task<System.Collections.Generic.IList<Admin.NET.Core.JuAI.Service.ChatgptImageRes>>
      ┣ 最终类型：                       Admin.NET.Core.AdminResult<System.Object>
      ┣ 最终返回值：                     {}
      ┗━━━━━━━━━━━  Logging Monitor ━━━━━━━━━━━
info: 2024-05-21 21:46:40.9081925 +08:00 星期二 L System.Logging.LoggingMonitor[0] #32 '00-6526147d960891ee6614a316ce2ff3ea-8deca0f5675ec2f4-00'
      [System.Private.CoreLib.dll] void System.Runtime.CompilerServices.AsyncTaskMethodBuilder<TResult>+AsyncStateMachineBox<TStateMachine>.MoveNext(Thread threadPoolThread)
      ┏━━━━━━━━━━━  Logging Monitor ━━━━━━━━━━━
      ┣ Admin.NET.Core.JuAI.Service.AIDrawing.DrawingImageService.GetRecommend
      ┣ 
      ┣ 控制器名称：                         DrawingImageService
      ┣ 操作名称：                           GetRecommend
      ┣ 显示名称：                           
      ┣ 路由信息：                           [area]: ; [controller]: drawingImage; [action]: recommend
      ┣ 请求方式：                           GET
      ┣ 请求地址：                           http://localhost:5005/app/api/DrawingImage/Recommend/dalle
      ┣ 来源地址：                           http://localhost:9527/
      ┣ 请求端源：                           client
      ┣ 浏览器标识：                         Mozilla/5.0 (Windows NT 10.0; Win64; x64) AppleWebKit/537.36 (KHTML, like Gecko) Chrome/124.0.0.0 Safari/537.36
      ┣ 客户端区域语言：                     zh-CN,zh;q=0.9
      ┣ 客户端 IP 地址：                     127.0.0.1
      ┣ 服务端 IP 地址：                     127.0.0.1
      ┣ 客户端连接 ID：                      00-6526147d960891ee6614a316ce2ff3ea-8deca0f5675ec2f4-00
      ┣ 服务线程 ID：                        #32
      ┣ 执行耗时：                           63ms
      ┣ ━━━━━━━━━━━━━━━  Cookies ━━━━━━━━━━━━━━━
      ┣ 请求端：                             
      ┣ 响应端：                             
      ┣ ━━━━━━━━━━━━━━━  系统信息 ━━━━━━━━━━━━━━━
      ┣ 系统名称：                           Microsoft Windows 10.0.19045
      ┣ 系统架构：                           X64
      ┣ 基础框架：                           Furion.Pure v1.0.0.0
      ┣ .NET 架构：                          .NET 8.0.0
      ┣ ━━━━━━━━━━━━━━━  启动信息 ━━━━━━━━━━━━━━━
      ┣ 运行环境：                           Production
      ┣ 启动程序集：                         Admin.NET.Web.Entry
      ┣ 进程名称：                           Admin.NET.Web.Entry
      ┣ 托管程序：                           Kestrel
      ┣ ━━━━━━━━━━━━━━━  请求头信息 ━━━━━━━━━━━━━━━
      ┣ 
      ┣ Accept：                             application/json, text/plain, */*
      ┣ Connection：                         keep-alive
      ┣ Host：                               localhost:5005
      ┣ User-Agent：                         Mozilla/5.0 (Windows NT 10.0; Win64; x64) AppleWebKit/537.36 (KHTML, like Gecko) Chrome/124.0.0.0 Safari/537.36
      ┣ Accept-Encoding：                    gzip, deflate, br, zstd
      ┣ Accept-Language：                    zh-CN,zh;q=0.9
      ┣ Authorization：                      Bearer eyJhbGciOiJIUzI1NiIsInR5cCI6IkpXVCJ9.eyJVc2VySWQiOjE0MjEzNDI2MzI3ODc3LCJUZW5hbnRJZCI6MTMwMDAwMDAwMDAwMSwiQWNjb3VudCI6IjE4NjAwNzY2MDQ1IiwiTmlja05hbWUiOiLmgKrlhb3mnaXkuoYiLCJBY2NvdW50VHlwZSI6Nzc3LCJleHAiOjE3MTY3MzI3MDMsIm5iZiI6MTcxNjEyNzkwMywiaWF0IjoxNzE2MTI3OTAzLCJpc3MiOiJndXhpbi5saW5rIiwiYXVkIjoiZ3V4aW4ubGluayJ9.E5LD5xGmUwcB7tVU6SZ-2i4_Eg-xy1joE2Wz0IPNMJ0
      ┣ Cache-Control：                      no-cache
      ┣ Origin：                             http://localhost:9527
      ┣ Pragma：                             no-cache
      ┣ Referer：                            http://localhost:9527/
      ┣ sec-ch-ua：                          "Chromium";v="124", "Google Chrome";v="124", "Not-A.Brand";v="99"
      ┣ DNT：                                1
      ┣ sec-ch-ua-mobile：                   ?0
      ┣ X-Authorization：                    Bearer eyJhbGciOiJIUzI1NiIsInR5cCI6IkpXVCJ9.eyJmIjoiZXlKaGJHY2lPaUpJVXpJMU5pSXNJblI1Y0NJNklrcFhWQ0o5IiwiZSI6IkU1TEQ1eEdtVXdjQjd0VlU2U1otMmk0X0VnLXh5MWpvRTJXejBJUE5NSjAiLCJzIjo3OSwibCI6MywiayI6IjZJaiIsImlhdCI6MTcxNjEyNzkwMywibmJmIjoxNzE2MTI3OTAzLCJleHAiOjE3MTczMzc1MDMsImlzcyI6Imd1eGluLmxpbmsiLCJhdWQiOiJndXhpbi5saW5rIn0.VCasbsEh70gJEMSsMBs6_8Yj3ofR902O-JmGvOnK4BE
      ┣ X-Request-Id：                       GB4LiW5m4sw5GpsejdDnG
      ┣ sec-ch-ua-platform：                 "Windows"
      ┣ Sec-Fetch-Site：                     same-site
      ┣ Sec-Fetch-Mode：                     cors
      ┣ Sec-Fetch-Dest：                     empty
      ┣ ━━━━━━━━━━━━━━━  参数列表 ━━━━━━━━━━━━━━━
      ┣ Content-Type：                       
      ┣ 
      ┣ imageType (DrawingTypeEnum)：        0
      ┣ minDate (Nullable`1)：               
      ┣ ━━━━━━━━━━━━━━━  返回信息 ━━━━━━━━━━━━━━━
      ┣ HTTP响应状态码：                     200
      ┣ 原始类型：                           System.Threading.Tasks.Task<System.Collections.Generic.IList<Admin.NET.Core.JuAI.Service.ChatgptImageRes>>
      ┣ 最终类型：                           Admin.NET.Core.AdminResult<System.Object>
      ┣ 最终返回值：                         {}
      ┗━━━━━━━━━━━  Logging Monitor ━━━━━━━━━━━
info: 2024-05-21 21:46:41.3779509 +08:00 星期二 L System.Logging.LoggingMonitor[0] #3 '00-1d592a8c8647b3fb5ba39db352508a0d-25a5cfbf077f0869-00'
      [System.Private.CoreLib.dll] void System.Runtime.CompilerServices.AsyncTaskMethodBuilder<TResult>+AsyncStateMachineBox<TStateMachine>.MoveNext(Thread threadPoolThread)
      ┏━━━━━━━━━━━  Logging Monitor ━━━━━━━━━━━
      ┣ Admin.NET.Core.JuAI.Service.AIDrawing.DrawingImageService.GetMyAll
      ┣ 
      ┣ 控制器名称：                     DrawingImageService
      ┣ 操作名称：                       GetMyAll
      ┣ 显示名称：                       
      ┣ 路由信息：                       [area]: ; [controller]: drawingImage; [action]: myAll
      ┣ 请求方式：                       GET
      ┣ 请求地址：                       http://localhost:5005/app/api/DrawingImage/MyALl?drawingType=dalle&minId=
      ┣ 来源地址：                       http://localhost:9527/
      ┣ 请求端源：                       client
      ┣ 浏览器标识：                     Mozilla/5.0 (Windows NT 10.0; Win64; x64) AppleWebKit/537.36 (KHTML, like Gecko) Chrome/124.0.0.0 Safari/537.36
      ┣ 客户端区域语言：                 zh-CN,zh;q=0.9
      ┣ 客户端 IP 地址：                 127.0.0.1
      ┣ 服务端 IP 地址：                 127.0.0.1
      ┣ 客户端连接 ID：                  00-1d592a8c8647b3fb5ba39db352508a0d-25a5cfbf077f0869-00
      ┣ 服务线程 ID：                    #3
      ┣ 执行耗时：                       55ms
      ┣ ━━━━━━━━━━━━━━━  Cookies ━━━━━━━━━━━━━━━
      ┣ 请求端：                         
      ┣ 响应端：                         
      ┣ ━━━━━━━━━━━━━━━  系统信息 ━━━━━━━━━━━━━━━
      ┣ 系统名称：                       Microsoft Windows 10.0.19045
      ┣ 系统架构：                       X64
      ┣ 基础框架：                       Furion.Pure v1.0.0.0
      ┣ .NET 架构：                      .NET 8.0.0
      ┣ ━━━━━━━━━━━━━━━  启动信息 ━━━━━━━━━━━━━━━
      ┣ 运行环境：                       Production
      ┣ 启动程序集：                     Admin.NET.Web.Entry
      ┣ 进程名称：                       Admin.NET.Web.Entry
      ┣ 托管程序：                       Kestrel
      ┣ ━━━━━━━━━━━━━━━  授权信息 ━━━━━━━━━━━━━━━
      ┣ JWT Token：                      Bearer eyJhbGciOiJIUzI1NiIsInR5cCI6IkpXVCJ9.eyJVc2VySWQiOjE0MjEzNDI2MzI3ODc3LCJUZW5hbnRJZCI6MTMwMDAwMDAwMDAwMSwiQWNjb3VudCI6IjE4NjAwNzY2MDQ1IiwiTmlja05hbWUiOiLmgKrlhb3mnaXkuoYiLCJBY2NvdW50VHlwZSI6Nzc3LCJleHAiOjE3MTY3MzI3MDMsIm5iZiI6MTcxNjEyNzkwMywiaWF0IjoxNzE2MTI3OTAzLCJpc3MiOiJndXhpbi5saW5rIiwiYXVkIjoiZ3V4aW4ubGluayJ9.E5LD5xGmUwcB7tVU6SZ-2i4_Eg-xy1joE2Wz0IPNMJ0
      ┣ 
      ┣ UserId (integer64)：             14213426327877
      ┣ TenantId (integer64)：           1300000000001
      ┣ Account (string)：               18600766045
      ┣ NickName (string)：              怪兽来了
      ┣ AccountType (integer32)：        777
      ┣ exp (integer64)：                1716732703 (2024-05-26 22:11:43:0000(+08:00) 星期日 L)
      ┣ nbf (integer64)：                1716127903 (2024-05-19 22:11:43:0000(+08:00) 星期日 L)
      ┣ iat (integer64)：                1716127903 (2024-05-19 22:11:43:0000(+08:00) 星期日 L)
      ┣ iss (string)：                   guxin.link
      ┣ aud (string)：                   guxin.link
      ┣ ━━━━━━━━━━━━━━━  请求头信息 ━━━━━━━━━━━━━━━
      ┣ 
      ┣ Accept：                         application/json, text/plain, */*
      ┣ Connection：                     keep-alive
      ┣ Host：                           localhost:5005
      ┣ User-Agent：                     Mozilla/5.0 (Windows NT 10.0; Win64; x64) AppleWebKit/537.36 (KHTML, like Gecko) Chrome/124.0.0.0 Safari/537.36
      ┣ Accept-Encoding：                gzip, deflate, br, zstd
      ┣ Accept-Language：                zh-CN,zh;q=0.9
      ┣ Authorization：                  Bearer eyJhbGciOiJIUzI1NiIsInR5cCI6IkpXVCJ9.eyJVc2VySWQiOjE0MjEzNDI2MzI3ODc3LCJUZW5hbnRJZCI6MTMwMDAwMDAwMDAwMSwiQWNjb3VudCI6IjE4NjAwNzY2MDQ1IiwiTmlja05hbWUiOiLmgKrlhb3mnaXkuoYiLCJBY2NvdW50VHlwZSI6Nzc3LCJleHAiOjE3MTY3MzI3MDMsIm5iZiI6MTcxNjEyNzkwMywiaWF0IjoxNzE2MTI3OTAzLCJpc3MiOiJndXhpbi5saW5rIiwiYXVkIjoiZ3V4aW4ubGluayJ9.E5LD5xGmUwcB7tVU6SZ-2i4_Eg-xy1joE2Wz0IPNMJ0
      ┣ Cache-Control：                  no-cache
      ┣ Origin：                         http://localhost:9527
      ┣ Pragma：                         no-cache
      ┣ Referer：                        http://localhost:9527/
      ┣ sec-ch-ua：                      "Chromium";v="124", "Google Chrome";v="124", "Not-A.Brand";v="99"
      ┣ DNT：                            1
      ┣ sec-ch-ua-mobile：               ?0
      ┣ X-Authorization：                Bearer eyJhbGciOiJIUzI1NiIsInR5cCI6IkpXVCJ9.eyJmIjoiZXlKaGJHY2lPaUpJVXpJMU5pSXNJblI1Y0NJNklrcFhWQ0o5IiwiZSI6IkU1TEQ1eEdtVXdjQjd0VlU2U1otMmk0X0VnLXh5MWpvRTJXejBJUE5NSjAiLCJzIjo3OSwibCI6MywiayI6IjZJaiIsImlhdCI6MTcxNjEyNzkwMywibmJmIjoxNzE2MTI3OTAzLCJleHAiOjE3MTczMzc1MDMsImlzcyI6Imd1eGluLmxpbmsiLCJhdWQiOiJndXhpbi5saW5rIn0.VCasbsEh70gJEMSsMBs6_8Yj3ofR902O-JmGvOnK4BE
      ┣ X-Request-Id：                   agd7sIw3YbwVJtXDIIHEw
      ┣ sec-ch-ua-platform：             "Windows"
      ┣ Sec-Fetch-Site：                 same-site
      ┣ Sec-Fetch-Mode：                 cors
      ┣ Sec-Fetch-Dest：                 empty
      ┣ ━━━━━━━━━━━━━━━  参数列表 ━━━━━━━━━━━━━━━
      ┣ Content-Type：                   
      ┣ 
      ┣ imageType (Nullable`1)：         
      ┣ minId (Nullable`1)：             
      ┣ ━━━━━━━━━━━━━━━  返回信息 ━━━━━━━━━━━━━━━
      ┣ HTTP响应状态码：                 200
      ┣ 原始类型：                       System.Threading.Tasks.Task<System.Collections.Generic.IList<Admin.NET.Core.JuAI.Service.ChatgptImageRes>>
      ┣ 最终类型：                       Admin.NET.Core.AdminResult<System.Object>
      ┣ 最终返回值：                     {}
      ┗━━━━━━━━━━━  Logging Monitor ━━━━━━━━━━━
info: 2024-05-21 21:46:42.0753212 +08:00 星期二 L System.Logging.LoggingMonitor[0] #30 '00-2e5b7eda0ccabcafbd628c78300e9f05-9f767d593e202b84-00'
      [System.Private.CoreLib.dll] void System.Runtime.CompilerServices.AsyncTaskMethodBuilder<TResult>+AsyncStateMachineBox<TStateMachine>.MoveNext(Thread threadPoolThread)
      ┏━━━━━━━━━━━  Logging Monitor ━━━━━━━━━━━
      ┣ Admin.NET.Core.JuAI.Service.AIDrawing.DrawingImageService.GetMyAll
      ┣ 
      ┣ 控制器名称：                     DrawingImageService
      ┣ 操作名称：                       GetMyAll
      ┣ 显示名称：                       
      ┣ 路由信息：                       [area]: ; [controller]: drawingImage; [action]: myAll
      ┣ 请求方式：                       GET
      ┣ 请求地址：                       http://localhost:5005/app/api/DrawingImage/MyALl?drawingType=dalle&minId=
      ┣ 来源地址：                       http://localhost:9527/
      ┣ 请求端源：                       client
      ┣ 浏览器标识：                     Mozilla/5.0 (Windows NT 10.0; Win64; x64) AppleWebKit/537.36 (KHTML, like Gecko) Chrome/124.0.0.0 Safari/537.36
      ┣ 客户端区域语言：                 zh-CN,zh;q=0.9
      ┣ 客户端 IP 地址：                 127.0.0.1
      ┣ 服务端 IP 地址：                 127.0.0.1
      ┣ 客户端连接 ID：                  00-2e5b7eda0ccabcafbd628c78300e9f05-9f767d593e202b84-00
      ┣ 服务线程 ID：                    #30
      ┣ 执行耗时：                       58ms
      ┣ ━━━━━━━━━━━━━━━  Cookies ━━━━━━━━━━━━━━━
      ┣ 请求端：                         
      ┣ 响应端：                         
      ┣ ━━━━━━━━━━━━━━━  系统信息 ━━━━━━━━━━━━━━━
      ┣ 系统名称：                       Microsoft Windows 10.0.19045
      ┣ 系统架构：                       X64
      ┣ 基础框架：                       Furion.Pure v1.0.0.0
      ┣ .NET 架构：                      .NET 8.0.0
      ┣ ━━━━━━━━━━━━━━━  启动信息 ━━━━━━━━━━━━━━━
      ┣ 运行环境：                       Production
      ┣ 启动程序集：                     Admin.NET.Web.Entry
      ┣ 进程名称：                       Admin.NET.Web.Entry
      ┣ 托管程序：                       Kestrel
      ┣ ━━━━━━━━━━━━━━━  授权信息 ━━━━━━━━━━━━━━━
      ┣ JWT Token：                      Bearer eyJhbGciOiJIUzI1NiIsInR5cCI6IkpXVCJ9.eyJVc2VySWQiOjE0MjEzNDI2MzI3ODc3LCJUZW5hbnRJZCI6MTMwMDAwMDAwMDAwMSwiQWNjb3VudCI6IjE4NjAwNzY2MDQ1IiwiTmlja05hbWUiOiLmgKrlhb3mnaXkuoYiLCJBY2NvdW50VHlwZSI6Nzc3LCJleHAiOjE3MTY3MzI3MDMsIm5iZiI6MTcxNjEyNzkwMywiaWF0IjoxNzE2MTI3OTAzLCJpc3MiOiJndXhpbi5saW5rIiwiYXVkIjoiZ3V4aW4ubGluayJ9.E5LD5xGmUwcB7tVU6SZ-2i4_Eg-xy1joE2Wz0IPNMJ0
      ┣ 
      ┣ UserId (integer64)：             14213426327877
      ┣ TenantId (integer64)：           1300000000001
      ┣ Account (string)：               18600766045
      ┣ NickName (string)：              怪兽来了
      ┣ AccountType (integer32)：        777
      ┣ exp (integer64)：                1716732703 (2024-05-26 22:11:43:0000(+08:00) 星期日 L)
      ┣ nbf (integer64)：                1716127903 (2024-05-19 22:11:43:0000(+08:00) 星期日 L)
      ┣ iat (integer64)：                1716127903 (2024-05-19 22:11:43:0000(+08:00) 星期日 L)
      ┣ iss (string)：                   guxin.link
      ┣ aud (string)：                   guxin.link
      ┣ ━━━━━━━━━━━━━━━  请求头信息 ━━━━━━━━━━━━━━━
      ┣ 
      ┣ Accept：                         application/json, text/plain, */*
      ┣ Connection：                     keep-alive
      ┣ Host：                           localhost:5005
      ┣ User-Agent：                     Mozilla/5.0 (Windows NT 10.0; Win64; x64) AppleWebKit/537.36 (KHTML, like Gecko) Chrome/124.0.0.0 Safari/537.36
      ┣ Accept-Encoding：                gzip, deflate, br, zstd
      ┣ Accept-Language：                zh-CN,zh;q=0.9
      ┣ Authorization：                  Bearer eyJhbGciOiJIUzI1NiIsInR5cCI6IkpXVCJ9.eyJVc2VySWQiOjE0MjEzNDI2MzI3ODc3LCJUZW5hbnRJZCI6MTMwMDAwMDAwMDAwMSwiQWNjb3VudCI6IjE4NjAwNzY2MDQ1IiwiTmlja05hbWUiOiLmgKrlhb3mnaXkuoYiLCJBY2NvdW50VHlwZSI6Nzc3LCJleHAiOjE3MTY3MzI3MDMsIm5iZiI6MTcxNjEyNzkwMywiaWF0IjoxNzE2MTI3OTAzLCJpc3MiOiJndXhpbi5saW5rIiwiYXVkIjoiZ3V4aW4ubGluayJ9.E5LD5xGmUwcB7tVU6SZ-2i4_Eg-xy1joE2Wz0IPNMJ0
      ┣ Cache-Control：                  no-cache
      ┣ Origin：                         http://localhost:9527
      ┣ Pragma：                         no-cache
      ┣ Referer：                        http://localhost:9527/
      ┣ sec-ch-ua：                      "Chromium";v="124", "Google Chrome";v="124", "Not-A.Brand";v="99"
      ┣ DNT：                            1
      ┣ sec-ch-ua-mobile：               ?0
      ┣ X-Authorization：                Bearer eyJhbGciOiJIUzI1NiIsInR5cCI6IkpXVCJ9.eyJmIjoiZXlKaGJHY2lPaUpJVXpJMU5pSXNJblI1Y0NJNklrcFhWQ0o5IiwiZSI6IkU1TEQ1eEdtVXdjQjd0VlU2U1otMmk0X0VnLXh5MWpvRTJXejBJUE5NSjAiLCJzIjo3OSwibCI6MywiayI6IjZJaiIsImlhdCI6MTcxNjEyNzkwMywibmJmIjoxNzE2MTI3OTAzLCJleHAiOjE3MTczMzc1MDMsImlzcyI6Imd1eGluLmxpbmsiLCJhdWQiOiJndXhpbi5saW5rIn0.VCasbsEh70gJEMSsMBs6_8Yj3ofR902O-JmGvOnK4BE
      ┣ X-Request-Id：                   aDTmcKNW96X-dc3oBtvM3
      ┣ sec-ch-ua-platform：             "Windows"
      ┣ Sec-Fetch-Site：                 same-site
      ┣ Sec-Fetch-Mode：                 cors
      ┣ Sec-Fetch-Dest：                 empty
      ┣ ━━━━━━━━━━━━━━━  参数列表 ━━━━━━━━━━━━━━━
      ┣ Content-Type：                   
      ┣ 
      ┣ imageType (Nullable`1)：         
      ┣ minId (Nullable`1)：             
      ┣ ━━━━━━━━━━━━━━━  返回信息 ━━━━━━━━━━━━━━━
      ┣ HTTP响应状态码：                 200
      ┣ 原始类型：                       System.Threading.Tasks.Task<System.Collections.Generic.IList<Admin.NET.Core.JuAI.Service.ChatgptImageRes>>
      ┣ 最终类型：                       Admin.NET.Core.AdminResult<System.Object>
      ┣ 最终返回值：                     {}
      ┗━━━━━━━━━━━  Logging Monitor ━━━━━━━━━━━
info: 2024-05-21 21:47:18.5451174 +08:00 星期二 L System.Logging.LoggingMonitor[0] #30 '00-bbd4a174e7f273969d2813a5d1cf6696-ee9935115599f371-00'
      [System.Private.CoreLib.dll] void System.Runtime.CompilerServices.AsyncTaskMethodBuilder<TResult>+AsyncStateMachineBox<TStateMachine>.MoveNext(Thread threadPoolThread)
      ┏━━━━━━━━━━━  Logging Monitor ━━━━━━━━━━━
      ┣ Admin.NET.Core.JuAI.Service.AIDrawing.DrawingImageService.GetRecommend
      ┣ 
      ┣ 控制器名称：                         DrawingImageService
      ┣ 操作名称：                           GetRecommend
      ┣ 显示名称：                           
      ┣ 路由信息：                           [area]: ; [controller]: drawingImage; [action]: recommend
      ┣ 请求方式：                           GET
      ┣ 请求地址：                           http://localhost:5005/app/api/DrawingImage/Recommend/dalle
      ┣ 来源地址：                           http://localhost:9527/
      ┣ 请求端源：                           client
      ┣ 浏览器标识：                         Mozilla/5.0 (Windows NT 10.0; Win64; x64) AppleWebKit/537.36 (KHTML, like Gecko) Chrome/124.0.0.0 Safari/537.36
      ┣ 客户端区域语言：                     zh-CN,zh;q=0.9
      ┣ 客户端 IP 地址：                     127.0.0.1
      ┣ 服务端 IP 地址：                     127.0.0.1
      ┣ 客户端连接 ID：                      00-bbd4a174e7f273969d2813a5d1cf6696-ee9935115599f371-00
      ┣ 服务线程 ID：                        #30
      ┣ 执行耗时：                           53ms
      ┣ ━━━━━━━━━━━━━━━  Cookies ━━━━━━━━━━━━━━━
      ┣ 请求端：                             
      ┣ 响应端：                             
      ┣ ━━━━━━━━━━━━━━━  系统信息 ━━━━━━━━━━━━━━━
      ┣ 系统名称：                           Microsoft Windows 10.0.19045
      ┣ 系统架构：                           X64
      ┣ 基础框架：                           Furion.Pure v1.0.0.0
      ┣ .NET 架构：                          .NET 8.0.0
      ┣ ━━━━━━━━━━━━━━━  启动信息 ━━━━━━━━━━━━━━━
      ┣ 运行环境：                           Production
      ┣ 启动程序集：                         Admin.NET.Web.Entry
      ┣ 进程名称：                           Admin.NET.Web.Entry
      ┣ 托管程序：                           Kestrel
      ┣ ━━━━━━━━━━━━━━━  请求头信息 ━━━━━━━━━━━━━━━
      ┣ 
      ┣ Accept：                             application/json, text/plain, */*
      ┣ Connection：                         keep-alive
      ┣ Host：                               localhost:5005
      ┣ User-Agent：                         Mozilla/5.0 (Windows NT 10.0; Win64; x64) AppleWebKit/537.36 (KHTML, like Gecko) Chrome/124.0.0.0 Safari/537.36
      ┣ Accept-Encoding：                    gzip, deflate, br, zstd
      ┣ Accept-Language：                    zh-CN,zh;q=0.9
      ┣ Authorization：                      Bearer eyJhbGciOiJIUzI1NiIsInR5cCI6IkpXVCJ9.eyJVc2VySWQiOjE0MjEzNDI2MzI3ODc3LCJUZW5hbnRJZCI6MTMwMDAwMDAwMDAwMSwiQWNjb3VudCI6IjE4NjAwNzY2MDQ1IiwiTmlja05hbWUiOiLmgKrlhb3mnaXkuoYiLCJBY2NvdW50VHlwZSI6Nzc3LCJleHAiOjE3MTY3MzI3MDMsIm5iZiI6MTcxNjEyNzkwMywiaWF0IjoxNzE2MTI3OTAzLCJpc3MiOiJndXhpbi5saW5rIiwiYXVkIjoiZ3V4aW4ubGluayJ9.E5LD5xGmUwcB7tVU6SZ-2i4_Eg-xy1joE2Wz0IPNMJ0
      ┣ Cache-Control：                      no-cache
      ┣ Origin：                             http://localhost:9527
      ┣ Pragma：                             no-cache
      ┣ Referer：                            http://localhost:9527/
      ┣ sec-ch-ua：                          "Chromium";v="124", "Google Chrome";v="124", "Not-A.Brand";v="99"
      ┣ DNT：                                1
      ┣ sec-ch-ua-mobile：                   ?0
      ┣ X-Authorization：                    Bearer eyJhbGciOiJIUzI1NiIsInR5cCI6IkpXVCJ9.eyJmIjoiZXlKaGJHY2lPaUpJVXpJMU5pSXNJblI1Y0NJNklrcFhWQ0o5IiwiZSI6IkU1TEQ1eEdtVXdjQjd0VlU2U1otMmk0X0VnLXh5MWpvRTJXejBJUE5NSjAiLCJzIjo3OSwibCI6MywiayI6IjZJaiIsImlhdCI6MTcxNjEyNzkwMywibmJmIjoxNzE2MTI3OTAzLCJleHAiOjE3MTczMzc1MDMsImlzcyI6Imd1eGluLmxpbmsiLCJhdWQiOiJndXhpbi5saW5rIn0.VCasbsEh70gJEMSsMBs6_8Yj3ofR902O-JmGvOnK4BE
      ┣ X-Request-Id：                       -FmBycL0hBaC6nBAkV9ek
      ┣ sec-ch-ua-platform：                 "Windows"
      ┣ Sec-Fetch-Site：                     same-site
      ┣ Sec-Fetch-Mode：                     cors
      ┣ Sec-Fetch-Dest：                     empty
      ┣ ━━━━━━━━━━━━━━━  参数列表 ━━━━━━━━━━━━━━━
      ┣ Content-Type：                       
      ┣ 
      ┣ imageType (DrawingTypeEnum)：        0
      ┣ minDate (Nullable`1)：               
      ┣ ━━━━━━━━━━━━━━━  返回信息 ━━━━━━━━━━━━━━━
      ┣ HTTP响应状态码：                     200
      ┣ 原始类型：                           System.Threading.Tasks.Task<System.Collections.Generic.IList<Admin.NET.Core.JuAI.Service.ChatgptImageRes>>
      ┣ 最终类型：                           Admin.NET.Core.AdminResult<System.Object>
      ┣ 最终返回值：                         {}
      ┗━━━━━━━━━━━  Logging Monitor ━━━━━━━━━━━
info: 2024-05-21 21:47:18.8277744 +08:00 星期二 L System.Logging.LoggingMonitor[0] #7 '00-72ccadda2053682c664a1b77a4f7bc34-dbce27a1644fe15f-00'
      [System.Private.CoreLib.dll] void System.Runtime.CompilerServices.AsyncTaskMethodBuilder<TResult>+AsyncStateMachineBox<TStateMachine>.MoveNext(Thread threadPoolThread)
      ┏━━━━━━━━━━━  Logging Monitor ━━━━━━━━━━━
      ┣ Admin.NET.Core.JuAI.Service.AIDrawing.DrawingImageService.GetMyAll
      ┣ 
      ┣ 控制器名称：                     DrawingImageService
      ┣ 操作名称：                       GetMyAll
      ┣ 显示名称：                       
      ┣ 路由信息：                       [area]: ; [controller]: drawingImage; [action]: myAll
      ┣ 请求方式：                       GET
      ┣ 请求地址：                       http://localhost:5005/app/api/DrawingImage/MyALl?drawingType=dalle&minId=
      ┣ 来源地址：                       http://localhost:9527/
      ┣ 请求端源：                       client
      ┣ 浏览器标识：                     Mozilla/5.0 (Windows NT 10.0; Win64; x64) AppleWebKit/537.36 (KHTML, like Gecko) Chrome/124.0.0.0 Safari/537.36
      ┣ 客户端区域语言：                 zh-CN,zh;q=0.9
      ┣ 客户端 IP 地址：                 127.0.0.1
      ┣ 服务端 IP 地址：                 127.0.0.1
      ┣ 客户端连接 ID：                  00-72ccadda2053682c664a1b77a4f7bc34-dbce27a1644fe15f-00
      ┣ 服务线程 ID：                    #7
      ┣ 执行耗时：                       54ms
      ┣ ━━━━━━━━━━━━━━━  Cookies ━━━━━━━━━━━━━━━
      ┣ 请求端：                         
      ┣ 响应端：                         
      ┣ ━━━━━━━━━━━━━━━  系统信息 ━━━━━━━━━━━━━━━
      ┣ 系统名称：                       Microsoft Windows 10.0.19045
      ┣ 系统架构：                       X64
      ┣ 基础框架：                       Furion.Pure v1.0.0.0
      ┣ .NET 架构：                      .NET 8.0.0
      ┣ ━━━━━━━━━━━━━━━  启动信息 ━━━━━━━━━━━━━━━
      ┣ 运行环境：                       Production
      ┣ 启动程序集：                     Admin.NET.Web.Entry
      ┣ 进程名称：                       Admin.NET.Web.Entry
      ┣ 托管程序：                       Kestrel
      ┣ ━━━━━━━━━━━━━━━  授权信息 ━━━━━━━━━━━━━━━
      ┣ JWT Token：                      Bearer eyJhbGciOiJIUzI1NiIsInR5cCI6IkpXVCJ9.eyJVc2VySWQiOjE0MjEzNDI2MzI3ODc3LCJUZW5hbnRJZCI6MTMwMDAwMDAwMDAwMSwiQWNjb3VudCI6IjE4NjAwNzY2MDQ1IiwiTmlja05hbWUiOiLmgKrlhb3mnaXkuoYiLCJBY2NvdW50VHlwZSI6Nzc3LCJleHAiOjE3MTY3MzI3MDMsIm5iZiI6MTcxNjEyNzkwMywiaWF0IjoxNzE2MTI3OTAzLCJpc3MiOiJndXhpbi5saW5rIiwiYXVkIjoiZ3V4aW4ubGluayJ9.E5LD5xGmUwcB7tVU6SZ-2i4_Eg-xy1joE2Wz0IPNMJ0
      ┣ 
      ┣ UserId (integer64)：             14213426327877
      ┣ TenantId (integer64)：           1300000000001
      ┣ Account (string)：               18600766045
      ┣ NickName (string)：              怪兽来了
      ┣ AccountType (integer32)：        777
      ┣ exp (integer64)：                1716732703 (2024-05-26 22:11:43:0000(+08:00) 星期日 L)
      ┣ nbf (integer64)：                1716127903 (2024-05-19 22:11:43:0000(+08:00) 星期日 L)
      ┣ iat (integer64)：                1716127903 (2024-05-19 22:11:43:0000(+08:00) 星期日 L)
      ┣ iss (string)：                   guxin.link
      ┣ aud (string)：                   guxin.link
      ┣ ━━━━━━━━━━━━━━━  请求头信息 ━━━━━━━━━━━━━━━
      ┣ 
      ┣ Accept：                         application/json, text/plain, */*
      ┣ Connection：                     keep-alive
      ┣ Host：                           localhost:5005
      ┣ User-Agent：                     Mozilla/5.0 (Windows NT 10.0; Win64; x64) AppleWebKit/537.36 (KHTML, like Gecko) Chrome/124.0.0.0 Safari/537.36
      ┣ Accept-Encoding：                gzip, deflate, br, zstd
      ┣ Accept-Language：                zh-CN,zh;q=0.9
      ┣ Authorization：                  Bearer eyJhbGciOiJIUzI1NiIsInR5cCI6IkpXVCJ9.eyJVc2VySWQiOjE0MjEzNDI2MzI3ODc3LCJUZW5hbnRJZCI6MTMwMDAwMDAwMDAwMSwiQWNjb3VudCI6IjE4NjAwNzY2MDQ1IiwiTmlja05hbWUiOiLmgKrlhb3mnaXkuoYiLCJBY2NvdW50VHlwZSI6Nzc3LCJleHAiOjE3MTY3MzI3MDMsIm5iZiI6MTcxNjEyNzkwMywiaWF0IjoxNzE2MTI3OTAzLCJpc3MiOiJndXhpbi5saW5rIiwiYXVkIjoiZ3V4aW4ubGluayJ9.E5LD5xGmUwcB7tVU6SZ-2i4_Eg-xy1joE2Wz0IPNMJ0
      ┣ Cache-Control：                  no-cache
      ┣ Origin：                         http://localhost:9527
      ┣ Pragma：                         no-cache
      ┣ Referer：                        http://localhost:9527/
      ┣ sec-ch-ua：                      "Chromium";v="124", "Google Chrome";v="124", "Not-A.Brand";v="99"
      ┣ DNT：                            1
      ┣ sec-ch-ua-mobile：               ?0
      ┣ X-Authorization：                Bearer eyJhbGciOiJIUzI1NiIsInR5cCI6IkpXVCJ9.eyJmIjoiZXlKaGJHY2lPaUpJVXpJMU5pSXNJblI1Y0NJNklrcFhWQ0o5IiwiZSI6IkU1TEQ1eEdtVXdjQjd0VlU2U1otMmk0X0VnLXh5MWpvRTJXejBJUE5NSjAiLCJzIjo3OSwibCI6MywiayI6IjZJaiIsImlhdCI6MTcxNjEyNzkwMywibmJmIjoxNzE2MTI3OTAzLCJleHAiOjE3MTczMzc1MDMsImlzcyI6Imd1eGluLmxpbmsiLCJhdWQiOiJndXhpbi5saW5rIn0.VCasbsEh70gJEMSsMBs6_8Yj3ofR902O-JmGvOnK4BE
      ┣ X-Request-Id：                   aliUJsgqwSr05xf5mBKzG
      ┣ sec-ch-ua-platform：             "Windows"
      ┣ Sec-Fetch-Site：                 same-site
      ┣ Sec-Fetch-Mode：                 cors
      ┣ Sec-Fetch-Dest：                 empty
      ┣ ━━━━━━━━━━━━━━━  参数列表 ━━━━━━━━━━━━━━━
      ┣ Content-Type：                   
      ┣ 
      ┣ imageType (Nullable`1)：         
      ┣ minId (Nullable`1)：             
      ┣ ━━━━━━━━━━━━━━━  返回信息 ━━━━━━━━━━━━━━━
      ┣ HTTP响应状态码：                 200
      ┣ 原始类型：                       System.Threading.Tasks.Task<System.Collections.Generic.IList<Admin.NET.Core.JuAI.Service.ChatgptImageRes>>
      ┣ 最终类型：                       Admin.NET.Core.AdminResult<System.Object>
      ┣ 最终返回值：                     {}
      ┗━━━━━━━━━━━  Logging Monitor ━━━━━━━━━━━
info: 2024-05-21 21:47:18.9183762 +08:00 星期二 L System.Logging.LoggingMonitor[0] #30 '00-fdad6fa8f90c2c3ed4a17a319bd8cee3-2119ca18f1e3ae31-00'
      [System.Private.CoreLib.dll] void System.Runtime.CompilerServices.AsyncTaskMethodBuilder<TResult>+AsyncStateMachineBox<TStateMachine>.MoveNext(Thread threadPoolThread)
      ┏━━━━━━━━━━━  Logging Monitor ━━━━━━━━━━━
      ┣ Admin.NET.Core.JuAI.Service.AIDrawing.DrawingImageService.GetRecommend
      ┣ 
      ┣ 控制器名称：                         DrawingImageService
      ┣ 操作名称：                           GetRecommend
      ┣ 显示名称：                           
      ┣ 路由信息：                           [area]: ; [controller]: drawingImage; [action]: recommend
      ┣ 请求方式：                           GET
      ┣ 请求地址：                           http://localhost:5005/app/api/DrawingImage/Recommend/dalle
      ┣ 来源地址：                           http://localhost:9527/
      ┣ 请求端源：                           client
      ┣ 浏览器标识：                         Mozilla/5.0 (Windows NT 10.0; Win64; x64) AppleWebKit/537.36 (KHTML, like Gecko) Chrome/124.0.0.0 Safari/537.36
      ┣ 客户端区域语言：                     zh-CN,zh;q=0.9
      ┣ 客户端 IP 地址：                     127.0.0.1
      ┣ 服务端 IP 地址：                     127.0.0.1
      ┣ 客户端连接 ID：                      00-fdad6fa8f90c2c3ed4a17a319bd8cee3-2119ca18f1e3ae31-00
      ┣ 服务线程 ID：                        #23
      ┣ 执行耗时：                           61ms
      ┣ ━━━━━━━━━━━━━━━  Cookies ━━━━━━━━━━━━━━━
      ┣ 请求端：                             
      ┣ 响应端：                             
      ┣ ━━━━━━━━━━━━━━━  系统信息 ━━━━━━━━━━━━━━━
      ┣ 系统名称：                           Microsoft Windows 10.0.19045
      ┣ 系统架构：                           X64
      ┣ 基础框架：                           Furion.Pure v1.0.0.0
      ┣ .NET 架构：                          .NET 8.0.0
      ┣ ━━━━━━━━━━━━━━━  启动信息 ━━━━━━━━━━━━━━━
      ┣ 运行环境：                           Production
      ┣ 启动程序集：                         Admin.NET.Web.Entry
      ┣ 进程名称：                           Admin.NET.Web.Entry
      ┣ 托管程序：                           Kestrel
      ┣ ━━━━━━━━━━━━━━━  请求头信息 ━━━━━━━━━━━━━━━
      ┣ 
      ┣ Accept：                             application/json, text/plain, */*
      ┣ Connection：                         keep-alive
      ┣ Host：                               localhost:5005
      ┣ User-Agent：                         Mozilla/5.0 (Windows NT 10.0; Win64; x64) AppleWebKit/537.36 (KHTML, like Gecko) Chrome/124.0.0.0 Safari/537.36
      ┣ Accept-Encoding：                    gzip, deflate, br, zstd
      ┣ Accept-Language：                    zh-CN,zh;q=0.9
      ┣ Authorization：                      Bearer eyJhbGciOiJIUzI1NiIsInR5cCI6IkpXVCJ9.eyJVc2VySWQiOjE0MjEzNDI2MzI3ODc3LCJUZW5hbnRJZCI6MTMwMDAwMDAwMDAwMSwiQWNjb3VudCI6IjE4NjAwNzY2MDQ1IiwiTmlja05hbWUiOiLmgKrlhb3mnaXkuoYiLCJBY2NvdW50VHlwZSI6Nzc3LCJleHAiOjE3MTY3MzI3MDMsIm5iZiI6MTcxNjEyNzkwMywiaWF0IjoxNzE2MTI3OTAzLCJpc3MiOiJndXhpbi5saW5rIiwiYXVkIjoiZ3V4aW4ubGluayJ9.E5LD5xGmUwcB7tVU6SZ-2i4_Eg-xy1joE2Wz0IPNMJ0
      ┣ Cache-Control：                      no-cache
      ┣ Origin：                             http://localhost:9527
      ┣ Pragma：                             no-cache
      ┣ Referer：                            http://localhost:9527/
      ┣ sec-ch-ua：                          "Chromium";v="124", "Google Chrome";v="124", "Not-A.Brand";v="99"
      ┣ DNT：                                1
      ┣ sec-ch-ua-mobile：                   ?0
      ┣ X-Authorization：                    Bearer eyJhbGciOiJIUzI1NiIsInR5cCI6IkpXVCJ9.eyJmIjoiZXlKaGJHY2lPaUpJVXpJMU5pSXNJblI1Y0NJNklrcFhWQ0o5IiwiZSI6IkU1TEQ1eEdtVXdjQjd0VlU2U1otMmk0X0VnLXh5MWpvRTJXejBJUE5NSjAiLCJzIjo3OSwibCI6MywiayI6IjZJaiIsImlhdCI6MTcxNjEyNzkwMywibmJmIjoxNzE2MTI3OTAzLCJleHAiOjE3MTczMzc1MDMsImlzcyI6Imd1eGluLmxpbmsiLCJhdWQiOiJndXhpbi5saW5rIn0.VCasbsEh70gJEMSsMBs6_8Yj3ofR902O-JmGvOnK4BE
      ┣ X-Request-Id：                       yeAbKVQAvCR1NmzmZH0g7
      ┣ sec-ch-ua-platform：                 "Windows"
      ┣ Sec-Fetch-Site：                     same-site
      ┣ Sec-Fetch-Mode：                     cors
      ┣ Sec-Fetch-Dest：                     empty
      ┣ ━━━━━━━━━━━━━━━  参数列表 ━━━━━━━━━━━━━━━
      ┣ Content-Type：                       
      ┣ 
      ┣ imageType (DrawingTypeEnum)：        0
      ┣ minDate (Nullable`1)：               
      ┣ ━━━━━━━━━━━━━━━  返回信息 ━━━━━━━━━━━━━━━
      ┣ HTTP响应状态码：                     200
      ┣ 原始类型：                           System.Threading.Tasks.Task<System.Collections.Generic.IList<Admin.NET.Core.JuAI.Service.ChatgptImageRes>>
      ┣ 最终类型：                           Admin.NET.Core.AdminResult<System.Object>
      ┣ 最终返回值：                         {}
      ┗━━━━━━━━━━━  Logging Monitor ━━━━━━━━━━━
info: 2024-05-21 21:47:19.2727981 +08:00 星期二 L System.Logging.LoggingMonitor[0] #30 '00-091e5fc8ef719554be035752afe57582-27e55a63b7363861-00'
      [System.Private.CoreLib.dll] void System.Runtime.CompilerServices.AsyncTaskMethodBuilder<TResult>+AsyncStateMachineBox<TStateMachine>.MoveNext(Thread threadPoolThread)
      ┏━━━━━━━━━━━  Logging Monitor ━━━━━━━━━━━
      ┣ Admin.NET.Core.JuAI.Service.AIDrawing.DrawingImageService.GetRecommend
      ┣ 
      ┣ 控制器名称：                         DrawingImageService
      ┣ 操作名称：                           GetRecommend
      ┣ 显示名称：                           
      ┣ 路由信息：                           [area]: ; [controller]: drawingImage; [action]: recommend
      ┣ 请求方式：                           GET
      ┣ 请求地址：                           http://localhost:5005/app/api/DrawingImage/Recommend/dalle
      ┣ 来源地址：                           http://localhost:9527/
      ┣ 请求端源：                           client
      ┣ 浏览器标识：                         Mozilla/5.0 (Windows NT 10.0; Win64; x64) AppleWebKit/537.36 (KHTML, like Gecko) Chrome/124.0.0.0 Safari/537.36
      ┣ 客户端区域语言：                     zh-CN,zh;q=0.9
      ┣ 客户端 IP 地址：                     127.0.0.1
      ┣ 服务端 IP 地址：                     127.0.0.1
      ┣ 客户端连接 ID：                      00-091e5fc8ef719554be035752afe57582-27e55a63b7363861-00
      ┣ 服务线程 ID：                        #30
      ┣ 执行耗时：                           56ms
      ┣ ━━━━━━━━━━━━━━━  Cookies ━━━━━━━━━━━━━━━
      ┣ 请求端：                             
      ┣ 响应端：                             
      ┣ ━━━━━━━━━━━━━━━  系统信息 ━━━━━━━━━━━━━━━
      ┣ 系统名称：                           Microsoft Windows 10.0.19045
      ┣ 系统架构：                           X64
      ┣ 基础框架：                           Furion.Pure v1.0.0.0
      ┣ .NET 架构：                          .NET 8.0.0
      ┣ ━━━━━━━━━━━━━━━  启动信息 ━━━━━━━━━━━━━━━
      ┣ 运行环境：                           Production
      ┣ 启动程序集：                         Admin.NET.Web.Entry
      ┣ 进程名称：                           Admin.NET.Web.Entry
      ┣ 托管程序：                           Kestrel
      ┣ ━━━━━━━━━━━━━━━  请求头信息 ━━━━━━━━━━━━━━━
      ┣ 
      ┣ Accept：                             application/json, text/plain, */*
      ┣ Connection：                         keep-alive
      ┣ Host：                               localhost:5005
      ┣ User-Agent：                         Mozilla/5.0 (Windows NT 10.0; Win64; x64) AppleWebKit/537.36 (KHTML, like Gecko) Chrome/124.0.0.0 Safari/537.36
      ┣ Accept-Encoding：                    gzip, deflate, br, zstd
      ┣ Accept-Language：                    zh-CN,zh;q=0.9
      ┣ Authorization：                      Bearer eyJhbGciOiJIUzI1NiIsInR5cCI6IkpXVCJ9.eyJVc2VySWQiOjE0MjEzNDI2MzI3ODc3LCJUZW5hbnRJZCI6MTMwMDAwMDAwMDAwMSwiQWNjb3VudCI6IjE4NjAwNzY2MDQ1IiwiTmlja05hbWUiOiLmgKrlhb3mnaXkuoYiLCJBY2NvdW50VHlwZSI6Nzc3LCJleHAiOjE3MTY3MzI3MDMsIm5iZiI6MTcxNjEyNzkwMywiaWF0IjoxNzE2MTI3OTAzLCJpc3MiOiJndXhpbi5saW5rIiwiYXVkIjoiZ3V4aW4ubGluayJ9.E5LD5xGmUwcB7tVU6SZ-2i4_Eg-xy1joE2Wz0IPNMJ0
      ┣ Cache-Control：                      no-cache
      ┣ Origin：                             http://localhost:9527
      ┣ Pragma：                             no-cache
      ┣ Referer：                            http://localhost:9527/
      ┣ sec-ch-ua：                          "Chromium";v="124", "Google Chrome";v="124", "Not-A.Brand";v="99"
      ┣ DNT：                                1
      ┣ sec-ch-ua-mobile：                   ?0
      ┣ X-Authorization：                    Bearer eyJhbGciOiJIUzI1NiIsInR5cCI6IkpXVCJ9.eyJmIjoiZXlKaGJHY2lPaUpJVXpJMU5pSXNJblI1Y0NJNklrcFhWQ0o5IiwiZSI6IkU1TEQ1eEdtVXdjQjd0VlU2U1otMmk0X0VnLXh5MWpvRTJXejBJUE5NSjAiLCJzIjo3OSwibCI6MywiayI6IjZJaiIsImlhdCI6MTcxNjEyNzkwMywibmJmIjoxNzE2MTI3OTAzLCJleHAiOjE3MTczMzc1MDMsImlzcyI6Imd1eGluLmxpbmsiLCJhdWQiOiJndXhpbi5saW5rIn0.VCasbsEh70gJEMSsMBs6_8Yj3ofR902O-JmGvOnK4BE
      ┣ X-Request-Id：                       Ax1IS7tZQeciqgHUfkHua
      ┣ sec-ch-ua-platform：                 "Windows"
      ┣ Sec-Fetch-Site：                     same-site
      ┣ Sec-Fetch-Mode：                     cors
      ┣ Sec-Fetch-Dest：                     empty
      ┣ ━━━━━━━━━━━━━━━  参数列表 ━━━━━━━━━━━━━━━
      ┣ Content-Type：                       
      ┣ 
      ┣ imageType (DrawingTypeEnum)：        0
      ┣ minDate (Nullable`1)：               
      ┣ ━━━━━━━━━━━━━━━  返回信息 ━━━━━━━━━━━━━━━
      ┣ HTTP响应状态码：                     200
      ┣ 原始类型：                           System.Threading.Tasks.Task<System.Collections.Generic.IList<Admin.NET.Core.JuAI.Service.ChatgptImageRes>>
      ┣ 最终类型：                           Admin.NET.Core.AdminResult<System.Object>
      ┣ 最终返回值：                         {}
      ┗━━━━━━━━━━━  Logging Monitor ━━━━━━━━━━━
info: 2024-05-21 21:47:19.4551951 +08:00 星期二 L System.Logging.LoggingMonitor[0] #32 '00-c99a40023e46d89de37d2b9ff8876ee8-afea9d446773694d-00'
      [System.Private.CoreLib.dll] void System.Runtime.CompilerServices.AsyncTaskMethodBuilder<TResult>+AsyncStateMachineBox<TStateMachine>.MoveNext(Thread threadPoolThread)
      ┏━━━━━━━━━━━  Logging Monitor ━━━━━━━━━━━
      ┣ Admin.NET.Core.JuAI.Service.AIDrawing.DrawingImageService.GetMyAll
      ┣ 
      ┣ 控制器名称：                     DrawingImageService
      ┣ 操作名称：                       GetMyAll
      ┣ 显示名称：                       
      ┣ 路由信息：                       [area]: ; [controller]: drawingImage; [action]: myAll
      ┣ 请求方式：                       GET
      ┣ 请求地址：                       http://localhost:5005/app/api/DrawingImage/MyALl?drawingType=dalle&minId=
      ┣ 来源地址：                       http://localhost:9527/
      ┣ 请求端源：                       client
      ┣ 浏览器标识：                     Mozilla/5.0 (Windows NT 10.0; Win64; x64) AppleWebKit/537.36 (KHTML, like Gecko) Chrome/124.0.0.0 Safari/537.36
      ┣ 客户端区域语言：                 zh-CN,zh;q=0.9
      ┣ 客户端 IP 地址：                 127.0.0.1
      ┣ 服务端 IP 地址：                 127.0.0.1
      ┣ 客户端连接 ID：                  00-c99a40023e46d89de37d2b9ff8876ee8-afea9d446773694d-00
      ┣ 服务线程 ID：                    #23
      ┣ 执行耗时：                       54ms
      ┣ ━━━━━━━━━━━━━━━  Cookies ━━━━━━━━━━━━━━━
      ┣ 请求端：                         
      ┣ 响应端：                         
      ┣ ━━━━━━━━━━━━━━━  系统信息 ━━━━━━━━━━━━━━━
      ┣ 系统名称：                       Microsoft Windows 10.0.19045
      ┣ 系统架构：                       X64
      ┣ 基础框架：                       Furion.Pure v1.0.0.0
      ┣ .NET 架构：                      .NET 8.0.0
      ┣ ━━━━━━━━━━━━━━━  启动信息 ━━━━━━━━━━━━━━━
      ┣ 运行环境：                       Production
      ┣ 启动程序集：                     Admin.NET.Web.Entry
      ┣ 进程名称：                       Admin.NET.Web.Entry
      ┣ 托管程序：                       Kestrel
      ┣ ━━━━━━━━━━━━━━━  授权信息 ━━━━━━━━━━━━━━━
      ┣ JWT Token：                      Bearer eyJhbGciOiJIUzI1NiIsInR5cCI6IkpXVCJ9.eyJVc2VySWQiOjE0MjEzNDI2MzI3ODc3LCJUZW5hbnRJZCI6MTMwMDAwMDAwMDAwMSwiQWNjb3VudCI6IjE4NjAwNzY2MDQ1IiwiTmlja05hbWUiOiLmgKrlhb3mnaXkuoYiLCJBY2NvdW50VHlwZSI6Nzc3LCJleHAiOjE3MTY3MzI3MDMsIm5iZiI6MTcxNjEyNzkwMywiaWF0IjoxNzE2MTI3OTAzLCJpc3MiOiJndXhpbi5saW5rIiwiYXVkIjoiZ3V4aW4ubGluayJ9.E5LD5xGmUwcB7tVU6SZ-2i4_Eg-xy1joE2Wz0IPNMJ0
      ┣ 
      ┣ UserId (integer64)：             14213426327877
      ┣ TenantId (integer64)：           1300000000001
      ┣ Account (string)：               18600766045
      ┣ NickName (string)：              怪兽来了
      ┣ AccountType (integer32)：        777
      ┣ exp (integer64)：                1716732703 (2024-05-26 22:11:43:0000(+08:00) 星期日 L)
      ┣ nbf (integer64)：                1716127903 (2024-05-19 22:11:43:0000(+08:00) 星期日 L)
      ┣ iat (integer64)：                1716127903 (2024-05-19 22:11:43:0000(+08:00) 星期日 L)
      ┣ iss (string)：                   guxin.link
      ┣ aud (string)：                   guxin.link
      ┣ ━━━━━━━━━━━━━━━  请求头信息 ━━━━━━━━━━━━━━━
      ┣ 
      ┣ Accept：                         application/json, text/plain, */*
      ┣ Connection：                     keep-alive
      ┣ Host：                           localhost:5005
      ┣ User-Agent：                     Mozilla/5.0 (Windows NT 10.0; Win64; x64) AppleWebKit/537.36 (KHTML, like Gecko) Chrome/124.0.0.0 Safari/537.36
      ┣ Accept-Encoding：                gzip, deflate, br, zstd
      ┣ Accept-Language：                zh-CN,zh;q=0.9
      ┣ Authorization：                  Bearer eyJhbGciOiJIUzI1NiIsInR5cCI6IkpXVCJ9.eyJVc2VySWQiOjE0MjEzNDI2MzI3ODc3LCJUZW5hbnRJZCI6MTMwMDAwMDAwMDAwMSwiQWNjb3VudCI6IjE4NjAwNzY2MDQ1IiwiTmlja05hbWUiOiLmgKrlhb3mnaXkuoYiLCJBY2NvdW50VHlwZSI6Nzc3LCJleHAiOjE3MTY3MzI3MDMsIm5iZiI6MTcxNjEyNzkwMywiaWF0IjoxNzE2MTI3OTAzLCJpc3MiOiJndXhpbi5saW5rIiwiYXVkIjoiZ3V4aW4ubGluayJ9.E5LD5xGmUwcB7tVU6SZ-2i4_Eg-xy1joE2Wz0IPNMJ0
      ┣ Cache-Control：                  no-cache
      ┣ Origin：                         http://localhost:9527
      ┣ Pragma：                         no-cache
      ┣ Referer：                        http://localhost:9527/
      ┣ sec-ch-ua：                      "Chromium";v="124", "Google Chrome";v="124", "Not-A.Brand";v="99"
      ┣ DNT：                            1
      ┣ sec-ch-ua-mobile：               ?0
      ┣ X-Authorization：                Bearer eyJhbGciOiJIUzI1NiIsInR5cCI6IkpXVCJ9.eyJmIjoiZXlKaGJHY2lPaUpJVXpJMU5pSXNJblI1Y0NJNklrcFhWQ0o5IiwiZSI6IkU1TEQ1eEdtVXdjQjd0VlU2U1otMmk0X0VnLXh5MWpvRTJXejBJUE5NSjAiLCJzIjo3OSwibCI6MywiayI6IjZJaiIsImlhdCI6MTcxNjEyNzkwMywibmJmIjoxNzE2MTI3OTAzLCJleHAiOjE3MTczMzc1MDMsImlzcyI6Imd1eGluLmxpbmsiLCJhdWQiOiJndXhpbi5saW5rIn0.VCasbsEh70gJEMSsMBs6_8Yj3ofR902O-JmGvOnK4BE
      ┣ X-Request-Id：                   2zhgM4wXlRwWdMF3eqxh7
      ┣ sec-ch-ua-platform：             "Windows"
      ┣ Sec-Fetch-Site：                 same-site
      ┣ Sec-Fetch-Mode：                 cors
      ┣ Sec-Fetch-Dest：                 empty
      ┣ ━━━━━━━━━━━━━━━  参数列表 ━━━━━━━━━━━━━━━
      ┣ Content-Type：                   
      ┣ 
      ┣ imageType (Nullable`1)：         
      ┣ minId (Nullable`1)：             
      ┣ ━━━━━━━━━━━━━━━  返回信息 ━━━━━━━━━━━━━━━
      ┣ HTTP响应状态码：                 200
      ┣ 原始类型：                       System.Threading.Tasks.Task<System.Collections.Generic.IList<Admin.NET.Core.JuAI.Service.ChatgptImageRes>>
      ┣ 最终类型：                       Admin.NET.Core.AdminResult<System.Object>
      ┣ 最终返回值：                     {}
      ┗━━━━━━━━━━━  Logging Monitor ━━━━━━━━━━━
info: 2024-05-21 21:47:19.6480171 +08:00 星期二 L System.Logging.LoggingMonitor[0] #7 '00-cc9cd1976f10f3785656a8e9cb098712-06463ecd6113e1fd-00'
      [System.Private.CoreLib.dll] void System.Runtime.CompilerServices.AsyncTaskMethodBuilder<TResult>+AsyncStateMachineBox<TStateMachine>.MoveNext(Thread threadPoolThread)
      ┏━━━━━━━━━━━  Logging Monitor ━━━━━━━━━━━
      ┣ Admin.NET.Core.JuAI.Service.AIDrawing.DrawingImageService.GetRecommend
      ┣ 
      ┣ 控制器名称：                         DrawingImageService
      ┣ 操作名称：                           GetRecommend
      ┣ 显示名称：                           
      ┣ 路由信息：                           [area]: ; [controller]: drawingImage; [action]: recommend
      ┣ 请求方式：                           GET
      ┣ 请求地址：                           http://localhost:5005/app/api/DrawingImage/Recommend/dalle
      ┣ 来源地址：                           http://localhost:9527/
      ┣ 请求端源：                           client
      ┣ 浏览器标识：                         Mozilla/5.0 (Windows NT 10.0; Win64; x64) AppleWebKit/537.36 (KHTML, like Gecko) Chrome/124.0.0.0 Safari/537.36
      ┣ 客户端区域语言：                     zh-CN,zh;q=0.9
      ┣ 客户端 IP 地址：                     127.0.0.1
      ┣ 服务端 IP 地址：                     127.0.0.1
      ┣ 客户端连接 ID：                      00-cc9cd1976f10f3785656a8e9cb098712-06463ecd6113e1fd-00
      ┣ 服务线程 ID：                        #30
      ┣ 执行耗时：                           51ms
      ┣ ━━━━━━━━━━━━━━━  Cookies ━━━━━━━━━━━━━━━
      ┣ 请求端：                             
      ┣ 响应端：                             
      ┣ ━━━━━━━━━━━━━━━  系统信息 ━━━━━━━━━━━━━━━
      ┣ 系统名称：                           Microsoft Windows 10.0.19045
      ┣ 系统架构：                           X64
      ┣ 基础框架：                           Furion.Pure v1.0.0.0
      ┣ .NET 架构：                          .NET 8.0.0
      ┣ ━━━━━━━━━━━━━━━  启动信息 ━━━━━━━━━━━━━━━
      ┣ 运行环境：                           Production
      ┣ 启动程序集：                         Admin.NET.Web.Entry
      ┣ 进程名称：                           Admin.NET.Web.Entry
      ┣ 托管程序：                           Kestrel
      ┣ ━━━━━━━━━━━━━━━  请求头信息 ━━━━━━━━━━━━━━━
      ┣ 
      ┣ Accept：                             application/json, text/plain, */*
      ┣ Connection：                         keep-alive
      ┣ Host：                               localhost:5005
      ┣ User-Agent：                         Mozilla/5.0 (Windows NT 10.0; Win64; x64) AppleWebKit/537.36 (KHTML, like Gecko) Chrome/124.0.0.0 Safari/537.36
      ┣ Accept-Encoding：                    gzip, deflate, br, zstd
      ┣ Accept-Language：                    zh-CN,zh;q=0.9
      ┣ Authorization：                      Bearer eyJhbGciOiJIUzI1NiIsInR5cCI6IkpXVCJ9.eyJVc2VySWQiOjE0MjEzNDI2MzI3ODc3LCJUZW5hbnRJZCI6MTMwMDAwMDAwMDAwMSwiQWNjb3VudCI6IjE4NjAwNzY2MDQ1IiwiTmlja05hbWUiOiLmgKrlhb3mnaXkuoYiLCJBY2NvdW50VHlwZSI6Nzc3LCJleHAiOjE3MTY3MzI3MDMsIm5iZiI6MTcxNjEyNzkwMywiaWF0IjoxNzE2MTI3OTAzLCJpc3MiOiJndXhpbi5saW5rIiwiYXVkIjoiZ3V4aW4ubGluayJ9.E5LD5xGmUwcB7tVU6SZ-2i4_Eg-xy1joE2Wz0IPNMJ0
      ┣ Cache-Control：                      no-cache
      ┣ Origin：                             http://localhost:9527
      ┣ Pragma：                             no-cache
      ┣ Referer：                            http://localhost:9527/
      ┣ sec-ch-ua：                          "Chromium";v="124", "Google Chrome";v="124", "Not-A.Brand";v="99"
      ┣ DNT：                                1
      ┣ sec-ch-ua-mobile：                   ?0
      ┣ X-Authorization：                    Bearer eyJhbGciOiJIUzI1NiIsInR5cCI6IkpXVCJ9.eyJmIjoiZXlKaGJHY2lPaUpJVXpJMU5pSXNJblI1Y0NJNklrcFhWQ0o5IiwiZSI6IkU1TEQ1eEdtVXdjQjd0VlU2U1otMmk0X0VnLXh5MWpvRTJXejBJUE5NSjAiLCJzIjo3OSwibCI6MywiayI6IjZJaiIsImlhdCI6MTcxNjEyNzkwMywibmJmIjoxNzE2MTI3OTAzLCJleHAiOjE3MTczMzc1MDMsImlzcyI6Imd1eGluLmxpbmsiLCJhdWQiOiJndXhpbi5saW5rIn0.VCasbsEh70gJEMSsMBs6_8Yj3ofR902O-JmGvOnK4BE
      ┣ X-Request-Id：                       Wa7V3iBh0F8LuZ7S7SW74
      ┣ sec-ch-ua-platform：                 "Windows"
      ┣ Sec-Fetch-Site：                     same-site
      ┣ Sec-Fetch-Mode：                     cors
      ┣ Sec-Fetch-Dest：                     empty
      ┣ ━━━━━━━━━━━━━━━  参数列表 ━━━━━━━━━━━━━━━
      ┣ Content-Type：                       
      ┣ 
      ┣ imageType (DrawingTypeEnum)：        0
      ┣ minDate (Nullable`1)：               
      ┣ ━━━━━━━━━━━━━━━  返回信息 ━━━━━━━━━━━━━━━
      ┣ HTTP响应状态码：                     200
      ┣ 原始类型：                           System.Threading.Tasks.Task<System.Collections.Generic.IList<Admin.NET.Core.JuAI.Service.ChatgptImageRes>>
      ┣ 最终类型：                           Admin.NET.Core.AdminResult<System.Object>
      ┣ 最终返回值：                         {}
      ┗━━━━━━━━━━━  Logging Monitor ━━━━━━━━━━━
info: 2024-05-21 21:47:20.1107229 +08:00 星期二 L System.Logging.LoggingMonitor[0] #32 '00-dd06ca7f684c679e5327ecdb0d999f80-12590b862687ea75-00'
      [System.Private.CoreLib.dll] void System.Runtime.CompilerServices.AsyncTaskMethodBuilder<TResult>+AsyncStateMachineBox<TStateMachine>.MoveNext(Thread threadPoolThread)
      ┏━━━━━━━━━━━  Logging Monitor ━━━━━━━━━━━
      ┣ Admin.NET.Core.JuAI.Service.AIDrawing.DrawingImageService.GetMyAll
      ┣ 
      ┣ 控制器名称：                     DrawingImageService
      ┣ 操作名称：                       GetMyAll
      ┣ 显示名称：                       
      ┣ 路由信息：                       [area]: ; [controller]: drawingImage; [action]: myAll
      ┣ 请求方式：                       GET
      ┣ 请求地址：                       http://localhost:5005/app/api/DrawingImage/MyALl?drawingType=dalle&minId=
      ┣ 来源地址：                       http://localhost:9527/
      ┣ 请求端源：                       client
      ┣ 浏览器标识：                     Mozilla/5.0 (Windows NT 10.0; Win64; x64) AppleWebKit/537.36 (KHTML, like Gecko) Chrome/124.0.0.0 Safari/537.36
      ┣ 客户端区域语言：                 zh-CN,zh;q=0.9
      ┣ 客户端 IP 地址：                 127.0.0.1
      ┣ 服务端 IP 地址：                 127.0.0.1
      ┣ 客户端连接 ID：                  00-dd06ca7f684c679e5327ecdb0d999f80-12590b862687ea75-00
      ┣ 服务线程 ID：                    #32
      ┣ 执行耗时：                       52ms
      ┣ ━━━━━━━━━━━━━━━  Cookies ━━━━━━━━━━━━━━━
      ┣ 请求端：                         
      ┣ 响应端：                         
      ┣ ━━━━━━━━━━━━━━━  系统信息 ━━━━━━━━━━━━━━━
      ┣ 系统名称：                       Microsoft Windows 10.0.19045
      ┣ 系统架构：                       X64
      ┣ 基础框架：                       Furion.Pure v1.0.0.0
      ┣ .NET 架构：                      .NET 8.0.0
      ┣ ━━━━━━━━━━━━━━━  启动信息 ━━━━━━━━━━━━━━━
      ┣ 运行环境：                       Production
      ┣ 启动程序集：                     Admin.NET.Web.Entry
      ┣ 进程名称：                       Admin.NET.Web.Entry
      ┣ 托管程序：                       Kestrel
      ┣ ━━━━━━━━━━━━━━━  授权信息 ━━━━━━━━━━━━━━━
      ┣ JWT Token：                      Bearer eyJhbGciOiJIUzI1NiIsInR5cCI6IkpXVCJ9.eyJVc2VySWQiOjE0MjEzNDI2MzI3ODc3LCJUZW5hbnRJZCI6MTMwMDAwMDAwMDAwMSwiQWNjb3VudCI6IjE4NjAwNzY2MDQ1IiwiTmlja05hbWUiOiLmgKrlhb3mnaXkuoYiLCJBY2NvdW50VHlwZSI6Nzc3LCJleHAiOjE3MTY3MzI3MDMsIm5iZiI6MTcxNjEyNzkwMywiaWF0IjoxNzE2MTI3OTAzLCJpc3MiOiJndXhpbi5saW5rIiwiYXVkIjoiZ3V4aW4ubGluayJ9.E5LD5xGmUwcB7tVU6SZ-2i4_Eg-xy1joE2Wz0IPNMJ0
      ┣ 
      ┣ UserId (integer64)：             14213426327877
      ┣ TenantId (integer64)：           1300000000001
      ┣ Account (string)：               18600766045
      ┣ NickName (string)：              怪兽来了
      ┣ AccountType (integer32)：        777
      ┣ exp (integer64)：                1716732703 (2024-05-26 22:11:43:0000(+08:00) 星期日 L)
      ┣ nbf (integer64)：                1716127903 (2024-05-19 22:11:43:0000(+08:00) 星期日 L)
      ┣ iat (integer64)：                1716127903 (2024-05-19 22:11:43:0000(+08:00) 星期日 L)
      ┣ iss (string)：                   guxin.link
      ┣ aud (string)：                   guxin.link
      ┣ ━━━━━━━━━━━━━━━  请求头信息 ━━━━━━━━━━━━━━━
      ┣ 
      ┣ Accept：                         application/json, text/plain, */*
      ┣ Connection：                     keep-alive
      ┣ Host：                           localhost:5005
      ┣ User-Agent：                     Mozilla/5.0 (Windows NT 10.0; Win64; x64) AppleWebKit/537.36 (KHTML, like Gecko) Chrome/124.0.0.0 Safari/537.36
      ┣ Accept-Encoding：                gzip, deflate, br, zstd
      ┣ Accept-Language：                zh-CN,zh;q=0.9
      ┣ Authorization：                  Bearer eyJhbGciOiJIUzI1NiIsInR5cCI6IkpXVCJ9.eyJVc2VySWQiOjE0MjEzNDI2MzI3ODc3LCJUZW5hbnRJZCI6MTMwMDAwMDAwMDAwMSwiQWNjb3VudCI6IjE4NjAwNzY2MDQ1IiwiTmlja05hbWUiOiLmgKrlhb3mnaXkuoYiLCJBY2NvdW50VHlwZSI6Nzc3LCJleHAiOjE3MTY3MzI3MDMsIm5iZiI6MTcxNjEyNzkwMywiaWF0IjoxNzE2MTI3OTAzLCJpc3MiOiJndXhpbi5saW5rIiwiYXVkIjoiZ3V4aW4ubGluayJ9.E5LD5xGmUwcB7tVU6SZ-2i4_Eg-xy1joE2Wz0IPNMJ0
      ┣ Cache-Control：                  no-cache
      ┣ Origin：                         http://localhost:9527
      ┣ Pragma：                         no-cache
      ┣ Referer：                        http://localhost:9527/
      ┣ sec-ch-ua：                      "Chromium";v="124", "Google Chrome";v="124", "Not-A.Brand";v="99"
      ┣ DNT：                            1
      ┣ sec-ch-ua-mobile：               ?0
      ┣ X-Authorization：                Bearer eyJhbGciOiJIUzI1NiIsInR5cCI6IkpXVCJ9.eyJmIjoiZXlKaGJHY2lPaUpJVXpJMU5pSXNJblI1Y0NJNklrcFhWQ0o5IiwiZSI6IkU1TEQ1eEdtVXdjQjd0VlU2U1otMmk0X0VnLXh5MWpvRTJXejBJUE5NSjAiLCJzIjo3OSwibCI6MywiayI6IjZJaiIsImlhdCI6MTcxNjEyNzkwMywibmJmIjoxNzE2MTI3OTAzLCJleHAiOjE3MTczMzc1MDMsImlzcyI6Imd1eGluLmxpbmsiLCJhdWQiOiJndXhpbi5saW5rIn0.VCasbsEh70gJEMSsMBs6_8Yj3ofR902O-JmGvOnK4BE
      ┣ X-Request-Id：                   avuSIU-UvsDKO5uGf9Xx1
      ┣ sec-ch-ua-platform：             "Windows"
      ┣ Sec-Fetch-Site：                 same-site
      ┣ Sec-Fetch-Mode：                 cors
      ┣ Sec-Fetch-Dest：                 empty
      ┣ ━━━━━━━━━━━━━━━  参数列表 ━━━━━━━━━━━━━━━
      ┣ Content-Type：                   
      ┣ 
      ┣ imageType (Nullable`1)：         
      ┣ minId (Nullable`1)：             
      ┣ ━━━━━━━━━━━━━━━  返回信息 ━━━━━━━━━━━━━━━
      ┣ HTTP响应状态码：                 200
      ┣ 原始类型：                       System.Threading.Tasks.Task<System.Collections.Generic.IList<Admin.NET.Core.JuAI.Service.ChatgptImageRes>>
      ┣ 最终类型：                       Admin.NET.Core.AdminResult<System.Object>
      ┣ 最终返回值：                     {}
      ┗━━━━━━━━━━━  Logging Monitor ━━━━━━━━━━━
info: 2024-05-21 21:47:20.7464995 +08:00 星期二 L System.Logging.LoggingMonitor[0] #32 '00-cf8ff758fd6d7277212dedb90e946591-1231f7480a5e1f12-00'
      [System.Private.CoreLib.dll] void System.Runtime.CompilerServices.AsyncTaskMethodBuilder<TResult>+AsyncStateMachineBox<TStateMachine>.MoveNext(Thread threadPoolThread)
      ┏━━━━━━━━━━━  Logging Monitor ━━━━━━━━━━━
      ┣ Admin.NET.Core.JuAI.Service.AIDrawing.DrawingImageService.GetMyAll
      ┣ 
      ┣ 控制器名称：                     DrawingImageService
      ┣ 操作名称：                       GetMyAll
      ┣ 显示名称：                       
      ┣ 路由信息：                       [area]: ; [controller]: drawingImage; [action]: myAll
      ┣ 请求方式：                       GET
      ┣ 请求地址：                       http://localhost:5005/app/api/DrawingImage/MyALl?drawingType=dalle&minId=
      ┣ 来源地址：                       http://localhost:9527/
      ┣ 请求端源：                       client
      ┣ 浏览器标识：                     Mozilla/5.0 (Windows NT 10.0; Win64; x64) AppleWebKit/537.36 (KHTML, like Gecko) Chrome/124.0.0.0 Safari/537.36
      ┣ 客户端区域语言：                 zh-CN,zh;q=0.9
      ┣ 客户端 IP 地址：                 127.0.0.1
      ┣ 服务端 IP 地址：                 127.0.0.1
      ┣ 客户端连接 ID：                  00-cf8ff758fd6d7277212dedb90e946591-1231f7480a5e1f12-00
      ┣ 服务线程 ID：                    #32
      ┣ 执行耗时：                       56ms
      ┣ ━━━━━━━━━━━━━━━  Cookies ━━━━━━━━━━━━━━━
      ┣ 请求端：                         
      ┣ 响应端：                         
      ┣ ━━━━━━━━━━━━━━━  系统信息 ━━━━━━━━━━━━━━━
      ┣ 系统名称：                       Microsoft Windows 10.0.19045
      ┣ 系统架构：                       X64
      ┣ 基础框架：                       Furion.Pure v1.0.0.0
      ┣ .NET 架构：                      .NET 8.0.0
      ┣ ━━━━━━━━━━━━━━━  启动信息 ━━━━━━━━━━━━━━━
      ┣ 运行环境：                       Production
      ┣ 启动程序集：                     Admin.NET.Web.Entry
      ┣ 进程名称：                       Admin.NET.Web.Entry
      ┣ 托管程序：                       Kestrel
      ┣ ━━━━━━━━━━━━━━━  授权信息 ━━━━━━━━━━━━━━━
      ┣ JWT Token：                      Bearer eyJhbGciOiJIUzI1NiIsInR5cCI6IkpXVCJ9.eyJVc2VySWQiOjE0MjEzNDI2MzI3ODc3LCJUZW5hbnRJZCI6MTMwMDAwMDAwMDAwMSwiQWNjb3VudCI6IjE4NjAwNzY2MDQ1IiwiTmlja05hbWUiOiLmgKrlhb3mnaXkuoYiLCJBY2NvdW50VHlwZSI6Nzc3LCJleHAiOjE3MTY3MzI3MDMsIm5iZiI6MTcxNjEyNzkwMywiaWF0IjoxNzE2MTI3OTAzLCJpc3MiOiJndXhpbi5saW5rIiwiYXVkIjoiZ3V4aW4ubGluayJ9.E5LD5xGmUwcB7tVU6SZ-2i4_Eg-xy1joE2Wz0IPNMJ0
      ┣ 
      ┣ UserId (integer64)：             14213426327877
      ┣ TenantId (integer64)：           1300000000001
      ┣ Account (string)：               18600766045
      ┣ NickName (string)：              怪兽来了
      ┣ AccountType (integer32)：        777
      ┣ exp (integer64)：                1716732703 (2024-05-26 22:11:43:0000(+08:00) 星期日 L)
      ┣ nbf (integer64)：                1716127903 (2024-05-19 22:11:43:0000(+08:00) 星期日 L)
      ┣ iat (integer64)：                1716127903 (2024-05-19 22:11:43:0000(+08:00) 星期日 L)
      ┣ iss (string)：                   guxin.link
      ┣ aud (string)：                   guxin.link
      ┣ ━━━━━━━━━━━━━━━  请求头信息 ━━━━━━━━━━━━━━━
      ┣ 
      ┣ Accept：                         application/json, text/plain, */*
      ┣ Connection：                     keep-alive
      ┣ Host：                           localhost:5005
      ┣ User-Agent：                     Mozilla/5.0 (Windows NT 10.0; Win64; x64) AppleWebKit/537.36 (KHTML, like Gecko) Chrome/124.0.0.0 Safari/537.36
      ┣ Accept-Encoding：                gzip, deflate, br, zstd
      ┣ Accept-Language：                zh-CN,zh;q=0.9
      ┣ Authorization：                  Bearer eyJhbGciOiJIUzI1NiIsInR5cCI6IkpXVCJ9.eyJVc2VySWQiOjE0MjEzNDI2MzI3ODc3LCJUZW5hbnRJZCI6MTMwMDAwMDAwMDAwMSwiQWNjb3VudCI6IjE4NjAwNzY2MDQ1IiwiTmlja05hbWUiOiLmgKrlhb3mnaXkuoYiLCJBY2NvdW50VHlwZSI6Nzc3LCJleHAiOjE3MTY3MzI3MDMsIm5iZiI6MTcxNjEyNzkwMywiaWF0IjoxNzE2MTI3OTAzLCJpc3MiOiJndXhpbi5saW5rIiwiYXVkIjoiZ3V4aW4ubGluayJ9.E5LD5xGmUwcB7tVU6SZ-2i4_Eg-xy1joE2Wz0IPNMJ0
      ┣ Cache-Control：                  no-cache
      ┣ Origin：                         http://localhost:9527
      ┣ Pragma：                         no-cache
      ┣ Referer：                        http://localhost:9527/
      ┣ sec-ch-ua：                      "Chromium";v="124", "Google Chrome";v="124", "Not-A.Brand";v="99"
      ┣ DNT：                            1
      ┣ sec-ch-ua-mobile：               ?0
      ┣ X-Authorization：                Bearer eyJhbGciOiJIUzI1NiIsInR5cCI6IkpXVCJ9.eyJmIjoiZXlKaGJHY2lPaUpJVXpJMU5pSXNJblI1Y0NJNklrcFhWQ0o5IiwiZSI6IkU1TEQ1eEdtVXdjQjd0VlU2U1otMmk0X0VnLXh5MWpvRTJXejBJUE5NSjAiLCJzIjo3OSwibCI6MywiayI6IjZJaiIsImlhdCI6MTcxNjEyNzkwMywibmJmIjoxNzE2MTI3OTAzLCJleHAiOjE3MTczMzc1MDMsImlzcyI6Imd1eGluLmxpbmsiLCJhdWQiOiJndXhpbi5saW5rIn0.VCasbsEh70gJEMSsMBs6_8Yj3ofR902O-JmGvOnK4BE
      ┣ X-Request-Id：                   tHVwYFFtP779S-BFNXcCa
      ┣ sec-ch-ua-platform：             "Windows"
      ┣ Sec-Fetch-Site：                 same-site
      ┣ Sec-Fetch-Mode：                 cors
      ┣ Sec-Fetch-Dest：                 empty
      ┣ ━━━━━━━━━━━━━━━  参数列表 ━━━━━━━━━━━━━━━
      ┣ Content-Type：                   
      ┣ 
      ┣ imageType (Nullable`1)：         
      ┣ minId (Nullable`1)：             
      ┣ ━━━━━━━━━━━━━━━  返回信息 ━━━━━━━━━━━━━━━
      ┣ HTTP响应状态码：                 200
      ┣ 原始类型：                       System.Threading.Tasks.Task<System.Collections.Generic.IList<Admin.NET.Core.JuAI.Service.ChatgptImageRes>>
      ┣ 最终类型：                       Admin.NET.Core.AdminResult<System.Object>
      ┣ 最终返回值：                     {}
      ┗━━━━━━━━━━━  Logging Monitor ━━━━━━━━━━━
info: 2024-05-21 21:47:37.8766586 +08:00 星期二 L System.Logging.LoggingMonitor[0] #6 '00-4163ea345d9d29d2a4dded2ad50babd8-ba5b4cc7936ccad9-00'
      [System.Private.CoreLib.dll] void System.Runtime.CompilerServices.AsyncTaskMethodBuilder<TResult>+AsyncStateMachineBox<TStateMachine>.MoveNext(Thread threadPoolThread)
      ┏━━━━━━━━━━━  Logging Monitor ━━━━━━━━━━━
      ┣ Admin.NET.Core.JuAI.Service.AIDrawing.DrawingImageService.GetRecommend
      ┣ 
      ┣ 控制器名称：                         DrawingImageService
      ┣ 操作名称：                           GetRecommend
      ┣ 显示名称：                           
      ┣ 路由信息：                           [area]: ; [controller]: drawingImage; [action]: recommend
      ┣ 请求方式：                           GET
      ┣ 请求地址：                           http://localhost:5005/app/api/DrawingImage/Recommend/dalle
      ┣ 来源地址：                           http://localhost:9527/
      ┣ 请求端源：                           client
      ┣ 浏览器标识：                         Mozilla/5.0 (Windows NT 10.0; Win64; x64) AppleWebKit/537.36 (KHTML, like Gecko) Chrome/124.0.0.0 Safari/537.36
      ┣ 客户端区域语言：                     zh-CN,zh;q=0.9
      ┣ 客户端 IP 地址：                     127.0.0.1
      ┣ 服务端 IP 地址：                     127.0.0.1
      ┣ 客户端连接 ID：                      00-4163ea345d9d29d2a4dded2ad50babd8-ba5b4cc7936ccad9-00
      ┣ 服务线程 ID：                        #6
      ┣ 执行耗时：                           54ms
      ┣ ━━━━━━━━━━━━━━━  Cookies ━━━━━━━━━━━━━━━
      ┣ 请求端：                             
      ┣ 响应端：                             
      ┣ ━━━━━━━━━━━━━━━  系统信息 ━━━━━━━━━━━━━━━
      ┣ 系统名称：                           Microsoft Windows 10.0.19045
      ┣ 系统架构：                           X64
      ┣ 基础框架：                           Furion.Pure v1.0.0.0
      ┣ .NET 架构：                          .NET 8.0.0
      ┣ ━━━━━━━━━━━━━━━  启动信息 ━━━━━━━━━━━━━━━
      ┣ 运行环境：                           Production
      ┣ 启动程序集：                         Admin.NET.Web.Entry
      ┣ 进程名称：                           Admin.NET.Web.Entry
      ┣ 托管程序：                           Kestrel
      ┣ ━━━━━━━━━━━━━━━  请求头信息 ━━━━━━━━━━━━━━━
      ┣ 
      ┣ Accept：                             application/json, text/plain, */*
      ┣ Connection：                         keep-alive
      ┣ Host：                               localhost:5005
      ┣ User-Agent：                         Mozilla/5.0 (Windows NT 10.0; Win64; x64) AppleWebKit/537.36 (KHTML, like Gecko) Chrome/124.0.0.0 Safari/537.36
      ┣ Accept-Encoding：                    gzip, deflate, br, zstd
      ┣ Accept-Language：                    zh-CN,zh;q=0.9
      ┣ Authorization：                      Bearer eyJhbGciOiJIUzI1NiIsInR5cCI6IkpXVCJ9.eyJVc2VySWQiOjE0MjEzNDI2MzI3ODc3LCJUZW5hbnRJZCI6MTMwMDAwMDAwMDAwMSwiQWNjb3VudCI6IjE4NjAwNzY2MDQ1IiwiTmlja05hbWUiOiLmgKrlhb3mnaXkuoYiLCJBY2NvdW50VHlwZSI6Nzc3LCJleHAiOjE3MTY3MzI3MDMsIm5iZiI6MTcxNjEyNzkwMywiaWF0IjoxNzE2MTI3OTAzLCJpc3MiOiJndXhpbi5saW5rIiwiYXVkIjoiZ3V4aW4ubGluayJ9.E5LD5xGmUwcB7tVU6SZ-2i4_Eg-xy1joE2Wz0IPNMJ0
      ┣ Cache-Control：                      no-cache
      ┣ Origin：                             http://localhost:9527
      ┣ Pragma：                             no-cache
      ┣ Referer：                            http://localhost:9527/
      ┣ sec-ch-ua：                          "Chromium";v="124", "Google Chrome";v="124", "Not-A.Brand";v="99"
      ┣ DNT：                                1
      ┣ sec-ch-ua-mobile：                   ?0
      ┣ X-Authorization：                    Bearer eyJhbGciOiJIUzI1NiIsInR5cCI6IkpXVCJ9.eyJmIjoiZXlKaGJHY2lPaUpJVXpJMU5pSXNJblI1Y0NJNklrcFhWQ0o5IiwiZSI6IkU1TEQ1eEdtVXdjQjd0VlU2U1otMmk0X0VnLXh5MWpvRTJXejBJUE5NSjAiLCJzIjo3OSwibCI6MywiayI6IjZJaiIsImlhdCI6MTcxNjEyNzkwMywibmJmIjoxNzE2MTI3OTAzLCJleHAiOjE3MTczMzc1MDMsImlzcyI6Imd1eGluLmxpbmsiLCJhdWQiOiJndXhpbi5saW5rIn0.VCasbsEh70gJEMSsMBs6_8Yj3ofR902O-JmGvOnK4BE
      ┣ X-Request-Id：                       nyB3ajJKqFyeRmSD_t7xl
      ┣ sec-ch-ua-platform：                 "Windows"
      ┣ Sec-Fetch-Site：                     same-site
      ┣ Sec-Fetch-Mode：                     cors
      ┣ Sec-Fetch-Dest：                     empty
      ┣ ━━━━━━━━━━━━━━━  参数列表 ━━━━━━━━━━━━━━━
      ┣ Content-Type：                       
      ┣ 
      ┣ imageType (DrawingTypeEnum)：        0
      ┣ minDate (Nullable`1)：               
      ┣ ━━━━━━━━━━━━━━━  返回信息 ━━━━━━━━━━━━━━━
      ┣ HTTP响应状态码：                     200
      ┣ 原始类型：                           System.Threading.Tasks.Task<System.Collections.Generic.IList<Admin.NET.Core.JuAI.Service.ChatgptImageRes>>
      ┣ 最终类型：                           Admin.NET.Core.AdminResult<System.Object>
      ┣ 最终返回值：                         {}
      ┗━━━━━━━━━━━  Logging Monitor ━━━━━━━━━━━
info: 2024-05-21 21:47:38.1646225 +08:00 星期二 L System.Logging.LoggingMonitor[0] #9 '00-2ae76cbef421ce726049096fe38790cf-265ead21de903fdc-00'
      [System.Private.CoreLib.dll] void System.Runtime.CompilerServices.AsyncTaskMethodBuilder<TResult>+AsyncStateMachineBox<TStateMachine>.MoveNext(Thread threadPoolThread)
      ┏━━━━━━━━━━━  Logging Monitor ━━━━━━━━━━━
      ┣ Admin.NET.Core.JuAI.Service.AIDrawing.DrawingImageService.GetMyAll
      ┣ 
      ┣ 控制器名称：                     DrawingImageService
      ┣ 操作名称：                       GetMyAll
      ┣ 显示名称：                       
      ┣ 路由信息：                       [area]: ; [controller]: drawingImage; [action]: myAll
      ┣ 请求方式：                       GET
      ┣ 请求地址：                       http://localhost:5005/app/api/DrawingImage/MyALl?drawingType=dalle&minId=
      ┣ 来源地址：                       http://localhost:9527/
      ┣ 请求端源：                       client
      ┣ 浏览器标识：                     Mozilla/5.0 (Windows NT 10.0; Win64; x64) AppleWebKit/537.36 (KHTML, like Gecko) Chrome/124.0.0.0 Safari/537.36
      ┣ 客户端区域语言：                 zh-CN,zh;q=0.9
      ┣ 客户端 IP 地址：                 127.0.0.1
      ┣ 服务端 IP 地址：                 127.0.0.1
      ┣ 客户端连接 ID：                  00-2ae76cbef421ce726049096fe38790cf-265ead21de903fdc-00
      ┣ 服务线程 ID：                    #7
      ┣ 执行耗时：                       63ms
      ┣ ━━━━━━━━━━━━━━━  Cookies ━━━━━━━━━━━━━━━
      ┣ 请求端：                         
      ┣ 响应端：                         
      ┣ ━━━━━━━━━━━━━━━  系统信息 ━━━━━━━━━━━━━━━
      ┣ 系统名称：                       Microsoft Windows 10.0.19045
      ┣ 系统架构：                       X64
      ┣ 基础框架：                       Furion.Pure v1.0.0.0
      ┣ .NET 架构：                      .NET 8.0.0
      ┣ ━━━━━━━━━━━━━━━  启动信息 ━━━━━━━━━━━━━━━
      ┣ 运行环境：                       Production
      ┣ 启动程序集：                     Admin.NET.Web.Entry
      ┣ 进程名称：                       Admin.NET.Web.Entry
      ┣ 托管程序：                       Kestrel
      ┣ ━━━━━━━━━━━━━━━  授权信息 ━━━━━━━━━━━━━━━
      ┣ JWT Token：                      Bearer eyJhbGciOiJIUzI1NiIsInR5cCI6IkpXVCJ9.eyJVc2VySWQiOjE0MjEzNDI2MzI3ODc3LCJUZW5hbnRJZCI6MTMwMDAwMDAwMDAwMSwiQWNjb3VudCI6IjE4NjAwNzY2MDQ1IiwiTmlja05hbWUiOiLmgKrlhb3mnaXkuoYiLCJBY2NvdW50VHlwZSI6Nzc3LCJleHAiOjE3MTY3MzI3MDMsIm5iZiI6MTcxNjEyNzkwMywiaWF0IjoxNzE2MTI3OTAzLCJpc3MiOiJndXhpbi5saW5rIiwiYXVkIjoiZ3V4aW4ubGluayJ9.E5LD5xGmUwcB7tVU6SZ-2i4_Eg-xy1joE2Wz0IPNMJ0
      ┣ 
      ┣ UserId (integer64)：             14213426327877
      ┣ TenantId (integer64)：           1300000000001
      ┣ Account (string)：               18600766045
      ┣ NickName (string)：              怪兽来了
      ┣ AccountType (integer32)：        777
      ┣ exp (integer64)：                1716732703 (2024-05-26 22:11:43:0000(+08:00) 星期日 L)
      ┣ nbf (integer64)：                1716127903 (2024-05-19 22:11:43:0000(+08:00) 星期日 L)
      ┣ iat (integer64)：                1716127903 (2024-05-19 22:11:43:0000(+08:00) 星期日 L)
      ┣ iss (string)：                   guxin.link
      ┣ aud (string)：                   guxin.link
      ┣ ━━━━━━━━━━━━━━━  请求头信息 ━━━━━━━━━━━━━━━
      ┣ 
      ┣ Accept：                         application/json, text/plain, */*
      ┣ Connection：                     keep-alive
      ┣ Host：                           localhost:5005
      ┣ User-Agent：                     Mozilla/5.0 (Windows NT 10.0; Win64; x64) AppleWebKit/537.36 (KHTML, like Gecko) Chrome/124.0.0.0 Safari/537.36
      ┣ Accept-Encoding：                gzip, deflate, br, zstd
      ┣ Accept-Language：                zh-CN,zh;q=0.9
      ┣ Authorization：                  Bearer eyJhbGciOiJIUzI1NiIsInR5cCI6IkpXVCJ9.eyJVc2VySWQiOjE0MjEzNDI2MzI3ODc3LCJUZW5hbnRJZCI6MTMwMDAwMDAwMDAwMSwiQWNjb3VudCI6IjE4NjAwNzY2MDQ1IiwiTmlja05hbWUiOiLmgKrlhb3mnaXkuoYiLCJBY2NvdW50VHlwZSI6Nzc3LCJleHAiOjE3MTY3MzI3MDMsIm5iZiI6MTcxNjEyNzkwMywiaWF0IjoxNzE2MTI3OTAzLCJpc3MiOiJndXhpbi5saW5rIiwiYXVkIjoiZ3V4aW4ubGluayJ9.E5LD5xGmUwcB7tVU6SZ-2i4_Eg-xy1joE2Wz0IPNMJ0
      ┣ Cache-Control：                  no-cache
      ┣ Origin：                         http://localhost:9527
      ┣ Pragma：                         no-cache
      ┣ Referer：                        http://localhost:9527/
      ┣ sec-ch-ua：                      "Chromium";v="124", "Google Chrome";v="124", "Not-A.Brand";v="99"
      ┣ DNT：                            1
      ┣ sec-ch-ua-mobile：               ?0
      ┣ X-Authorization：                Bearer eyJhbGciOiJIUzI1NiIsInR5cCI6IkpXVCJ9.eyJmIjoiZXlKaGJHY2lPaUpJVXpJMU5pSXNJblI1Y0NJNklrcFhWQ0o5IiwiZSI6IkU1TEQ1eEdtVXdjQjd0VlU2U1otMmk0X0VnLXh5MWpvRTJXejBJUE5NSjAiLCJzIjo3OSwibCI6MywiayI6IjZJaiIsImlhdCI6MTcxNjEyNzkwMywibmJmIjoxNzE2MTI3OTAzLCJleHAiOjE3MTczMzc1MDMsImlzcyI6Imd1eGluLmxpbmsiLCJhdWQiOiJndXhpbi5saW5rIn0.VCasbsEh70gJEMSsMBs6_8Yj3ofR902O-JmGvOnK4BE
      ┣ X-Request-Id：                   lQe-saMaNj6I0Tj5AxVKe
      ┣ sec-ch-ua-platform：             "Windows"
      ┣ Sec-Fetch-Site：                 same-site
      ┣ Sec-Fetch-Mode：                 cors
      ┣ Sec-Fetch-Dest：                 empty
      ┣ ━━━━━━━━━━━━━━━  参数列表 ━━━━━━━━━━━━━━━
      ┣ Content-Type：                   
      ┣ 
      ┣ imageType (Nullable`1)：         
      ┣ minId (Nullable`1)：             
      ┣ ━━━━━━━━━━━━━━━  返回信息 ━━━━━━━━━━━━━━━
      ┣ HTTP响应状态码：                 200
      ┣ 原始类型：                       System.Threading.Tasks.Task<System.Collections.Generic.IList<Admin.NET.Core.JuAI.Service.ChatgptImageRes>>
      ┣ 最终类型：                       Admin.NET.Core.AdminResult<System.Object>
      ┣ 最终返回值：                     {}
      ┗━━━━━━━━━━━  Logging Monitor ━━━━━━━━━━━
info: 2024-05-21 21:47:38.2406228 +08:00 星期二 L System.Logging.LoggingMonitor[0] #23 '00-d912c766b874545a5f530175bb0b068c-505f202b73374888-00'
      [System.Private.CoreLib.dll] void System.Runtime.CompilerServices.AsyncTaskMethodBuilder<TResult>+AsyncStateMachineBox<TStateMachine>.MoveNext(Thread threadPoolThread)
      ┏━━━━━━━━━━━  Logging Monitor ━━━━━━━━━━━
      ┣ Admin.NET.Core.JuAI.Service.AIDrawing.DrawingImageService.GetRecommend
      ┣ 
      ┣ 控制器名称：                         DrawingImageService
      ┣ 操作名称：                           GetRecommend
      ┣ 显示名称：                           
      ┣ 路由信息：                           [area]: ; [controller]: drawingImage; [action]: recommend
      ┣ 请求方式：                           GET
      ┣ 请求地址：                           http://localhost:5005/app/api/DrawingImage/Recommend/dalle
      ┣ 来源地址：                           http://localhost:9527/
      ┣ 请求端源：                           client
      ┣ 浏览器标识：                         Mozilla/5.0 (Windows NT 10.0; Win64; x64) AppleWebKit/537.36 (KHTML, like Gecko) Chrome/124.0.0.0 Safari/537.36
      ┣ 客户端区域语言：                     zh-CN,zh;q=0.9
      ┣ 客户端 IP 地址：                     127.0.0.1
      ┣ 服务端 IP 地址：                     127.0.0.1
      ┣ 客户端连接 ID：                      00-d912c766b874545a5f530175bb0b068c-505f202b73374888-00
      ┣ 服务线程 ID：                        #23
      ┣ 执行耗时：                           51ms
      ┣ ━━━━━━━━━━━━━━━  Cookies ━━━━━━━━━━━━━━━
      ┣ 请求端：                             
      ┣ 响应端：                             
      ┣ ━━━━━━━━━━━━━━━  系统信息 ━━━━━━━━━━━━━━━
      ┣ 系统名称：                           Microsoft Windows 10.0.19045
      ┣ 系统架构：                           X64
      ┣ 基础框架：                           Furion.Pure v1.0.0.0
      ┣ .NET 架构：                          .NET 8.0.0
      ┣ ━━━━━━━━━━━━━━━  启动信息 ━━━━━━━━━━━━━━━
      ┣ 运行环境：                           Production
      ┣ 启动程序集：                         Admin.NET.Web.Entry
      ┣ 进程名称：                           Admin.NET.Web.Entry
      ┣ 托管程序：                           Kestrel
      ┣ ━━━━━━━━━━━━━━━  请求头信息 ━━━━━━━━━━━━━━━
      ┣ 
      ┣ Accept：                             application/json, text/plain, */*
      ┣ Connection：                         keep-alive
      ┣ Host：                               localhost:5005
      ┣ User-Agent：                         Mozilla/5.0 (Windows NT 10.0; Win64; x64) AppleWebKit/537.36 (KHTML, like Gecko) Chrome/124.0.0.0 Safari/537.36
      ┣ Accept-Encoding：                    gzip, deflate, br, zstd
      ┣ Accept-Language：                    zh-CN,zh;q=0.9
      ┣ Authorization：                      Bearer eyJhbGciOiJIUzI1NiIsInR5cCI6IkpXVCJ9.eyJVc2VySWQiOjE0MjEzNDI2MzI3ODc3LCJUZW5hbnRJZCI6MTMwMDAwMDAwMDAwMSwiQWNjb3VudCI6IjE4NjAwNzY2MDQ1IiwiTmlja05hbWUiOiLmgKrlhb3mnaXkuoYiLCJBY2NvdW50VHlwZSI6Nzc3LCJleHAiOjE3MTY3MzI3MDMsIm5iZiI6MTcxNjEyNzkwMywiaWF0IjoxNzE2MTI3OTAzLCJpc3MiOiJndXhpbi5saW5rIiwiYXVkIjoiZ3V4aW4ubGluayJ9.E5LD5xGmUwcB7tVU6SZ-2i4_Eg-xy1joE2Wz0IPNMJ0
      ┣ Cache-Control：                      no-cache
      ┣ Origin：                             http://localhost:9527
      ┣ Pragma：                             no-cache
      ┣ Referer：                            http://localhost:9527/
      ┣ sec-ch-ua：                          "Chromium";v="124", "Google Chrome";v="124", "Not-A.Brand";v="99"
      ┣ DNT：                                1
      ┣ sec-ch-ua-mobile：                   ?0
      ┣ X-Authorization：                    Bearer eyJhbGciOiJIUzI1NiIsInR5cCI6IkpXVCJ9.eyJmIjoiZXlKaGJHY2lPaUpJVXpJMU5pSXNJblI1Y0NJNklrcFhWQ0o5IiwiZSI6IkU1TEQ1eEdtVXdjQjd0VlU2U1otMmk0X0VnLXh5MWpvRTJXejBJUE5NSjAiLCJzIjo3OSwibCI6MywiayI6IjZJaiIsImlhdCI6MTcxNjEyNzkwMywibmJmIjoxNzE2MTI3OTAzLCJleHAiOjE3MTczMzc1MDMsImlzcyI6Imd1eGluLmxpbmsiLCJhdWQiOiJndXhpbi5saW5rIn0.VCasbsEh70gJEMSsMBs6_8Yj3ofR902O-JmGvOnK4BE
      ┣ X-Request-Id：                       ZYnv4YJU4RNpHV5FswYT8
      ┣ sec-ch-ua-platform：                 "Windows"
      ┣ Sec-Fetch-Site：                     same-site
      ┣ Sec-Fetch-Mode：                     cors
      ┣ Sec-Fetch-Dest：                     empty
      ┣ ━━━━━━━━━━━━━━━  参数列表 ━━━━━━━━━━━━━━━
      ┣ Content-Type：                       
      ┣ 
      ┣ imageType (DrawingTypeEnum)：        0
      ┣ minDate (Nullable`1)：               
      ┣ ━━━━━━━━━━━━━━━  返回信息 ━━━━━━━━━━━━━━━
      ┣ HTTP响应状态码：                     200
      ┣ 原始类型：                           System.Threading.Tasks.Task<System.Collections.Generic.IList<Admin.NET.Core.JuAI.Service.ChatgptImageRes>>
      ┣ 最终类型：                           Admin.NET.Core.AdminResult<System.Object>
      ┣ 最终返回值：                         {}
      ┗━━━━━━━━━━━  Logging Monitor ━━━━━━━━━━━
info: 2024-05-21 21:47:38.6102767 +08:00 星期二 L System.Logging.LoggingMonitor[0] #30 '00-84ebfb0c4e3ab0470d8b7ec7237f17eb-c08ecc985b06a597-00'
      [System.Private.CoreLib.dll] void System.Runtime.CompilerServices.AsyncTaskMethodBuilder<TResult>+AsyncStateMachineBox<TStateMachine>.MoveNext(Thread threadPoolThread)
      ┏━━━━━━━━━━━  Logging Monitor ━━━━━━━━━━━
      ┣ Admin.NET.Core.JuAI.Service.AIDrawing.DrawingImageService.GetRecommend
      ┣ 
      ┣ 控制器名称：                         DrawingImageService
      ┣ 操作名称：                           GetRecommend
      ┣ 显示名称：                           
      ┣ 路由信息：                           [area]: ; [controller]: drawingImage; [action]: recommend
      ┣ 请求方式：                           GET
      ┣ 请求地址：                           http://localhost:5005/app/api/DrawingImage/Recommend/dalle
      ┣ 来源地址：                           http://localhost:9527/
      ┣ 请求端源：                           client
      ┣ 浏览器标识：                         Mozilla/5.0 (Windows NT 10.0; Win64; x64) AppleWebKit/537.36 (KHTML, like Gecko) Chrome/124.0.0.0 Safari/537.36
      ┣ 客户端区域语言：                     zh-CN,zh;q=0.9
      ┣ 客户端 IP 地址：                     127.0.0.1
      ┣ 服务端 IP 地址：                     127.0.0.1
      ┣ 客户端连接 ID：                      00-84ebfb0c4e3ab0470d8b7ec7237f17eb-c08ecc985b06a597-00
      ┣ 服务线程 ID：                        #30
      ┣ 执行耗时：                           69ms
      ┣ ━━━━━━━━━━━━━━━  Cookies ━━━━━━━━━━━━━━━
      ┣ 请求端：                             
      ┣ 响应端：                             
      ┣ ━━━━━━━━━━━━━━━  系统信息 ━━━━━━━━━━━━━━━
      ┣ 系统名称：                           Microsoft Windows 10.0.19045
      ┣ 系统架构：                           X64
      ┣ 基础框架：                           Furion.Pure v1.0.0.0
      ┣ .NET 架构：                          .NET 8.0.0
      ┣ ━━━━━━━━━━━━━━━  启动信息 ━━━━━━━━━━━━━━━
      ┣ 运行环境：                           Production
      ┣ 启动程序集：                         Admin.NET.Web.Entry
      ┣ 进程名称：                           Admin.NET.Web.Entry
      ┣ 托管程序：                           Kestrel
      ┣ ━━━━━━━━━━━━━━━  请求头信息 ━━━━━━━━━━━━━━━
      ┣ 
      ┣ Accept：                             application/json, text/plain, */*
      ┣ Connection：                         keep-alive
      ┣ Host：                               localhost:5005
      ┣ User-Agent：                         Mozilla/5.0 (Windows NT 10.0; Win64; x64) AppleWebKit/537.36 (KHTML, like Gecko) Chrome/124.0.0.0 Safari/537.36
      ┣ Accept-Encoding：                    gzip, deflate, br, zstd
      ┣ Accept-Language：                    zh-CN,zh;q=0.9
      ┣ Authorization：                      Bearer eyJhbGciOiJIUzI1NiIsInR5cCI6IkpXVCJ9.eyJVc2VySWQiOjE0MjEzNDI2MzI3ODc3LCJUZW5hbnRJZCI6MTMwMDAwMDAwMDAwMSwiQWNjb3VudCI6IjE4NjAwNzY2MDQ1IiwiTmlja05hbWUiOiLmgKrlhb3mnaXkuoYiLCJBY2NvdW50VHlwZSI6Nzc3LCJleHAiOjE3MTY3MzI3MDMsIm5iZiI6MTcxNjEyNzkwMywiaWF0IjoxNzE2MTI3OTAzLCJpc3MiOiJndXhpbi5saW5rIiwiYXVkIjoiZ3V4aW4ubGluayJ9.E5LD5xGmUwcB7tVU6SZ-2i4_Eg-xy1joE2Wz0IPNMJ0
      ┣ Cache-Control：                      no-cache
      ┣ Origin：                             http://localhost:9527
      ┣ Pragma：                             no-cache
      ┣ Referer：                            http://localhost:9527/
      ┣ sec-ch-ua：                          "Chromium";v="124", "Google Chrome";v="124", "Not-A.Brand";v="99"
      ┣ DNT：                                1
      ┣ sec-ch-ua-mobile：                   ?0
      ┣ X-Authorization：                    Bearer eyJhbGciOiJIUzI1NiIsInR5cCI6IkpXVCJ9.eyJmIjoiZXlKaGJHY2lPaUpJVXpJMU5pSXNJblI1Y0NJNklrcFhWQ0o5IiwiZSI6IkU1TEQ1eEdtVXdjQjd0VlU2U1otMmk0X0VnLXh5MWpvRTJXejBJUE5NSjAiLCJzIjo3OSwibCI6MywiayI6IjZJaiIsImlhdCI6MTcxNjEyNzkwMywibmJmIjoxNzE2MTI3OTAzLCJleHAiOjE3MTczMzc1MDMsImlzcyI6Imd1eGluLmxpbmsiLCJhdWQiOiJndXhpbi5saW5rIn0.VCasbsEh70gJEMSsMBs6_8Yj3ofR902O-JmGvOnK4BE
      ┣ X-Request-Id：                       pp_fI6NxhjJNIzZO0CABr
      ┣ sec-ch-ua-platform：                 "Windows"
      ┣ Sec-Fetch-Site：                     same-site
      ┣ Sec-Fetch-Mode：                     cors
      ┣ Sec-Fetch-Dest：                     empty
      ┣ ━━━━━━━━━━━━━━━  参数列表 ━━━━━━━━━━━━━━━
      ┣ Content-Type：                       
      ┣ 
      ┣ imageType (DrawingTypeEnum)：        0
      ┣ minDate (Nullable`1)：               
      ┣ ━━━━━━━━━━━━━━━  返回信息 ━━━━━━━━━━━━━━━
      ┣ HTTP响应状态码：                     200
      ┣ 原始类型：                           System.Threading.Tasks.Task<System.Collections.Generic.IList<Admin.NET.Core.JuAI.Service.ChatgptImageRes>>
      ┣ 最终类型：                           Admin.NET.Core.AdminResult<System.Object>
      ┣ 最终返回值：                         {}
      ┗━━━━━━━━━━━  Logging Monitor ━━━━━━━━━━━
info: 2024-05-21 21:47:38.7928031 +08:00 星期二 L System.Logging.LoggingMonitor[0] #7 '00-c3198d401b473872e3c8c4a5c6f52891-8ad7d6a1c87086cd-00'
      [System.Private.CoreLib.dll] void System.Runtime.CompilerServices.AsyncTaskMethodBuilder<TResult>+AsyncStateMachineBox<TStateMachine>.MoveNext(Thread threadPoolThread)
      ┏━━━━━━━━━━━  Logging Monitor ━━━━━━━━━━━
      ┣ Admin.NET.Core.JuAI.Service.AIDrawing.DrawingImageService.GetMyAll
      ┣ 
      ┣ 控制器名称：                     DrawingImageService
      ┣ 操作名称：                       GetMyAll
      ┣ 显示名称：                       
      ┣ 路由信息：                       [area]: ; [controller]: drawingImage; [action]: myAll
      ┣ 请求方式：                       GET
      ┣ 请求地址：                       http://localhost:5005/app/api/DrawingImage/MyALl?drawingType=dalle&minId=
      ┣ 来源地址：                       http://localhost:9527/
      ┣ 请求端源：                       client
      ┣ 浏览器标识：                     Mozilla/5.0 (Windows NT 10.0; Win64; x64) AppleWebKit/537.36 (KHTML, like Gecko) Chrome/124.0.0.0 Safari/537.36
      ┣ 客户端区域语言：                 zh-CN,zh;q=0.9
      ┣ 客户端 IP 地址：                 127.0.0.1
      ┣ 服务端 IP 地址：                 127.0.0.1
      ┣ 客户端连接 ID：                  00-c3198d401b473872e3c8c4a5c6f52891-8ad7d6a1c87086cd-00
      ┣ 服务线程 ID：                    #7
      ┣ 执行耗时：                       54ms
      ┣ ━━━━━━━━━━━━━━━  Cookies ━━━━━━━━━━━━━━━
      ┣ 请求端：                         
      ┣ 响应端：                         
      ┣ ━━━━━━━━━━━━━━━  系统信息 ━━━━━━━━━━━━━━━
      ┣ 系统名称：                       Microsoft Windows 10.0.19045
      ┣ 系统架构：                       X64
      ┣ 基础框架：                       Furion.Pure v1.0.0.0
      ┣ .NET 架构：                      .NET 8.0.0
      ┣ ━━━━━━━━━━━━━━━  启动信息 ━━━━━━━━━━━━━━━
      ┣ 运行环境：                       Production
      ┣ 启动程序集：                     Admin.NET.Web.Entry
      ┣ 进程名称：                       Admin.NET.Web.Entry
      ┣ 托管程序：                       Kestrel
      ┣ ━━━━━━━━━━━━━━━  授权信息 ━━━━━━━━━━━━━━━
      ┣ JWT Token：                      Bearer eyJhbGciOiJIUzI1NiIsInR5cCI6IkpXVCJ9.eyJVc2VySWQiOjE0MjEzNDI2MzI3ODc3LCJUZW5hbnRJZCI6MTMwMDAwMDAwMDAwMSwiQWNjb3VudCI6IjE4NjAwNzY2MDQ1IiwiTmlja05hbWUiOiLmgKrlhb3mnaXkuoYiLCJBY2NvdW50VHlwZSI6Nzc3LCJleHAiOjE3MTY3MzI3MDMsIm5iZiI6MTcxNjEyNzkwMywiaWF0IjoxNzE2MTI3OTAzLCJpc3MiOiJndXhpbi5saW5rIiwiYXVkIjoiZ3V4aW4ubGluayJ9.E5LD5xGmUwcB7tVU6SZ-2i4_Eg-xy1joE2Wz0IPNMJ0
      ┣ 
      ┣ UserId (integer64)：             14213426327877
      ┣ TenantId (integer64)：           1300000000001
      ┣ Account (string)：               18600766045
      ┣ NickName (string)：              怪兽来了
      ┣ AccountType (integer32)：        777
      ┣ exp (integer64)：                1716732703 (2024-05-26 22:11:43:0000(+08:00) 星期日 L)
      ┣ nbf (integer64)：                1716127903 (2024-05-19 22:11:43:0000(+08:00) 星期日 L)
      ┣ iat (integer64)：                1716127903 (2024-05-19 22:11:43:0000(+08:00) 星期日 L)
      ┣ iss (string)：                   guxin.link
      ┣ aud (string)：                   guxin.link
      ┣ ━━━━━━━━━━━━━━━  请求头信息 ━━━━━━━━━━━━━━━
      ┣ 
      ┣ Accept：                         application/json, text/plain, */*
      ┣ Connection：                     keep-alive
      ┣ Host：                           localhost:5005
      ┣ User-Agent：                     Mozilla/5.0 (Windows NT 10.0; Win64; x64) AppleWebKit/537.36 (KHTML, like Gecko) Chrome/124.0.0.0 Safari/537.36
      ┣ Accept-Encoding：                gzip, deflate, br, zstd
      ┣ Accept-Language：                zh-CN,zh;q=0.9
      ┣ Authorization：                  Bearer eyJhbGciOiJIUzI1NiIsInR5cCI6IkpXVCJ9.eyJVc2VySWQiOjE0MjEzNDI2MzI3ODc3LCJUZW5hbnRJZCI6MTMwMDAwMDAwMDAwMSwiQWNjb3VudCI6IjE4NjAwNzY2MDQ1IiwiTmlja05hbWUiOiLmgKrlhb3mnaXkuoYiLCJBY2NvdW50VHlwZSI6Nzc3LCJleHAiOjE3MTY3MzI3MDMsIm5iZiI6MTcxNjEyNzkwMywiaWF0IjoxNzE2MTI3OTAzLCJpc3MiOiJndXhpbi5saW5rIiwiYXVkIjoiZ3V4aW4ubGluayJ9.E5LD5xGmUwcB7tVU6SZ-2i4_Eg-xy1joE2Wz0IPNMJ0
      ┣ Cache-Control：                  no-cache
      ┣ Origin：                         http://localhost:9527
      ┣ Pragma：                         no-cache
      ┣ Referer：                        http://localhost:9527/
      ┣ sec-ch-ua：                      "Chromium";v="124", "Google Chrome";v="124", "Not-A.Brand";v="99"
      ┣ DNT：                            1
      ┣ sec-ch-ua-mobile：               ?0
      ┣ X-Authorization：                Bearer eyJhbGciOiJIUzI1NiIsInR5cCI6IkpXVCJ9.eyJmIjoiZXlKaGJHY2lPaUpJVXpJMU5pSXNJblI1Y0NJNklrcFhWQ0o5IiwiZSI6IkU1TEQ1eEdtVXdjQjd0VlU2U1otMmk0X0VnLXh5MWpvRTJXejBJUE5NSjAiLCJzIjo3OSwibCI6MywiayI6IjZJaiIsImlhdCI6MTcxNjEyNzkwMywibmJmIjoxNzE2MTI3OTAzLCJleHAiOjE3MTczMzc1MDMsImlzcyI6Imd1eGluLmxpbmsiLCJhdWQiOiJndXhpbi5saW5rIn0.VCasbsEh70gJEMSsMBs6_8Yj3ofR902O-JmGvOnK4BE
      ┣ X-Request-Id：                   MQX_wKfmzOThYvLc25iJ1
      ┣ sec-ch-ua-platform：             "Windows"
      ┣ Sec-Fetch-Site：                 same-site
      ┣ Sec-Fetch-Mode：                 cors
      ┣ Sec-Fetch-Dest：                 empty
      ┣ ━━━━━━━━━━━━━━━  参数列表 ━━━━━━━━━━━━━━━
      ┣ Content-Type：                   
      ┣ 
      ┣ imageType (Nullable`1)：         
      ┣ minId (Nullable`1)：             
      ┣ ━━━━━━━━━━━━━━━  返回信息 ━━━━━━━━━━━━━━━
      ┣ HTTP响应状态码：                 200
      ┣ 原始类型：                       System.Threading.Tasks.Task<System.Collections.Generic.IList<Admin.NET.Core.JuAI.Service.ChatgptImageRes>>
      ┣ 最终类型：                       Admin.NET.Core.AdminResult<System.Object>
      ┣ 最终返回值：                     {}
      ┗━━━━━━━━━━━  Logging Monitor ━━━━━━━━━━━
info: 2024-05-21 21:47:38.9549122 +08:00 星期二 L System.Logging.LoggingMonitor[0] #9 '00-1adb211c135ed43e18884385a4ecafcd-0cb6ba27f0ed3765-00'
      [System.Private.CoreLib.dll] void System.Runtime.CompilerServices.AsyncTaskMethodBuilder<TResult>+AsyncStateMachineBox<TStateMachine>.MoveNext(Thread threadPoolThread)
      ┏━━━━━━━━━━━  Logging Monitor ━━━━━━━━━━━
      ┣ Admin.NET.Core.JuAI.Service.AIDrawing.DrawingImageService.GetRecommend
      ┣ 
      ┣ 控制器名称：                         DrawingImageService
      ┣ 操作名称：                           GetRecommend
      ┣ 显示名称：                           
      ┣ 路由信息：                           [area]: ; [controller]: drawingImage; [action]: recommend
      ┣ 请求方式：                           GET
      ┣ 请求地址：                           http://localhost:5005/app/api/DrawingImage/Recommend/dalle
      ┣ 来源地址：                           http://localhost:9527/
      ┣ 请求端源：                           client
      ┣ 浏览器标识：                         Mozilla/5.0 (Windows NT 10.0; Win64; x64) AppleWebKit/537.36 (KHTML, like Gecko) Chrome/124.0.0.0 Safari/537.36
      ┣ 客户端区域语言：                     zh-CN,zh;q=0.9
      ┣ 客户端 IP 地址：                     127.0.0.1
      ┣ 服务端 IP 地址：                     127.0.0.1
      ┣ 客户端连接 ID：                      00-1adb211c135ed43e18884385a4ecafcd-0cb6ba27f0ed3765-00
      ┣ 服务线程 ID：                        #30
      ┣ 执行耗时：                           51ms
      ┣ ━━━━━━━━━━━━━━━  Cookies ━━━━━━━━━━━━━━━
      ┣ 请求端：                             
      ┣ 响应端：                             
      ┣ ━━━━━━━━━━━━━━━  系统信息 ━━━━━━━━━━━━━━━
      ┣ 系统名称：                           Microsoft Windows 10.0.19045
      ┣ 系统架构：                           X64
      ┣ 基础框架：                           Furion.Pure v1.0.0.0
      ┣ .NET 架构：                          .NET 8.0.0
      ┣ ━━━━━━━━━━━━━━━  启动信息 ━━━━━━━━━━━━━━━
      ┣ 运行环境：                           Production
      ┣ 启动程序集：                         Admin.NET.Web.Entry
      ┣ 进程名称：                           Admin.NET.Web.Entry
      ┣ 托管程序：                           Kestrel
      ┣ ━━━━━━━━━━━━━━━  请求头信息 ━━━━━━━━━━━━━━━
      ┣ 
      ┣ Accept：                             application/json, text/plain, */*
      ┣ Connection：                         keep-alive
      ┣ Host：                               localhost:5005
      ┣ User-Agent：                         Mozilla/5.0 (Windows NT 10.0; Win64; x64) AppleWebKit/537.36 (KHTML, like Gecko) Chrome/124.0.0.0 Safari/537.36
      ┣ Accept-Encoding：                    gzip, deflate, br, zstd
      ┣ Accept-Language：                    zh-CN,zh;q=0.9
      ┣ Authorization：                      Bearer eyJhbGciOiJIUzI1NiIsInR5cCI6IkpXVCJ9.eyJVc2VySWQiOjE0MjEzNDI2MzI3ODc3LCJUZW5hbnRJZCI6MTMwMDAwMDAwMDAwMSwiQWNjb3VudCI6IjE4NjAwNzY2MDQ1IiwiTmlja05hbWUiOiLmgKrlhb3mnaXkuoYiLCJBY2NvdW50VHlwZSI6Nzc3LCJleHAiOjE3MTY3MzI3MDMsIm5iZiI6MTcxNjEyNzkwMywiaWF0IjoxNzE2MTI3OTAzLCJpc3MiOiJndXhpbi5saW5rIiwiYXVkIjoiZ3V4aW4ubGluayJ9.E5LD5xGmUwcB7tVU6SZ-2i4_Eg-xy1joE2Wz0IPNMJ0
      ┣ Cache-Control：                      no-cache
      ┣ Origin：                             http://localhost:9527
      ┣ Pragma：                             no-cache
      ┣ Referer：                            http://localhost:9527/
      ┣ sec-ch-ua：                          "Chromium";v="124", "Google Chrome";v="124", "Not-A.Brand";v="99"
      ┣ DNT：                                1
      ┣ sec-ch-ua-mobile：                   ?0
      ┣ X-Authorization：                    Bearer eyJhbGciOiJIUzI1NiIsInR5cCI6IkpXVCJ9.eyJmIjoiZXlKaGJHY2lPaUpJVXpJMU5pSXNJblI1Y0NJNklrcFhWQ0o5IiwiZSI6IkU1TEQ1eEdtVXdjQjd0VlU2U1otMmk0X0VnLXh5MWpvRTJXejBJUE5NSjAiLCJzIjo3OSwibCI6MywiayI6IjZJaiIsImlhdCI6MTcxNjEyNzkwMywibmJmIjoxNzE2MTI3OTAzLCJleHAiOjE3MTczMzc1MDMsImlzcyI6Imd1eGluLmxpbmsiLCJhdWQiOiJndXhpbi5saW5rIn0.VCasbsEh70gJEMSsMBs6_8Yj3ofR902O-JmGvOnK4BE
      ┣ X-Request-Id：                       534W6-HEOJnq7NsRsmWD8
      ┣ sec-ch-ua-platform：                 "Windows"
      ┣ Sec-Fetch-Site：                     same-site
      ┣ Sec-Fetch-Mode：                     cors
      ┣ Sec-Fetch-Dest：                     empty
      ┣ ━━━━━━━━━━━━━━━  参数列表 ━━━━━━━━━━━━━━━
      ┣ Content-Type：                       
      ┣ 
      ┣ imageType (DrawingTypeEnum)：        0
      ┣ minDate (Nullable`1)：               
      ┣ ━━━━━━━━━━━━━━━  返回信息 ━━━━━━━━━━━━━━━
      ┣ HTTP响应状态码：                     200
      ┣ 原始类型：                           System.Threading.Tasks.Task<System.Collections.Generic.IList<Admin.NET.Core.JuAI.Service.ChatgptImageRes>>
      ┣ 最终类型：                           Admin.NET.Core.AdminResult<System.Object>
      ┣ 最终返回值：                         {}
      ┗━━━━━━━━━━━  Logging Monitor ━━━━━━━━━━━
info: 2024-05-21 21:47:39.4195909 +08:00 星期二 L System.Logging.LoggingMonitor[0] #7 '00-b257fc1e5e034e4855cf551bedeea152-94b4dcb6a9db781e-00'
      [System.Private.CoreLib.dll] void System.Runtime.CompilerServices.AsyncTaskMethodBuilder<TResult>+AsyncStateMachineBox<TStateMachine>.MoveNext(Thread threadPoolThread)
      ┏━━━━━━━━━━━  Logging Monitor ━━━━━━━━━━━
      ┣ Admin.NET.Core.JuAI.Service.AIDrawing.DrawingImageService.GetMyAll
      ┣ 
      ┣ 控制器名称：                     DrawingImageService
      ┣ 操作名称：                       GetMyAll
      ┣ 显示名称：                       
      ┣ 路由信息：                       [area]: ; [controller]: drawingImage; [action]: myAll
      ┣ 请求方式：                       GET
      ┣ 请求地址：                       http://localhost:5005/app/api/DrawingImage/MyALl?drawingType=dalle&minId=
      ┣ 来源地址：                       http://localhost:9527/
      ┣ 请求端源：                       client
      ┣ 浏览器标识：                     Mozilla/5.0 (Windows NT 10.0; Win64; x64) AppleWebKit/537.36 (KHTML, like Gecko) Chrome/124.0.0.0 Safari/537.36
      ┣ 客户端区域语言：                 zh-CN,zh;q=0.9
      ┣ 客户端 IP 地址：                 127.0.0.1
      ┣ 服务端 IP 地址：                 127.0.0.1
      ┣ 客户端连接 ID：                  00-b257fc1e5e034e4855cf551bedeea152-94b4dcb6a9db781e-00
      ┣ 服务线程 ID：                    #7
      ┣ 执行耗时：                       55ms
      ┣ ━━━━━━━━━━━━━━━  Cookies ━━━━━━━━━━━━━━━
      ┣ 请求端：                         
      ┣ 响应端：                         
      ┣ ━━━━━━━━━━━━━━━  系统信息 ━━━━━━━━━━━━━━━
      ┣ 系统名称：                       Microsoft Windows 10.0.19045
      ┣ 系统架构：                       X64
      ┣ 基础框架：                       Furion.Pure v1.0.0.0
      ┣ .NET 架构：                      .NET 8.0.0
      ┣ ━━━━━━━━━━━━━━━  启动信息 ━━━━━━━━━━━━━━━
      ┣ 运行环境：                       Production
      ┣ 启动程序集：                     Admin.NET.Web.Entry
      ┣ 进程名称：                       Admin.NET.Web.Entry
      ┣ 托管程序：                       Kestrel
      ┣ ━━━━━━━━━━━━━━━  授权信息 ━━━━━━━━━━━━━━━
      ┣ JWT Token：                      Bearer eyJhbGciOiJIUzI1NiIsInR5cCI6IkpXVCJ9.eyJVc2VySWQiOjE0MjEzNDI2MzI3ODc3LCJUZW5hbnRJZCI6MTMwMDAwMDAwMDAwMSwiQWNjb3VudCI6IjE4NjAwNzY2MDQ1IiwiTmlja05hbWUiOiLmgKrlhb3mnaXkuoYiLCJBY2NvdW50VHlwZSI6Nzc3LCJleHAiOjE3MTY3MzI3MDMsIm5iZiI6MTcxNjEyNzkwMywiaWF0IjoxNzE2MTI3OTAzLCJpc3MiOiJndXhpbi5saW5rIiwiYXVkIjoiZ3V4aW4ubGluayJ9.E5LD5xGmUwcB7tVU6SZ-2i4_Eg-xy1joE2Wz0IPNMJ0
      ┣ 
      ┣ UserId (integer64)：             14213426327877
      ┣ TenantId (integer64)：           1300000000001
      ┣ Account (string)：               18600766045
      ┣ NickName (string)：              怪兽来了
      ┣ AccountType (integer32)：        777
      ┣ exp (integer64)：                1716732703 (2024-05-26 22:11:43:0000(+08:00) 星期日 L)
      ┣ nbf (integer64)：                1716127903 (2024-05-19 22:11:43:0000(+08:00) 星期日 L)
      ┣ iat (integer64)：                1716127903 (2024-05-19 22:11:43:0000(+08:00) 星期日 L)
      ┣ iss (string)：                   guxin.link
      ┣ aud (string)：                   guxin.link
      ┣ ━━━━━━━━━━━━━━━  请求头信息 ━━━━━━━━━━━━━━━
      ┣ 
      ┣ Accept：                         application/json, text/plain, */*
      ┣ Connection：                     keep-alive
      ┣ Host：                           localhost:5005
      ┣ User-Agent：                     Mozilla/5.0 (Windows NT 10.0; Win64; x64) AppleWebKit/537.36 (KHTML, like Gecko) Chrome/124.0.0.0 Safari/537.36
      ┣ Accept-Encoding：                gzip, deflate, br, zstd
      ┣ Accept-Language：                zh-CN,zh;q=0.9
      ┣ Authorization：                  Bearer eyJhbGciOiJIUzI1NiIsInR5cCI6IkpXVCJ9.eyJVc2VySWQiOjE0MjEzNDI2MzI3ODc3LCJUZW5hbnRJZCI6MTMwMDAwMDAwMDAwMSwiQWNjb3VudCI6IjE4NjAwNzY2MDQ1IiwiTmlja05hbWUiOiLmgKrlhb3mnaXkuoYiLCJBY2NvdW50VHlwZSI6Nzc3LCJleHAiOjE3MTY3MzI3MDMsIm5iZiI6MTcxNjEyNzkwMywiaWF0IjoxNzE2MTI3OTAzLCJpc3MiOiJndXhpbi5saW5rIiwiYXVkIjoiZ3V4aW4ubGluayJ9.E5LD5xGmUwcB7tVU6SZ-2i4_Eg-xy1joE2Wz0IPNMJ0
      ┣ Cache-Control：                  no-cache
      ┣ Origin：                         http://localhost:9527
      ┣ Pragma：                         no-cache
      ┣ Referer：                        http://localhost:9527/
      ┣ sec-ch-ua：                      "Chromium";v="124", "Google Chrome";v="124", "Not-A.Brand";v="99"
      ┣ DNT：                            1
      ┣ sec-ch-ua-mobile：               ?0
      ┣ X-Authorization：                Bearer eyJhbGciOiJIUzI1NiIsInR5cCI6IkpXVCJ9.eyJmIjoiZXlKaGJHY2lPaUpJVXpJMU5pSXNJblI1Y0NJNklrcFhWQ0o5IiwiZSI6IkU1TEQ1eEdtVXdjQjd0VlU2U1otMmk0X0VnLXh5MWpvRTJXejBJUE5NSjAiLCJzIjo3OSwibCI6MywiayI6IjZJaiIsImlhdCI6MTcxNjEyNzkwMywibmJmIjoxNzE2MTI3OTAzLCJleHAiOjE3MTczMzc1MDMsImlzcyI6Imd1eGluLmxpbmsiLCJhdWQiOiJndXhpbi5saW5rIn0.VCasbsEh70gJEMSsMBs6_8Yj3ofR902O-JmGvOnK4BE
      ┣ X-Request-Id：                   gTadkkxVTnrG0451H_tHs
      ┣ sec-ch-ua-platform：             "Windows"
      ┣ Sec-Fetch-Site：                 same-site
      ┣ Sec-Fetch-Mode：                 cors
      ┣ Sec-Fetch-Dest：                 empty
      ┣ ━━━━━━━━━━━━━━━  参数列表 ━━━━━━━━━━━━━━━
      ┣ Content-Type：                   
      ┣ 
      ┣ imageType (Nullable`1)：         
      ┣ minId (Nullable`1)：             
      ┣ ━━━━━━━━━━━━━━━  返回信息 ━━━━━━━━━━━━━━━
      ┣ HTTP响应状态码：                 200
      ┣ 原始类型：                       System.Threading.Tasks.Task<System.Collections.Generic.IList<Admin.NET.Core.JuAI.Service.ChatgptImageRes>>
      ┣ 最终类型：                       Admin.NET.Core.AdminResult<System.Object>
      ┣ 最终返回值：                     {}
      ┗━━━━━━━━━━━  Logging Monitor ━━━━━━━━━━━
info: 2024-05-21 21:47:40.0555371 +08:00 星期二 L System.Logging.LoggingMonitor[0] #9 '00-7d3696010289b5aa26c5ba476a179be2-b51175881039579f-00'
      [System.Private.CoreLib.dll] void System.Runtime.CompilerServices.AsyncTaskMethodBuilder<TResult>+AsyncStateMachineBox<TStateMachine>.MoveNext(Thread threadPoolThread)
      ┏━━━━━━━━━━━  Logging Monitor ━━━━━━━━━━━
      ┣ Admin.NET.Core.JuAI.Service.AIDrawing.DrawingImageService.GetMyAll
      ┣ 
      ┣ 控制器名称：                     DrawingImageService
      ┣ 操作名称：                       GetMyAll
      ┣ 显示名称：                       
      ┣ 路由信息：                       [area]: ; [controller]: drawingImage; [action]: myAll
      ┣ 请求方式：                       GET
      ┣ 请求地址：                       http://localhost:5005/app/api/DrawingImage/MyALl?drawingType=dalle&minId=
      ┣ 来源地址：                       http://localhost:9527/
      ┣ 请求端源：                       client
      ┣ 浏览器标识：                     Mozilla/5.0 (Windows NT 10.0; Win64; x64) AppleWebKit/537.36 (KHTML, like Gecko) Chrome/124.0.0.0 Safari/537.36
      ┣ 客户端区域语言：                 zh-CN,zh;q=0.9
      ┣ 客户端 IP 地址：                 127.0.0.1
      ┣ 服务端 IP 地址：                 127.0.0.1
      ┣ 客户端连接 ID：                  00-7d3696010289b5aa26c5ba476a179be2-b51175881039579f-00
      ┣ 服务线程 ID：                    #9
      ┣ 执行耗时：                       51ms
      ┣ ━━━━━━━━━━━━━━━  Cookies ━━━━━━━━━━━━━━━
      ┣ 请求端：                         
      ┣ 响应端：                         
      ┣ ━━━━━━━━━━━━━━━  系统信息 ━━━━━━━━━━━━━━━
      ┣ 系统名称：                       Microsoft Windows 10.0.19045
      ┣ 系统架构：                       X64
      ┣ 基础框架：                       Furion.Pure v1.0.0.0
      ┣ .NET 架构：                      .NET 8.0.0
      ┣ ━━━━━━━━━━━━━━━  启动信息 ━━━━━━━━━━━━━━━
      ┣ 运行环境：                       Production
      ┣ 启动程序集：                     Admin.NET.Web.Entry
      ┣ 进程名称：                       Admin.NET.Web.Entry
      ┣ 托管程序：                       Kestrel
      ┣ ━━━━━━━━━━━━━━━  授权信息 ━━━━━━━━━━━━━━━
      ┣ JWT Token：                      Bearer eyJhbGciOiJIUzI1NiIsInR5cCI6IkpXVCJ9.eyJVc2VySWQiOjE0MjEzNDI2MzI3ODc3LCJUZW5hbnRJZCI6MTMwMDAwMDAwMDAwMSwiQWNjb3VudCI6IjE4NjAwNzY2MDQ1IiwiTmlja05hbWUiOiLmgKrlhb3mnaXkuoYiLCJBY2NvdW50VHlwZSI6Nzc3LCJleHAiOjE3MTY3MzI3MDMsIm5iZiI6MTcxNjEyNzkwMywiaWF0IjoxNzE2MTI3OTAzLCJpc3MiOiJndXhpbi5saW5rIiwiYXVkIjoiZ3V4aW4ubGluayJ9.E5LD5xGmUwcB7tVU6SZ-2i4_Eg-xy1joE2Wz0IPNMJ0
      ┣ 
      ┣ UserId (integer64)：             14213426327877
      ┣ TenantId (integer64)：           1300000000001
      ┣ Account (string)：               18600766045
      ┣ NickName (string)：              怪兽来了
      ┣ AccountType (integer32)：        777
      ┣ exp (integer64)：                1716732703 (2024-05-26 22:11:43:0000(+08:00) 星期日 L)
      ┣ nbf (integer64)：                1716127903 (2024-05-19 22:11:43:0000(+08:00) 星期日 L)
      ┣ iat (integer64)：                1716127903 (2024-05-19 22:11:43:0000(+08:00) 星期日 L)
      ┣ iss (string)：                   guxin.link
      ┣ aud (string)：                   guxin.link
      ┣ ━━━━━━━━━━━━━━━  请求头信息 ━━━━━━━━━━━━━━━
      ┣ 
      ┣ Accept：                         application/json, text/plain, */*
      ┣ Connection：                     keep-alive
      ┣ Host：                           localhost:5005
      ┣ User-Agent：                     Mozilla/5.0 (Windows NT 10.0; Win64; x64) AppleWebKit/537.36 (KHTML, like Gecko) Chrome/124.0.0.0 Safari/537.36
      ┣ Accept-Encoding：                gzip, deflate, br, zstd
      ┣ Accept-Language：                zh-CN,zh;q=0.9
      ┣ Authorization：                  Bearer eyJhbGciOiJIUzI1NiIsInR5cCI6IkpXVCJ9.eyJVc2VySWQiOjE0MjEzNDI2MzI3ODc3LCJUZW5hbnRJZCI6MTMwMDAwMDAwMDAwMSwiQWNjb3VudCI6IjE4NjAwNzY2MDQ1IiwiTmlja05hbWUiOiLmgKrlhb3mnaXkuoYiLCJBY2NvdW50VHlwZSI6Nzc3LCJleHAiOjE3MTY3MzI3MDMsIm5iZiI6MTcxNjEyNzkwMywiaWF0IjoxNzE2MTI3OTAzLCJpc3MiOiJndXhpbi5saW5rIiwiYXVkIjoiZ3V4aW4ubGluayJ9.E5LD5xGmUwcB7tVU6SZ-2i4_Eg-xy1joE2Wz0IPNMJ0
      ┣ Cache-Control：                  no-cache
      ┣ Origin：                         http://localhost:9527
      ┣ Pragma：                         no-cache
      ┣ Referer：                        http://localhost:9527/
      ┣ sec-ch-ua：                      "Chromium";v="124", "Google Chrome";v="124", "Not-A.Brand";v="99"
      ┣ DNT：                            1
      ┣ sec-ch-ua-mobile：               ?0
      ┣ X-Authorization：                Bearer eyJhbGciOiJIUzI1NiIsInR5cCI6IkpXVCJ9.eyJmIjoiZXlKaGJHY2lPaUpJVXpJMU5pSXNJblI1Y0NJNklrcFhWQ0o5IiwiZSI6IkU1TEQ1eEdtVXdjQjd0VlU2U1otMmk0X0VnLXh5MWpvRTJXejBJUE5NSjAiLCJzIjo3OSwibCI6MywiayI6IjZJaiIsImlhdCI6MTcxNjEyNzkwMywibmJmIjoxNzE2MTI3OTAzLCJleHAiOjE3MTczMzc1MDMsImlzcyI6Imd1eGluLmxpbmsiLCJhdWQiOiJndXhpbi5saW5rIn0.VCasbsEh70gJEMSsMBs6_8Yj3ofR902O-JmGvOnK4BE
      ┣ X-Request-Id：                   nhQXdVsAIZG7DfKakFtuZ
      ┣ sec-ch-ua-platform：             "Windows"
      ┣ Sec-Fetch-Site：                 same-site
      ┣ Sec-Fetch-Mode：                 cors
      ┣ Sec-Fetch-Dest：                 empty
      ┣ ━━━━━━━━━━━━━━━  参数列表 ━━━━━━━━━━━━━━━
      ┣ Content-Type：                   
      ┣ 
      ┣ imageType (Nullable`1)：         
      ┣ minId (Nullable`1)：             
      ┣ ━━━━━━━━━━━━━━━  返回信息 ━━━━━━━━━━━━━━━
      ┣ HTTP响应状态码：                 200
      ┣ 原始类型：                       System.Threading.Tasks.Task<System.Collections.Generic.IList<Admin.NET.Core.JuAI.Service.ChatgptImageRes>>
      ┣ 最终类型：                       Admin.NET.Core.AdminResult<System.Object>
      ┣ 最终返回值：                     {}
      ┗━━━━━━━━━━━  Logging Monitor ━━━━━━━━━━━
info: 2024-05-21 21:48:23.0047172 +08:00 星期二 L System.Logging.TaskQueueService[0] #1
      [Furion.Pure.dll] async Task Furion.TaskQueue.TaskQueueHostedService.ExecuteAsync(CancellationToken stoppingToken)
      TaskQueue hosted service is running.
info: 2024-05-21 21:48:23.0283399 +08:00 星期二 L System.Logging.ScheduleService[0] #1
      [Furion.Pure.dll] void Furion.Schedule.ScheduleLogger.LogInformation(string message, params object[] args)
      Schedule hosted service is running.
info: 2024-05-21 21:48:23.0304984 +08:00 星期二 L System.Logging.ScheduleService[0] #1
      [Furion.Pure.dll] void Furion.Schedule.ScheduleLogger.LogInformation(string message, params object[] args)
      Schedule hosted service is preloading...
info: 2024-05-21 21:48:23.7418954 +08:00 星期二 L System.Logging.ScheduleService[0] #1
      [Furion.Pure.dll] void Furion.Schedule.ScheduleLogger.LogInformation(string message, params object[] args)
      The <trigger_log> trigger for scheduler of <job_log> successfully appended and updated to the schedule.
info: 2024-05-21 21:48:23.7432472 +08:00 星期二 L System.Logging.ScheduleService[0] #1
      [Furion.Pure.dll] void Furion.Schedule.ScheduleLogger.LogInformation(string message, params object[] args)
      The scheduler of <job_log> successfully appended and updated to the schedule.
info: 2024-05-21 21:48:23.7506737 +08:00 星期二 L System.Logging.ScheduleService[0] #1
      [Furion.Pure.dll] void Furion.Schedule.ScheduleLogger.LogInformation(string message, params object[] args)
      The <trigger_onlineUser> trigger for scheduler of <job_onlineUser> successfully appended and updated to the schedule.
info: 2024-05-21 21:48:23.7519865 +08:00 星期二 L System.Logging.ScheduleService[0] #1
      [Furion.Pure.dll] void Furion.Schedule.ScheduleLogger.LogInformation(string message, params object[] args)
      The scheduler of <job_onlineUser> successfully appended and updated to the schedule.
info: 2024-05-21 21:48:23.7568090 +08:00 星期二 L System.Logging.ScheduleService[0] #1
      [Furion.Pure.dll] void Furion.Schedule.ScheduleLogger.LogInformation(string message, params object[] args)
      The <trigger_ossAsync> trigger for scheduler of <job_ossAsync> successfully appended and updated to the schedule.
info: 2024-05-21 21:48:23.7579789 +08:00 星期二 L System.Logging.ScheduleService[0] #1
      [Furion.Pure.dll] void Furion.Schedule.ScheduleLogger.LogInformation(string message, params object[] args)
      The scheduler of <job_ossAsync> successfully appended and updated to the schedule.
info: 2024-05-21 21:48:23.9937972 +08:00 星期二 L System.Net.Http.HttpClient.Default.LogicalHandler[100] #9
      [Microsoft.Extensions.Http.dll] async Task<HttpResponseMessage> Microsoft.Extensions.Http.Logging.LoggingScopeHttpMessageHandler.SendCoreAsync(HttpRequestMessage request, bool useAsync, CancellationToken cancellationToken)+Core(?)
      Start processing HTTP request POST https://oaidalleapiprodscus.blob.core.windows.net/private/org-jVmWXH4GArzEqkk7AHS1ylpK/user-QZFXa5hwMzChNULIWMZr36Hm/img-XmF0uGxqFN1KhaJkaF4LkJWG.png?st=2024-05-21T12%3A43%3A02Z&se=2024-05-21T14%3A43%3A02Z&sp=r&sv=2021-08-06&sr=b&rscd=inline&rsct=image/png&skoid=6aaadede-4fb3-4698-a8f6-684d7786b067&sktid=a48cca56-e6da-484e-a814-9c849652bcb3&skt=2024-05-21T10%3A11%3A14Z&ske=2024-05-22T10%3A11%3A14Z&sks=b&skv=2021-08-06&sig=o0dgmHKso/d30Z/wjoijMrYxMqt9NPYZIbSlw/gyk0w%3D
info: 2024-05-21 21:48:24.0014418 +08:00 星期二 L System.Net.Http.HttpClient.Default.ClientHandler[100] #9
      [Microsoft.Extensions.Http.dll] async Task<HttpResponseMessage> Microsoft.Extensions.Http.Logging.LoggingHttpMessageHandler.SendCoreAsync(HttpRequestMessage request, bool useAsync, CancellationToken cancellationToken)+Core(?)
      Sending HTTP request POST https://oaidalleapiprodscus.blob.core.windows.net/private/org-jVmWXH4GArzEqkk7AHS1ylpK/user-QZFXa5hwMzChNULIWMZr36Hm/img-XmF0uGxqFN1KhaJkaF4LkJWG.png?st=2024-05-21T12%3A43%3A02Z&se=2024-05-21T14%3A43%3A02Z&sp=r&sv=2021-08-06&sr=b&rscd=inline&rsct=image/png&skoid=6aaadede-4fb3-4698-a8f6-684d7786b067&sktid=a48cca56-e6da-484e-a814-9c849652bcb3&skt=2024-05-21T10%3A11%3A14Z&ske=2024-05-22T10%3A11%3A14Z&sks=b&skv=2021-08-06&sig=o0dgmHKso/d30Z/wjoijMrYxMqt9NPYZIbSlw/gyk0w%3D
info: 2024-05-21 21:48:24.8754008 +08:00 星期二 L System.Net.Http.HttpClient.Default.ClientHandler[101] #9
      [Microsoft.Extensions.Http.dll] void Microsoft.Extensions.Http.Logging.LoggingHttpMessageHandler+Log.RequestEnd(ILogger logger, HttpResponseMessage response, TimeSpan duration, Func<string, bool> shouldRedactHeaderValue)
      Received HTTP response headers after 867.4725ms - 405
info: 2024-05-21 21:48:24.8875640 +08:00 星期二 L System.Net.Http.HttpClient.Default.LogicalHandler[101] #9
      [Microsoft.Extensions.Http.dll] void Microsoft.Extensions.Http.Logging.LoggingScopeHttpMessageHandler+Log.RequestPipelineEnd(ILogger logger, HttpResponseMessage response, TimeSpan duration, Func<string, bool> shouldRedactHeaderValue)
      End processing HTTP request after 897.3348ms - 405
info: 2024-05-21 21:50:58.6323600 +08:00 星期二 L System.Logging.TaskQueueService[0] #1
      [Furion.Pure.dll] async Task Furion.TaskQueue.TaskQueueHostedService.ExecuteAsync(CancellationToken stoppingToken)
      TaskQueue hosted service is running.
info: 2024-05-21 21:50:58.6696693 +08:00 星期二 L System.Logging.ScheduleService[0] #1
      [Furion.Pure.dll] void Furion.Schedule.ScheduleLogger.LogInformation(string message, params object[] args)
      Schedule hosted service is running.
info: 2024-05-21 21:50:58.6740869 +08:00 星期二 L System.Logging.ScheduleService[0] #1
      [Furion.Pure.dll] void Furion.Schedule.ScheduleLogger.LogInformation(string message, params object[] args)
      Schedule hosted service is preloading...
info: 2024-05-21 21:50:59.3684188 +08:00 星期二 L System.Logging.ScheduleService[0] #1
      [Furion.Pure.dll] void Furion.Schedule.ScheduleLogger.LogInformation(string message, params object[] args)
      The <trigger_log> trigger for scheduler of <job_log> successfully appended and updated to the schedule.
info: 2024-05-21 21:50:59.3738904 +08:00 星期二 L System.Logging.ScheduleService[0] #1
      [Furion.Pure.dll] void Furion.Schedule.ScheduleLogger.LogInformation(string message, params object[] args)
      The scheduler of <job_log> successfully appended and updated to the schedule.
info: 2024-05-21 21:50:59.3833099 +08:00 星期二 L System.Logging.ScheduleService[0] #1
      [Furion.Pure.dll] void Furion.Schedule.ScheduleLogger.LogInformation(string message, params object[] args)
      The <trigger_onlineUser> trigger for scheduler of <job_onlineUser> successfully appended and updated to the schedule.
info: 2024-05-21 21:50:59.3873103 +08:00 星期二 L System.Logging.ScheduleService[0] #1
      [Furion.Pure.dll] void Furion.Schedule.ScheduleLogger.LogInformation(string message, params object[] args)
      The scheduler of <job_onlineUser> successfully appended and updated to the schedule.
info: 2024-05-21 21:50:59.3960916 +08:00 星期二 L System.Logging.ScheduleService[0] #1
      [Furion.Pure.dll] void Furion.Schedule.ScheduleLogger.LogInformation(string message, params object[] args)
      The <trigger_ossAsync> trigger for scheduler of <job_ossAsync> successfully appended and updated to the schedule.
info: 2024-05-21 21:50:59.3999480 +08:00 星期二 L System.Logging.ScheduleService[0] #1
      [Furion.Pure.dll] void Furion.Schedule.ScheduleLogger.LogInformation(string message, params object[] args)
      The scheduler of <job_ossAsync> successfully appended and updated to the schedule.
info: 2024-05-21 21:50:59.8463569 +08:00 星期二 L System.Net.Http.HttpClient.Default.LogicalHandler[100] #10
      [Microsoft.Extensions.Http.dll] async Task<HttpResponseMessage> Microsoft.Extensions.Http.Logging.LoggingScopeHttpMessageHandler.SendCoreAsync(HttpRequestMessage request, bool useAsync, CancellationToken cancellationToken)+Core(?)
      Start processing HTTP request POST https://oaidalleapiprodscus.blob.core.windows.net/private/org-jVmWXH4GArzEqkk7AHS1ylpK/user-QZFXa5hwMzChNULIWMZr36Hm/img-XmF0uGxqFN1KhaJkaF4LkJWG.png?st=2024-05-21T12%3A43%3A02Z&se=2024-05-21T14%3A43%3A02Z&sp=r&sv=2021-08-06&sr=b&rscd=inline&rsct=image/png&skoid=6aaadede-4fb3-4698-a8f6-684d7786b067&sktid=a48cca56-e6da-484e-a814-9c849652bcb3&skt=2024-05-21T10%3A11%3A14Z&ske=2024-05-22T10%3A11%3A14Z&sks=b&skv=2021-08-06&sig=o0dgmHKso/d30Z/wjoijMrYxMqt9NPYZIbSlw/gyk0w%3D
info: 2024-05-21 21:50:59.8636990 +08:00 星期二 L System.Net.Http.HttpClient.Default.ClientHandler[100] #10
      [Microsoft.Extensions.Http.dll] async Task<HttpResponseMessage> Microsoft.Extensions.Http.Logging.LoggingHttpMessageHandler.SendCoreAsync(HttpRequestMessage request, bool useAsync, CancellationToken cancellationToken)+Core(?)
      Sending HTTP request POST https://oaidalleapiprodscus.blob.core.windows.net/private/org-jVmWXH4GArzEqkk7AHS1ylpK/user-QZFXa5hwMzChNULIWMZr36Hm/img-XmF0uGxqFN1KhaJkaF4LkJWG.png?st=2024-05-21T12%3A43%3A02Z&se=2024-05-21T14%3A43%3A02Z&sp=r&sv=2021-08-06&sr=b&rscd=inline&rsct=image/png&skoid=6aaadede-4fb3-4698-a8f6-684d7786b067&sktid=a48cca56-e6da-484e-a814-9c849652bcb3&skt=2024-05-21T10%3A11%3A14Z&ske=2024-05-22T10%3A11%3A14Z&sks=b&skv=2021-08-06&sig=o0dgmHKso/d30Z/wjoijMrYxMqt9NPYZIbSlw/gyk0w%3D
info: 2024-05-21 21:51:00.8521436 +08:00 星期二 L System.Net.Http.HttpClient.Default.ClientHandler[101] #9
      [Microsoft.Extensions.Http.dll] void Microsoft.Extensions.Http.Logging.LoggingHttpMessageHandler+Log.RequestEnd(ILogger logger, HttpResponseMessage response, TimeSpan duration, Func<string, bool> shouldRedactHeaderValue)
      Received HTTP response headers after 975.3096ms - 405
info: 2024-05-21 21:51:00.8698827 +08:00 星期二 L System.Net.Http.HttpClient.Default.LogicalHandler[101] #9
      [Microsoft.Extensions.Http.dll] void Microsoft.Extensions.Http.Logging.LoggingScopeHttpMessageHandler+Log.RequestPipelineEnd(ILogger logger, HttpResponseMessage response, TimeSpan duration, Func<string, bool> shouldRedactHeaderValue)
      End processing HTTP request after 1027.1035ms - 405
info: 2024-05-21 21:51:17.3471206 +08:00 星期二 L System.Logging.LoggingMonitor[0] #10 '00-b75ffbaf012e9940cb173ce0100646e0-b8aed597e6b38a4f-00'
      [System.Private.CoreLib.dll] void System.Runtime.CompilerServices.AsyncMethodBuilderCore.Start<TStateMachine>(ref TStateMachine stateMachine)
      ┏━━━━━━━━━━━  Logging Monitor ━━━━━━━━━━━
      ┣ Admin.NET.Core.Service.SysAuthService.SwaggerCheckUrl
      ┣ 
      ┣ 控制器名称：                SysAuthService
      ┣ 操作名称：                  SwaggerCheckUrl
      ┣ 显示名称：                  Swagger登录检查
      ┣ 路由信息：                  [area]: ; [controller]: sysAuth; [action]: swaggerCheckUrl
      ┣ 请求方式：                  POST
      ┣ 请求地址：                  http://localhost:5005/swagger/checkUrl
      ┣ 来源地址：                  http://localhost:5005/index.html
      ┣ 请求端源：                  client
      ┣ 浏览器标识：                Mozilla/5.0 (Windows NT 10.0; Win64; x64) AppleWebKit/537.36 (KHTML, like Gecko) Chrome/124.0.0.0 Safari/537.36
      ┣ 客户端区域语言：            zh-CN,zh;q=0.9
      ┣ 客户端 IP 地址：            127.0.0.1
      ┣ 服务端 IP 地址：            127.0.0.1
      ┣ 客户端连接 ID：             00-b75ffbaf012e9940cb173ce0100646e0-b8aed597e6b38a4f-00
      ┣ 服务线程 ID：               #10
      ┣ 执行耗时：                  9ms
      ┣ ━━━━━━━━━━━━━━━  Cookies ━━━━━━━━━━━━━━━
      ┣ 请求端：                    
      ┣ 响应端：                    
      ┣ ━━━━━━━━━━━━━━━  系统信息 ━━━━━━━━━━━━━━━
      ┣ 系统名称：                  Microsoft Windows 10.0.19045
      ┣ 系统架构：                  X64
      ┣ 基础框架：                  Furion.Pure v1.0.0.0
      ┣ .NET 架构：                 .NET 8.0.0
      ┣ ━━━━━━━━━━━━━━━  启动信息 ━━━━━━━━━━━━━━━
      ┣ 运行环境：                  Development
      ┣ 启动程序集：                Admin.NET.Web.Entry
      ┣ 进程名称：                  Admin.NET.Web.Entry
      ┣ 托管程序：                  Kestrel
      ┣ ━━━━━━━━━━━━━━━  请求头信息 ━━━━━━━━━━━━━━━
      ┣ 
      ┣ Accept：                    */*
      ┣ Connection：                keep-alive
      ┣ Host：                      localhost:5005
      ┣ User-Agent：                Mozilla/5.0 (Windows NT 10.0; Win64; x64) AppleWebKit/537.36 (KHTML, like Gecko) Chrome/124.0.0.0 Safari/537.36
      ┣ Accept-Encoding：           gzip, deflate, br, zstd
      ┣ Accept-Language：           zh-CN,zh;q=0.9
      ┣ Authorization：             Bearer eyJhbGciOiJIUzI1NiIsInR5cCI6IkpXVCJ9.eyJVc2VySWQiOjEzMDAwMDAwMDAxMTEsIlRlbmFudElkIjoxMzAwMDAwMDAwMDAxLCJBY2NvdW50IjoiYWRtaW4iLCJSZWFsTmFtZSI6Iuezu-e7n-euoeeQhuWRmCIsIkFjY291bnRUeXBlIjo4ODgsIk9yZ0lkIjoxMzAwMDAwMDAwMTAxLCJPcmdOYW1lIjoi5aSn5ZCN56eR5oqAIiwiT3JnVHlwZSI6IjEwMSIsImlhdCI6MTcxNDMxNDIyNywibmJmIjoxNzE0MzE0MjI3LCJleHAiOjE3MTQ5MTkwMjcsImlzcyI6Imd1eGluLmxpbmsiLCJhdWQiOiJndXhpbi5saW5rIn0.oaaOqB__UFfH9mt6Mx86-tKH8t2ByHlAFaTEAW15Xgk
      ┣ Content-Type：              application/x-www-form-urlencoded
      ┣ Origin：                    http://localhost:5005
      ┣ Referer：                   http://localhost:5005/index.html
      ┣ Content-Length：            0
      ┣ sec-ch-ua：                 "Chromium";v="124", "Google Chrome";v="124", "Not-A.Brand";v="99"
      ┣ sec-ch-ua-mobile：          ?0
      ┣ sec-ch-ua-platform：        "Windows"
      ┣ Sec-Fetch-Site：            same-origin
      ┣ Sec-Fetch-Mode：            cors
      ┣ Sec-Fetch-Dest：            empty
      ┣ ━━━━━━━━━━━━━━━  返回信息 ━━━━━━━━━━━━━━━
      ┣ HTTP响应状态码：            200
      ┣ 原始类型：                  System.Int32
      ┣ 最终类型：                  System.Int32
      ┣ 最终返回值：                401
      ┗━━━━━━━━━━━  Logging Monitor ━━━━━━━━━━━
info: 2024-05-21 21:52:05.8681265 +08:00 星期二 L System.Logging.TaskQueueService[0] #1
      [Furion.Pure.dll] async Task Furion.TaskQueue.TaskQueueHostedService.ExecuteAsync(CancellationToken stoppingToken)
      TaskQueue hosted service is running.
info: 2024-05-21 21:52:05.9262069 +08:00 星期二 L System.Logging.ScheduleService[0] #1
      [Furion.Pure.dll] void Furion.Schedule.ScheduleLogger.LogInformation(string message, params object[] args)
      Schedule hosted service is running.
info: 2024-05-21 21:52:05.9311473 +08:00 星期二 L System.Logging.ScheduleService[0] #1
      [Furion.Pure.dll] void Furion.Schedule.ScheduleLogger.LogInformation(string message, params object[] args)
      Schedule hosted service is preloading...
info: 2024-05-21 21:52:06.6747958 +08:00 星期二 L System.Logging.ScheduleService[0] #1
      [Furion.Pure.dll] void Furion.Schedule.ScheduleLogger.LogInformation(string message, params object[] args)
      The <trigger_log> trigger for scheduler of <job_log> successfully appended and updated to the schedule.
info: 2024-05-21 21:52:06.6900614 +08:00 星期二 L System.Logging.ScheduleService[0] #1
      [Furion.Pure.dll] void Furion.Schedule.ScheduleLogger.LogInformation(string message, params object[] args)
      The scheduler of <job_log> successfully appended and updated to the schedule.
info: 2024-05-21 21:52:06.6995839 +08:00 星期二 L System.Logging.ScheduleService[0] #1
      [Furion.Pure.dll] void Furion.Schedule.ScheduleLogger.LogInformation(string message, params object[] args)
      The <trigger_onlineUser> trigger for scheduler of <job_onlineUser> successfully appended and updated to the schedule.
info: 2024-05-21 21:52:06.7033372 +08:00 星期二 L System.Logging.ScheduleService[0] #1
      [Furion.Pure.dll] void Furion.Schedule.ScheduleLogger.LogInformation(string message, params object[] args)
      The scheduler of <job_onlineUser> successfully appended and updated to the schedule.
info: 2024-05-21 21:52:06.7114919 +08:00 星期二 L System.Logging.ScheduleService[0] #1
      [Furion.Pure.dll] void Furion.Schedule.ScheduleLogger.LogInformation(string message, params object[] args)
      The <trigger_ossAsync> trigger for scheduler of <job_ossAsync> successfully appended and updated to the schedule.
info: 2024-05-21 21:52:06.7151992 +08:00 星期二 L System.Logging.ScheduleService[0] #1
      [Furion.Pure.dll] void Furion.Schedule.ScheduleLogger.LogInformation(string message, params object[] args)
      The scheduler of <job_ossAsync> successfully appended and updated to the schedule.
info: 2024-05-21 21:52:07.2129789 +08:00 星期二 L System.Net.Http.HttpClient.Default.LogicalHandler[100] #5
      [Microsoft.Extensions.Http.dll] async Task<HttpResponseMessage> Microsoft.Extensions.Http.Logging.LoggingScopeHttpMessageHandler.SendCoreAsync(HttpRequestMessage request, bool useAsync, CancellationToken cancellationToken)+Core(?)
      Start processing HTTP request POST https://oaidalleapiprodscus.blob.core.windows.net/private/org-jVmWXH4GArzEqkk7AHS1ylpK/user-QZFXa5hwMzChNULIWMZr36Hm/img-XmF0uGxqFN1KhaJkaF4LkJWG.png?st=2024-05-21T12%3A43%3A02Z&se=2024-05-21T14%3A43%3A02Z&sp=r&sv=2021-08-06&sr=b&rscd=inline&rsct=image/png&skoid=6aaadede-4fb3-4698-a8f6-684d7786b067&sktid=a48cca56-e6da-484e-a814-9c849652bcb3&skt=2024-05-21T10%3A11%3A14Z&ske=2024-05-22T10%3A11%3A14Z&sks=b&skv=2021-08-06&sig=o0dgmHKso/d30Z/wjoijMrYxMqt9NPYZIbSlw/gyk0w%3D
info: 2024-05-21 21:52:07.2585263 +08:00 星期二 L System.Net.Http.HttpClient.Default.ClientHandler[100] #5
      [Microsoft.Extensions.Http.dll] async Task<HttpResponseMessage> Microsoft.Extensions.Http.Logging.LoggingHttpMessageHandler.SendCoreAsync(HttpRequestMessage request, bool useAsync, CancellationToken cancellationToken)+Core(?)
      Sending HTTP request POST https://oaidalleapiprodscus.blob.core.windows.net/private/org-jVmWXH4GArzEqkk7AHS1ylpK/user-QZFXa5hwMzChNULIWMZr36Hm/img-XmF0uGxqFN1KhaJkaF4LkJWG.png?st=2024-05-21T12%3A43%3A02Z&se=2024-05-21T14%3A43%3A02Z&sp=r&sv=2021-08-06&sr=b&rscd=inline&rsct=image/png&skoid=6aaadede-4fb3-4698-a8f6-684d7786b067&sktid=a48cca56-e6da-484e-a814-9c849652bcb3&skt=2024-05-21T10%3A11%3A14Z&ske=2024-05-22T10%3A11%3A14Z&sks=b&skv=2021-08-06&sig=o0dgmHKso/d30Z/wjoijMrYxMqt9NPYZIbSlw/gyk0w%3D
info: 2024-05-21 21:52:08.2261485 +08:00 星期二 L System.Net.Http.HttpClient.Default.ClientHandler[101] #24
      [Microsoft.Extensions.Http.dll] void Microsoft.Extensions.Http.Logging.LoggingHttpMessageHandler+Log.RequestEnd(ILogger logger, HttpResponseMessage response, TimeSpan duration, Func<string, bool> shouldRedactHeaderValue)
      Received HTTP response headers after 955.2033ms - 405
info: 2024-05-21 21:52:08.2563293 +08:00 星期二 L System.Net.Http.HttpClient.Default.LogicalHandler[101] #24
      [Microsoft.Extensions.Http.dll] void Microsoft.Extensions.Http.Logging.LoggingScopeHttpMessageHandler+Log.RequestPipelineEnd(ILogger logger, HttpResponseMessage response, TimeSpan duration, Func<string, bool> shouldRedactHeaderValue)
      End processing HTTP request after 1039.936ms - 405
info: 2024-05-21 21:52:23.8613580 +08:00 星期二 L System.Logging.LoggingMonitor[0] #10 '00-c9d0d5d66627749e2acee326ed828502-1cdbbc48d323bd31-00'
      [System.Private.CoreLib.dll] void System.Runtime.CompilerServices.AsyncMethodBuilderCore.Start<TStateMachine>(ref TStateMachine stateMachine)
      ┏━━━━━━━━━━━  Logging Monitor ━━━━━━━━━━━
      ┣ Admin.NET.Core.Service.SysAuthService.SwaggerCheckUrl
      ┣ 
      ┣ 控制器名称：                SysAuthService
      ┣ 操作名称：                  SwaggerCheckUrl
      ┣ 显示名称：                  Swagger登录检查
      ┣ 路由信息：                  [area]: ; [controller]: sysAuth; [action]: swaggerCheckUrl
      ┣ 请求方式：                  POST
      ┣ 请求地址：                  http://localhost:5005/swagger/checkUrl
      ┣ 来源地址：                  http://localhost:5005/index.html
      ┣ 请求端源：                  client
      ┣ 浏览器标识：                Mozilla/5.0 (Windows NT 10.0; Win64; x64) AppleWebKit/537.36 (KHTML, like Gecko) Chrome/124.0.0.0 Safari/537.36
      ┣ 客户端区域语言：            zh-CN,zh;q=0.9
      ┣ 客户端 IP 地址：            127.0.0.1
      ┣ 服务端 IP 地址：            127.0.0.1
      ┣ 客户端连接 ID：             00-c9d0d5d66627749e2acee326ed828502-1cdbbc48d323bd31-00
      ┣ 服务线程 ID：               #10
      ┣ 执行耗时：                  9ms
      ┣ ━━━━━━━━━━━━━━━  Cookies ━━━━━━━━━━━━━━━
      ┣ 请求端：                    
      ┣ 响应端：                    
      ┣ ━━━━━━━━━━━━━━━  系统信息 ━━━━━━━━━━━━━━━
      ┣ 系统名称：                  Microsoft Windows 10.0.19045
      ┣ 系统架构：                  X64
      ┣ 基础框架：                  Furion.Pure v1.0.0.0
      ┣ .NET 架构：                 .NET 8.0.0
      ┣ ━━━━━━━━━━━━━━━  启动信息 ━━━━━━━━━━━━━━━
      ┣ 运行环境：                  Development
      ┣ 启动程序集：                Admin.NET.Web.Entry
      ┣ 进程名称：                  Admin.NET.Web.Entry
      ┣ 托管程序：                  Kestrel
      ┣ ━━━━━━━━━━━━━━━  请求头信息 ━━━━━━━━━━━━━━━
      ┣ 
      ┣ Accept：                    */*
      ┣ Connection：                keep-alive
      ┣ Host：                      localhost:5005
      ┣ User-Agent：                Mozilla/5.0 (Windows NT 10.0; Win64; x64) AppleWebKit/537.36 (KHTML, like Gecko) Chrome/124.0.0.0 Safari/537.36
      ┣ Accept-Encoding：           gzip, deflate, br, zstd
      ┣ Accept-Language：           zh-CN,zh;q=0.9
      ┣ Authorization：             Bearer eyJhbGciOiJIUzI1NiIsInR5cCI6IkpXVCJ9.eyJVc2VySWQiOjEzMDAwMDAwMDAxMTEsIlRlbmFudElkIjoxMzAwMDAwMDAwMDAxLCJBY2NvdW50IjoiYWRtaW4iLCJSZWFsTmFtZSI6Iuezu-e7n-euoeeQhuWRmCIsIkFjY291bnRUeXBlIjo4ODgsIk9yZ0lkIjoxMzAwMDAwMDAwMTAxLCJPcmdOYW1lIjoi5aSn5ZCN56eR5oqAIiwiT3JnVHlwZSI6IjEwMSIsImlhdCI6MTcxNDMxNDIyNywibmJmIjoxNzE0MzE0MjI3LCJleHAiOjE3MTQ5MTkwMjcsImlzcyI6Imd1eGluLmxpbmsiLCJhdWQiOiJndXhpbi5saW5rIn0.oaaOqB__UFfH9mt6Mx86-tKH8t2ByHlAFaTEAW15Xgk
      ┣ Content-Type：              application/x-www-form-urlencoded
      ┣ Origin：                    http://localhost:5005
      ┣ Referer：                   http://localhost:5005/index.html
      ┣ Content-Length：            0
      ┣ sec-ch-ua：                 "Chromium";v="124", "Google Chrome";v="124", "Not-A.Brand";v="99"
      ┣ sec-ch-ua-mobile：          ?0
      ┣ sec-ch-ua-platform：        "Windows"
      ┣ Sec-Fetch-Site：            same-origin
      ┣ Sec-Fetch-Mode：            cors
      ┣ Sec-Fetch-Dest：            empty
      ┣ ━━━━━━━━━━━━━━━  返回信息 ━━━━━━━━━━━━━━━
      ┣ HTTP响应状态码：            200
      ┣ 原始类型：                  System.Int32
      ┣ 最终类型：                  System.Int32
      ┣ 最终返回值：                401
      ┗━━━━━━━━━━━  Logging Monitor ━━━━━━━━━━━
info: 2024-05-21 21:52:53.8104691 +08:00 星期二 L System.Logging.LoggingMonitor[0] #28 '00-b47c6b2f5d6f19c1de981e91a083acae-b41ffd37dc1fc6da-00'
      [System.Private.CoreLib.dll] void System.Runtime.CompilerServices.AsyncTaskMethodBuilder<TResult>+AsyncStateMachineBox<TStateMachine>.MoveNext(Thread threadPoolThread)
      ┏━━━━━━━━━━━  Logging Monitor ━━━━━━━━━━━
      ┣ Admin.NET.Core.JuAI.Service.AIDrawing.DrawingImageService.GetRecommend
      ┣ 
      ┣ 控制器名称：                         DrawingImageService
      ┣ 操作名称：                           GetRecommend
      ┣ 显示名称：                           
      ┣ 路由信息：                           [area]: ; [controller]: drawingImage; [action]: recommend
      ┣ 请求方式：                           GET
      ┣ 请求地址：                           http://localhost:5005/app/api/DrawingImage/Recommend/dalle
      ┣ 来源地址：                           http://localhost:9527/
      ┣ 请求端源：                           client
      ┣ 浏览器标识：                         Mozilla/5.0 (Windows NT 10.0; Win64; x64) AppleWebKit/537.36 (KHTML, like Gecko) Chrome/124.0.0.0 Safari/537.36
      ┣ 客户端区域语言：                     zh-CN,zh;q=0.9
      ┣ 客户端 IP 地址：                     127.0.0.1
      ┣ 服务端 IP 地址：                     127.0.0.1
      ┣ 客户端连接 ID：                      00-b47c6b2f5d6f19c1de981e91a083acae-b41ffd37dc1fc6da-00
      ┣ 服务线程 ID：                        #28
      ┣ 执行耗时：                           73ms
      ┣ ━━━━━━━━━━━━━━━  Cookies ━━━━━━━━━━━━━━━
      ┣ 请求端：                             
      ┣ 响应端：                             
      ┣ ━━━━━━━━━━━━━━━  系统信息 ━━━━━━━━━━━━━━━
      ┣ 系统名称：                           Microsoft Windows 10.0.19045
      ┣ 系统架构：                           X64
      ┣ 基础框架：                           Furion.Pure v1.0.0.0
      ┣ .NET 架构：                          .NET 8.0.0
      ┣ ━━━━━━━━━━━━━━━  启动信息 ━━━━━━━━━━━━━━━
      ┣ 运行环境：                           Development
      ┣ 启动程序集：                         Admin.NET.Web.Entry
      ┣ 进程名称：                           Admin.NET.Web.Entry
      ┣ 托管程序：                           Kestrel
      ┣ ━━━━━━━━━━━━━━━  请求头信息 ━━━━━━━━━━━━━━━
      ┣ 
      ┣ Accept：                             application/json, text/plain, */*
      ┣ Connection：                         keep-alive
      ┣ Host：                               localhost:5005
      ┣ User-Agent：                         Mozilla/5.0 (Windows NT 10.0; Win64; x64) AppleWebKit/537.36 (KHTML, like Gecko) Chrome/124.0.0.0 Safari/537.36
      ┣ Accept-Encoding：                    gzip, deflate, br, zstd
      ┣ Accept-Language：                    zh-CN,zh;q=0.9
      ┣ Authorization：                      Bearer eyJhbGciOiJIUzI1NiIsInR5cCI6IkpXVCJ9.eyJVc2VySWQiOjE0MjEzNDI2MzI3ODc3LCJUZW5hbnRJZCI6MTMwMDAwMDAwMDAwMSwiQWNjb3VudCI6IjE4NjAwNzY2MDQ1IiwiTmlja05hbWUiOiLmgKrlhb3mnaXkuoYiLCJBY2NvdW50VHlwZSI6Nzc3LCJleHAiOjE3MTY3MzI3MDMsIm5iZiI6MTcxNjEyNzkwMywiaWF0IjoxNzE2MTI3OTAzLCJpc3MiOiJndXhpbi5saW5rIiwiYXVkIjoiZ3V4aW4ubGluayJ9.E5LD5xGmUwcB7tVU6SZ-2i4_Eg-xy1joE2Wz0IPNMJ0
      ┣ Cache-Control：                      no-cache
      ┣ Origin：                             http://localhost:9527
      ┣ Pragma：                             no-cache
      ┣ Referer：                            http://localhost:9527/
      ┣ sec-ch-ua：                          "Chromium";v="124", "Google Chrome";v="124", "Not-A.Brand";v="99"
      ┣ DNT：                                1
      ┣ sec-ch-ua-mobile：                   ?0
      ┣ X-Authorization：                    Bearer eyJhbGciOiJIUzI1NiIsInR5cCI6IkpXVCJ9.eyJmIjoiZXlKaGJHY2lPaUpJVXpJMU5pSXNJblI1Y0NJNklrcFhWQ0o5IiwiZSI6IkU1TEQ1eEdtVXdjQjd0VlU2U1otMmk0X0VnLXh5MWpvRTJXejBJUE5NSjAiLCJzIjo3OSwibCI6MywiayI6IjZJaiIsImlhdCI6MTcxNjEyNzkwMywibmJmIjoxNzE2MTI3OTAzLCJleHAiOjE3MTczMzc1MDMsImlzcyI6Imd1eGluLmxpbmsiLCJhdWQiOiJndXhpbi5saW5rIn0.VCasbsEh70gJEMSsMBs6_8Yj3ofR902O-JmGvOnK4BE
      ┣ X-Request-Id：                       5qZ6c9Be7wKN_bX7fuISv
      ┣ sec-ch-ua-platform：                 "Windows"
      ┣ Sec-Fetch-Site：                     same-site
      ┣ Sec-Fetch-Mode：                     cors
      ┣ Sec-Fetch-Dest：                     empty
      ┣ ━━━━━━━━━━━━━━━  参数列表 ━━━━━━━━━━━━━━━
      ┣ Content-Type：                       
      ┣ 
      ┣ imageType (DrawingTypeEnum)：        0
      ┣ minDate (Nullable`1)：               
      ┣ ━━━━━━━━━━━━━━━  返回信息 ━━━━━━━━━━━━━━━
      ┣ HTTP响应状态码：                     200
      ┣ 原始类型：                           System.Threading.Tasks.Task<System.Collections.Generic.IList<Admin.NET.Core.JuAI.Service.ChatgptImageRes>>
      ┣ 最终类型：                           Admin.NET.Core.AdminResult<System.Object>
      ┣ 最终返回值：                         {"code":200,"type":"success","message":"","result":[{"id":"31325892048453","prompt":"日本街道，夜晚，霓虹灯，酒屋，美女，（厚漆风格：1.3），（广角镜头：1.4），（最佳照明），4K Unity，（超详细CG：1.2）， (8K: 1.2)，辛烷值渲染","promptEn":"Japanese streets, night, neon lights, sake bars, beautiful women, (thick lacquer style: 1.3), (wide-angle lens: 1.4), (optimal lighting), 4K Unity, (super detailed CG: 1.2), (8K: 1.2), octane rendering.","ossUrl":"http://filetest.guxin.link/YiShuZi_Image/31325892087877.jpg","executionStatus":0,"drawingType":0,"creat
      ┗━━━━━━━━━━━  Logging Monitor ━━━━━━━━━━━
info: 2024-05-21 21:52:54.1814487 +08:00 星期二 L System.Logging.LoggingMonitor[0] #25 '00-b5a89274d536cc15b286ad85945ed9ae-a3ab707c1c5dc0f0-00'
      [System.Private.CoreLib.dll] void System.Runtime.CompilerServices.AsyncTaskMethodBuilder<TResult>+AsyncStateMachineBox<TStateMachine>.MoveNext(Thread threadPoolThread)
      ┏━━━━━━━━━━━  Logging Monitor ━━━━━━━━━━━
      ┣ Admin.NET.Core.JuAI.Service.AIDrawing.DrawingImageService.GetMyAll
      ┣ 
      ┣ 控制器名称：                     DrawingImageService
      ┣ 操作名称：                       GetMyAll
      ┣ 显示名称：                       
      ┣ 路由信息：                       [area]: ; [controller]: drawingImage; [action]: myAll
      ┣ 请求方式：                       GET
      ┣ 请求地址：                       http://localhost:5005/app/api/DrawingImage/MyALl?drawingType=dalle&minId=
      ┣ 来源地址：                       http://localhost:9527/
      ┣ 请求端源：                       client
      ┣ 浏览器标识：                     Mozilla/5.0 (Windows NT 10.0; Win64; x64) AppleWebKit/537.36 (KHTML, like Gecko) Chrome/124.0.0.0 Safari/537.36
      ┣ 客户端区域语言：                 zh-CN,zh;q=0.9
      ┣ 客户端 IP 地址：                 127.0.0.1
      ┣ 服务端 IP 地址：                 127.0.0.1
      ┣ 客户端连接 ID：                  00-b5a89274d536cc15b286ad85945ed9ae-a3ab707c1c5dc0f0-00
      ┣ 服务线程 ID：                    #25
      ┣ 执行耗时：                       68ms
      ┣ ━━━━━━━━━━━━━━━  Cookies ━━━━━━━━━━━━━━━
      ┣ 请求端：                         
      ┣ 响应端：                         
      ┣ ━━━━━━━━━━━━━━━  系统信息 ━━━━━━━━━━━━━━━
      ┣ 系统名称：                       Microsoft Windows 10.0.19045
      ┣ 系统架构：                       X64
      ┣ 基础框架：                       Furion.Pure v1.0.0.0
      ┣ .NET 架构：                      .NET 8.0.0
      ┣ ━━━━━━━━━━━━━━━  启动信息 ━━━━━━━━━━━━━━━
      ┣ 运行环境：                       Development
      ┣ 启动程序集：                     Admin.NET.Web.Entry
      ┣ 进程名称：                       Admin.NET.Web.Entry
      ┣ 托管程序：                       Kestrel
      ┣ ━━━━━━━━━━━━━━━  授权信息 ━━━━━━━━━━━━━━━
      ┣ JWT Token：                      Bearer eyJhbGciOiJIUzI1NiIsInR5cCI6IkpXVCJ9.eyJVc2VySWQiOjE0MjEzNDI2MzI3ODc3LCJUZW5hbnRJZCI6MTMwMDAwMDAwMDAwMSwiQWNjb3VudCI6IjE4NjAwNzY2MDQ1IiwiTmlja05hbWUiOiLmgKrlhb3mnaXkuoYiLCJBY2NvdW50VHlwZSI6Nzc3LCJleHAiOjE3MTY3MzI3MDMsIm5iZiI6MTcxNjEyNzkwMywiaWF0IjoxNzE2MTI3OTAzLCJpc3MiOiJndXhpbi5saW5rIiwiYXVkIjoiZ3V4aW4ubGluayJ9.E5LD5xGmUwcB7tVU6SZ-2i4_Eg-xy1joE2Wz0IPNMJ0
      ┣ 
      ┣ UserId (integer64)：             14213426327877
      ┣ TenantId (integer64)：           1300000000001
      ┣ Account (string)：               18600766045
      ┣ NickName (string)：              怪兽来了
      ┣ AccountType (integer32)：        777
      ┣ exp (integer64)：                1716732703 (2024-05-26 22:11:43:0000(+08:00) 星期日 L)
      ┣ nbf (integer64)：                1716127903 (2024-05-19 22:11:43:0000(+08:00) 星期日 L)
      ┣ iat (integer64)：                1716127903 (2024-05-19 22:11:43:0000(+08:00) 星期日 L)
      ┣ iss (string)：                   guxin.link
      ┣ aud (string)：                   guxin.link
      ┣ ━━━━━━━━━━━━━━━  请求头信息 ━━━━━━━━━━━━━━━
      ┣ 
      ┣ Accept：                         application/json, text/plain, */*
      ┣ Connection：                     keep-alive
      ┣ Host：                           localhost:5005
      ┣ User-Agent：                     Mozilla/5.0 (Windows NT 10.0; Win64; x64) AppleWebKit/537.36 (KHTML, like Gecko) Chrome/124.0.0.0 Safari/537.36
      ┣ Accept-Encoding：                gzip, deflate, br, zstd
      ┣ Accept-Language：                zh-CN,zh;q=0.9
      ┣ Authorization：                  Bearer eyJhbGciOiJIUzI1NiIsInR5cCI6IkpXVCJ9.eyJVc2VySWQiOjE0MjEzNDI2MzI3ODc3LCJUZW5hbnRJZCI6MTMwMDAwMDAwMDAwMSwiQWNjb3VudCI6IjE4NjAwNzY2MDQ1IiwiTmlja05hbWUiOiLmgKrlhb3mnaXkuoYiLCJBY2NvdW50VHlwZSI6Nzc3LCJleHAiOjE3MTY3MzI3MDMsIm5iZiI6MTcxNjEyNzkwMywiaWF0IjoxNzE2MTI3OTAzLCJpc3MiOiJndXhpbi5saW5rIiwiYXVkIjoiZ3V4aW4ubGluayJ9.E5LD5xGmUwcB7tVU6SZ-2i4_Eg-xy1joE2Wz0IPNMJ0
      ┣ Cache-Control：                  no-cache
      ┣ Origin：                         http://localhost:9527
      ┣ Pragma：                         no-cache
      ┣ Referer：                        http://localhost:9527/
      ┣ sec-ch-ua：                      "Chromium";v="124", "Google Chrome";v="124", "Not-A.Brand";v="99"
      ┣ DNT：                            1
      ┣ sec-ch-ua-mobile：               ?0
      ┣ X-Authorization：                Bearer eyJhbGciOiJIUzI1NiIsInR5cCI6IkpXVCJ9.eyJmIjoiZXlKaGJHY2lPaUpJVXpJMU5pSXNJblI1Y0NJNklrcFhWQ0o5IiwiZSI6IkU1TEQ1eEdtVXdjQjd0VlU2U1otMmk0X0VnLXh5MWpvRTJXejBJUE5NSjAiLCJzIjo3OSwibCI6MywiayI6IjZJaiIsImlhdCI6MTcxNjEyNzkwMywibmJmIjoxNzE2MTI3OTAzLCJleHAiOjE3MTczMzc1MDMsImlzcyI6Imd1eGluLmxpbmsiLCJhdWQiOiJndXhpbi5saW5rIn0.VCasbsEh70gJEMSsMBs6_8Yj3ofR902O-JmGvOnK4BE
      ┣ X-Request-Id：                   6qmo3nZgWmXOoGNP5uls8
      ┣ sec-ch-ua-platform：             "Windows"
      ┣ Sec-Fetch-Site：                 same-site
      ┣ Sec-Fetch-Mode：                 cors
      ┣ Sec-Fetch-Dest：                 empty
      ┣ ━━━━━━━━━━━━━━━  参数列表 ━━━━━━━━━━━━━━━
      ┣ Content-Type：                   
      ┣ 
      ┣ imageType (Nullable`1)：         
      ┣ minId (Nullable`1)：             
      ┣ ━━━━━━━━━━━━━━━  返回信息 ━━━━━━━━━━━━━━━
      ┣ HTTP响应状态码：                 200
      ┣ 原始类型：                       System.Threading.Tasks.Task<System.Collections.Generic.IList<Admin.NET.Core.JuAI.Service.ChatgptImageRes>>
      ┣ 最终类型：                       Admin.NET.Core.AdminResult<System.Object>
      ┣ 最终返回值：                     {"code":200,"type":"success","message":"","result":[{"id":"34338243592517","prompt":"一个亚洲婴儿。","promptEn":"An Asian baby.","ossUrl":"https://oss.juai.link/juai.test/drawing/34338391313221.aaf","executionStatus":1,"drawingType":0,"createUserId":"14213426327877"},{"id":"34229284909125","prompt":"一个亚洲婴儿在妈妈的怀里安静的入睡。","promptEn":"A baby in Asia falls asleep peacefully in their mother's arms.","ossUrl":"http://filetest.guxin.link/YiShuZi_Image/31325892087877.jpg","executionStatus":1,"drawingType":0,"cr
      ┗━━━━━━━━━━━  Logging Monitor ━━━━━━━━━━━
info: 2024-05-21 21:56:53.3700463 +08:00 星期二 L System.Logging.TaskQueueService[0] #1
      [Furion.Pure.dll] async Task Furion.TaskQueue.TaskQueueHostedService.ExecuteAsync(CancellationToken stoppingToken)
      TaskQueue hosted service is running.
info: 2024-05-21 21:56:53.4313623 +08:00 星期二 L System.Logging.ScheduleService[0] #1
      [Furion.Pure.dll] void Furion.Schedule.ScheduleLogger.LogInformation(string message, params object[] args)
      Schedule hosted service is running.
info: 2024-05-21 21:56:53.4364381 +08:00 星期二 L System.Logging.ScheduleService[0] #1
      [Furion.Pure.dll] void Furion.Schedule.ScheduleLogger.LogInformation(string message, params object[] args)
      Schedule hosted service is preloading...
info: 2024-05-21 21:56:54.1909158 +08:00 星期二 L System.Logging.ScheduleService[0] #1
      [Furion.Pure.dll] void Furion.Schedule.ScheduleLogger.LogInformation(string message, params object[] args)
      The <trigger_log> trigger for scheduler of <job_log> successfully appended and updated to the schedule.
info: 2024-05-21 21:56:54.2311070 +08:00 星期二 L System.Logging.ScheduleService[0] #1
      [Furion.Pure.dll] void Furion.Schedule.ScheduleLogger.LogInformation(string message, params object[] args)
      The scheduler of <job_log> successfully appended and updated to the schedule.
info: 2024-05-21 21:56:54.2574188 +08:00 星期二 L System.Logging.ScheduleService[0] #1
      [Furion.Pure.dll] void Furion.Schedule.ScheduleLogger.LogInformation(string message, params object[] args)
      The <trigger_onlineUser> trigger for scheduler of <job_onlineUser> successfully appended and updated to the schedule.
info: 2024-05-21 21:56:54.2929396 +08:00 星期二 L System.Logging.ScheduleService[0] #1
      [Furion.Pure.dll] void Furion.Schedule.ScheduleLogger.LogInformation(string message, params object[] args)
      The scheduler of <job_onlineUser> successfully appended and updated to the schedule.
info: 2024-05-21 21:56:54.3195476 +08:00 星期二 L System.Logging.ScheduleService[0] #1
      [Furion.Pure.dll] void Furion.Schedule.ScheduleLogger.LogInformation(string message, params object[] args)
      The <trigger_ossAsync> trigger for scheduler of <job_ossAsync> successfully appended and updated to the schedule.
info: 2024-05-21 21:56:54.3237551 +08:00 星期二 L System.Logging.ScheduleService[0] #1
      [Furion.Pure.dll] void Furion.Schedule.ScheduleLogger.LogInformation(string message, params object[] args)
      The scheduler of <job_ossAsync> successfully appended and updated to the schedule.
info: 2024-05-21 21:56:59.7109521 +08:00 星期二 L System.Logging.LoggingMonitor[0] #7 '00-2a213c1d506e8826ad2120fb7165c31a-c75bc5c8f6ec6e90-00'
      [System.Private.CoreLib.dll] void System.Runtime.CompilerServices.AsyncMethodBuilderCore.Start<TStateMachine>(ref TStateMachine stateMachine)
      ┏━━━━━━━━━━━  Logging Monitor ━━━━━━━━━━━
      ┣ Admin.NET.Core.Service.SysAuthService.SwaggerCheckUrl
      ┣ 
      ┣ 控制器名称：                SysAuthService
      ┣ 操作名称：                  SwaggerCheckUrl
      ┣ 显示名称：                  Swagger登录检查
      ┣ 路由信息：                  [area]: ; [controller]: sysAuth; [action]: swaggerCheckUrl
      ┣ 请求方式：                  POST
      ┣ 请求地址：                  http://localhost:5005/swagger/checkUrl
      ┣ 来源地址：                  http://localhost:5005/index.html
      ┣ 请求端源：                  client
      ┣ 浏览器标识：                Mozilla/5.0 (Windows NT 10.0; Win64; x64) AppleWebKit/537.36 (KHTML, like Gecko) Chrome/124.0.0.0 Safari/537.36
      ┣ 客户端区域语言：            zh-CN,zh;q=0.9
      ┣ 客户端 IP 地址：            127.0.0.1
      ┣ 服务端 IP 地址：            127.0.0.1
      ┣ 客户端连接 ID：             00-2a213c1d506e8826ad2120fb7165c31a-c75bc5c8f6ec6e90-00
      ┣ 服务线程 ID：               #7
      ┣ 执行耗时：                  10ms
      ┣ ━━━━━━━━━━━━━━━  Cookies ━━━━━━━━━━━━━━━
      ┣ 请求端：                    
      ┣ 响应端：                    
      ┣ ━━━━━━━━━━━━━━━  系统信息 ━━━━━━━━━━━━━━━
      ┣ 系统名称：                  Microsoft Windows 10.0.19045
      ┣ 系统架构：                  X64
      ┣ 基础框架：                  Furion.Pure v1.0.0.0
      ┣ .NET 架构：                 .NET 8.0.0
      ┣ ━━━━━━━━━━━━━━━  启动信息 ━━━━━━━━━━━━━━━
      ┣ 运行环境：                  Development
      ┣ 启动程序集：                Admin.NET.Web.Entry
      ┣ 进程名称：                  Admin.NET.Web.Entry
      ┣ 托管程序：                  Kestrel
      ┣ ━━━━━━━━━━━━━━━  请求头信息 ━━━━━━━━━━━━━━━
      ┣ 
      ┣ Accept：                    */*
      ┣ Connection：                keep-alive
      ┣ Host：                      localhost:5005
      ┣ User-Agent：                Mozilla/5.0 (Windows NT 10.0; Win64; x64) AppleWebKit/537.36 (KHTML, like Gecko) Chrome/124.0.0.0 Safari/537.36
      ┣ Accept-Encoding：           gzip, deflate, br, zstd
      ┣ Accept-Language：           zh-CN,zh;q=0.9
      ┣ Authorization：             Bearer eyJhbGciOiJIUzI1NiIsInR5cCI6IkpXVCJ9.eyJVc2VySWQiOjEzMDAwMDAwMDAxMTEsIlRlbmFudElkIjoxMzAwMDAwMDAwMDAxLCJBY2NvdW50IjoiYWRtaW4iLCJSZWFsTmFtZSI6Iuezu-e7n-euoeeQhuWRmCIsIkFjY291bnRUeXBlIjo4ODgsIk9yZ0lkIjoxMzAwMDAwMDAwMTAxLCJPcmdOYW1lIjoi5aSn5ZCN56eR5oqAIiwiT3JnVHlwZSI6IjEwMSIsImlhdCI6MTcxNDMxNDIyNywibmJmIjoxNzE0MzE0MjI3LCJleHAiOjE3MTQ5MTkwMjcsImlzcyI6Imd1eGluLmxpbmsiLCJhdWQiOiJndXhpbi5saW5rIn0.oaaOqB__UFfH9mt6Mx86-tKH8t2ByHlAFaTEAW15Xgk
      ┣ Content-Type：              application/x-www-form-urlencoded
      ┣ Origin：                    http://localhost:5005
      ┣ Referer：                   http://localhost:5005/index.html
      ┣ Content-Length：            0
      ┣ sec-ch-ua：                 "Chromium";v="124", "Google Chrome";v="124", "Not-A.Brand";v="99"
      ┣ sec-ch-ua-mobile：          ?0
      ┣ sec-ch-ua-platform：        "Windows"
      ┣ Sec-Fetch-Site：            same-origin
      ┣ Sec-Fetch-Mode：            cors
      ┣ Sec-Fetch-Dest：            empty
      ┣ ━━━━━━━━━━━━━━━  返回信息 ━━━━━━━━━━━━━━━
      ┣ HTTP响应状态码：            200
      ┣ 原始类型：                  System.Int32
      ┣ 最终类型：                  System.Int32
      ┣ 最终返回值：                401
      ┗━━━━━━━━━━━  Logging Monitor ━━━━━━━━━━━
info: 2024-05-21 21:57:30.7793680 +08:00 星期二 L System.Net.Http.HttpClient.IOpenAIService.LogicalHandler[100] #7 '00-880079eee0e6e3913709d5c9485fb092-0c2516ece6d74ff6-00'
      [Microsoft.Extensions.Http.dll] async Task<HttpResponseMessage> Microsoft.Extensions.Http.Logging.LoggingScopeHttpMessageHandler.SendCoreAsync(HttpRequestMessage request, bool useAsync, CancellationToken cancellationToken)+Core(?)
      Start processing HTTP request POST http://3.96.174.56:3003/v1/chat/completions
info: 2024-05-21 21:57:30.8256380 +08:00 星期二 L System.Net.Http.HttpClient.IOpenAIService.ClientHandler[100] #7 '00-880079eee0e6e3913709d5c9485fb092-0c2516ece6d74ff6-00'
      [Microsoft.Extensions.Http.dll] async Task<HttpResponseMessage> Microsoft.Extensions.Http.Logging.LoggingHttpMessageHandler.SendCoreAsync(HttpRequestMessage request, bool useAsync, CancellationToken cancellationToken)+Core(?)
      Sending HTTP request POST http://3.96.174.56:3003/v1/chat/completions
info: 2024-05-21 21:57:32.9778996 +08:00 星期二 L System.Net.Http.HttpClient.IOpenAIService.ClientHandler[101] #22 '00-880079eee0e6e3913709d5c9485fb092-0c2516ece6d74ff6-00'
      [Microsoft.Extensions.Http.dll] void Microsoft.Extensions.Http.Logging.LoggingHttpMessageHandler+Log.RequestEnd(ILogger logger, HttpResponseMessage response, TimeSpan duration, Func<string, bool> shouldRedactHeaderValue)
      Received HTTP response headers after 2108.5472ms - 200
info: 2024-05-21 21:57:32.9962930 +08:00 星期二 L System.Net.Http.HttpClient.IOpenAIService.LogicalHandler[101] #22 '00-880079eee0e6e3913709d5c9485fb092-0c2516ece6d74ff6-00'
      [Microsoft.Extensions.Http.dll] void Microsoft.Extensions.Http.Logging.LoggingScopeHttpMessageHandler+Log.RequestPipelineEnd(ILogger logger, HttpResponseMessage response, TimeSpan duration, Func<string, bool> shouldRedactHeaderValue)
      End processing HTTP request after 2220.232ms - 200
info: 2024-05-21 21:57:33.4529227 +08:00 星期二 L System.Net.Http.HttpClient.IOpenAIService.LogicalHandler[100] #22 '00-880079eee0e6e3913709d5c9485fb092-0c2516ece6d74ff6-00'
      [Microsoft.Extensions.Http.dll] async Task<HttpResponseMessage> Microsoft.Extensions.Http.Logging.LoggingScopeHttpMessageHandler.SendCoreAsync(HttpRequestMessage request, bool useAsync, CancellationToken cancellationToken)+Core(?)
      Start processing HTTP request POST http://3.96.174.56:3003/v1/images/generations
info: 2024-05-21 21:57:33.5317042 +08:00 星期二 L System.Net.Http.HttpClient.IOpenAIService.ClientHandler[100] #22 '00-880079eee0e6e3913709d5c9485fb092-0c2516ece6d74ff6-00'
      [Microsoft.Extensions.Http.dll] async Task<HttpResponseMessage> Microsoft.Extensions.Http.Logging.LoggingHttpMessageHandler.SendCoreAsync(HttpRequestMessage request, bool useAsync, CancellationToken cancellationToken)+Core(?)
      Sending HTTP request POST http://3.96.174.56:3003/v1/images/generations
info: 2024-05-21 21:57:45.2878108 +08:00 星期二 L System.Net.Http.HttpClient.IOpenAIService.ClientHandler[101] #9 '00-880079eee0e6e3913709d5c9485fb092-0c2516ece6d74ff6-00'
      [Microsoft.Extensions.Http.dll] void Microsoft.Extensions.Http.Logging.LoggingHttpMessageHandler+Log.RequestEnd(ILogger logger, HttpResponseMessage response, TimeSpan duration, Func<string, bool> shouldRedactHeaderValue)
      Received HTTP response headers after 11684.1464ms - 200
info: 2024-05-21 21:57:45.3028930 +08:00 星期二 L System.Net.Http.HttpClient.IOpenAIService.LogicalHandler[101] #9 '00-880079eee0e6e3913709d5c9485fb092-0c2516ece6d74ff6-00'
      [Microsoft.Extensions.Http.dll] void Microsoft.Extensions.Http.Logging.LoggingScopeHttpMessageHandler+Log.RequestPipelineEnd(ILogger logger, HttpResponseMessage response, TimeSpan duration, Func<string, bool> shouldRedactHeaderValue)
      End processing HTTP request after 11847.7193ms - 200
info: 2024-05-21 21:57:45.6952079 +08:00 星期二 L System.Logging.LoggingMonitor[0] #22 '00-880079eee0e6e3913709d5c9485fb092-0c2516ece6d74ff6-00'
      [System.Private.CoreLib.dll] void System.Runtime.CompilerServices.AsyncTaskMethodBuilder<TResult>+AsyncStateMachineBox<TStateMachine>.MoveNext(Thread threadPoolThread)
      ┏━━━━━━━━━━━  Logging Monitor ━━━━━━━━━━━
      ┣ Admin.NET.Core.JuAI.Service.DrawingOpenAIService.DrawingAsync
      ┣ 
      ┣ 控制器名称：                           DrawingOpenAIService
      ┣ 操作名称：                             DrawingAsync
      ┣ 显示名称：                             
      ┣ 路由信息：                             [area]: ; [controller]: drawingOpenAI; [action]: drawing
      ┣ 请求方式：                             POST
      ┣ 请求地址：                             http://localhost:5005/app/api/drawingOpenAI/drawing
      ┣ 来源地址：                             http://localhost:9527/
      ┣ 请求端源：                             client
      ┣ 浏览器标识：                           Mozilla/5.0 (Windows NT 10.0; Win64; x64) AppleWebKit/537.36 (KHTML, like Gecko) Chrome/124.0.0.0 Safari/537.36
      ┣ 客户端区域语言：                       zh-CN,zh;q=0.9
      ┣ 客户端 IP 地址：                       127.0.0.1
      ┣ 服务端 IP 地址：                       127.0.0.1
      ┣ 客户端连接 ID：                        00-880079eee0e6e3913709d5c9485fb092-0c2516ece6d74ff6-00
      ┣ 服务线程 ID：                          #7
      ┣ 执行耗时：                             15005ms
      ┣ ━━━━━━━━━━━━━━━  Cookies ━━━━━━━━━━━━━━━
      ┣ 请求端：                               
      ┣ 响应端：                               
      ┣ ━━━━━━━━━━━━━━━  系统信息 ━━━━━━━━━━━━━━━
      ┣ 系统名称：                             Microsoft Windows 10.0.19045
      ┣ 系统架构：                             X64
      ┣ 基础框架：                             Furion.Pure v1.0.0.0
      ┣ .NET 架构：                            .NET 8.0.0
      ┣ ━━━━━━━━━━━━━━━  启动信息 ━━━━━━━━━━━━━━━
      ┣ 运行环境：                             Development
      ┣ 启动程序集：                           Admin.NET.Web.Entry
      ┣ 进程名称：                             Admin.NET.Web.Entry
      ┣ 托管程序：                             Kestrel
      ┣ ━━━━━━━━━━━━━━━  授权信息 ━━━━━━━━━━━━━━━
      ┣ JWT Token：                            Bearer eyJhbGciOiJIUzI1NiIsInR5cCI6IkpXVCJ9.eyJVc2VySWQiOjE0MjEzNDI2MzI3ODc3LCJUZW5hbnRJZCI6MTMwMDAwMDAwMDAwMSwiQWNjb3VudCI6IjE4NjAwNzY2MDQ1IiwiTmlja05hbWUiOiLmgKrlhb3mnaXkuoYiLCJBY2NvdW50VHlwZSI6Nzc3LCJleHAiOjE3MTY3MzI3MDMsIm5iZiI6MTcxNjEyNzkwMywiaWF0IjoxNzE2MTI3OTAzLCJpc3MiOiJndXhpbi5saW5rIiwiYXVkIjoiZ3V4aW4ubGluayJ9.E5LD5xGmUwcB7tVU6SZ-2i4_Eg-xy1joE2Wz0IPNMJ0
      ┣ 
      ┣ UserId (integer64)：                   14213426327877
      ┣ TenantId (integer64)：                 1300000000001
      ┣ Account (string)：                     18600766045
      ┣ NickName (string)：                    怪兽来了
      ┣ AccountType (integer32)：              777
      ┣ exp (integer64)：                      1716732703 (2024-05-26 22:11:43:0000(+08:00) 星期日 L)
      ┣ nbf (integer64)：                      1716127903 (2024-05-19 22:11:43:0000(+08:00) 星期日 L)
      ┣ iat (integer64)：                      1716127903 (2024-05-19 22:11:43:0000(+08:00) 星期日 L)
      ┣ iss (string)：                         guxin.link
      ┣ aud (string)：                         guxin.link
      ┣ ━━━━━━━━━━━━━━━  请求头信息 ━━━━━━━━━━━━━━━
      ┣ 
      ┣ Accept：                               application/json, text/plain, */*
      ┣ Connection：                           keep-alive
      ┣ Host：                                 localhost:5005
      ┣ User-Agent：                           Mozilla/5.0 (Windows NT 10.0; Win64; x64) AppleWebKit/537.36 (KHTML, like Gecko) Chrome/124.0.0.0 Safari/537.36
      ┣ Accept-Encoding：                      gzip, deflate, br, zstd
      ┣ Accept-Language：                      zh-CN,zh;q=0.9
      ┣ Authorization：                        Bearer eyJhbGciOiJIUzI1NiIsInR5cCI6IkpXVCJ9.eyJVc2VySWQiOjE0MjEzNDI2MzI3ODc3LCJUZW5hbnRJZCI6MTMwMDAwMDAwMDAwMSwiQWNjb3VudCI6IjE4NjAwNzY2MDQ1IiwiTmlja05hbWUiOiLmgKrlhb3mnaXkuoYiLCJBY2NvdW50VHlwZSI6Nzc3LCJleHAiOjE3MTY3MzI3MDMsIm5iZiI6MTcxNjEyNzkwMywiaWF0IjoxNzE2MTI3OTAzLCJpc3MiOiJndXhpbi5saW5rIiwiYXVkIjoiZ3V4aW4ubGluayJ9.E5LD5xGmUwcB7tVU6SZ-2i4_Eg-xy1joE2Wz0IPNMJ0
      ┣ Cache-Control：                        no-cache
      ┣ Content-Type：                         application/json
      ┣ Origin：                               http://localhost:9527
      ┣ Pragma：                               no-cache
      ┣ Referer：                              http://localhost:9527/
      ┣ Content-Length：                       146
      ┣ sec-ch-ua：                            "Chromium";v="124", "Google Chrome";v="124", "Not-A.Brand";v="99"
      ┣ DNT：                                  1
      ┣ sec-ch-ua-mobile：                     ?0
      ┣ X-Authorization：                      Bearer eyJhbGciOiJIUzI1NiIsInR5cCI6IkpXVCJ9.eyJmIjoiZXlKaGJHY2lPaUpJVXpJMU5pSXNJblI1Y0NJNklrcFhWQ0o5IiwiZSI6IkU1TEQ1eEdtVXdjQjd0VlU2U1otMmk0X0VnLXh5MWpvRTJXejBJUE5NSjAiLCJzIjo3OSwibCI6MywiayI6IjZJaiIsImlhdCI6MTcxNjEyNzkwMywibmJmIjoxNzE2MTI3OTAzLCJleHAiOjE3MTczMzc1MDMsImlzcyI6Imd1eGluLmxpbmsiLCJhdWQiOiJndXhpbi5saW5rIn0.VCasbsEh70gJEMSsMBs6_8Yj3ofR902O-JmGvOnK4BE
      ┣ X-Request-Id：                         6I0LbiCgAuaZFD4fdiRJ_
      ┣ sec-ch-ua-platform：                   "Windows"
      ┣ Sec-Fetch-Site：                       same-site
      ┣ Sec-Fetch-Mode：                       cors
      ┣ Sec-Fetch-Dest：                       empty
      ┣ ━━━━━━━━━━━━━━━  参数列表 ━━━━━━━━━━━━━━━
      ┣ Content-Type：                         application/json
      ┣ 
      ┣ drawingReq (DrawingOpenAiReq)：        {"id":null,"isOpt":false,"drawingType":null,"prompt":"横幅，关于宠物，宠物医疗，高质量，极简主义，扁平设计，Dribbble和Behance上热门。","quality":null,"style":null,"n":null,"size":"1024x1024","responseFormat":"url","user":"Designer","model":"dall-e-3"}
      ┣ ━━━━━━━━━━━━━━━  返回信息 ━━━━━━━━━━━━━━━
      ┣ HTTP响应状态码：                       200
      ┣ 原始类型：                             System.Threading.Tasks.Task<Admin.NET.Core.JuAI.Service.ChatgptImageDetailRes>
      ┣ 最终类型：                             Admin.NET.Core.AdminResult<System.Object>
      ┣ 最终返回值：                           {"code":200,"type":"success","message":"","result":{"txt":null,"controlImage":null,"id":"34338470711621","prompt":"banner,about pet,pet medical,high quality, minimalism,flat design,trending on Dribbble, Behance","promptEn":"横幅，关于宠物，宠物医疗，高质量，极简主义，扁平设计，Dribbble和Behance上热门。","ossUrl":null,"executionStatus":0,"drawingType":0,"createUserId":"14213426327877"},"extras":null,"time":"2024-05-21T21:57:45.6802605+08:00"}
      ┗━━━━━━━━━━━  Logging Monitor ━━━━━━━━━━━
info: 2024-05-21 21:58:05.8929071 +08:00 星期二 L System.Logging.LoggingMonitor[0] #22 '00-1057704308299c3223767bc8aa430054-11bc415ad7d86319-00'
      [System.Private.CoreLib.dll] void System.Runtime.CompilerServices.AsyncTaskMethodBuilder<TResult>+AsyncStateMachineBox<TStateMachine>.MoveNext(Thread threadPoolThread)
      ┏━━━━━━━━━━━  Logging Monitor ━━━━━━━━━━━
      ┣ Admin.NET.Core.JuAI.Service.AIDrawing.DrawingImageService.GetRecommend
      ┣ 
      ┣ 控制器名称：                         DrawingImageService
      ┣ 操作名称：                           GetRecommend
      ┣ 显示名称：                           
      ┣ 路由信息：                           [area]: ; [controller]: drawingImage; [action]: recommend
      ┣ 请求方式：                           GET
      ┣ 请求地址：                           http://localhost:5005/app/api/DrawingImage/Recommend/dalle
      ┣ 来源地址：                           http://localhost:9527/
      ┣ 请求端源：                           client
      ┣ 浏览器标识：                         Mozilla/5.0 (Windows NT 10.0; Win64; x64) AppleWebKit/537.36 (KHTML, like Gecko) Chrome/124.0.0.0 Safari/537.36
      ┣ 客户端区域语言：                     zh-CN,zh;q=0.9
      ┣ 客户端 IP 地址：                     127.0.0.1
      ┣ 服务端 IP 地址：                     127.0.0.1
      ┣ 客户端连接 ID：                      00-1057704308299c3223767bc8aa430054-11bc415ad7d86319-00
      ┣ 服务线程 ID：                        #9
      ┣ 执行耗时：                           89ms
      ┣ ━━━━━━━━━━━━━━━  Cookies ━━━━━━━━━━━━━━━
      ┣ 请求端：                             
      ┣ 响应端：                             
      ┣ ━━━━━━━━━━━━━━━  系统信息 ━━━━━━━━━━━━━━━
      ┣ 系统名称：                           Microsoft Windows 10.0.19045
      ┣ 系统架构：                           X64
      ┣ 基础框架：                           Furion.Pure v1.0.0.0
      ┣ .NET 架构：                          .NET 8.0.0
      ┣ ━━━━━━━━━━━━━━━  启动信息 ━━━━━━━━━━━━━━━
      ┣ 运行环境：                           Development
      ┣ 启动程序集：                         Admin.NET.Web.Entry
      ┣ 进程名称：                           Admin.NET.Web.Entry
      ┣ 托管程序：                           Kestrel
      ┣ ━━━━━━━━━━━━━━━  请求头信息 ━━━━━━━━━━━━━━━
      ┣ 
      ┣ Accept：                             application/json, text/plain, */*
      ┣ Connection：                         keep-alive
      ┣ Host：                               localhost:5005
      ┣ User-Agent：                         Mozilla/5.0 (Windows NT 10.0; Win64; x64) AppleWebKit/537.36 (KHTML, like Gecko) Chrome/124.0.0.0 Safari/537.36
      ┣ Accept-Encoding：                    gzip, deflate, br, zstd
      ┣ Accept-Language：                    zh-CN,zh;q=0.9
      ┣ Authorization：                      Bearer eyJhbGciOiJIUzI1NiIsInR5cCI6IkpXVCJ9.eyJVc2VySWQiOjE0MjEzNDI2MzI3ODc3LCJUZW5hbnRJZCI6MTMwMDAwMDAwMDAwMSwiQWNjb3VudCI6IjE4NjAwNzY2MDQ1IiwiTmlja05hbWUiOiLmgKrlhb3mnaXkuoYiLCJBY2NvdW50VHlwZSI6Nzc3LCJleHAiOjE3MTY3MzI3MDMsIm5iZiI6MTcxNjEyNzkwMywiaWF0IjoxNzE2MTI3OTAzLCJpc3MiOiJndXhpbi5saW5rIiwiYXVkIjoiZ3V4aW4ubGluayJ9.E5LD5xGmUwcB7tVU6SZ-2i4_Eg-xy1joE2Wz0IPNMJ0
      ┣ Cache-Control：                      no-cache
      ┣ Origin：                             http://localhost:9527
      ┣ Pragma：                             no-cache
      ┣ Referer：                            http://localhost:9527/
      ┣ sec-ch-ua：                          "Chromium";v="124", "Google Chrome";v="124", "Not-A.Brand";v="99"
      ┣ DNT：                                1
      ┣ sec-ch-ua-mobile：                   ?0
      ┣ X-Authorization：                    Bearer eyJhbGciOiJIUzI1NiIsInR5cCI6IkpXVCJ9.eyJmIjoiZXlKaGJHY2lPaUpJVXpJMU5pSXNJblI1Y0NJNklrcFhWQ0o5IiwiZSI6IkU1TEQ1eEdtVXdjQjd0VlU2U1otMmk0X0VnLXh5MWpvRTJXejBJUE5NSjAiLCJzIjo3OSwibCI6MywiayI6IjZJaiIsImlhdCI6MTcxNjEyNzkwMywibmJmIjoxNzE2MTI3OTAzLCJleHAiOjE3MTczMzc1MDMsImlzcyI6Imd1eGluLmxpbmsiLCJhdWQiOiJndXhpbi5saW5rIn0.VCasbsEh70gJEMSsMBs6_8Yj3ofR902O-JmGvOnK4BE
      ┣ X-Request-Id：                       5Ye1bPgdimO5V5_Ut9-_t
      ┣ sec-ch-ua-platform：                 "Windows"
      ┣ Sec-Fetch-Site：                     same-site
      ┣ Sec-Fetch-Mode：                     cors
      ┣ Sec-Fetch-Dest：                     empty
      ┣ ━━━━━━━━━━━━━━━  参数列表 ━━━━━━━━━━━━━━━
      ┣ Content-Type：                       
      ┣ 
      ┣ imageType (DrawingTypeEnum)：        0
      ┣ minDate (Nullable`1)：               
      ┣ ━━━━━━━━━━━━━━━  返回信息 ━━━━━━━━━━━━━━━
      ┣ HTTP响应状态码：                     200
      ┣ 原始类型：                           System.Threading.Tasks.Task<System.Collections.Generic.IList<Admin.NET.Core.JuAI.Service.ChatgptImageRes>>
      ┣ 最终类型：                           Admin.NET.Core.AdminResult<System.Object>
      ┣ 最终返回值：                         {"code":200,"type":"success","message":"","result":[{"id":"31325892048453","prompt":"日本街道，夜晚，霓虹灯，酒屋，美女，（厚漆风格：1.3），（广角镜头：1.4），（最佳照明），4K Unity，（超详细CG：1.2）， (8K: 1.2)，辛烷值渲染","promptEn":"Japanese streets, night, neon lights, sake bars, beautiful women, (thick lacquer style: 1.3), (wide-angle lens: 1.4), (optimal lighting), 4K Unity, (super detailed CG: 1.2), (8K: 1.2), octane rendering.","ossUrl":"http://filetest.guxin.link/YiShuZi_Image/31325892087877.jpg","executionStatus":0,"drawingType":0,"creat
      ┗━━━━━━━━━━━  Logging Monitor ━━━━━━━━━━━
info: 2024-05-21 21:58:06.2100837 +08:00 星期二 L System.Logging.LoggingMonitor[0] #10 '00-512ee4a5328fdb59c5a619028fc0fc57-fa348c107becaf04-00'
      [System.Private.CoreLib.dll] void System.Runtime.CompilerServices.AsyncTaskMethodBuilder<TResult>+AsyncStateMachineBox<TStateMachine>.MoveNext(Thread threadPoolThread)
      ┏━━━━━━━━━━━  Logging Monitor ━━━━━━━━━━━
      ┣ Admin.NET.Core.JuAI.Service.AIDrawing.DrawingImageService.GetMyAll
      ┣ 
      ┣ 控制器名称：                     DrawingImageService
      ┣ 操作名称：                       GetMyAll
      ┣ 显示名称：                       
      ┣ 路由信息：                       [area]: ; [controller]: drawingImage; [action]: myAll
      ┣ 请求方式：                       GET
      ┣ 请求地址：                       http://localhost:5005/app/api/DrawingImage/MyALl?drawingType=dalle&minId=
      ┣ 来源地址：                       http://localhost:9527/
      ┣ 请求端源：                       client
      ┣ 浏览器标识：                     Mozilla/5.0 (Windows NT 10.0; Win64; x64) AppleWebKit/537.36 (KHTML, like Gecko) Chrome/124.0.0.0 Safari/537.36
      ┣ 客户端区域语言：                 zh-CN,zh;q=0.9
      ┣ 客户端 IP 地址：                 127.0.0.1
      ┣ 服务端 IP 地址：                 127.0.0.1
      ┣ 客户端连接 ID：                  00-512ee4a5328fdb59c5a619028fc0fc57-fa348c107becaf04-00
      ┣ 服务线程 ID：                    #10
      ┣ 执行耗时：                       57ms
      ┣ ━━━━━━━━━━━━━━━  Cookies ━━━━━━━━━━━━━━━
      ┣ 请求端：                         
      ┣ 响应端：                         
      ┣ ━━━━━━━━━━━━━━━  系统信息 ━━━━━━━━━━━━━━━
      ┣ 系统名称：                       Microsoft Windows 10.0.19045
      ┣ 系统架构：                       X64
      ┣ 基础框架：                       Furion.Pure v1.0.0.0
      ┣ .NET 架构：                      .NET 8.0.0
      ┣ ━━━━━━━━━━━━━━━  启动信息 ━━━━━━━━━━━━━━━
      ┣ 运行环境：                       Development
      ┣ 启动程序集：                     Admin.NET.Web.Entry
      ┣ 进程名称：                       Admin.NET.Web.Entry
      ┣ 托管程序：                       Kestrel
      ┣ ━━━━━━━━━━━━━━━  授权信息 ━━━━━━━━━━━━━━━
      ┣ JWT Token：                      Bearer eyJhbGciOiJIUzI1NiIsInR5cCI6IkpXVCJ9.eyJVc2VySWQiOjE0MjEzNDI2MzI3ODc3LCJUZW5hbnRJZCI6MTMwMDAwMDAwMDAwMSwiQWNjb3VudCI6IjE4NjAwNzY2MDQ1IiwiTmlja05hbWUiOiLmgKrlhb3mnaXkuoYiLCJBY2NvdW50VHlwZSI6Nzc3LCJleHAiOjE3MTY3MzI3MDMsIm5iZiI6MTcxNjEyNzkwMywiaWF0IjoxNzE2MTI3OTAzLCJpc3MiOiJndXhpbi5saW5rIiwiYXVkIjoiZ3V4aW4ubGluayJ9.E5LD5xGmUwcB7tVU6SZ-2i4_Eg-xy1joE2Wz0IPNMJ0
      ┣ 
      ┣ UserId (integer64)：             14213426327877
      ┣ TenantId (integer64)：           1300000000001
      ┣ Account (string)：               18600766045
      ┣ NickName (string)：              怪兽来了
      ┣ AccountType (integer32)：        777
      ┣ exp (integer64)：                1716732703 (2024-05-26 22:11:43:0000(+08:00) 星期日 L)
      ┣ nbf (integer64)：                1716127903 (2024-05-19 22:11:43:0000(+08:00) 星期日 L)
      ┣ iat (integer64)：                1716127903 (2024-05-19 22:11:43:0000(+08:00) 星期日 L)
      ┣ iss (string)：                   guxin.link
      ┣ aud (string)：                   guxin.link
      ┣ ━━━━━━━━━━━━━━━  请求头信息 ━━━━━━━━━━━━━━━
      ┣ 
      ┣ Accept：                         application/json, text/plain, */*
      ┣ Connection：                     keep-alive
      ┣ Host：                           localhost:5005
      ┣ User-Agent：                     Mozilla/5.0 (Windows NT 10.0; Win64; x64) AppleWebKit/537.36 (KHTML, like Gecko) Chrome/124.0.0.0 Safari/537.36
      ┣ Accept-Encoding：                gzip, deflate, br, zstd
      ┣ Accept-Language：                zh-CN,zh;q=0.9
      ┣ Authorization：                  Bearer eyJhbGciOiJIUzI1NiIsInR5cCI6IkpXVCJ9.eyJVc2VySWQiOjE0MjEzNDI2MzI3ODc3LCJUZW5hbnRJZCI6MTMwMDAwMDAwMDAwMSwiQWNjb3VudCI6IjE4NjAwNzY2MDQ1IiwiTmlja05hbWUiOiLmgKrlhb3mnaXkuoYiLCJBY2NvdW50VHlwZSI6Nzc3LCJleHAiOjE3MTY3MzI3MDMsIm5iZiI6MTcxNjEyNzkwMywiaWF0IjoxNzE2MTI3OTAzLCJpc3MiOiJndXhpbi5saW5rIiwiYXVkIjoiZ3V4aW4ubGluayJ9.E5LD5xGmUwcB7tVU6SZ-2i4_Eg-xy1joE2Wz0IPNMJ0
      ┣ Cache-Control：                  no-cache
      ┣ Origin：                         http://localhost:9527
      ┣ Pragma：                         no-cache
      ┣ Referer：                        http://localhost:9527/
      ┣ sec-ch-ua：                      "Chromium";v="124", "Google Chrome";v="124", "Not-A.Brand";v="99"
      ┣ DNT：                            1
      ┣ sec-ch-ua-mobile：               ?0
      ┣ X-Authorization：                Bearer eyJhbGciOiJIUzI1NiIsInR5cCI6IkpXVCJ9.eyJmIjoiZXlKaGJHY2lPaUpJVXpJMU5pSXNJblI1Y0NJNklrcFhWQ0o5IiwiZSI6IkU1TEQ1eEdtVXdjQjd0VlU2U1otMmk0X0VnLXh5MWpvRTJXejBJUE5NSjAiLCJzIjo3OSwibCI6MywiayI6IjZJaiIsImlhdCI6MTcxNjEyNzkwMywibmJmIjoxNzE2MTI3OTAzLCJleHAiOjE3MTczMzc1MDMsImlzcyI6Imd1eGluLmxpbmsiLCJhdWQiOiJndXhpbi5saW5rIn0.VCasbsEh70gJEMSsMBs6_8Yj3ofR902O-JmGvOnK4BE
      ┣ X-Request-Id：                   aQqUI6PiWCKwoW-PJCBQt
      ┣ sec-ch-ua-platform：             "Windows"
      ┣ Sec-Fetch-Site：                 same-site
      ┣ Sec-Fetch-Mode：                 cors
      ┣ Sec-Fetch-Dest：                 empty
      ┣ ━━━━━━━━━━━━━━━  参数列表 ━━━━━━━━━━━━━━━
      ┣ Content-Type：                   
      ┣ 
      ┣ imageType (Nullable`1)：         
      ┣ minId (Nullable`1)：             
      ┣ ━━━━━━━━━━━━━━━  返回信息 ━━━━━━━━━━━━━━━
      ┣ HTTP响应状态码：                 200
      ┣ 原始类型：                       System.Threading.Tasks.Task<System.Collections.Generic.IList<Admin.NET.Core.JuAI.Service.ChatgptImageRes>>
      ┣ 最终类型：                       Admin.NET.Core.AdminResult<System.Object>
      ┣ 最终返回值：                     {"code":200,"type":"success","message":"","result":[{"id":"34338470711621","prompt":"banner,about pet,pet medical,high quality, minimalism,flat design,trending on Dribbble, Behance","promptEn":"横幅，关于宠物，宠物医疗，高质量，极简主义，扁平设计，Dribbble和Behance上热门。","ossUrl":null,"executionStatus":0,"drawingType":0,"createUserId":"14213426327877"},{"id":"34338243592517","prompt":"一个亚洲婴儿。","promptEn":"An Asian baby.","ossUrl":"https://oss.juai.link/juai.test/drawing/34338391313221.aaf","executionStatus":1,"drawingType":
      ┗━━━━━━━━━━━  Logging Monitor ━━━━━━━━━━━
info: 2024-05-21 22:01:00.2553424 +08:00 星期二 L System.Net.Http.HttpClient.Default.LogicalHandler[100] #7
      [Microsoft.Extensions.Http.dll] async Task<HttpResponseMessage> Microsoft.Extensions.Http.Logging.LoggingScopeHttpMessageHandler.SendCoreAsync(HttpRequestMessage request, bool useAsync, CancellationToken cancellationToken)+Core(?)
      Start processing HTTP request POST https://oaidalleapiprodscus.blob.core.windows.net/private/org-jVmWXH4GArzEqkk7AHS1ylpK/user-QZFXa5hwMzChNULIWMZr36Hm/img-UUUEUKJLrsN7GW3eGglEqzJe.png?st=2024-05-21T12%3A57%3A44Z&se=2024-05-21T14%3A57%3A44Z&sp=r&sv=2021-08-06&sr=b&rscd=inline&rsct=image/png&skoid=6aaadede-4fb3-4698-a8f6-684d7786b067&sktid=a48cca56-e6da-484e-a814-9c849652bcb3&skt=2024-05-21T10%3A28%3A35Z&ske=2024-05-22T10%3A28%3A35Z&sks=b&skv=2021-08-06&sig=MAAxQtZKxOMkGVEQxlGpBnmLSYaInHx1WlAfQIM4n8c%3D
info: 2024-05-21 22:01:00.2647411 +08:00 星期二 L System.Net.Http.HttpClient.Default.ClientHandler[100] #7
      [Microsoft.Extensions.Http.dll] async Task<HttpResponseMessage> Microsoft.Extensions.Http.Logging.LoggingHttpMessageHandler.SendCoreAsync(HttpRequestMessage request, bool useAsync, CancellationToken cancellationToken)+Core(?)
      Sending HTTP request POST https://oaidalleapiprodscus.blob.core.windows.net/private/org-jVmWXH4GArzEqkk7AHS1ylpK/user-QZFXa5hwMzChNULIWMZr36Hm/img-UUUEUKJLrsN7GW3eGglEqzJe.png?st=2024-05-21T12%3A57%3A44Z&se=2024-05-21T14%3A57%3A44Z&sp=r&sv=2021-08-06&sr=b&rscd=inline&rsct=image/png&skoid=6aaadede-4fb3-4698-a8f6-684d7786b067&sktid=a48cca56-e6da-484e-a814-9c849652bcb3&skt=2024-05-21T10%3A28%3A35Z&ske=2024-05-22T10%3A28%3A35Z&sks=b&skv=2021-08-06&sig=MAAxQtZKxOMkGVEQxlGpBnmLSYaInHx1WlAfQIM4n8c%3D
info: 2024-05-21 22:01:01.7287402 +08:00 星期二 L System.Net.Http.HttpClient.Default.ClientHandler[101] #7
      [Microsoft.Extensions.Http.dll] void Microsoft.Extensions.Http.Logging.LoggingHttpMessageHandler+Log.RequestEnd(ILogger logger, HttpResponseMessage response, TimeSpan duration, Func<string, bool> shouldRedactHeaderValue)
      Received HTTP response headers after 1454.7246ms - 405
info: 2024-05-21 22:01:01.7519296 +08:00 星期二 L System.Net.Http.HttpClient.Default.LogicalHandler[101] #7
      [Microsoft.Extensions.Http.dll] void Microsoft.Extensions.Http.Logging.LoggingScopeHttpMessageHandler+Log.RequestPipelineEnd(ILogger logger, HttpResponseMessage response, TimeSpan duration, Func<string, bool> shouldRedactHeaderValue)
      End processing HTTP request after 1496.5745ms - 405
info: 2024-05-21 22:05:47.3636590 +08:00 星期二 L System.Net.Http.HttpClient.IOpenAIService.LogicalHandler[100] #3 '00-e3cdc6d334c010a92016b9e588fba1d8-4f89492658eedcc6-00'
      [Microsoft.Extensions.Http.dll] async Task<HttpResponseMessage> Microsoft.Extensions.Http.Logging.LoggingScopeHttpMessageHandler.SendCoreAsync(HttpRequestMessage request, bool useAsync, CancellationToken cancellationToken)+Core(?)
      Start processing HTTP request POST http://3.96.174.56:3003/v1/chat/completions
info: 2024-05-21 22:05:47.4173535 +08:00 星期二 L System.Net.Http.HttpClient.IOpenAIService.ClientHandler[100] #3 '00-e3cdc6d334c010a92016b9e588fba1d8-4f89492658eedcc6-00'
      [Microsoft.Extensions.Http.dll] async Task<HttpResponseMessage> Microsoft.Extensions.Http.Logging.LoggingHttpMessageHandler.SendCoreAsync(HttpRequestMessage request, bool useAsync, CancellationToken cancellationToken)+Core(?)
      Sending HTTP request POST http://3.96.174.56:3003/v1/chat/completions
info: 2024-05-21 22:05:48.7245167 +08:00 星期二 L System.Net.Http.HttpClient.IOpenAIService.ClientHandler[101] #5 '00-e3cdc6d334c010a92016b9e588fba1d8-4f89492658eedcc6-00'
      [Microsoft.Extensions.Http.dll] void Microsoft.Extensions.Http.Logging.LoggingHttpMessageHandler+Log.RequestEnd(ILogger logger, HttpResponseMessage response, TimeSpan duration, Func<string, bool> shouldRedactHeaderValue)
      Received HTTP response headers after 1257.9658ms - 200
info: 2024-05-21 22:05:48.7380958 +08:00 星期二 L System.Net.Http.HttpClient.IOpenAIService.LogicalHandler[101] #5 '00-e3cdc6d334c010a92016b9e588fba1d8-4f89492658eedcc6-00'
      [Microsoft.Extensions.Http.dll] void Microsoft.Extensions.Http.Logging.LoggingScopeHttpMessageHandler+Log.RequestPipelineEnd(ILogger logger, HttpResponseMessage response, TimeSpan duration, Func<string, bool> shouldRedactHeaderValue)
      End processing HTTP request after 1375.81ms - 200
info: 2024-05-21 22:06:19.8267756 +08:00 星期二 L System.Net.Http.HttpClient.IOpenAIService.LogicalHandler[100] #31 '00-e3cdc6d334c010a92016b9e588fba1d8-4f89492658eedcc6-00'
      [Microsoft.Extensions.Http.dll] async Task<HttpResponseMessage> Microsoft.Extensions.Http.Logging.LoggingScopeHttpMessageHandler.SendCoreAsync(HttpRequestMessage request, bool useAsync, CancellationToken cancellationToken)+Core(?)
      Start processing HTTP request POST http://3.96.174.56:3003/v1/images/generations
info: 2024-05-21 22:06:19.9028575 +08:00 星期二 L System.Net.Http.HttpClient.IOpenAIService.ClientHandler[100] #31 '00-e3cdc6d334c010a92016b9e588fba1d8-4f89492658eedcc6-00'
      [Microsoft.Extensions.Http.dll] async Task<HttpResponseMessage> Microsoft.Extensions.Http.Logging.LoggingHttpMessageHandler.SendCoreAsync(HttpRequestMessage request, bool useAsync, CancellationToken cancellationToken)+Core(?)
      Sending HTTP request POST http://3.96.174.56:3003/v1/images/generations
info: 2024-05-21 22:06:39.8039311 +08:00 星期二 L System.Net.Http.HttpClient.IOpenAIService.ClientHandler[101] #29 '00-e3cdc6d334c010a92016b9e588fba1d8-4f89492658eedcc6-00'
      [Microsoft.Extensions.Http.dll] void Microsoft.Extensions.Http.Logging.LoggingHttpMessageHandler+Log.RequestEnd(ILogger logger, HttpResponseMessage response, TimeSpan duration, Func<string, bool> shouldRedactHeaderValue)
      Received HTTP response headers after 19823.5678ms - 200
info: 2024-05-21 22:06:39.8177865 +08:00 星期二 L System.Net.Http.HttpClient.IOpenAIService.LogicalHandler[101] #29 '00-e3cdc6d334c010a92016b9e588fba1d8-4f89492658eedcc6-00'
      [Microsoft.Extensions.Http.dll] void Microsoft.Extensions.Http.Logging.LoggingScopeHttpMessageHandler+Log.RequestPipelineEnd(ILogger logger, HttpResponseMessage response, TimeSpan duration, Func<string, bool> shouldRedactHeaderValue)
      End processing HTTP request after 19991.1223ms - 200
info: 2024-05-21 22:07:34.5998864 +08:00 星期二 L System.Logging.LoggingMonitor[0] #29 '00-e3cdc6d334c010a92016b9e588fba1d8-4f89492658eedcc6-00'
      [System.Private.CoreLib.dll] void System.Runtime.CompilerServices.AsyncTaskMethodBuilder<TResult>+AsyncStateMachineBox<TStateMachine>.MoveNext(Thread threadPoolThread)
      ┏━━━━━━━━━━━  Logging Monitor ━━━━━━━━━━━
      ┣ Admin.NET.Core.JuAI.Service.DrawingOpenAIService.DrawingAsync
      ┣ 
      ┣ 控制器名称：                           DrawingOpenAIService
      ┣ 操作名称：                             DrawingAsync
      ┣ 显示名称：                             
      ┣ 路由信息：                             [area]: ; [controller]: drawingOpenAI; [action]: drawing
      ┣ 请求方式：                             POST
      ┣ 请求地址：                             http://localhost:5005/app/api/drawingOpenAI/drawing
      ┣ 来源地址：                             http://localhost:9527/
      ┣ 请求端源：                             client
      ┣ 浏览器标识：                           Mozilla/5.0 (Windows NT 10.0; Win64; x64) AppleWebKit/537.36 (KHTML, like Gecko) Chrome/124.0.0.0 Safari/537.36
      ┣ 客户端区域语言：                       zh-CN,zh;q=0.9
      ┣ 客户端 IP 地址：                       127.0.0.1
      ┣ 服务端 IP 地址：                       127.0.0.1
      ┣ 客户端连接 ID：                        00-e3cdc6d334c010a92016b9e588fba1d8-4f89492658eedcc6-00
      ┣ 服务线程 ID：                          #3
      ┣ 执行耗时：                             107366ms
      ┣ ━━━━━━━━━━━━━━━  Cookies ━━━━━━━━━━━━━━━
      ┣ 请求端：                               
      ┣ 响应端：                               
      ┣ ━━━━━━━━━━━━━━━  系统信息 ━━━━━━━━━━━━━━━
      ┣ 系统名称：                             Microsoft Windows 10.0.19045
      ┣ 系统架构：                             X64
      ┣ 基础框架：                             Furion.Pure v1.0.0.0
      ┣ .NET 架构：                            .NET 8.0.0
      ┣ ━━━━━━━━━━━━━━━  启动信息 ━━━━━━━━━━━━━━━
      ┣ 运行环境：                             Development
      ┣ 启动程序集：                           Admin.NET.Web.Entry
      ┣ 进程名称：                             Admin.NET.Web.Entry
      ┣ 托管程序：                             Kestrel
      ┣ ━━━━━━━━━━━━━━━  授权信息 ━━━━━━━━━━━━━━━
      ┣ JWT Token：                            Bearer eyJhbGciOiJIUzI1NiIsInR5cCI6IkpXVCJ9.eyJVc2VySWQiOjE0MjEzNDI2MzI3ODc3LCJUZW5hbnRJZCI6MTMwMDAwMDAwMDAwMSwiQWNjb3VudCI6IjE4NjAwNzY2MDQ1IiwiTmlja05hbWUiOiLmgKrlhb3mnaXkuoYiLCJBY2NvdW50VHlwZSI6Nzc3LCJleHAiOjE3MTY3MzI3MDMsIm5iZiI6MTcxNjEyNzkwMywiaWF0IjoxNzE2MTI3OTAzLCJpc3MiOiJndXhpbi5saW5rIiwiYXVkIjoiZ3V4aW4ubGluayJ9.E5LD5xGmUwcB7tVU6SZ-2i4_Eg-xy1joE2Wz0IPNMJ0
      ┣ 
      ┣ UserId (integer64)：                   14213426327877
      ┣ TenantId (integer64)：                 1300000000001
      ┣ Account (string)：                     18600766045
      ┣ NickName (string)：                    怪兽来了
      ┣ AccountType (integer32)：              777
      ┣ exp (integer64)：                      1716732703 (2024-05-26 22:11:43:0000(+08:00) 星期日 L)
      ┣ nbf (integer64)：                      1716127903 (2024-05-19 22:11:43:0000(+08:00) 星期日 L)
      ┣ iat (integer64)：                      1716127903 (2024-05-19 22:11:43:0000(+08:00) 星期日 L)
      ┣ iss (string)：                         guxin.link
      ┣ aud (string)：                         guxin.link
      ┣ ━━━━━━━━━━━━━━━  请求头信息 ━━━━━━━━━━━━━━━
      ┣ 
      ┣ Accept：                               application/json, text/plain, */*
      ┣ Connection：                           keep-alive
      ┣ Host：                                 localhost:5005
      ┣ User-Agent：                           Mozilla/5.0 (Windows NT 10.0; Win64; x64) AppleWebKit/537.36 (KHTML, like Gecko) Chrome/124.0.0.0 Safari/537.36
      ┣ Accept-Encoding：                      gzip, deflate, br, zstd
      ┣ Accept-Language：                      zh-CN,zh;q=0.9
      ┣ Authorization：                        Bearer eyJhbGciOiJIUzI1NiIsInR5cCI6IkpXVCJ9.eyJVc2VySWQiOjE0MjEzNDI2MzI3ODc3LCJUZW5hbnRJZCI6MTMwMDAwMDAwMDAwMSwiQWNjb3VudCI6IjE4NjAwNzY2MDQ1IiwiTmlja05hbWUiOiLmgKrlhb3mnaXkuoYiLCJBY2NvdW50VHlwZSI6Nzc3LCJleHAiOjE3MTY3MzI3MDMsIm5iZiI6MTcxNjEyNzkwMywiaWF0IjoxNzE2MTI3OTAzLCJpc3MiOiJndXhpbi5saW5rIiwiYXVkIjoiZ3V4aW4ubGluayJ9.E5LD5xGmUwcB7tVU6SZ-2i4_Eg-xy1joE2Wz0IPNMJ0
      ┣ Cache-Control：                        no-cache
      ┣ Content-Type：                         application/json
      ┣ Origin：                               http://localhost:9527
      ┣ Pragma：                               no-cache
      ┣ Referer：                              http://localhost:9527/
      ┣ Content-Length：                       105
      ┣ sec-ch-ua：                            "Chromium";v="124", "Google Chrome";v="124", "Not-A.Brand";v="99"
      ┣ DNT：                                  1
      ┣ sec-ch-ua-mobile：                     ?0
      ┣ X-Authorization：                      Bearer eyJhbGciOiJIUzI1NiIsInR5cCI6IkpXVCJ9.eyJmIjoiZXlKaGJHY2lPaUpJVXpJMU5pSXNJblI1Y0NJNklrcFhWQ0o5IiwiZSI6IkU1TEQ1eEdtVXdjQjd0VlU2U1otMmk0X0VnLXh5MWpvRTJXejBJUE5NSjAiLCJzIjo3OSwibCI6MywiayI6IjZJaiIsImlhdCI6MTcxNjEyNzkwMywibmJmIjoxNzE2MTI3OTAzLCJleHAiOjE3MTczMzc1MDMsImlzcyI6Imd1eGluLmxpbmsiLCJhdWQiOiJndXhpbi5saW5rIn0.VCasbsEh70gJEMSsMBs6_8Yj3ofR902O-JmGvOnK4BE
      ┣ X-Request-Id：                         HhREgPh-k3Oz5cGRqmHb4
      ┣ sec-ch-ua-platform：                   "Windows"
      ┣ Sec-Fetch-Site：                       same-site
      ┣ Sec-Fetch-Mode：                       cors
      ┣ Sec-Fetch-Dest：                       empty
      ┣ ━━━━━━━━━━━━━━━  参数列表 ━━━━━━━━━━━━━━━
      ┣ Content-Type：                         application/json
      ┣ 
      ┣ drawingReq (DrawingOpenAiReq)：        {"id":null,"isOpt":false,"drawingType":null,"prompt":"Logo for a brand that features a minimalist panda warrior mascot.","quality":null,"style":null,"n":null,"size":"1024x1024","responseFormat":"url","user":"Designer","model":"dall-e-3"}
      ┣ ━━━━━━━━━━━━━━━  返回信息 ━━━━━━━━━━━━━━━
      ┣ HTTP响应状态码：                       200
      ┣ 原始类型：                             System.Threading.Tasks.Task<Admin.NET.Core.JuAI.Service.ChatgptImageDetailRes>
      ┣ 最终类型：                             Admin.NET.Core.AdminResult<System.Object>
      ┣ 最终返回值：                           {"code":200,"type":"success","message":"","result":{"txt":null,"controlImage":null,"id":"34338604785221","prompt":"logo for brand using minimalist panda warrior mascotte","promptEn":"Logo for a brand that features a minimalist panda warrior mascot.","ossUrl":"https://oaidalleapiprodscus.blob.core.windows.net/private/org-jVmWXH4GArzEqkk7AHS1ylpK/user-QZFXa5hwMzChNULIWMZr36Hm/img-0AsAjrabFEXog3rt98HUBw8W.png?st=2024-05-21T13%3A06%3A39Z&se=2024-05-21T15%3A06%3A39Z&sp=r&sv=2021-08-06&sr=b&rscd=inlin
      ┗━━━━━━━━━━━  Logging Monitor ━━━━━━━━━━━
info: 2024-05-21 22:09:40.7237293 +08:00 星期二 L System.Net.Http.HttpClient.IOpenAIService.LogicalHandler[100] #32 '00-f824d869c89e4a31cf638b74492b509c-8a39762c4bc9e7a2-00'
      [Microsoft.Extensions.Http.dll] async Task<HttpResponseMessage> Microsoft.Extensions.Http.Logging.LoggingScopeHttpMessageHandler.SendCoreAsync(HttpRequestMessage request, bool useAsync, CancellationToken cancellationToken)+Core(?)
      Start processing HTTP request POST http://3.96.174.56:3003/v1/chat/completions
info: 2024-05-21 22:09:40.7805188 +08:00 星期二 L System.Net.Http.HttpClient.IOpenAIService.ClientHandler[100] #32 '00-f824d869c89e4a31cf638b74492b509c-8a39762c4bc9e7a2-00'
      [Microsoft.Extensions.Http.dll] async Task<HttpResponseMessage> Microsoft.Extensions.Http.Logging.LoggingHttpMessageHandler.SendCoreAsync(HttpRequestMessage request, bool useAsync, CancellationToken cancellationToken)+Core(?)
      Sending HTTP request POST http://3.96.174.56:3003/v1/chat/completions
info: 2024-05-21 22:09:41.9264851 +08:00 星期二 L System.Net.Http.HttpClient.IOpenAIService.ClientHandler[101] #32 '00-f824d869c89e4a31cf638b74492b509c-8a39762c4bc9e7a2-00'
      [Microsoft.Extensions.Http.dll] void Microsoft.Extensions.Http.Logging.LoggingHttpMessageHandler+Log.RequestEnd(ILogger logger, HttpResponseMessage response, TimeSpan duration, Func<string, bool> shouldRedactHeaderValue)
      Received HTTP response headers after 1067.046ms - 200
info: 2024-05-21 22:09:41.9578978 +08:00 星期二 L System.Net.Http.HttpClient.IOpenAIService.LogicalHandler[101] #32 '00-f824d869c89e4a31cf638b74492b509c-8a39762c4bc9e7a2-00'
      [Microsoft.Extensions.Http.dll] void Microsoft.Extensions.Http.Logging.LoggingScopeHttpMessageHandler+Log.RequestPipelineEnd(ILogger logger, HttpResponseMessage response, TimeSpan duration, Func<string, bool> shouldRedactHeaderValue)
      End processing HTTP request after 1234.4003ms - 200
info: 2024-05-21 22:09:42.2312671 +08:00 星期二 L System.Net.Http.HttpClient.IOpenAIService.LogicalHandler[100] #30 '00-f824d869c89e4a31cf638b74492b509c-8a39762c4bc9e7a2-00'
      [Microsoft.Extensions.Http.dll] async Task<HttpResponseMessage> Microsoft.Extensions.Http.Logging.LoggingScopeHttpMessageHandler.SendCoreAsync(HttpRequestMessage request, bool useAsync, CancellationToken cancellationToken)+Core(?)
      Start processing HTTP request POST http://3.96.174.56:3003/v1/images/generations
info: 2024-05-21 22:09:42.2942053 +08:00 星期二 L System.Net.Http.HttpClient.IOpenAIService.ClientHandler[100] #30 '00-f824d869c89e4a31cf638b74492b509c-8a39762c4bc9e7a2-00'
      [Microsoft.Extensions.Http.dll] async Task<HttpResponseMessage> Microsoft.Extensions.Http.Logging.LoggingHttpMessageHandler.SendCoreAsync(HttpRequestMessage request, bool useAsync, CancellationToken cancellationToken)+Core(?)
      Sending HTTP request POST http://3.96.174.56:3003/v1/images/generations
info: 2024-05-21 22:09:43.1436242 +08:00 星期二 L System.Net.Http.HttpClient.IOpenAIService.ClientHandler[101] #31 '00-f824d869c89e4a31cf638b74492b509c-8a39762c4bc9e7a2-00'
      [Microsoft.Extensions.Http.dll] void Microsoft.Extensions.Http.Logging.LoggingHttpMessageHandler+Log.RequestEnd(ILogger logger, HttpResponseMessage response, TimeSpan duration, Func<string, bool> shouldRedactHeaderValue)
      Received HTTP response headers after 781.0226ms - 400
info: 2024-05-21 22:09:43.1663570 +08:00 星期二 L System.Net.Http.HttpClient.IOpenAIService.LogicalHandler[101] #31 '00-f824d869c89e4a31cf638b74492b509c-8a39762c4bc9e7a2-00'
      [Microsoft.Extensions.Http.dll] void Microsoft.Extensions.Http.Logging.LoggingScopeHttpMessageHandler+Log.RequestPipelineEnd(ILogger logger, HttpResponseMessage response, TimeSpan duration, Func<string, bool> shouldRedactHeaderValue)
      End processing HTTP request after 941.5963ms - 400
info: 2024-05-21 22:09:43.5845766 +08:00 星期二 L System.Logging.LoggingMonitor[0] #10 '00-f824d869c89e4a31cf638b74492b509c-8a39762c4bc9e7a2-00'
      [System.Private.CoreLib.dll] void System.Runtime.CompilerServices.AsyncTaskMethodBuilder<TResult>+AsyncStateMachineBox<TStateMachine>.MoveNext(Thread threadPoolThread)
      ┏━━━━━━━━━━━  Logging Monitor ━━━━━━━━━━━
      ┣ Admin.NET.Core.JuAI.Service.DrawingOpenAIService.DrawingAsync
      ┣ 
      ┣ 控制器名称：                           DrawingOpenAIService
      ┣ 操作名称：                             DrawingAsync
      ┣ 显示名称：                             
      ┣ 路由信息：                             [area]: ; [controller]: drawingOpenAI; [action]: drawing
      ┣ 请求方式：                             POST
      ┣ 请求地址：                             http://localhost:5005/app/api/drawingOpenAI/drawing
      ┣ 来源地址：                             http://localhost:9527/
      ┣ 请求端源：                             client
      ┣ 浏览器标识：                           Mozilla/5.0 (Windows NT 10.0; Win64; x64) AppleWebKit/537.36 (KHTML, like Gecko) Chrome/124.0.0.0 Safari/537.36
      ┣ 客户端区域语言：                       zh-CN,zh;q=0.9
      ┣ 客户端 IP 地址：                       127.0.0.1
      ┣ 服务端 IP 地址：                       127.0.0.1
      ┣ 客户端连接 ID：                        00-f824d869c89e4a31cf638b74492b509c-8a39762c4bc9e7a2-00
      ┣ 服务线程 ID：                          #32
      ┣ 执行耗时：                             2890ms
      ┣ ━━━━━━━━━━━━━━━  Cookies ━━━━━━━━━━━━━━━
      ┣ 请求端：                               
      ┣ 响应端：                               
      ┣ ━━━━━━━━━━━━━━━  系统信息 ━━━━━━━━━━━━━━━
      ┣ 系统名称：                             Microsoft Windows 10.0.19045
      ┣ 系统架构：                             X64
      ┣ 基础框架：                             Furion.Pure v1.0.0.0
      ┣ .NET 架构：                            .NET 8.0.0
      ┣ ━━━━━━━━━━━━━━━  启动信息 ━━━━━━━━━━━━━━━
      ┣ 运行环境：                             Development
      ┣ 启动程序集：                           Admin.NET.Web.Entry
      ┣ 进程名称：                             Admin.NET.Web.Entry
      ┣ 托管程序：                             Kestrel
      ┣ ━━━━━━━━━━━━━━━  授权信息 ━━━━━━━━━━━━━━━
      ┣ JWT Token：                            Bearer eyJhbGciOiJIUzI1NiIsInR5cCI6IkpXVCJ9.eyJVc2VySWQiOjE0MjEzNDI2MzI3ODc3LCJUZW5hbnRJZCI6MTMwMDAwMDAwMDAwMSwiQWNjb3VudCI6IjE4NjAwNzY2MDQ1IiwiTmlja05hbWUiOiLmgKrlhb3mnaXkuoYiLCJBY2NvdW50VHlwZSI6Nzc3LCJleHAiOjE3MTY3MzI3MDMsIm5iZiI6MTcxNjEyNzkwMywiaWF0IjoxNzE2MTI3OTAzLCJpc3MiOiJndXhpbi5saW5rIiwiYXVkIjoiZ3V4aW4ubGluayJ9.E5LD5xGmUwcB7tVU6SZ-2i4_Eg-xy1joE2Wz0IPNMJ0
      ┣ 
      ┣ UserId (integer64)：                   14213426327877
      ┣ TenantId (integer64)：                 1300000000001
      ┣ Account (string)：                     18600766045
      ┣ NickName (string)：                    怪兽来了
      ┣ AccountType (integer32)：              777
      ┣ exp (integer64)：                      1716732703 (2024-05-26 22:11:43:0000(+08:00) 星期日 L)
      ┣ nbf (integer64)：                      1716127903 (2024-05-19 22:11:43:0000(+08:00) 星期日 L)
      ┣ iat (integer64)：                      1716127903 (2024-05-19 22:11:43:0000(+08:00) 星期日 L)
      ┣ iss (string)：                         guxin.link
      ┣ aud (string)：                         guxin.link
      ┣ ━━━━━━━━━━━━━━━  请求头信息 ━━━━━━━━━━━━━━━
      ┣ 
      ┣ Accept：                               application/json, text/plain, */*
      ┣ Connection：                           keep-alive
      ┣ Host：                                 localhost:5005
      ┣ User-Agent：                           Mozilla/5.0 (Windows NT 10.0; Win64; x64) AppleWebKit/537.36 (KHTML, like Gecko) Chrome/124.0.0.0 Safari/537.36
      ┣ Accept-Encoding：                      gzip, deflate, br, zstd
      ┣ Accept-Language：                      zh-CN,zh;q=0.9
      ┣ Authorization：                        Bearer eyJhbGciOiJIUzI1NiIsInR5cCI6IkpXVCJ9.eyJVc2VySWQiOjE0MjEzNDI2MzI3ODc3LCJUZW5hbnRJZCI6MTMwMDAwMDAwMDAwMSwiQWNjb3VudCI6IjE4NjAwNzY2MDQ1IiwiTmlja05hbWUiOiLmgKrlhb3mnaXkuoYiLCJBY2NvdW50VHlwZSI6Nzc3LCJleHAiOjE3MTY3MzI3MDMsIm5iZiI6MTcxNjEyNzkwMywiaWF0IjoxNzE2MTI3OTAzLCJpc3MiOiJndXhpbi5saW5rIiwiYXVkIjoiZ3V4aW4ubGluayJ9.E5LD5xGmUwcB7tVU6SZ-2i4_Eg-xy1joE2Wz0IPNMJ0
      ┣ Cache-Control：                        no-cache
      ┣ Content-Type：                         application/json
      ┣ Origin：                               http://localhost:9527
      ┣ Pragma：                               no-cache
      ┣ Referer：                              http://localhost:9527/
      ┣ Content-Length：                       142
      ┣ sec-ch-ua：                            "Chromium";v="124", "Google Chrome";v="124", "Not-A.Brand";v="99"
      ┣ DNT：                                  1
      ┣ sec-ch-ua-mobile：                     ?0
      ┣ X-Authorization：                      Bearer eyJhbGciOiJIUzI1NiIsInR5cCI6IkpXVCJ9.eyJmIjoiZXlKaGJHY2lPaUpJVXpJMU5pSXNJblI1Y0NJNklrcFhWQ0o5IiwiZSI6IkU1TEQ1eEdtVXdjQjd0VlU2U1otMmk0X0VnLXh5MWpvRTJXejBJUE5NSjAiLCJzIjo3OSwibCI6MywiayI6IjZJaiIsImlhdCI6MTcxNjEyNzkwMywibmJmIjoxNzE2MTI3OTAzLCJleHAiOjE3MTczMzc1MDMsImlzcyI6Imd1eGluLmxpbmsiLCJhdWQiOiJndXhpbi5saW5rIn0.VCasbsEh70gJEMSsMBs6_8Yj3ofR902O-JmGvOnK4BE
      ┣ X-Request-Id：                         OfE6DQ8JOtxudg94pGv_d
      ┣ sec-ch-ua-platform：                   "Windows"
      ┣ Sec-Fetch-Site：                       same-site
      ┣ Sec-Fetch-Mode：                       cors
      ┣ Sec-Fetch-Dest：                       empty
      ┣ ━━━━━━━━━━━━━━━  参数列表 ━━━━━━━━━━━━━━━
      ┣ Content-Type：                         application/json
      ┣ 
      ┣ drawingReq (DrawingOpenAiReq)：        {"id":null,"isOpt":true,"drawingType":null,"prompt":"A happy family camping together on the beach.","quality":null,"style":"spring,cinematic","n":2,"size":"1024x1024","responseFormat":"url","user":"Designer","model":"dall-e-3"}
      ┣ ━━━━━━━━━━━━━━━  返回信息 ━━━━━━━━━━━━━━━
      ┣ HTTP响应状态码：                       200
      ┣ 原始类型：                             System.Threading.Tasks.Task<Admin.NET.Core.JuAI.Service.ChatgptImageDetailRes>
      ┣ 最终类型：                             Admin.NET.Core.AdminResult<System.Object>
      ┣ 最终返回值：                           {"code":200,"type":"success","message":"","result":{"txt":null,"controlImage":null,"id":"34338657293381","prompt":"沙滩上一家人在一起幸福的露营。","promptEn":"A happy family camping together on the beach.","ossUrl":null,"executionStatus":2,"drawingType":0,"createUserId":"14213426327877"},"extras":null,"time":"2024-05-21T22:09:43.5450354+08:00"}
      ┗━━━━━━━━━━━  Logging Monitor ━━━━━━━━━━━
info: 2024-05-21 22:12:13.8214419 +08:00 星期二 L System.Logging.LoggingMonitor[0] #32 '00-c046e8f60642e10680c300ff23e9506c-53c29840d279b668-00'
      [System.Private.CoreLib.dll] void System.Runtime.CompilerServices.AsyncTaskMethodBuilder<TResult>+AsyncStateMachineBox<TStateMachine>.MoveNext(Thread threadPoolThread)
      ┏━━━━━━━━━━━  Logging Monitor ━━━━━━━━━━━
      ┣ Admin.NET.Core.JuAI.Service.AIDrawing.DrawingImageService.GetRecommend
      ┣ 
      ┣ 控制器名称：                         DrawingImageService
      ┣ 操作名称：                           GetRecommend
      ┣ 显示名称：                           
      ┣ 路由信息：                           [area]: ; [controller]: drawingImage; [action]: recommend
      ┣ 请求方式：                           GET
      ┣ 请求地址：                           http://localhost:5005/app/api/DrawingImage/Recommend/dalle
      ┣ 来源地址：                           http://localhost:9527/
      ┣ 请求端源：                           client
      ┣ 浏览器标识：                         Mozilla/5.0 (Windows NT 10.0; Win64; x64) AppleWebKit/537.36 (KHTML, like Gecko) Chrome/124.0.0.0 Safari/537.36
      ┣ 客户端区域语言：                     zh-CN,zh;q=0.9
      ┣ 客户端 IP 地址：                     127.0.0.1
      ┣ 服务端 IP 地址：                     127.0.0.1
      ┣ 客户端连接 ID：                      00-c046e8f60642e10680c300ff23e9506c-53c29840d279b668-00
      ┣ 服务线程 ID：                        #32
      ┣ 执行耗时：                           67ms
      ┣ ━━━━━━━━━━━━━━━  Cookies ━━━━━━━━━━━━━━━
      ┣ 请求端：                             
      ┣ 响应端：                             
      ┣ ━━━━━━━━━━━━━━━  系统信息 ━━━━━━━━━━━━━━━
      ┣ 系统名称：                           Microsoft Windows 10.0.19045
      ┣ 系统架构：                           X64
      ┣ 基础框架：                           Furion.Pure v1.0.0.0
      ┣ .NET 架构：                          .NET 8.0.0
      ┣ ━━━━━━━━━━━━━━━  启动信息 ━━━━━━━━━━━━━━━
      ┣ 运行环境：                           Development
      ┣ 启动程序集：                         Admin.NET.Web.Entry
      ┣ 进程名称：                           Admin.NET.Web.Entry
      ┣ 托管程序：                           Kestrel
      ┣ ━━━━━━━━━━━━━━━  请求头信息 ━━━━━━━━━━━━━━━
      ┣ 
      ┣ Accept：                             application/json, text/plain, */*
      ┣ Connection：                         keep-alive
      ┣ Host：                               localhost:5005
      ┣ User-Agent：                         Mozilla/5.0 (Windows NT 10.0; Win64; x64) AppleWebKit/537.36 (KHTML, like Gecko) Chrome/124.0.0.0 Safari/537.36
      ┣ Accept-Encoding：                    gzip, deflate, br, zstd
      ┣ Accept-Language：                    zh-CN,zh;q=0.9
      ┣ Authorization：                      Bearer eyJhbGciOiJIUzI1NiIsInR5cCI6IkpXVCJ9.eyJVc2VySWQiOjE0MjEzNDI2MzI3ODc3LCJUZW5hbnRJZCI6MTMwMDAwMDAwMDAwMSwiQWNjb3VudCI6IjE4NjAwNzY2MDQ1IiwiTmlja05hbWUiOiLmgKrlhb3mnaXkuoYiLCJBY2NvdW50VHlwZSI6Nzc3LCJleHAiOjE3MTY3MzI3MDMsIm5iZiI6MTcxNjEyNzkwMywiaWF0IjoxNzE2MTI3OTAzLCJpc3MiOiJndXhpbi5saW5rIiwiYXVkIjoiZ3V4aW4ubGluayJ9.E5LD5xGmUwcB7tVU6SZ-2i4_Eg-xy1joE2Wz0IPNMJ0
      ┣ Cache-Control：                      no-cache
      ┣ Origin：                             http://localhost:9527
      ┣ Pragma：                             no-cache
      ┣ Referer：                            http://localhost:9527/
      ┣ sec-ch-ua：                          "Chromium";v="124", "Google Chrome";v="124", "Not-A.Brand";v="99"
      ┣ DNT：                                1
      ┣ sec-ch-ua-mobile：                   ?0
      ┣ X-Authorization：                    Bearer eyJhbGciOiJIUzI1NiIsInR5cCI6IkpXVCJ9.eyJmIjoiZXlKaGJHY2lPaUpJVXpJMU5pSXNJblI1Y0NJNklrcFhWQ0o5IiwiZSI6IkU1TEQ1eEdtVXdjQjd0VlU2U1otMmk0X0VnLXh5MWpvRTJXejBJUE5NSjAiLCJzIjo3OSwibCI6MywiayI6IjZJaiIsImlhdCI6MTcxNjEyNzkwMywibmJmIjoxNzE2MTI3OTAzLCJleHAiOjE3MTczMzc1MDMsImlzcyI6Imd1eGluLmxpbmsiLCJhdWQiOiJndXhpbi5saW5rIn0.VCasbsEh70gJEMSsMBs6_8Yj3ofR902O-JmGvOnK4BE
      ┣ X-Request-Id：                       LjHf1PNgf-emGInrA8SM8
      ┣ sec-ch-ua-platform：                 "Windows"
      ┣ Sec-Fetch-Site：                     same-site
      ┣ Sec-Fetch-Mode：                     cors
      ┣ Sec-Fetch-Dest：                     empty
      ┣ ━━━━━━━━━━━━━━━  参数列表 ━━━━━━━━━━━━━━━
      ┣ Content-Type：                       
      ┣ 
      ┣ imageType (DrawingTypeEnum)：        0
      ┣ minDate (Nullable`1)：               
      ┣ ━━━━━━━━━━━━━━━  返回信息 ━━━━━━━━━━━━━━━
      ┣ HTTP响应状态码：                     200
      ┣ 原始类型：                           System.Threading.Tasks.Task<System.Collections.Generic.IList<Admin.NET.Core.JuAI.Service.ChatgptImageRes>>
      ┣ 最终类型：                           Admin.NET.Core.AdminResult<System.Object>
      ┣ 最终返回值：                         {"code":200,"type":"success","message":"","result":[{"id":"31325892048453","prompt":"日本街道，夜晚，霓虹灯，酒屋，美女，（厚漆风格：1.3），（广角镜头：1.4），（最佳照明），4K Unity，（超详细CG：1.2）， (8K: 1.2)，辛烷值渲染","promptEn":"Japanese streets, night, neon lights, sake bars, beautiful women, (thick lacquer style: 1.3), (wide-angle lens: 1.4), (optimal lighting), 4K Unity, (super detailed CG: 1.2), (8K: 1.2), octane rendering.","ossUrl":"http://filetest.guxin.link/YiShuZi_Image/31325892087877.jpg","executionStatus":0,"drawingType":0,"creat
      ┗━━━━━━━━━━━  Logging Monitor ━━━━━━━━━━━
info: 2024-05-21 22:12:14.1276817 +08:00 星期二 L System.Logging.LoggingMonitor[0] #31 '00-8fc207898f77c9f3a48d2057b95bc59d-5b4c8e0de48965af-00'
      [System.Private.CoreLib.dll] void System.Runtime.CompilerServices.AsyncTaskMethodBuilder<TResult>+AsyncStateMachineBox<TStateMachine>.MoveNext(Thread threadPoolThread)
      ┏━━━━━━━━━━━  Logging Monitor ━━━━━━━━━━━
      ┣ Admin.NET.Core.JuAI.Service.AIDrawing.DrawingImageService.GetMyAll
      ┣ 
      ┣ 控制器名称：                     DrawingImageService
      ┣ 操作名称：                       GetMyAll
      ┣ 显示名称：                       
      ┣ 路由信息：                       [area]: ; [controller]: drawingImage; [action]: myAll
      ┣ 请求方式：                       GET
      ┣ 请求地址：                       http://localhost:5005/app/api/DrawingImage/MyALl?drawingType=dalle&minId=
      ┣ 来源地址：                       http://localhost:9527/
      ┣ 请求端源：                       client
      ┣ 浏览器标识：                     Mozilla/5.0 (Windows NT 10.0; Win64; x64) AppleWebKit/537.36 (KHTML, like Gecko) Chrome/124.0.0.0 Safari/537.36
      ┣ 客户端区域语言：                 zh-CN,zh;q=0.9
      ┣ 客户端 IP 地址：                 127.0.0.1
      ┣ 服务端 IP 地址：                 127.0.0.1
      ┣ 客户端连接 ID：                  00-8fc207898f77c9f3a48d2057b95bc59d-5b4c8e0de48965af-00
      ┣ 服务线程 ID：                    #10
      ┣ 执行耗时：                       80ms
      ┣ ━━━━━━━━━━━━━━━  Cookies ━━━━━━━━━━━━━━━
      ┣ 请求端：                         
      ┣ 响应端：                         
      ┣ ━━━━━━━━━━━━━━━  系统信息 ━━━━━━━━━━━━━━━
      ┣ 系统名称：                       Microsoft Windows 10.0.19045
      ┣ 系统架构：                       X64
      ┣ 基础框架：                       Furion.Pure v1.0.0.0
      ┣ .NET 架构：                      .NET 8.0.0
      ┣ ━━━━━━━━━━━━━━━  启动信息 ━━━━━━━━━━━━━━━
      ┣ 运行环境：                       Development
      ┣ 启动程序集：                     Admin.NET.Web.Entry
      ┣ 进程名称：                       Admin.NET.Web.Entry
      ┣ 托管程序：                       Kestrel
      ┣ ━━━━━━━━━━━━━━━  授权信息 ━━━━━━━━━━━━━━━
      ┣ JWT Token：                      Bearer eyJhbGciOiJIUzI1NiIsInR5cCI6IkpXVCJ9.eyJVc2VySWQiOjE0MjEzNDI2MzI3ODc3LCJUZW5hbnRJZCI6MTMwMDAwMDAwMDAwMSwiQWNjb3VudCI6IjE4NjAwNzY2MDQ1IiwiTmlja05hbWUiOiLmgKrlhb3mnaXkuoYiLCJBY2NvdW50VHlwZSI6Nzc3LCJleHAiOjE3MTY3MzI3MDMsIm5iZiI6MTcxNjEyNzkwMywiaWF0IjoxNzE2MTI3OTAzLCJpc3MiOiJndXhpbi5saW5rIiwiYXVkIjoiZ3V4aW4ubGluayJ9.E5LD5xGmUwcB7tVU6SZ-2i4_Eg-xy1joE2Wz0IPNMJ0
      ┣ 
      ┣ UserId (integer64)：             14213426327877
      ┣ TenantId (integer64)：           1300000000001
      ┣ Account (string)：               18600766045
      ┣ NickName (string)：              怪兽来了
      ┣ AccountType (integer32)：        777
      ┣ exp (integer64)：                1716732703 (2024-05-26 22:11:43:0000(+08:00) 星期日 L)
      ┣ nbf (integer64)：                1716127903 (2024-05-19 22:11:43:0000(+08:00) 星期日 L)
      ┣ iat (integer64)：                1716127903 (2024-05-19 22:11:43:0000(+08:00) 星期日 L)
      ┣ iss (string)：                   guxin.link
      ┣ aud (string)：                   guxin.link
      ┣ ━━━━━━━━━━━━━━━  请求头信息 ━━━━━━━━━━━━━━━
      ┣ 
      ┣ Accept：                         application/json, text/plain, */*
      ┣ Connection：                     keep-alive
      ┣ Host：                           localhost:5005
      ┣ User-Agent：                     Mozilla/5.0 (Windows NT 10.0; Win64; x64) AppleWebKit/537.36 (KHTML, like Gecko) Chrome/124.0.0.0 Safari/537.36
      ┣ Accept-Encoding：                gzip, deflate, br, zstd
      ┣ Accept-Language：                zh-CN,zh;q=0.9
      ┣ Authorization：                  Bearer eyJhbGciOiJIUzI1NiIsInR5cCI6IkpXVCJ9.eyJVc2VySWQiOjE0MjEzNDI2MzI3ODc3LCJUZW5hbnRJZCI6MTMwMDAwMDAwMDAwMSwiQWNjb3VudCI6IjE4NjAwNzY2MDQ1IiwiTmlja05hbWUiOiLmgKrlhb3mnaXkuoYiLCJBY2NvdW50VHlwZSI6Nzc3LCJleHAiOjE3MTY3MzI3MDMsIm5iZiI6MTcxNjEyNzkwMywiaWF0IjoxNzE2MTI3OTAzLCJpc3MiOiJndXhpbi5saW5rIiwiYXVkIjoiZ3V4aW4ubGluayJ9.E5LD5xGmUwcB7tVU6SZ-2i4_Eg-xy1joE2Wz0IPNMJ0
      ┣ Cache-Control：                  no-cache
      ┣ Origin：                         http://localhost:9527
      ┣ Pragma：                         no-cache
      ┣ Referer：                        http://localhost:9527/
      ┣ sec-ch-ua：                      "Chromium";v="124", "Google Chrome";v="124", "Not-A.Brand";v="99"
      ┣ DNT：                            1
      ┣ sec-ch-ua-mobile：               ?0
      ┣ X-Authorization：                Bearer eyJhbGciOiJIUzI1NiIsInR5cCI6IkpXVCJ9.eyJmIjoiZXlKaGJHY2lPaUpJVXpJMU5pSXNJblI1Y0NJNklrcFhWQ0o5IiwiZSI6IkU1TEQ1eEdtVXdjQjd0VlU2U1otMmk0X0VnLXh5MWpvRTJXejBJUE5NSjAiLCJzIjo3OSwibCI6MywiayI6IjZJaiIsImlhdCI6MTcxNjEyNzkwMywibmJmIjoxNzE2MTI3OTAzLCJleHAiOjE3MTczMzc1MDMsImlzcyI6Imd1eGluLmxpbmsiLCJhdWQiOiJndXhpbi5saW5rIn0.VCasbsEh70gJEMSsMBs6_8Yj3ofR902O-JmGvOnK4BE
      ┣ X-Request-Id：                   HH_C7f4KFo4AWasfXhoF_
      ┣ sec-ch-ua-platform：             "Windows"
      ┣ Sec-Fetch-Site：                 same-site
      ┣ Sec-Fetch-Mode：                 cors
      ┣ Sec-Fetch-Dest：                 empty
      ┣ ━━━━━━━━━━━━━━━  参数列表 ━━━━━━━━━━━━━━━
      ┣ Content-Type：                   
      ┣ 
      ┣ imageType (Nullable`1)：         
      ┣ minId (Nullable`1)：             
      ┣ ━━━━━━━━━━━━━━━  返回信息 ━━━━━━━━━━━━━━━
      ┣ HTTP响应状态码：                 200
      ┣ 原始类型：                       System.Threading.Tasks.Task<System.Collections.Generic.IList<Admin.NET.Core.JuAI.Service.ChatgptImageRes>>
      ┣ 最终类型：                       Admin.NET.Core.AdminResult<System.Object>
      ┣ 最终返回值：                     {"code":200,"type":"success","message":"","result":[{"id":"34338657293381","prompt":"沙滩上一家人在一起幸福的露营。","promptEn":"A happy family camping together on the beach.","ossUrl":null,"executionStatus":2,"drawingType":0,"createUserId":"14213426327877"},{"id":"34338604785221","prompt":"logo for brand using minimalist panda warrior mascotte","promptEn":"Logo for a brand that features a minimalist panda warrior mascot.","ossUrl":"https://oaidalleapiprodscus.blob.core.windows.net/private/org-jVmWXH4GArzEqkk7
      ┗━━━━━━━━━━━  Logging Monitor ━━━━━━━━━━━
info: 2024-05-21 22:31:09.8817121 +08:00 星期二 L System.Logging.TaskQueueService[0] #1
      [Furion.Pure.dll] async Task Furion.TaskQueue.TaskQueueHostedService.ExecuteAsync(CancellationToken stoppingToken)
      TaskQueue hosted service is running.
info: 2024-05-21 22:31:09.9086575 +08:00 星期二 L System.Logging.ScheduleService[0] #1
      [Furion.Pure.dll] void Furion.Schedule.ScheduleLogger.LogInformation(string message, params object[] args)
      Schedule hosted service is running.
info: 2024-05-21 22:31:09.9108511 +08:00 星期二 L System.Logging.ScheduleService[0] #1
      [Furion.Pure.dll] void Furion.Schedule.ScheduleLogger.LogInformation(string message, params object[] args)
      Schedule hosted service is preloading...
info: 2024-05-21 22:31:10.6574450 +08:00 星期二 L System.Logging.ScheduleService[0] #1
      [Furion.Pure.dll] void Furion.Schedule.ScheduleLogger.LogInformation(string message, params object[] args)
      The <trigger_log> trigger for scheduler of <job_log> successfully appended and updated to the schedule.
info: 2024-05-21 22:31:10.6587783 +08:00 星期二 L System.Logging.ScheduleService[0] #1
      [Furion.Pure.dll] void Furion.Schedule.ScheduleLogger.LogInformation(string message, params object[] args)
      The scheduler of <job_log> successfully appended and updated to the schedule.
info: 2024-05-21 22:31:10.6661298 +08:00 星期二 L System.Logging.ScheduleService[0] #1
      [Furion.Pure.dll] void Furion.Schedule.ScheduleLogger.LogInformation(string message, params object[] args)
      The <trigger_onlineUser> trigger for scheduler of <job_onlineUser> successfully appended and updated to the schedule.
info: 2024-05-21 22:31:10.6674003 +08:00 星期二 L System.Logging.ScheduleService[0] #1
      [Furion.Pure.dll] void Furion.Schedule.ScheduleLogger.LogInformation(string message, params object[] args)
      The scheduler of <job_onlineUser> successfully appended and updated to the schedule.
info: 2024-05-21 22:31:10.6723604 +08:00 星期二 L System.Logging.ScheduleService[0] #1
      [Furion.Pure.dll] void Furion.Schedule.ScheduleLogger.LogInformation(string message, params object[] args)
      The <trigger_ossAsync> trigger for scheduler of <job_ossAsync> successfully appended and updated to the schedule.
info: 2024-05-21 22:31:10.6735721 +08:00 星期二 L System.Logging.ScheduleService[0] #1
      [Furion.Pure.dll] void Furion.Schedule.ScheduleLogger.LogInformation(string message, params object[] args)
      The scheduler of <job_ossAsync> successfully appended and updated to the schedule.
info: 2024-05-21 22:31:10.9178358 +08:00 星期二 L System.Net.Http.HttpClient.Default.LogicalHandler[100] #9
      [Microsoft.Extensions.Http.dll] async Task<HttpResponseMessage> Microsoft.Extensions.Http.Logging.LoggingScopeHttpMessageHandler.SendCoreAsync(HttpRequestMessage request, bool useAsync, CancellationToken cancellationToken)+Core(?)
      Start processing HTTP request POST https://oaidalleapiprodscus.blob.core.windows.net/private/org-jVmWXH4GArzEqkk7AHS1ylpK/user-QZFXa5hwMzChNULIWMZr36Hm/img-0AsAjrabFEXog3rt98HUBw8W.png?st=2024-05-21T13%3A06%3A39Z&se=2024-05-21T15%3A06%3A39Z&sp=r&sv=2021-08-06&sr=b&rscd=inline&rsct=image/png&skoid=6aaadede-4fb3-4698-a8f6-684d7786b067&sktid=a48cca56-e6da-484e-a814-9c849652bcb3&skt=2024-05-21T10%3A23%3A39Z&ske=2024-05-22T10%3A23%3A39Z&sks=b&skv=2021-08-06&sig=mftT%2BNWG2NMf%2BzOLGJdMeY1ZRgGOG71tWQM/FGJ8mDo%3D
info: 2024-05-21 22:31:10.9260380 +08:00 星期二 L System.Net.Http.HttpClient.Default.ClientHandler[100] #9
      [Microsoft.Extensions.Http.dll] async Task<HttpResponseMessage> Microsoft.Extensions.Http.Logging.LoggingHttpMessageHandler.SendCoreAsync(HttpRequestMessage request, bool useAsync, CancellationToken cancellationToken)+Core(?)
      Sending HTTP request POST https://oaidalleapiprodscus.blob.core.windows.net/private/org-jVmWXH4GArzEqkk7AHS1ylpK/user-QZFXa5hwMzChNULIWMZr36Hm/img-0AsAjrabFEXog3rt98HUBw8W.png?st=2024-05-21T13%3A06%3A39Z&se=2024-05-21T15%3A06%3A39Z&sp=r&sv=2021-08-06&sr=b&rscd=inline&rsct=image/png&skoid=6aaadede-4fb3-4698-a8f6-684d7786b067&sktid=a48cca56-e6da-484e-a814-9c849652bcb3&skt=2024-05-21T10%3A23%3A39Z&ske=2024-05-22T10%3A23%3A39Z&sks=b&skv=2021-08-06&sig=mftT%2BNWG2NMf%2BzOLGJdMeY1ZRgGOG71tWQM/FGJ8mDo%3D
info: 2024-05-21 22:31:11.9167761 +08:00 星期二 L System.Net.Http.HttpClient.Default.ClientHandler[101] #22
      [Microsoft.Extensions.Http.dll] void Microsoft.Extensions.Http.Logging.LoggingHttpMessageHandler+Log.RequestEnd(ILogger logger, HttpResponseMessage response, TimeSpan duration, Func<string, bool> shouldRedactHeaderValue)
      Received HTTP response headers after 981.6534ms - 405
info: 2024-05-21 22:31:11.9279350 +08:00 星期二 L System.Net.Http.HttpClient.Default.LogicalHandler[101] #22
      [Microsoft.Extensions.Http.dll] void Microsoft.Extensions.Http.Logging.LoggingScopeHttpMessageHandler+Log.RequestPipelineEnd(ILogger logger, HttpResponseMessage response, TimeSpan duration, Func<string, bool> shouldRedactHeaderValue)
      End processing HTTP request after 1014.3639ms - 405
info: 2024-05-21 22:31:12.0659544 +08:00 星期二 L System.Net.Http.HttpClient.Default.LogicalHandler[100] #9
      [Microsoft.Extensions.Http.dll] async Task<HttpResponseMessage> Microsoft.Extensions.Http.Logging.LoggingScopeHttpMessageHandler.SendCoreAsync(HttpRequestMessage request, bool useAsync, CancellationToken cancellationToken)+Core(?)
      Start processing HTTP request POST https://oaidalleapiprodscus.blob.core.windows.net/private/org-jVmWXH4GArzEqkk7AHS1ylpK/user-QZFXa5hwMzChNULIWMZr36Hm/img-UUUEUKJLrsN7GW3eGglEqzJe.png?st=2024-05-21T12%3A57%3A44Z&se=2024-05-21T14%3A57%3A44Z&sp=r&sv=2021-08-06&sr=b&rscd=inline&rsct=image/png&skoid=6aaadede-4fb3-4698-a8f6-684d7786b067&sktid=a48cca56-e6da-484e-a814-9c849652bcb3&skt=2024-05-21T10%3A28%3A35Z&ske=2024-05-22T10%3A28%3A35Z&sks=b&skv=2021-08-06&sig=MAAxQtZKxOMkGVEQxlGpBnmLSYaInHx1WlAfQIM4n8c%3D
info: 2024-05-21 22:31:12.0836560 +08:00 星期二 L System.Net.Http.HttpClient.Default.ClientHandler[100] #9
      [Microsoft.Extensions.Http.dll] async Task<HttpResponseMessage> Microsoft.Extensions.Http.Logging.LoggingHttpMessageHandler.SendCoreAsync(HttpRequestMessage request, bool useAsync, CancellationToken cancellationToken)+Core(?)
      Sending HTTP request POST https://oaidalleapiprodscus.blob.core.windows.net/private/org-jVmWXH4GArzEqkk7AHS1ylpK/user-QZFXa5hwMzChNULIWMZr36Hm/img-UUUEUKJLrsN7GW3eGglEqzJe.png?st=2024-05-21T12%3A57%3A44Z&se=2024-05-21T14%3A57%3A44Z&sp=r&sv=2021-08-06&sr=b&rscd=inline&rsct=image/png&skoid=6aaadede-4fb3-4698-a8f6-684d7786b067&sktid=a48cca56-e6da-484e-a814-9c849652bcb3&skt=2024-05-21T10%3A28%3A35Z&ske=2024-05-22T10%3A28%3A35Z&sks=b&skv=2021-08-06&sig=MAAxQtZKxOMkGVEQxlGpBnmLSYaInHx1WlAfQIM4n8c%3D
info: 2024-05-21 22:31:12.3319576 +08:00 星期二 L System.Net.Http.HttpClient.Default.ClientHandler[101] #9
      [Microsoft.Extensions.Http.dll] void Microsoft.Extensions.Http.Logging.LoggingHttpMessageHandler+Log.RequestEnd(ILogger logger, HttpResponseMessage response, TimeSpan duration, Func<string, bool> shouldRedactHeaderValue)
      Received HTTP response headers after 229.6546ms - 405
info: 2024-05-21 22:31:12.3350848 +08:00 星期二 L System.Net.Http.HttpClient.Default.LogicalHandler[101] #9
      [Microsoft.Extensions.Http.dll] void Microsoft.Extensions.Http.Logging.LoggingScopeHttpMessageHandler+Log.RequestPipelineEnd(ILogger logger, HttpResponseMessage response, TimeSpan duration, Func<string, bool> shouldRedactHeaderValue)
      End processing HTTP request after 269.1717ms - 405
info: 2024-05-21 22:35:12.7468352 +08:00 星期二 L System.Logging.LoggingMonitor[0] #25 '00-4e7b6e019973ed4711871f26fc5cb2b0-ca9ee8d998419aa8-00'
      [System.Private.CoreLib.dll] void System.Runtime.CompilerServices.AsyncTaskMethodBuilder<TResult>+AsyncStateMachineBox<TStateMachine>.MoveNext(Thread threadPoolThread)
      ┏━━━━━━━━━━━  Logging Monitor ━━━━━━━━━━━
      ┣ Admin.NET.Core.JuAI.Service.AIDrawing.DrawingImageService.GetMyAll
      ┣ 
      ┣ 控制器名称：                     DrawingImageService
      ┣ 操作名称：                       GetMyAll
      ┣ 显示名称：                       
      ┣ 路由信息：                       [area]: ; [controller]: drawingImage; [action]: myAll
      ┣ 请求方式：                       GET
      ┣ 请求地址：                       http://localhost:5005/app/api/DrawingImage/MyALl?drawingType=dalle&minId=
      ┣ 来源地址：                       http://localhost:9527/
      ┣ 请求端源：                       client
      ┣ 浏览器标识：                     Mozilla/5.0 (Windows NT 10.0; Win64; x64) AppleWebKit/537.36 (KHTML, like Gecko) Chrome/124.0.0.0 Safari/537.36
      ┣ 客户端区域语言：                 zh-CN,zh;q=0.9
      ┣ 客户端 IP 地址：                 127.0.0.1
      ┣ 服务端 IP 地址：                 127.0.0.1
      ┣ 客户端连接 ID：                  00-4e7b6e019973ed4711871f26fc5cb2b0-ca9ee8d998419aa8-00
      ┣ 服务线程 ID：                    #25
      ┣ 执行耗时：                       166ms
      ┣ ━━━━━━━━━━━━━━━  Cookies ━━━━━━━━━━━━━━━
      ┣ 请求端：                         
      ┣ 响应端：                         
      ┣ ━━━━━━━━━━━━━━━  系统信息 ━━━━━━━━━━━━━━━
      ┣ 系统名称：                       Microsoft Windows 10.0.19045
      ┣ 系统架构：                       X64
      ┣ 基础框架：                       Furion.Pure v1.0.0.0
      ┣ .NET 架构：                      .NET 8.0.0
      ┣ ━━━━━━━━━━━━━━━  启动信息 ━━━━━━━━━━━━━━━
      ┣ 运行环境：                       Production
      ┣ 启动程序集：                     Admin.NET.Web.Entry
      ┣ 进程名称：                       Admin.NET.Web.Entry
      ┣ 托管程序：                       Kestrel
      ┣ ━━━━━━━━━━━━━━━  授权信息 ━━━━━━━━━━━━━━━
      ┣ JWT Token：                      Bearer eyJhbGciOiJIUzI1NiIsInR5cCI6IkpXVCJ9.eyJVc2VySWQiOjE0MjEzNDI2MzI3ODc3LCJUZW5hbnRJZCI6MTMwMDAwMDAwMDAwMSwiQWNjb3VudCI6IjE4NjAwNzY2MDQ1IiwiTmlja05hbWUiOiLmgKrlhb3mnaXkuoYiLCJBY2NvdW50VHlwZSI6Nzc3LCJleHAiOjE3MTY3MzI3MDMsIm5iZiI6MTcxNjEyNzkwMywiaWF0IjoxNzE2MTI3OTAzLCJpc3MiOiJndXhpbi5saW5rIiwiYXVkIjoiZ3V4aW4ubGluayJ9.E5LD5xGmUwcB7tVU6SZ-2i4_Eg-xy1joE2Wz0IPNMJ0
      ┣ 
      ┣ UserId (integer64)：             14213426327877
      ┣ TenantId (integer64)：           1300000000001
      ┣ Account (string)：               18600766045
      ┣ NickName (string)：              怪兽来了
      ┣ AccountType (integer32)：        777
      ┣ exp (integer64)：                1716732703 (2024-05-26 22:11:43:0000(+08:00) 星期日 L)
      ┣ nbf (integer64)：                1716127903 (2024-05-19 22:11:43:0000(+08:00) 星期日 L)
      ┣ iat (integer64)：                1716127903 (2024-05-19 22:11:43:0000(+08:00) 星期日 L)
      ┣ iss (string)：                   guxin.link
      ┣ aud (string)：                   guxin.link
      ┣ ━━━━━━━━━━━━━━━  请求头信息 ━━━━━━━━━━━━━━━
      ┣ 
      ┣ Accept：                         application/json, text/plain, */*
      ┣ Connection：                     keep-alive
      ┣ Host：                           localhost:5005
      ┣ User-Agent：                     Mozilla/5.0 (Windows NT 10.0; Win64; x64) AppleWebKit/537.36 (KHTML, like Gecko) Chrome/124.0.0.0 Safari/537.36
      ┣ Accept-Encoding：                gzip, deflate, br, zstd
      ┣ Accept-Language：                zh-CN,zh;q=0.9
      ┣ Authorization：                  Bearer eyJhbGciOiJIUzI1NiIsInR5cCI6IkpXVCJ9.eyJVc2VySWQiOjE0MjEzNDI2MzI3ODc3LCJUZW5hbnRJZCI6MTMwMDAwMDAwMDAwMSwiQWNjb3VudCI6IjE4NjAwNzY2MDQ1IiwiTmlja05hbWUiOiLmgKrlhb3mnaXkuoYiLCJBY2NvdW50VHlwZSI6Nzc3LCJleHAiOjE3MTY3MzI3MDMsIm5iZiI6MTcxNjEyNzkwMywiaWF0IjoxNzE2MTI3OTAzLCJpc3MiOiJndXhpbi5saW5rIiwiYXVkIjoiZ3V4aW4ubGluayJ9.E5LD5xGmUwcB7tVU6SZ-2i4_Eg-xy1joE2Wz0IPNMJ0
      ┣ Cache-Control：                  no-cache
      ┣ Origin：                         http://localhost:9527
      ┣ Pragma：                         no-cache
      ┣ Referer：                        http://localhost:9527/
      ┣ sec-ch-ua：                      "Chromium";v="124", "Google Chrome";v="124", "Not-A.Brand";v="99"
      ┣ DNT：                            1
      ┣ sec-ch-ua-mobile：               ?0
      ┣ X-Authorization：                Bearer eyJhbGciOiJIUzI1NiIsInR5cCI6IkpXVCJ9.eyJmIjoiZXlKaGJHY2lPaUpJVXpJMU5pSXNJblI1Y0NJNklrcFhWQ0o5IiwiZSI6IkU1TEQ1eEdtVXdjQjd0VlU2U1otMmk0X0VnLXh5MWpvRTJXejBJUE5NSjAiLCJzIjo3OSwibCI6MywiayI6IjZJaiIsImlhdCI6MTcxNjEyNzkwMywibmJmIjoxNzE2MTI3OTAzLCJleHAiOjE3MTczMzc1MDMsImlzcyI6Imd1eGluLmxpbmsiLCJhdWQiOiJndXhpbi5saW5rIn0.VCasbsEh70gJEMSsMBs6_8Yj3ofR902O-JmGvOnK4BE
      ┣ X-Request-Id：                   2JeobC1WmiXYudNi3Aeuo
      ┣ sec-ch-ua-platform：             "Windows"
      ┣ Sec-Fetch-Site：                 same-site
      ┣ Sec-Fetch-Mode：                 cors
      ┣ Sec-Fetch-Dest：                 empty
      ┣ ━━━━━━━━━━━━━━━  参数列表 ━━━━━━━━━━━━━━━
      ┣ Content-Type：                   
      ┣ 
      ┣ imageType (Nullable`1)：         
      ┣ minId (Nullable`1)：             
      ┣ ━━━━━━━━━━━━━━━  返回信息 ━━━━━━━━━━━━━━━
      ┣ HTTP响应状态码：                 200
      ┣ 原始类型：                       System.Threading.Tasks.Task<System.Collections.Generic.IList<Admin.NET.Core.JuAI.Service.ChatgptImageRes>>
      ┣ 最终类型：                       Admin.NET.Core.AdminResult<System.Object>
      ┣ 最终返回值：                     {"code":200,"type":"success","message":"","result":[{"id":"34338657293381","prompt":"沙滩上一家人在一起幸福的露营。","promptEn":"A happy family camping together on the beach.","ossUrl":null,"executionStatus":2,"drawingType":0,"createUserId":"14213426327877"},{"id":"34338604785221","prompt":"logo for brand using minimalist panda warrior mascotte","promptEn":"Logo for a brand that features a minimalist panda warrior mascot.","ossUrl":"https://oaidalleapiprodscus.blob.core.windows.net/private/org-jVmWXH4GArzEqkk7
      ┗━━━━━━━━━━━  Logging Monitor ━━━━━━━━━━━
info: 2024-05-21 22:35:19.3206316 +08:00 星期二 L System.Logging.LoggingMonitor[0] #29 '00-ce195115b195f3a03a9cf1307f950114-f05c7db9083b7093-00'
      [System.Private.CoreLib.dll] void System.Runtime.CompilerServices.AsyncTaskMethodBuilder<TResult>+AsyncStateMachineBox<TStateMachine>.MoveNext(Thread threadPoolThread)
      ┏━━━━━━━━━━━  Logging Monitor ━━━━━━━━━━━
      ┣ Admin.NET.Core.JuAI.Service.AIDrawing.DrawingImageService.GetRecommend
      ┣ 
      ┣ 控制器名称：                         DrawingImageService
      ┣ 操作名称：                           GetRecommend
      ┣ 显示名称：                           
      ┣ 路由信息：                           [area]: ; [controller]: drawingImage; [action]: recommend
      ┣ 请求方式：                           GET
      ┣ 请求地址：                           http://localhost:5005/app/api/DrawingImage/Recommend/dalle
      ┣ 来源地址：                           http://localhost:9527/
      ┣ 请求端源：                           client
      ┣ 浏览器标识：                         Mozilla/5.0 (Windows NT 10.0; Win64; x64) AppleWebKit/537.36 (KHTML, like Gecko) Chrome/124.0.0.0 Safari/537.36
      ┣ 客户端区域语言：                     zh-CN,zh;q=0.9
      ┣ 客户端 IP 地址：                     127.0.0.1
      ┣ 服务端 IP 地址：                     127.0.0.1
      ┣ 客户端连接 ID：                      00-ce195115b195f3a03a9cf1307f950114-f05c7db9083b7093-00
      ┣ 服务线程 ID：                        #29
      ┣ 执行耗时：                           66ms
      ┣ ━━━━━━━━━━━━━━━  Cookies ━━━━━━━━━━━━━━━
      ┣ 请求端：                             
      ┣ 响应端：                             
      ┣ ━━━━━━━━━━━━━━━  系统信息 ━━━━━━━━━━━━━━━
      ┣ 系统名称：                           Microsoft Windows 10.0.19045
      ┣ 系统架构：                           X64
      ┣ 基础框架：                           Furion.Pure v1.0.0.0
      ┣ .NET 架构：                          .NET 8.0.0
      ┣ ━━━━━━━━━━━━━━━  启动信息 ━━━━━━━━━━━━━━━
      ┣ 运行环境：                           Production
      ┣ 启动程序集：                         Admin.NET.Web.Entry
      ┣ 进程名称：                           Admin.NET.Web.Entry
      ┣ 托管程序：                           Kestrel
      ┣ ━━━━━━━━━━━━━━━  请求头信息 ━━━━━━━━━━━━━━━
      ┣ 
      ┣ Accept：                             application/json, text/plain, */*
      ┣ Connection：                         keep-alive
      ┣ Host：                               localhost:5005
      ┣ User-Agent：                         Mozilla/5.0 (Windows NT 10.0; Win64; x64) AppleWebKit/537.36 (KHTML, like Gecko) Chrome/124.0.0.0 Safari/537.36
      ┣ Accept-Encoding：                    gzip, deflate, br, zstd
      ┣ Accept-Language：                    zh-CN,zh;q=0.9
      ┣ Authorization：                      Bearer eyJhbGciOiJIUzI1NiIsInR5cCI6IkpXVCJ9.eyJVc2VySWQiOjE0MjEzNDI2MzI3ODc3LCJUZW5hbnRJZCI6MTMwMDAwMDAwMDAwMSwiQWNjb3VudCI6IjE4NjAwNzY2MDQ1IiwiTmlja05hbWUiOiLmgKrlhb3mnaXkuoYiLCJBY2NvdW50VHlwZSI6Nzc3LCJleHAiOjE3MTY3MzI3MDMsIm5iZiI6MTcxNjEyNzkwMywiaWF0IjoxNzE2MTI3OTAzLCJpc3MiOiJndXhpbi5saW5rIiwiYXVkIjoiZ3V4aW4ubGluayJ9.E5LD5xGmUwcB7tVU6SZ-2i4_Eg-xy1joE2Wz0IPNMJ0
      ┣ Cache-Control：                      no-cache
      ┣ Origin：                             http://localhost:9527
      ┣ Pragma：                             no-cache
      ┣ Referer：                            http://localhost:9527/
      ┣ sec-ch-ua：                          "Chromium";v="124", "Google Chrome";v="124", "Not-A.Brand";v="99"
      ┣ DNT：                                1
      ┣ sec-ch-ua-mobile：                   ?0
      ┣ X-Authorization：                    Bearer eyJhbGciOiJIUzI1NiIsInR5cCI6IkpXVCJ9.eyJmIjoiZXlKaGJHY2lPaUpJVXpJMU5pSXNJblI1Y0NJNklrcFhWQ0o5IiwiZSI6IkU1TEQ1eEdtVXdjQjd0VlU2U1otMmk0X0VnLXh5MWpvRTJXejBJUE5NSjAiLCJzIjo3OSwibCI6MywiayI6IjZJaiIsImlhdCI6MTcxNjEyNzkwMywibmJmIjoxNzE2MTI3OTAzLCJleHAiOjE3MTczMzc1MDMsImlzcyI6Imd1eGluLmxpbmsiLCJhdWQiOiJndXhpbi5saW5rIn0.VCasbsEh70gJEMSsMBs6_8Yj3ofR902O-JmGvOnK4BE
      ┣ X-Request-Id：                       tSm8MEDIkBBTYG7-TaG-m
      ┣ sec-ch-ua-platform：                 "Windows"
      ┣ Sec-Fetch-Site：                     same-site
      ┣ Sec-Fetch-Mode：                     cors
      ┣ Sec-Fetch-Dest：                     empty
      ┣ ━━━━━━━━━━━━━━━  参数列表 ━━━━━━━━━━━━━━━
      ┣ Content-Type：                       
      ┣ 
      ┣ imageType (DrawingTypeEnum)：        0
      ┣ minDate (Nullable`1)：               
      ┣ ━━━━━━━━━━━━━━━  返回信息 ━━━━━━━━━━━━━━━
      ┣ HTTP响应状态码：                     200
      ┣ 原始类型：                           System.Threading.Tasks.Task<System.Collections.Generic.IList<Admin.NET.Core.JuAI.Service.ChatgptImageRes>>
      ┣ 最终类型：                           Admin.NET.Core.AdminResult<System.Object>
      ┣ 最终返回值：                         {"code":200,"type":"success","message":"","result":[{"id":"31325892048453","prompt":"日本街道，夜晚，霓虹灯，酒屋，美女，（厚漆风格：1.3），（广角镜头：1.4），（最佳照明），4K Unity，（超详细CG：1.2）， (8K: 1.2)，辛烷值渲染","promptEn":"Japanese streets, night, neon lights, sake bars, beautiful women, (thick lacquer style: 1.3), (wide-angle lens: 1.4), (optimal lighting), 4K Unity, (super detailed CG: 1.2), (8K: 1.2), octane rendering.","ossUrl":"http://filetest.guxin.link/YiShuZi_Image/31325892087877.jpg","executionStatus":0,"drawingType":0,"creat
      ┗━━━━━━━━━━━  Logging Monitor ━━━━━━━━━━━
info: 2024-05-21 22:35:40.4110421 +08:00 星期二 L System.Net.Http.HttpClient.IOpenAIService.LogicalHandler[100] #30 '00-3ee49ff94c4b75873b67ec4d6759cbb8-88131a6c67f1eeb5-00'
      [Microsoft.Extensions.Http.dll] async Task<HttpResponseMessage> Microsoft.Extensions.Http.Logging.LoggingScopeHttpMessageHandler.SendCoreAsync(HttpRequestMessage request, bool useAsync, CancellationToken cancellationToken)+Core(?)
      Start processing HTTP request POST http://3.96.174.56:3003/v1/chat/completions
info: 2024-05-21 22:35:40.4251344 +08:00 星期二 L System.Net.Http.HttpClient.IOpenAIService.ClientHandler[100] #30 '00-3ee49ff94c4b75873b67ec4d6759cbb8-88131a6c67f1eeb5-00'
      [Microsoft.Extensions.Http.dll] async Task<HttpResponseMessage> Microsoft.Extensions.Http.Logging.LoggingHttpMessageHandler.SendCoreAsync(HttpRequestMessage request, bool useAsync, CancellationToken cancellationToken)+Core(?)
      Sending HTTP request POST http://3.96.174.56:3003/v1/chat/completions
info: 2024-05-21 22:35:41.6488567 +08:00 星期二 L System.Net.Http.HttpClient.IOpenAIService.ClientHandler[101] #30 '00-3ee49ff94c4b75873b67ec4d6759cbb8-88131a6c67f1eeb5-00'
      [Microsoft.Extensions.Http.dll] void Microsoft.Extensions.Http.Logging.LoggingHttpMessageHandler+Log.RequestEnd(ILogger logger, HttpResponseMessage response, TimeSpan duration, Func<string, bool> shouldRedactHeaderValue)
      Received HTTP response headers after 1213.362ms - 200
info: 2024-05-21 22:35:41.6519405 +08:00 星期二 L System.Net.Http.HttpClient.IOpenAIService.LogicalHandler[101] #30 '00-3ee49ff94c4b75873b67ec4d6759cbb8-88131a6c67f1eeb5-00'
      [Microsoft.Extensions.Http.dll] void Microsoft.Extensions.Http.Logging.LoggingScopeHttpMessageHandler+Log.RequestPipelineEnd(ILogger logger, HttpResponseMessage response, TimeSpan duration, Func<string, bool> shouldRedactHeaderValue)
      End processing HTTP request after 1240.9445ms - 200
info: 2024-05-21 22:35:42.0335393 +08:00 星期二 L System.Net.Http.HttpClient.IOpenAIService.LogicalHandler[100] #30 '00-3ee49ff94c4b75873b67ec4d6759cbb8-88131a6c67f1eeb5-00'
      [Microsoft.Extensions.Http.dll] async Task<HttpResponseMessage> Microsoft.Extensions.Http.Logging.LoggingScopeHttpMessageHandler.SendCoreAsync(HttpRequestMessage request, bool useAsync, CancellationToken cancellationToken)+Core(?)
      Start processing HTTP request POST http://3.96.174.56:3003/v1/images/generations
info: 2024-05-21 22:35:42.0447328 +08:00 星期二 L System.Net.Http.HttpClient.IOpenAIService.ClientHandler[100] #30 '00-3ee49ff94c4b75873b67ec4d6759cbb8-88131a6c67f1eeb5-00'
      [Microsoft.Extensions.Http.dll] async Task<HttpResponseMessage> Microsoft.Extensions.Http.Logging.LoggingHttpMessageHandler.SendCoreAsync(HttpRequestMessage request, bool useAsync, CancellationToken cancellationToken)+Core(?)
      Sending HTTP request POST http://3.96.174.56:3003/v1/images/generations
info: 2024-05-21 22:35:42.7834501 +08:00 星期二 L System.Net.Http.HttpClient.IOpenAIService.ClientHandler[101] #29 '00-3ee49ff94c4b75873b67ec4d6759cbb8-88131a6c67f1eeb5-00'
      [Microsoft.Extensions.Http.dll] void Microsoft.Extensions.Http.Logging.LoggingHttpMessageHandler+Log.RequestEnd(ILogger logger, HttpResponseMessage response, TimeSpan duration, Func<string, bool> shouldRedactHeaderValue)
      Received HTTP response headers after 728.8987ms - 400
info: 2024-05-21 22:35:42.7909047 +08:00 星期二 L System.Net.Http.HttpClient.IOpenAIService.LogicalHandler[101] #29 '00-3ee49ff94c4b75873b67ec4d6759cbb8-88131a6c67f1eeb5-00'
      [Microsoft.Extensions.Http.dll] void Microsoft.Extensions.Http.Logging.LoggingScopeHttpMessageHandler+Log.RequestPipelineEnd(ILogger logger, HttpResponseMessage response, TimeSpan duration, Func<string, bool> shouldRedactHeaderValue)
      End processing HTTP request after 757.3517ms - 400
info: 2024-05-21 22:35:43.1311735 +08:00 星期二 L System.Logging.LoggingMonitor[0] #29 '00-3ee49ff94c4b75873b67ec4d6759cbb8-88131a6c67f1eeb5-00'
      [System.Private.CoreLib.dll] void System.Runtime.CompilerServices.AsyncTaskMethodBuilder<TResult>+AsyncStateMachineBox<TStateMachine>.MoveNext(Thread threadPoolThread)
      ┏━━━━━━━━━━━  Logging Monitor ━━━━━━━━━━━
      ┣ Admin.NET.Core.JuAI.Service.DrawingOpenAIService.DrawingAsync
      ┣ 
      ┣ 控制器名称：                           DrawingOpenAIService
      ┣ 操作名称：                             DrawingAsync
      ┣ 显示名称：                             
      ┣ 路由信息：                             [area]: ; [controller]: drawingOpenAI; [action]: drawing
      ┣ 请求方式：                             POST
      ┣ 请求地址：                             http://localhost:5005/app/api/drawingOpenAI/drawing
      ┣ 来源地址：                             http://localhost:9527/
      ┣ 请求端源：                             client
      ┣ 浏览器标识：                           Mozilla/5.0 (Windows NT 10.0; Win64; x64) AppleWebKit/537.36 (KHTML, like Gecko) Chrome/124.0.0.0 Safari/537.36
      ┣ 客户端区域语言：                       zh-CN,zh;q=0.9
      ┣ 客户端 IP 地址：                       127.0.0.1
      ┣ 服务端 IP 地址：                       127.0.0.1
      ┣ 客户端连接 ID：                        00-3ee49ff94c4b75873b67ec4d6759cbb8-88131a6c67f1eeb5-00
      ┣ 服务线程 ID：                          #30
      ┣ 执行耗时：                             2792ms
      ┣ ━━━━━━━━━━━━━━━  Cookies ━━━━━━━━━━━━━━━
      ┣ 请求端：                               
      ┣ 响应端：                               
      ┣ ━━━━━━━━━━━━━━━  系统信息 ━━━━━━━━━━━━━━━
      ┣ 系统名称：                             Microsoft Windows 10.0.19045
      ┣ 系统架构：                             X64
      ┣ 基础框架：                             Furion.Pure v1.0.0.0
      ┣ .NET 架构：                            .NET 8.0.0
      ┣ ━━━━━━━━━━━━━━━  启动信息 ━━━━━━━━━━━━━━━
      ┣ 运行环境：                             Production
      ┣ 启动程序集：                           Admin.NET.Web.Entry
      ┣ 进程名称：                             Admin.NET.Web.Entry
      ┣ 托管程序：                             Kestrel
      ┣ ━━━━━━━━━━━━━━━  授权信息 ━━━━━━━━━━━━━━━
      ┣ JWT Token：                            Bearer eyJhbGciOiJIUzI1NiIsInR5cCI6IkpXVCJ9.eyJVc2VySWQiOjE0MjEzNDI2MzI3ODc3LCJUZW5hbnRJZCI6MTMwMDAwMDAwMDAwMSwiQWNjb3VudCI6IjE4NjAwNzY2MDQ1IiwiTmlja05hbWUiOiLmgKrlhb3mnaXkuoYiLCJBY2NvdW50VHlwZSI6Nzc3LCJleHAiOjE3MTY3MzI3MDMsIm5iZiI6MTcxNjEyNzkwMywiaWF0IjoxNzE2MTI3OTAzLCJpc3MiOiJndXhpbi5saW5rIiwiYXVkIjoiZ3V4aW4ubGluayJ9.E5LD5xGmUwcB7tVU6SZ-2i4_Eg-xy1joE2Wz0IPNMJ0
      ┣ 
      ┣ UserId (integer64)：                   14213426327877
      ┣ TenantId (integer64)：                 1300000000001
      ┣ Account (string)：                     18600766045
      ┣ NickName (string)：                    怪兽来了
      ┣ AccountType (integer32)：              777
      ┣ exp (integer64)：                      1716732703 (2024-05-26 22:11:43:0000(+08:00) 星期日 L)
      ┣ nbf (integer64)：                      1716127903 (2024-05-19 22:11:43:0000(+08:00) 星期日 L)
      ┣ iat (integer64)：                      1716127903 (2024-05-19 22:11:43:0000(+08:00) 星期日 L)
      ┣ iss (string)：                         guxin.link
      ┣ aud (string)：                         guxin.link
      ┣ ━━━━━━━━━━━━━━━  请求头信息 ━━━━━━━━━━━━━━━
      ┣ 
      ┣ Accept：                               application/json, text/plain, */*
      ┣ Connection：                           keep-alive
      ┣ Host：                                 localhost:5005
      ┣ User-Agent：                           Mozilla/5.0 (Windows NT 10.0; Win64; x64) AppleWebKit/537.36 (KHTML, like Gecko) Chrome/124.0.0.0 Safari/537.36
      ┣ Accept-Encoding：                      gzip, deflate, br, zstd
      ┣ Accept-Language：                      zh-CN,zh;q=0.9
      ┣ Authorization：                        Bearer eyJhbGciOiJIUzI1NiIsInR5cCI6IkpXVCJ9.eyJVc2VySWQiOjE0MjEzNDI2MzI3ODc3LCJUZW5hbnRJZCI6MTMwMDAwMDAwMDAwMSwiQWNjb3VudCI6IjE4NjAwNzY2MDQ1IiwiTmlja05hbWUiOiLmgKrlhb3mnaXkuoYiLCJBY2NvdW50VHlwZSI6Nzc3LCJleHAiOjE3MTY3MzI3MDMsIm5iZiI6MTcxNjEyNzkwMywiaWF0IjoxNzE2MTI3OTAzLCJpc3MiOiJndXhpbi5saW5rIiwiYXVkIjoiZ3V4aW4ubGluayJ9.E5LD5xGmUwcB7tVU6SZ-2i4_Eg-xy1joE2Wz0IPNMJ0
      ┣ Cache-Control：                        no-cache
      ┣ Content-Type：                         application/json
      ┣ Origin：                               http://localhost:9527
      ┣ Pragma：                               no-cache
      ┣ Referer：                              http://localhost:9527/
      ┣ Content-Length：                       157
      ┣ sec-ch-ua：                            "Chromium";v="124", "Google Chrome";v="124", "Not-A.Brand";v="99"
      ┣ DNT：                                  1
      ┣ sec-ch-ua-mobile：                     ?0
      ┣ X-Authorization：                      Bearer eyJhbGciOiJIUzI1NiIsInR5cCI6IkpXVCJ9.eyJmIjoiZXlKaGJHY2lPaUpJVXpJMU5pSXNJblI1Y0NJNklrcFhWQ0o5IiwiZSI6IkU1TEQ1eEdtVXdjQjd0VlU2U1otMmk0X0VnLXh5MWpvRTJXejBJUE5NSjAiLCJzIjo3OSwibCI6MywiayI6IjZJaiIsImlhdCI6MTcxNjEyNzkwMywibmJmIjoxNzE2MTI3OTAzLCJleHAiOjE3MTczMzc1MDMsImlzcyI6Imd1eGluLmxpbmsiLCJhdWQiOiJndXhpbi5saW5rIn0.VCasbsEh70gJEMSsMBs6_8Yj3ofR902O-JmGvOnK4BE
      ┣ X-Request-Id：                         pSiV2xY5dpSTKYdQZU0Bd
      ┣ sec-ch-ua-platform：                   "Windows"
      ┣ Sec-Fetch-Site：                       same-site
      ┣ Sec-Fetch-Mode：                       cors
      ┣ Sec-Fetch-Dest：                       empty
      ┣ ━━━━━━━━━━━━━━━  参数列表 ━━━━━━━━━━━━━━━
      ┣ Content-Type：                         application/json
      ┣ 
      ┣ drawingReq (DrawingOpenAiReq)：        {"id":null,"isOpt":true,"drawingType":null,"tags":null,"prompt":"A family is happily camping together on the beach.","quality":"hd","style":"spring,cinematic","n":2,"size":"1024x1024","responseFormat":"url","user":"Designer","model":"dall-e-3"}
      ┣ ━━━━━━━━━━━━━━━  返回信息 ━━━━━━━━━━━━━━━
      ┣ HTTP响应状态码：                       200
      ┣ 原始类型：                             System.Threading.Tasks.Task<Admin.NET.Core.JuAI.Service.ChatgptImageDetailRes>
      ┣ 最终类型：                             Admin.NET.Core.AdminResult<System.Object>
      ┣ 最终返回值：                           {"code":400,"type":"error","message":"chatgpt绘画出错,错误信息:chatgpt绘画出错,错误信息:'spring,cinematic' is not one of ['vivid', 'natural'] - 'style'","result":null,"extras":null,"time":"2024-05-21T22:35:43.1274611+08:00"}
      ┣ ━━━━━━━━━━━━━━━  业务异常 ━━━━━━━━━━━━━━━
      ┣ 业务码：                               
      ┣ 业务码（原）：                         
      ┣ 业务消息：                             chatgpt绘画出错,错误信息:chatgpt绘画出错,错误信息:'spring,cinematic' is not one of ['vivid', 'natural'] - 'style'
      ┗━━━━━━━━━━━  Logging Monitor ━━━━━━━━━━━
info: 2024-05-21 22:40:39.3878996 +08:00 星期二 L System.Logging.LoggingMonitor[0] #27 '00-c62de7f228db540cd3f32fb72cbf4201-6746b4db57871b1a-00'
      [System.Private.CoreLib.dll] void System.Runtime.CompilerServices.AsyncTaskMethodBuilder<TResult>+AsyncStateMachineBox<TStateMachine>.MoveNext(Thread threadPoolThread)
      ┏━━━━━━━━━━━  Logging Monitor ━━━━━━━━━━━
      ┣ Admin.NET.Core.JuAI.Service.AIDrawing.DrawingImageService.GetRecommend
      ┣ 
      ┣ 控制器名称：                         DrawingImageService
      ┣ 操作名称：                           GetRecommend
      ┣ 显示名称：                           
      ┣ 路由信息：                           [area]: ; [controller]: drawingImage; [action]: recommend
      ┣ 请求方式：                           GET
      ┣ 请求地址：                           http://localhost:5005/app/api/DrawingImage/Recommend/dalle
      ┣ 来源地址：                           http://localhost:9527/
      ┣ 请求端源：                           client
      ┣ 浏览器标识：                         Mozilla/5.0 (Windows NT 10.0; Win64; x64) AppleWebKit/537.36 (KHTML, like Gecko) Chrome/124.0.0.0 Safari/537.36
      ┣ 客户端区域语言：                     zh-CN,zh;q=0.9
      ┣ 客户端 IP 地址：                     127.0.0.1
      ┣ 服务端 IP 地址：                     127.0.0.1
      ┣ 客户端连接 ID：                      00-c62de7f228db540cd3f32fb72cbf4201-6746b4db57871b1a-00
      ┣ 服务线程 ID：                        #27
      ┣ 执行耗时：                           132ms
      ┣ ━━━━━━━━━━━━━━━  Cookies ━━━━━━━━━━━━━━━
      ┣ 请求端：                             
      ┣ 响应端：                             
      ┣ ━━━━━━━━━━━━━━━  系统信息 ━━━━━━━━━━━━━━━
      ┣ 系统名称：                           Microsoft Windows 10.0.19045
      ┣ 系统架构：                           X64
      ┣ 基础框架：                           Furion.Pure v1.0.0.0
      ┣ .NET 架构：                          .NET 8.0.0
      ┣ ━━━━━━━━━━━━━━━  启动信息 ━━━━━━━━━━━━━━━
      ┣ 运行环境：                           Production
      ┣ 启动程序集：                         Admin.NET.Web.Entry
      ┣ 进程名称：                           Admin.NET.Web.Entry
      ┣ 托管程序：                           Kestrel
      ┣ ━━━━━━━━━━━━━━━  请求头信息 ━━━━━━━━━━━━━━━
      ┣ 
      ┣ Accept：                             application/json, text/plain, */*
      ┣ Connection：                         keep-alive
      ┣ Host：                               localhost:5005
      ┣ User-Agent：                         Mozilla/5.0 (Windows NT 10.0; Win64; x64) AppleWebKit/537.36 (KHTML, like Gecko) Chrome/124.0.0.0 Safari/537.36
      ┣ Accept-Encoding：                    gzip, deflate, br, zstd
      ┣ Accept-Language：                    zh-CN,zh;q=0.9
      ┣ Authorization：                      Bearer eyJhbGciOiJIUzI1NiIsInR5cCI6IkpXVCJ9.eyJVc2VySWQiOjE0MjEzNDI2MzI3ODc3LCJUZW5hbnRJZCI6MTMwMDAwMDAwMDAwMSwiQWNjb3VudCI6IjE4NjAwNzY2MDQ1IiwiTmlja05hbWUiOiLmgKrlhb3mnaXkuoYiLCJBY2NvdW50VHlwZSI6Nzc3LCJleHAiOjE3MTY3MzI3MDMsIm5iZiI6MTcxNjEyNzkwMywiaWF0IjoxNzE2MTI3OTAzLCJpc3MiOiJndXhpbi5saW5rIiwiYXVkIjoiZ3V4aW4ubGluayJ9.E5LD5xGmUwcB7tVU6SZ-2i4_Eg-xy1joE2Wz0IPNMJ0
      ┣ Cache-Control：                      no-cache
      ┣ Origin：                             http://localhost:9527
      ┣ Pragma：                             no-cache
      ┣ Referer：                            http://localhost:9527/
      ┣ sec-ch-ua：                          "Chromium";v="124", "Google Chrome";v="124", "Not-A.Brand";v="99"
      ┣ DNT：                                1
      ┣ sec-ch-ua-mobile：                   ?0
      ┣ X-Authorization：                    Bearer eyJhbGciOiJIUzI1NiIsInR5cCI6IkpXVCJ9.eyJmIjoiZXlKaGJHY2lPaUpJVXpJMU5pSXNJblI1Y0NJNklrcFhWQ0o5IiwiZSI6IkU1TEQ1eEdtVXdjQjd0VlU2U1otMmk0X0VnLXh5MWpvRTJXejBJUE5NSjAiLCJzIjo3OSwibCI6MywiayI6IjZJaiIsImlhdCI6MTcxNjEyNzkwMywibmJmIjoxNzE2MTI3OTAzLCJleHAiOjE3MTczMzc1MDMsImlzcyI6Imd1eGluLmxpbmsiLCJhdWQiOiJndXhpbi5saW5rIn0.VCasbsEh70gJEMSsMBs6_8Yj3ofR902O-JmGvOnK4BE
      ┣ X-Request-Id：                       6zM6WkoICGmI53X-mFpye
      ┣ sec-ch-ua-platform：                 "Windows"
      ┣ Sec-Fetch-Site：                     same-site
      ┣ Sec-Fetch-Mode：                     cors
      ┣ Sec-Fetch-Dest：                     empty
      ┣ ━━━━━━━━━━━━━━━  参数列表 ━━━━━━━━━━━━━━━
      ┣ Content-Type：                       
      ┣ 
      ┣ imageType (DrawingTypeEnum)：        0
      ┣ minDate (Nullable`1)：               
      ┣ ━━━━━━━━━━━━━━━  返回信息 ━━━━━━━━━━━━━━━
      ┣ HTTP响应状态码：                     200
      ┣ 原始类型：                           System.Threading.Tasks.Task<System.Collections.Generic.IList<Admin.NET.Core.JuAI.Service.ChatgptImageRes>>
      ┣ 最终类型：                           Admin.NET.Core.AdminResult<System.Object>
      ┣ 最终返回值：                         {"code":200,"type":"success","message":"","result":[{"id":"31325892048453","prompt":"日本街道，夜晚，霓虹灯，酒屋，美女，（厚漆风格：1.3），（广角镜头：1.4），（最佳照明），4K Unity，（超详细CG：1.2）， (8K: 1.2)，辛烷值渲染","promptEn":"Japanese streets, night, neon lights, sake bars, beautiful women, (thick lacquer style: 1.3), (wide-angle lens: 1.4), (optimal lighting), 4K Unity, (super detailed CG: 1.2), (8K: 1.2), octane rendering.","ossUrl":"http://filetest.guxin.link/YiShuZi_Image/31325892087877.jpg","executionStatus":0,"drawingType":0,"creat
      ┗━━━━━━━━━━━  Logging Monitor ━━━━━━━━━━━
info: 2024-05-21 22:40:46.6258386 +08:00 星期二 L System.Logging.LoggingMonitor[0] #9 '00-60540666b1795f28f70592f7d63a8e74-471868e135a32b13-00'
      [System.Private.CoreLib.dll] void System.Runtime.CompilerServices.AsyncTaskMethodBuilder<TResult>+AsyncStateMachineBox<TStateMachine>.MoveNext(Thread threadPoolThread)
      ┏━━━━━━━━━━━  Logging Monitor ━━━━━━━━━━━
      ┣ Admin.NET.Core.JuAI.Service.AIDrawing.DrawingImageService.GetMyAll
      ┣ 
      ┣ 控制器名称：                     DrawingImageService
      ┣ 操作名称：                       GetMyAll
      ┣ 显示名称：                       
      ┣ 路由信息：                       [area]: ; [controller]: drawingImage; [action]: myAll
      ┣ 请求方式：                       GET
      ┣ 请求地址：                       http://localhost:5005/app/api/DrawingImage/MyALl?drawingType=dalle&minId=
      ┣ 来源地址：                       http://localhost:9527/
      ┣ 请求端源：                       client
      ┣ 浏览器标识：                     Mozilla/5.0 (Windows NT 10.0; Win64; x64) AppleWebKit/537.36 (KHTML, like Gecko) Chrome/124.0.0.0 Safari/537.36
      ┣ 客户端区域语言：                 zh-CN,zh;q=0.9
      ┣ 客户端 IP 地址：                 127.0.0.1
      ┣ 服务端 IP 地址：                 127.0.0.1
      ┣ 客户端连接 ID：                  00-60540666b1795f28f70592f7d63a8e74-471868e135a32b13-00
      ┣ 服务线程 ID：                    #9
      ┣ 执行耗时：                       57ms
      ┣ ━━━━━━━━━━━━━━━  Cookies ━━━━━━━━━━━━━━━
      ┣ 请求端：                         
      ┣ 响应端：                         
      ┣ ━━━━━━━━━━━━━━━  系统信息 ━━━━━━━━━━━━━━━
      ┣ 系统名称：                       Microsoft Windows 10.0.19045
      ┣ 系统架构：                       X64
      ┣ 基础框架：                       Furion.Pure v1.0.0.0
      ┣ .NET 架构：                      .NET 8.0.0
      ┣ ━━━━━━━━━━━━━━━  启动信息 ━━━━━━━━━━━━━━━
      ┣ 运行环境：                       Production
      ┣ 启动程序集：                     Admin.NET.Web.Entry
      ┣ 进程名称：                       Admin.NET.Web.Entry
      ┣ 托管程序：                       Kestrel
      ┣ ━━━━━━━━━━━━━━━  授权信息 ━━━━━━━━━━━━━━━
      ┣ JWT Token：                      Bearer eyJhbGciOiJIUzI1NiIsInR5cCI6IkpXVCJ9.eyJVc2VySWQiOjE0MjEzNDI2MzI3ODc3LCJUZW5hbnRJZCI6MTMwMDAwMDAwMDAwMSwiQWNjb3VudCI6IjE4NjAwNzY2MDQ1IiwiTmlja05hbWUiOiLmgKrlhb3mnaXkuoYiLCJBY2NvdW50VHlwZSI6Nzc3LCJleHAiOjE3MTY3MzI3MDMsIm5iZiI6MTcxNjEyNzkwMywiaWF0IjoxNzE2MTI3OTAzLCJpc3MiOiJndXhpbi5saW5rIiwiYXVkIjoiZ3V4aW4ubGluayJ9.E5LD5xGmUwcB7tVU6SZ-2i4_Eg-xy1joE2Wz0IPNMJ0
      ┣ 
      ┣ UserId (integer64)：             14213426327877
      ┣ TenantId (integer64)：           1300000000001
      ┣ Account (string)：               18600766045
      ┣ NickName (string)：              怪兽来了
      ┣ AccountType (integer32)：        777
      ┣ exp (integer64)：                1716732703 (2024-05-26 22:11:43:0000(+08:00) 星期日 L)
      ┣ nbf (integer64)：                1716127903 (2024-05-19 22:11:43:0000(+08:00) 星期日 L)
      ┣ iat (integer64)：                1716127903 (2024-05-19 22:11:43:0000(+08:00) 星期日 L)
      ┣ iss (string)：                   guxin.link
      ┣ aud (string)：                   guxin.link
      ┣ ━━━━━━━━━━━━━━━  请求头信息 ━━━━━━━━━━━━━━━
      ┣ 
      ┣ Accept：                         application/json, text/plain, */*
      ┣ Connection：                     keep-alive
      ┣ Host：                           localhost:5005
      ┣ User-Agent：                     Mozilla/5.0 (Windows NT 10.0; Win64; x64) AppleWebKit/537.36 (KHTML, like Gecko) Chrome/124.0.0.0 Safari/537.36
      ┣ Accept-Encoding：                gzip, deflate, br, zstd
      ┣ Accept-Language：                zh-CN,zh;q=0.9
      ┣ Authorization：                  Bearer eyJhbGciOiJIUzI1NiIsInR5cCI6IkpXVCJ9.eyJVc2VySWQiOjE0MjEzNDI2MzI3ODc3LCJUZW5hbnRJZCI6MTMwMDAwMDAwMDAwMSwiQWNjb3VudCI6IjE4NjAwNzY2MDQ1IiwiTmlja05hbWUiOiLmgKrlhb3mnaXkuoYiLCJBY2NvdW50VHlwZSI6Nzc3LCJleHAiOjE3MTY3MzI3MDMsIm5iZiI6MTcxNjEyNzkwMywiaWF0IjoxNzE2MTI3OTAzLCJpc3MiOiJndXhpbi5saW5rIiwiYXVkIjoiZ3V4aW4ubGluayJ9.E5LD5xGmUwcB7tVU6SZ-2i4_Eg-xy1joE2Wz0IPNMJ0
      ┣ Cache-Control：                  no-cache
      ┣ Origin：                         http://localhost:9527
      ┣ Pragma：                         no-cache
      ┣ Referer：                        http://localhost:9527/
      ┣ sec-ch-ua：                      "Chromium";v="124", "Google Chrome";v="124", "Not-A.Brand";v="99"
      ┣ DNT：                            1
      ┣ sec-ch-ua-mobile：               ?0
      ┣ X-Authorization：                Bearer eyJhbGciOiJIUzI1NiIsInR5cCI6IkpXVCJ9.eyJmIjoiZXlKaGJHY2lPaUpJVXpJMU5pSXNJblI1Y0NJNklrcFhWQ0o5IiwiZSI6IkU1TEQ1eEdtVXdjQjd0VlU2U1otMmk0X0VnLXh5MWpvRTJXejBJUE5NSjAiLCJzIjo3OSwibCI6MywiayI6IjZJaiIsImlhdCI6MTcxNjEyNzkwMywibmJmIjoxNzE2MTI3OTAzLCJleHAiOjE3MTczMzc1MDMsImlzcyI6Imd1eGluLmxpbmsiLCJhdWQiOiJndXhpbi5saW5rIn0.VCasbsEh70gJEMSsMBs6_8Yj3ofR902O-JmGvOnK4BE
      ┣ X-Request-Id：                   pVdeyiWAIAQf8FnXNqn3O
      ┣ sec-ch-ua-platform：             "Windows"
      ┣ Sec-Fetch-Site：                 same-site
      ┣ Sec-Fetch-Mode：                 cors
      ┣ Sec-Fetch-Dest：                 empty
      ┣ ━━━━━━━━━━━━━━━  参数列表 ━━━━━━━━━━━━━━━
      ┣ Content-Type：                   
      ┣ 
      ┣ imageType (Nullable`1)：         
      ┣ minId (Nullable`1)：             
      ┣ ━━━━━━━━━━━━━━━  返回信息 ━━━━━━━━━━━━━━━
      ┣ HTTP响应状态码：                 200
      ┣ 原始类型：                       System.Threading.Tasks.Task<System.Collections.Generic.IList<Admin.NET.Core.JuAI.Service.ChatgptImageRes>>
      ┣ 最终类型：                       Admin.NET.Core.AdminResult<System.Object>
      ┣ 最终返回值：                     {"code":200,"type":"success","message":"","result":[{"id":"34339056592453","prompt":"沙滩上一家人在一起幸福的露营。","promptEn":"A family is happily camping together on the beach.","ossUrl":null,"executionStatus":2,"drawingType":0,"createUserId":"14213426327877"},{"id":"34338657293381","prompt":"沙滩上一家人在一起幸福的露营。","promptEn":"A happy family camping together on the beach.","ossUrl":null,"executionStatus":2,"drawingType":0,"createUserId":"14213426327877"},{"id":"34338604785221","prompt":"logo for brand using minim
      ┗━━━━━━━━━━━  Logging Monitor ━━━━━━━━━━━
info: 2024-05-21 22:43:27.3714882 +08:00 星期二 L System.Net.Http.HttpClient.IOpenAIService.LogicalHandler[100] #28 '00-96fb8991c85b8dea0e63acefcaada80a-da9df1e2b3d3b10d-00'
      [Microsoft.Extensions.Http.dll] async Task<HttpResponseMessage> Microsoft.Extensions.Http.Logging.LoggingScopeHttpMessageHandler.SendCoreAsync(HttpRequestMessage request, bool useAsync, CancellationToken cancellationToken)+Core(?)
      Start processing HTTP request POST http://3.96.174.56:3003/v1/chat/completions
info: 2024-05-21 22:43:27.3818790 +08:00 星期二 L System.Net.Http.HttpClient.IOpenAIService.ClientHandler[100] #28 '00-96fb8991c85b8dea0e63acefcaada80a-da9df1e2b3d3b10d-00'
      [Microsoft.Extensions.Http.dll] async Task<HttpResponseMessage> Microsoft.Extensions.Http.Logging.LoggingHttpMessageHandler.SendCoreAsync(HttpRequestMessage request, bool useAsync, CancellationToken cancellationToken)+Core(?)
      Sending HTTP request POST http://3.96.174.56:3003/v1/chat/completions
info: 2024-05-21 22:43:28.7509824 +08:00 星期二 L System.Net.Http.HttpClient.IOpenAIService.ClientHandler[101] #27 '00-96fb8991c85b8dea0e63acefcaada80a-da9df1e2b3d3b10d-00'
      [Microsoft.Extensions.Http.dll] void Microsoft.Extensions.Http.Logging.LoggingHttpMessageHandler+Log.RequestEnd(ILogger logger, HttpResponseMessage response, TimeSpan duration, Func<string, bool> shouldRedactHeaderValue)
      Received HTTP response headers after 1358.4397ms - 200
info: 2024-05-21 22:43:28.7562929 +08:00 星期二 L System.Net.Http.HttpClient.IOpenAIService.LogicalHandler[101] #27 '00-96fb8991c85b8dea0e63acefcaada80a-da9df1e2b3d3b10d-00'
      [Microsoft.Extensions.Http.dll] void Microsoft.Extensions.Http.Logging.LoggingScopeHttpMessageHandler+Log.RequestPipelineEnd(ILogger logger, HttpResponseMessage response, TimeSpan duration, Func<string, bool> shouldRedactHeaderValue)
      End processing HTTP request after 1384.8562ms - 200
info: 2024-05-21 22:43:29.0041781 +08:00 星期二 L System.Net.Http.HttpClient.IOpenAIService.LogicalHandler[100] #27 '00-96fb8991c85b8dea0e63acefcaada80a-da9df1e2b3d3b10d-00'
      [Microsoft.Extensions.Http.dll] async Task<HttpResponseMessage> Microsoft.Extensions.Http.Logging.LoggingScopeHttpMessageHandler.SendCoreAsync(HttpRequestMessage request, bool useAsync, CancellationToken cancellationToken)+Core(?)
      Start processing HTTP request POST http://3.96.174.56:3003/v1/images/generations
info: 2024-05-21 22:43:29.0131120 +08:00 星期二 L System.Net.Http.HttpClient.IOpenAIService.ClientHandler[100] #27 '00-96fb8991c85b8dea0e63acefcaada80a-da9df1e2b3d3b10d-00'
      [Microsoft.Extensions.Http.dll] async Task<HttpResponseMessage> Microsoft.Extensions.Http.Logging.LoggingHttpMessageHandler.SendCoreAsync(HttpRequestMessage request, bool useAsync, CancellationToken cancellationToken)+Core(?)
      Sending HTTP request POST http://3.96.174.56:3003/v1/images/generations
info: 2024-05-21 22:43:50.2028253 +08:00 星期二 L System.Net.Http.HttpClient.IOpenAIService.ClientHandler[101] #26 '00-96fb8991c85b8dea0e63acefcaada80a-da9df1e2b3d3b10d-00'
      [Microsoft.Extensions.Http.dll] void Microsoft.Extensions.Http.Logging.LoggingHttpMessageHandler+Log.RequestEnd(ILogger logger, HttpResponseMessage response, TimeSpan duration, Func<string, bool> shouldRedactHeaderValue)
      Received HTTP response headers after 21180.5776ms - 200
info: 2024-05-21 22:43:50.2050475 +08:00 星期二 L System.Net.Http.HttpClient.IOpenAIService.LogicalHandler[101] #26 '00-96fb8991c85b8dea0e63acefcaada80a-da9df1e2b3d3b10d-00'
      [Microsoft.Extensions.Http.dll] void Microsoft.Extensions.Http.Logging.LoggingScopeHttpMessageHandler+Log.RequestPipelineEnd(ILogger logger, HttpResponseMessage response, TimeSpan duration, Func<string, bool> shouldRedactHeaderValue)
      End processing HTTP request after 21200.9134ms - 200
info: 2024-05-21 22:43:50.7722103 +08:00 星期二 L System.Logging.LoggingMonitor[0] #26 '00-96fb8991c85b8dea0e63acefcaada80a-da9df1e2b3d3b10d-00'
      [System.Private.CoreLib.dll] void System.Runtime.CompilerServices.AsyncTaskMethodBuilder<TResult>+AsyncStateMachineBox<TStateMachine>.MoveNext(Thread threadPoolThread)
      ┏━━━━━━━━━━━  Logging Monitor ━━━━━━━━━━━
      ┣ Admin.NET.Core.JuAI.Service.DrawingOpenAIService.DrawingAsync
      ┣ 
      ┣ 控制器名称：                           DrawingOpenAIService
      ┣ 操作名称：                             DrawingAsync
      ┣ 显示名称：                             
      ┣ 路由信息：                             [area]: ; [controller]: drawingOpenAI; [action]: drawing
      ┣ 请求方式：                             POST
      ┣ 请求地址：                             http://localhost:5005/app/api/drawingOpenAI/drawing
      ┣ 来源地址：                             http://localhost:9527/
      ┣ 请求端源：                             client
      ┣ 浏览器标识：                           Mozilla/5.0 (Windows NT 10.0; Win64; x64) AppleWebKit/537.36 (KHTML, like Gecko) Chrome/124.0.0.0 Safari/537.36
      ┣ 客户端区域语言：                       zh-CN,zh;q=0.9
      ┣ 客户端 IP 地址：                       127.0.0.1
      ┣ 服务端 IP 地址：                       127.0.0.1
      ┣ 客户端连接 ID：                        00-96fb8991c85b8dea0e63acefcaada80a-da9df1e2b3d3b10d-00
      ┣ 服务线程 ID：                          #28
      ┣ 执行耗时：                             23451ms
      ┣ ━━━━━━━━━━━━━━━  Cookies ━━━━━━━━━━━━━━━
      ┣ 请求端：                               
      ┣ 响应端：                               
      ┣ ━━━━━━━━━━━━━━━  系统信息 ━━━━━━━━━━━━━━━
      ┣ 系统名称：                             Microsoft Windows 10.0.19045
      ┣ 系统架构：                             X64
      ┣ 基础框架：                             Furion.Pure v1.0.0.0
      ┣ .NET 架构：                            .NET 8.0.0
      ┣ ━━━━━━━━━━━━━━━  启动信息 ━━━━━━━━━━━━━━━
      ┣ 运行环境：                             Production
      ┣ 启动程序集：                           Admin.NET.Web.Entry
      ┣ 进程名称：                             Admin.NET.Web.Entry
      ┣ 托管程序：                             Kestrel
      ┣ ━━━━━━━━━━━━━━━  授权信息 ━━━━━━━━━━━━━━━
      ┣ JWT Token：                            Bearer eyJhbGciOiJIUzI1NiIsInR5cCI6IkpXVCJ9.eyJVc2VySWQiOjE0MjEzNDI2MzI3ODc3LCJUZW5hbnRJZCI6MTMwMDAwMDAwMDAwMSwiQWNjb3VudCI6IjE4NjAwNzY2MDQ1IiwiTmlja05hbWUiOiLmgKrlhb3mnaXkuoYiLCJBY2NvdW50VHlwZSI6Nzc3LCJleHAiOjE3MTY3MzI3MDMsIm5iZiI6MTcxNjEyNzkwMywiaWF0IjoxNzE2MTI3OTAzLCJpc3MiOiJndXhpbi5saW5rIiwiYXVkIjoiZ3V4aW4ubGluayJ9.E5LD5xGmUwcB7tVU6SZ-2i4_Eg-xy1joE2Wz0IPNMJ0
      ┣ 
      ┣ UserId (integer64)：                   14213426327877
      ┣ TenantId (integer64)：                 1300000000001
      ┣ Account (string)：                     18600766045
      ┣ NickName (string)：                    怪兽来了
      ┣ AccountType (integer32)：              777
      ┣ exp (integer64)：                      1716732703 (2024-05-26 22:11:43:0000(+08:00) 星期日 L)
      ┣ nbf (integer64)：                      1716127903 (2024-05-19 22:11:43:0000(+08:00) 星期日 L)
      ┣ iat (integer64)：                      1716127903 (2024-05-19 22:11:43:0000(+08:00) 星期日 L)
      ┣ iss (string)：                         guxin.link
      ┣ aud (string)：                         guxin.link
      ┣ ━━━━━━━━━━━━━━━  请求头信息 ━━━━━━━━━━━━━━━
      ┣ 
      ┣ Accept：                               application/json, text/plain, */*
      ┣ Connection：                           keep-alive
      ┣ Host：                                 localhost:5005
      ┣ User-Agent：                           Mozilla/5.0 (Windows NT 10.0; Win64; x64) AppleWebKit/537.36 (KHTML, like Gecko) Chrome/124.0.0.0 Safari/537.36
      ┣ Accept-Encoding：                      gzip, deflate, br, zstd
      ┣ Accept-Language：                      zh-CN,zh;q=0.9
      ┣ Authorization：                        Bearer eyJhbGciOiJIUzI1NiIsInR5cCI6IkpXVCJ9.eyJVc2VySWQiOjE0MjEzNDI2MzI3ODc3LCJUZW5hbnRJZCI6MTMwMDAwMDAwMDAwMSwiQWNjb3VudCI6IjE4NjAwNzY2MDQ1IiwiTmlja05hbWUiOiLmgKrlhb3mnaXkuoYiLCJBY2NvdW50VHlwZSI6Nzc3LCJleHAiOjE3MTY3MzI3MDMsIm5iZiI6MTcxNjEyNzkwMywiaWF0IjoxNzE2MTI3OTAzLCJpc3MiOiJndXhpbi5saW5rIiwiYXVkIjoiZ3V4aW4ubGluayJ9.E5LD5xGmUwcB7tVU6SZ-2i4_Eg-xy1joE2Wz0IPNMJ0
      ┣ Cache-Control：                        no-cache
      ┣ Content-Type：                         application/json
      ┣ Origin：                               http://localhost:9527
      ┣ Pragma：                               no-cache
      ┣ Referer：                              http://localhost:9527/
      ┣ Content-Length：                       166
      ┣ sec-ch-ua：                            "Chromium";v="124", "Google Chrome";v="124", "Not-A.Brand";v="99"
      ┣ DNT：                                  1
      ┣ sec-ch-ua-mobile：                     ?0
      ┣ X-Authorization：                      Bearer eyJhbGciOiJIUzI1NiIsInR5cCI6IkpXVCJ9.eyJmIjoiZXlKaGJHY2lPaUpJVXpJMU5pSXNJblI1Y0NJNklrcFhWQ0o5IiwiZSI6IkU1TEQ1eEdtVXdjQjd0VlU2U1otMmk0X0VnLXh5MWpvRTJXejBJUE5NSjAiLCJzIjo3OSwibCI6MywiayI6IjZJaiIsImlhdCI6MTcxNjEyNzkwMywibmJmIjoxNzE2MTI3OTAzLCJleHAiOjE3MTczMzc1MDMsImlzcyI6Imd1eGluLmxpbmsiLCJhdWQiOiJndXhpbi5saW5rIn0.VCasbsEh70gJEMSsMBs6_8Yj3ofR902O-JmGvOnK4BE
      ┣ X-Request-Id：                         DrZcD3Ckg-kGK8KNJsNmp
      ┣ sec-ch-ua-platform：                   "Windows"
      ┣ Sec-Fetch-Site：                       same-site
      ┣ Sec-Fetch-Mode：                       cors
      ┣ Sec-Fetch-Dest：                       empty
      ┣ ━━━━━━━━━━━━━━━  参数列表 ━━━━━━━━━━━━━━━
      ┣ Content-Type：                         application/json
      ┣ 
      ┣ drawingReq (DrawingOpenAiReq)：        {"id":null,"isOpt":true,"drawingType":null,"tags":"spring,cinematic","prompt":"A happy family camping together on the beach.;spring,cinematic","quality":"hd","style":"vivid","n":null,"size":"1024x1024","responseFormat":"url","user":"Designer","model":"dall-e-3"}
      ┣ ━━━━━━━━━━━━━━━  返回信息 ━━━━━━━━━━━━━━━
      ┣ HTTP响应状态码：                       200
      ┣ 原始类型：                             System.Threading.Tasks.Task<Admin.NET.Core.JuAI.Service.ChatgptImageDetailRes>
      ┣ 最终类型：                             Admin.NET.Core.AdminResult<System.Object>
      ┣ 最终返回值：                           {"code":200,"type":"success","message":"","result":{"txt":null,"controlImage":null,"id":"34339176148805","prompt":"沙滩上一家人在一起幸福的露营。","promptEn":"A happy family camping together on the beach.;spring,cinematic","ossUrl":"https://oaidalleapiprodscus.blob.core.windows.net/private/org-jVmWXH4GArzEqkk7AHS1ylpK/user-QZFXa5hwMzChNULIWMZr36Hm/img-xnxVLM1mqQhic2GfE1uEFdVY.png?st=2024-05-21T13%3A43%3A49Z&se=2024-05-21T15%3A43%3A49Z&sp=r&sv=2021-08-06&sr=b&rscd=inline&rsct=image/png&skoid=6aaadede-4fb3-4698-
      ┗━━━━━━━━━━━  Logging Monitor ━━━━━━━━━━━
info: 2024-05-21 22:46:48.8584318 +08:00 星期二 L System.Logging.LoggingMonitor[0] #3 '00-cc554ae3afeaf0f5a2acdbe8ab1dbcfa-94d9f4724d94ab68-00'
      [System.Private.CoreLib.dll] void System.Runtime.CompilerServices.AsyncTaskMethodBuilder<TResult>+AsyncStateMachineBox<TStateMachine>.MoveNext(Thread threadPoolThread)
      ┏━━━━━━━━━━━  Logging Monitor ━━━━━━━━━━━
      ┣ Admin.NET.Core.JuAI.Service.AIDrawing.DrawingImageService.GetRecommend
      ┣ 
      ┣ 控制器名称：                         DrawingImageService
      ┣ 操作名称：                           GetRecommend
      ┣ 显示名称：                           
      ┣ 路由信息：                           [area]: ; [controller]: drawingImage; [action]: recommend
      ┣ 请求方式：                           GET
      ┣ 请求地址：                           http://localhost:5005/app/api/DrawingImage/Recommend/dalle
      ┣ 来源地址：                           http://localhost:9527/
      ┣ 请求端源：                           client
      ┣ 浏览器标识：                         Mozilla/5.0 (Windows NT 10.0; Win64; x64) AppleWebKit/537.36 (KHTML, like Gecko) Chrome/124.0.0.0 Safari/537.36
      ┣ 客户端区域语言：                     zh-CN,zh;q=0.9
      ┣ 客户端 IP 地址：                     127.0.0.1
      ┣ 服务端 IP 地址：                     127.0.0.1
      ┣ 客户端连接 ID：                      00-cc554ae3afeaf0f5a2acdbe8ab1dbcfa-94d9f4724d94ab68-00
      ┣ 服务线程 ID：                        #3
      ┣ 执行耗时：                           52ms
      ┣ ━━━━━━━━━━━━━━━  Cookies ━━━━━━━━━━━━━━━
      ┣ 请求端：                             
      ┣ 响应端：                             
      ┣ ━━━━━━━━━━━━━━━  系统信息 ━━━━━━━━━━━━━━━
      ┣ 系统名称：                           Microsoft Windows 10.0.19045
      ┣ 系统架构：                           X64
      ┣ 基础框架：                           Furion.Pure v1.0.0.0
      ┣ .NET 架构：                          .NET 8.0.0
      ┣ ━━━━━━━━━━━━━━━  启动信息 ━━━━━━━━━━━━━━━
      ┣ 运行环境：                           Production
      ┣ 启动程序集：                         Admin.NET.Web.Entry
      ┣ 进程名称：                           Admin.NET.Web.Entry
      ┣ 托管程序：                           Kestrel
      ┣ ━━━━━━━━━━━━━━━  请求头信息 ━━━━━━━━━━━━━━━
      ┣ 
      ┣ Accept：                             application/json, text/plain, */*
      ┣ Connection：                         keep-alive
      ┣ Host：                               localhost:5005
      ┣ User-Agent：                         Mozilla/5.0 (Windows NT 10.0; Win64; x64) AppleWebKit/537.36 (KHTML, like Gecko) Chrome/124.0.0.0 Safari/537.36
      ┣ Accept-Encoding：                    gzip, deflate, br, zstd
      ┣ Accept-Language：                    zh-CN,zh;q=0.9
      ┣ Authorization：                      Bearer eyJhbGciOiJIUzI1NiIsInR5cCI6IkpXVCJ9.eyJVc2VySWQiOjE0MjEzNDI2MzI3ODc3LCJUZW5hbnRJZCI6MTMwMDAwMDAwMDAwMSwiQWNjb3VudCI6IjE4NjAwNzY2MDQ1IiwiTmlja05hbWUiOiLmgKrlhb3mnaXkuoYiLCJBY2NvdW50VHlwZSI6Nzc3LCJleHAiOjE3MTY3MzI3MDMsIm5iZiI6MTcxNjEyNzkwMywiaWF0IjoxNzE2MTI3OTAzLCJpc3MiOiJndXhpbi5saW5rIiwiYXVkIjoiZ3V4aW4ubGluayJ9.E5LD5xGmUwcB7tVU6SZ-2i4_Eg-xy1joE2Wz0IPNMJ0
      ┣ Cache-Control：                      no-cache
      ┣ Origin：                             http://localhost:9527
      ┣ Pragma：                             no-cache
      ┣ Referer：                            http://localhost:9527/
      ┣ sec-ch-ua：                          "Chromium";v="124", "Google Chrome";v="124", "Not-A.Brand";v="99"
      ┣ DNT：                                1
      ┣ sec-ch-ua-mobile：                   ?0
      ┣ X-Authorization：                    Bearer eyJhbGciOiJIUzI1NiIsInR5cCI6IkpXVCJ9.eyJmIjoiZXlKaGJHY2lPaUpJVXpJMU5pSXNJblI1Y0NJNklrcFhWQ0o5IiwiZSI6IkU1TEQ1eEdtVXdjQjd0VlU2U1otMmk0X0VnLXh5MWpvRTJXejBJUE5NSjAiLCJzIjo3OSwibCI6MywiayI6IjZJaiIsImlhdCI6MTcxNjEyNzkwMywibmJmIjoxNzE2MTI3OTAzLCJleHAiOjE3MTczMzc1MDMsImlzcyI6Imd1eGluLmxpbmsiLCJhdWQiOiJndXhpbi5saW5rIn0.VCasbsEh70gJEMSsMBs6_8Yj3ofR902O-JmGvOnK4BE
      ┣ X-Request-Id：                       8euRiqjpr1PQghE3Xnuj0
      ┣ sec-ch-ua-platform：                 "Windows"
      ┣ Sec-Fetch-Site：                     same-site
      ┣ Sec-Fetch-Mode：                     cors
      ┣ Sec-Fetch-Dest：                     empty
      ┣ ━━━━━━━━━━━━━━━  参数列表 ━━━━━━━━━━━━━━━
      ┣ Content-Type：                       
      ┣ 
      ┣ imageType (DrawingTypeEnum)：        0
      ┣ minDate (Nullable`1)：               
      ┣ ━━━━━━━━━━━━━━━  返回信息 ━━━━━━━━━━━━━━━
      ┣ HTTP响应状态码：                     200
      ┣ 原始类型：                           System.Threading.Tasks.Task<System.Collections.Generic.IList<Admin.NET.Core.JuAI.Service.ChatgptImageRes>>
      ┣ 最终类型：                           Admin.NET.Core.AdminResult<System.Object>
      ┣ 最终返回值：                         {"code":200,"type":"success","message":"","result":[{"id":"31325892048453","prompt":"日本街道，夜晚，霓虹灯，酒屋，美女，（厚漆风格：1.3），（广角镜头：1.4），（最佳照明），4K Unity，（超详细CG：1.2）， (8K: 1.2)，辛烷值渲染","promptEn":"Japanese streets, night, neon lights, sake bars, beautiful women, (thick lacquer style: 1.3), (wide-angle lens: 1.4), (optimal lighting), 4K Unity, (super detailed CG: 1.2), (8K: 1.2), octane rendering.","ossUrl":"http://filetest.guxin.link/YiShuZi_Image/31325892087877.jpg","executionStatus":0,"drawingType":0,"creat
      ┗━━━━━━━━━━━  Logging Monitor ━━━━━━━━━━━
info: 2024-05-21 22:46:49.0792515 +08:00 星期二 L System.Logging.LoggingMonitor[0] #28 '00-56a8bef76a5a186fbbd7bbf13212309c-4d0fd40c5a4059e2-00'
      [System.Private.CoreLib.dll] void System.Runtime.CompilerServices.AsyncTaskMethodBuilder<TResult>+AsyncStateMachineBox<TStateMachine>.MoveNext(Thread threadPoolThread)
      ┏━━━━━━━━━━━  Logging Monitor ━━━━━━━━━━━
      ┣ Admin.NET.Core.JuAI.Service.AIDrawing.DrawingImageService.GetMyAll
      ┣ 
      ┣ 控制器名称：                     DrawingImageService
      ┣ 操作名称：                       GetMyAll
      ┣ 显示名称：                       
      ┣ 路由信息：                       [area]: ; [controller]: drawingImage; [action]: myAll
      ┣ 请求方式：                       GET
      ┣ 请求地址：                       http://localhost:5005/app/api/DrawingImage/MyALl?drawingType=dalle&minId=
      ┣ 来源地址：                       http://localhost:9527/
      ┣ 请求端源：                       client
      ┣ 浏览器标识：                     Mozilla/5.0 (Windows NT 10.0; Win64; x64) AppleWebKit/537.36 (KHTML, like Gecko) Chrome/124.0.0.0 Safari/537.36
      ┣ 客户端区域语言：                 zh-CN,zh;q=0.9
      ┣ 客户端 IP 地址：                 127.0.0.1
      ┣ 服务端 IP 地址：                 127.0.0.1
      ┣ 客户端连接 ID：                  00-56a8bef76a5a186fbbd7bbf13212309c-4d0fd40c5a4059e2-00
      ┣ 服务线程 ID：                    #28
      ┣ 执行耗时：                       55ms
      ┣ ━━━━━━━━━━━━━━━  Cookies ━━━━━━━━━━━━━━━
      ┣ 请求端：                         
      ┣ 响应端：                         
      ┣ ━━━━━━━━━━━━━━━  系统信息 ━━━━━━━━━━━━━━━
      ┣ 系统名称：                       Microsoft Windows 10.0.19045
      ┣ 系统架构：                       X64
      ┣ 基础框架：                       Furion.Pure v1.0.0.0
      ┣ .NET 架构：                      .NET 8.0.0
      ┣ ━━━━━━━━━━━━━━━  启动信息 ━━━━━━━━━━━━━━━
      ┣ 运行环境：                       Production
      ┣ 启动程序集：                     Admin.NET.Web.Entry
      ┣ 进程名称：                       Admin.NET.Web.Entry
      ┣ 托管程序：                       Kestrel
      ┣ ━━━━━━━━━━━━━━━  授权信息 ━━━━━━━━━━━━━━━
      ┣ JWT Token：                      Bearer eyJhbGciOiJIUzI1NiIsInR5cCI6IkpXVCJ9.eyJVc2VySWQiOjE0MjEzNDI2MzI3ODc3LCJUZW5hbnRJZCI6MTMwMDAwMDAwMDAwMSwiQWNjb3VudCI6IjE4NjAwNzY2MDQ1IiwiTmlja05hbWUiOiLmgKrlhb3mnaXkuoYiLCJBY2NvdW50VHlwZSI6Nzc3LCJleHAiOjE3MTY3MzI3MDMsIm5iZiI6MTcxNjEyNzkwMywiaWF0IjoxNzE2MTI3OTAzLCJpc3MiOiJndXhpbi5saW5rIiwiYXVkIjoiZ3V4aW4ubGluayJ9.E5LD5xGmUwcB7tVU6SZ-2i4_Eg-xy1joE2Wz0IPNMJ0
      ┣ 
      ┣ UserId (integer64)：             14213426327877
      ┣ TenantId (integer64)：           1300000000001
      ┣ Account (string)：               18600766045
      ┣ NickName (string)：              怪兽来了
      ┣ AccountType (integer32)：        777
      ┣ exp (integer64)：                1716732703 (2024-05-26 22:11:43:0000(+08:00) 星期日 L)
      ┣ nbf (integer64)：                1716127903 (2024-05-19 22:11:43:0000(+08:00) 星期日 L)
      ┣ iat (integer64)：                1716127903 (2024-05-19 22:11:43:0000(+08:00) 星期日 L)
      ┣ iss (string)：                   guxin.link
      ┣ aud (string)：                   guxin.link
      ┣ ━━━━━━━━━━━━━━━  请求头信息 ━━━━━━━━━━━━━━━
      ┣ 
      ┣ Accept：                         application/json, text/plain, */*
      ┣ Connection：                     keep-alive
      ┣ Host：                           localhost:5005
      ┣ User-Agent：                     Mozilla/5.0 (Windows NT 10.0; Win64; x64) AppleWebKit/537.36 (KHTML, like Gecko) Chrome/124.0.0.0 Safari/537.36
      ┣ Accept-Encoding：                gzip, deflate, br, zstd
      ┣ Accept-Language：                zh-CN,zh;q=0.9
      ┣ Authorization：                  Bearer eyJhbGciOiJIUzI1NiIsInR5cCI6IkpXVCJ9.eyJVc2VySWQiOjE0MjEzNDI2MzI3ODc3LCJUZW5hbnRJZCI6MTMwMDAwMDAwMDAwMSwiQWNjb3VudCI6IjE4NjAwNzY2MDQ1IiwiTmlja05hbWUiOiLmgKrlhb3mnaXkuoYiLCJBY2NvdW50VHlwZSI6Nzc3LCJleHAiOjE3MTY3MzI3MDMsIm5iZiI6MTcxNjEyNzkwMywiaWF0IjoxNzE2MTI3OTAzLCJpc3MiOiJndXhpbi5saW5rIiwiYXVkIjoiZ3V4aW4ubGluayJ9.E5LD5xGmUwcB7tVU6SZ-2i4_Eg-xy1joE2Wz0IPNMJ0
      ┣ Cache-Control：                  no-cache
      ┣ Origin：                         http://localhost:9527
      ┣ Pragma：                         no-cache
      ┣ Referer：                        http://localhost:9527/
      ┣ sec-ch-ua：                      "Chromium";v="124", "Google Chrome";v="124", "Not-A.Brand";v="99"
      ┣ DNT：                            1
      ┣ sec-ch-ua-mobile：               ?0
      ┣ X-Authorization：                Bearer eyJhbGciOiJIUzI1NiIsInR5cCI6IkpXVCJ9.eyJmIjoiZXlKaGJHY2lPaUpJVXpJMU5pSXNJblI1Y0NJNklrcFhWQ0o5IiwiZSI6IkU1TEQ1eEdtVXdjQjd0VlU2U1otMmk0X0VnLXh5MWpvRTJXejBJUE5NSjAiLCJzIjo3OSwibCI6MywiayI6IjZJaiIsImlhdCI6MTcxNjEyNzkwMywibmJmIjoxNzE2MTI3OTAzLCJleHAiOjE3MTczMzc1MDMsImlzcyI6Imd1eGluLmxpbmsiLCJhdWQiOiJndXhpbi5saW5rIn0.VCasbsEh70gJEMSsMBs6_8Yj3ofR902O-JmGvOnK4BE
      ┣ X-Request-Id：                   wKu8q2PGuuB4ip25LAcYc
      ┣ sec-ch-ua-platform：             "Windows"
      ┣ Sec-Fetch-Site：                 same-site
      ┣ Sec-Fetch-Mode：                 cors
      ┣ Sec-Fetch-Dest：                 empty
      ┣ ━━━━━━━━━━━━━━━  参数列表 ━━━━━━━━━━━━━━━
      ┣ Content-Type：                   
      ┣ 
      ┣ imageType (Nullable`1)：         
      ┣ minId (Nullable`1)：             
      ┣ ━━━━━━━━━━━━━━━  返回信息 ━━━━━━━━━━━━━━━
      ┣ HTTP响应状态码：                 200
      ┣ 原始类型：                       System.Threading.Tasks.Task<System.Collections.Generic.IList<Admin.NET.Core.JuAI.Service.ChatgptImageRes>>
      ┣ 最终类型：                       Admin.NET.Core.AdminResult<System.Object>
      ┣ 最终返回值：                     {"code":200,"type":"success","message":"","result":[{"id":"34339176148805","prompt":"沙滩上一家人在一起幸福的露营。","promptEn":"A happy family camping together on the beach.;spring,cinematic","ossUrl":"https://oaidalleapiprodscus.blob.core.windows.net/private/org-jVmWXH4GArzEqkk7AHS1ylpK/user-QZFXa5hwMzChNULIWMZr36Hm/img-xnxVLM1mqQhic2GfE1uEFdVY.png?st=2024-05-21T13%3A43%3A49Z&se=2024-05-21T15%3A43%3A49Z&sp=r&sv=2021-08-06&sr=b&rscd=inline&rsct=image/png&skoid=6aaadede-4fb3-4698-a8f6-684d7786b067&sktid=a48cca
      ┗━━━━━━━━━━━  Logging Monitor ━━━━━━━━━━━
info: 2024-05-21 22:47:02.3760043 +08:00 星期二 L System.Logging.LoggingMonitor[0] #36 '00-0c287979f603e142e0b6645ed6473fa5-a411ffd0a99b74f3-00'
      [System.Private.CoreLib.dll] void System.Runtime.CompilerServices.AsyncTaskMethodBuilder<TResult>+AsyncStateMachineBox<TStateMachine>.MoveNext(Thread threadPoolThread)
      ┏━━━━━━━━━━━  Logging Monitor ━━━━━━━━━━━
      ┣ Admin.NET.Core.JuAI.Service.AIDrawing.DrawingImageService.GetRecommend
      ┣ 
      ┣ 控制器名称：                         DrawingImageService
      ┣ 操作名称：                           GetRecommend
      ┣ 显示名称：                           
      ┣ 路由信息：                           [area]: ; [controller]: drawingImage; [action]: recommend
      ┣ 请求方式：                           GET
      ┣ 请求地址：                           http://localhost:5005/app/api/DrawingImage/Recommend/dalle
      ┣ 来源地址：                           http://localhost:9527/
      ┣ 请求端源：                           client
      ┣ 浏览器标识：                         Mozilla/5.0 (Windows NT 10.0; Win64; x64) AppleWebKit/537.36 (KHTML, like Gecko) Chrome/124.0.0.0 Safari/537.36
      ┣ 客户端区域语言：                     zh-CN,zh;q=0.9
      ┣ 客户端 IP 地址：                     127.0.0.1
      ┣ 服务端 IP 地址：                     127.0.0.1
      ┣ 客户端连接 ID：                      00-0c287979f603e142e0b6645ed6473fa5-a411ffd0a99b74f3-00
      ┣ 服务线程 ID：                        #35
      ┣ 执行耗时：                           54ms
      ┣ ━━━━━━━━━━━━━━━  Cookies ━━━━━━━━━━━━━━━
      ┣ 请求端：                             
      ┣ 响应端：                             
      ┣ ━━━━━━━━━━━━━━━  系统信息 ━━━━━━━━━━━━━━━
      ┣ 系统名称：                           Microsoft Windows 10.0.19045
      ┣ 系统架构：                           X64
      ┣ 基础框架：                           Furion.Pure v1.0.0.0
      ┣ .NET 架构：                          .NET 8.0.0
      ┣ ━━━━━━━━━━━━━━━  启动信息 ━━━━━━━━━━━━━━━
      ┣ 运行环境：                           Production
      ┣ 启动程序集：                         Admin.NET.Web.Entry
      ┣ 进程名称：                           Admin.NET.Web.Entry
      ┣ 托管程序：                           Kestrel
      ┣ ━━━━━━━━━━━━━━━  请求头信息 ━━━━━━━━━━━━━━━
      ┣ 
      ┣ Accept：                             application/json, text/plain, */*
      ┣ Connection：                         keep-alive
      ┣ Host：                               localhost:5005
      ┣ User-Agent：                         Mozilla/5.0 (Windows NT 10.0; Win64; x64) AppleWebKit/537.36 (KHTML, like Gecko) Chrome/124.0.0.0 Safari/537.36
      ┣ Accept-Encoding：                    gzip, deflate, br, zstd
      ┣ Accept-Language：                    zh-CN,zh;q=0.9
      ┣ Authorization：                      Bearer eyJhbGciOiJIUzI1NiIsInR5cCI6IkpXVCJ9.eyJVc2VySWQiOjE0MjEzNDI2MzI3ODc3LCJUZW5hbnRJZCI6MTMwMDAwMDAwMDAwMSwiQWNjb3VudCI6IjE4NjAwNzY2MDQ1IiwiTmlja05hbWUiOiLmgKrlhb3mnaXkuoYiLCJBY2NvdW50VHlwZSI6Nzc3LCJleHAiOjE3MTY3MzI3MDMsIm5iZiI6MTcxNjEyNzkwMywiaWF0IjoxNzE2MTI3OTAzLCJpc3MiOiJndXhpbi5saW5rIiwiYXVkIjoiZ3V4aW4ubGluayJ9.E5LD5xGmUwcB7tVU6SZ-2i4_Eg-xy1joE2Wz0IPNMJ0
      ┣ Cache-Control：                      no-cache
      ┣ Origin：                             http://localhost:9527
      ┣ Pragma：                             no-cache
      ┣ Referer：                            http://localhost:9527/
      ┣ sec-ch-ua：                          "Chromium";v="124", "Google Chrome";v="124", "Not-A.Brand";v="99"
      ┣ DNT：                                1
      ┣ sec-ch-ua-mobile：                   ?0
      ┣ X-Authorization：                    Bearer eyJhbGciOiJIUzI1NiIsInR5cCI6IkpXVCJ9.eyJmIjoiZXlKaGJHY2lPaUpJVXpJMU5pSXNJblI1Y0NJNklrcFhWQ0o5IiwiZSI6IkU1TEQ1eEdtVXdjQjd0VlU2U1otMmk0X0VnLXh5MWpvRTJXejBJUE5NSjAiLCJzIjo3OSwibCI6MywiayI6IjZJaiIsImlhdCI6MTcxNjEyNzkwMywibmJmIjoxNzE2MTI3OTAzLCJleHAiOjE3MTczMzc1MDMsImlzcyI6Imd1eGluLmxpbmsiLCJhdWQiOiJndXhpbi5saW5rIn0.VCasbsEh70gJEMSsMBs6_8Yj3ofR902O-JmGvOnK4BE
      ┣ X-Request-Id：                       8W-KcJHs7UADx5W9AMUkz
      ┣ sec-ch-ua-platform：                 "Windows"
      ┣ Sec-Fetch-Site：                     same-site
      ┣ Sec-Fetch-Mode：                     cors
      ┣ Sec-Fetch-Dest：                     empty
      ┣ ━━━━━━━━━━━━━━━  参数列表 ━━━━━━━━━━━━━━━
      ┣ Content-Type：                       
      ┣ 
      ┣ imageType (DrawingTypeEnum)：        0
      ┣ minDate (Nullable`1)：               
      ┣ ━━━━━━━━━━━━━━━  返回信息 ━━━━━━━━━━━━━━━
      ┣ HTTP响应状态码：                     200
      ┣ 原始类型：                           System.Threading.Tasks.Task<System.Collections.Generic.IList<Admin.NET.Core.JuAI.Service.ChatgptImageRes>>
      ┣ 最终类型：                           Admin.NET.Core.AdminResult<System.Object>
      ┣ 最终返回值：                         {"code":200,"type":"success","message":"","result":[{"id":"31325892048453","prompt":"日本街道，夜晚，霓虹灯，酒屋，美女，（厚漆风格：1.3），（广角镜头：1.4），（最佳照明），4K Unity，（超详细CG：1.2）， (8K: 1.2)，辛烷值渲染","promptEn":"Japanese streets, night, neon lights, sake bars, beautiful women, (thick lacquer style: 1.3), (wide-angle lens: 1.4), (optimal lighting), 4K Unity, (super detailed CG: 1.2), (8K: 1.2), octane rendering.","ossUrl":"http://filetest.guxin.link/YiShuZi_Image/31325892087877.jpg","executionStatus":0,"drawingType":0,"creat
      ┗━━━━━━━━━━━  Logging Monitor ━━━━━━━━━━━
info: 2024-05-21 22:47:02.4878584 +08:00 星期二 L System.Logging.LoggingMonitor[0] #28 '00-400565f5fd0ef2b04e27879fc6c63658-ac3b826cc20988ae-00'
      [System.Private.CoreLib.dll] void System.Runtime.CompilerServices.AsyncTaskMethodBuilder<TResult>+AsyncStateMachineBox<TStateMachine>.MoveNext(Thread threadPoolThread)
      ┏━━━━━━━━━━━  Logging Monitor ━━━━━━━━━━━
      ┣ Admin.NET.Core.JuAI.Service.AIDrawing.DrawingImageService.GetRecommend
      ┣ 
      ┣ 控制器名称：                         DrawingImageService
      ┣ 操作名称：                           GetRecommend
      ┣ 显示名称：                           
      ┣ 路由信息：                           [area]: ; [controller]: drawingImage; [action]: recommend
      ┣ 请求方式：                           GET
      ┣ 请求地址：                           http://localhost:5005/app/api/DrawingImage/Recommend/dalle
      ┣ 来源地址：                           http://localhost:9527/
      ┣ 请求端源：                           client
      ┣ 浏览器标识：                         Mozilla/5.0 (Windows NT 10.0; Win64; x64) AppleWebKit/537.36 (KHTML, like Gecko) Chrome/124.0.0.0 Safari/537.36
      ┣ 客户端区域语言：                     zh-CN,zh;q=0.9
      ┣ 客户端 IP 地址：                     127.0.0.1
      ┣ 服务端 IP 地址：                     127.0.0.1
      ┣ 客户端连接 ID：                      00-400565f5fd0ef2b04e27879fc6c63658-ac3b826cc20988ae-00
      ┣ 服务线程 ID：                        #3
      ┣ 执行耗时：                           53ms
      ┣ ━━━━━━━━━━━━━━━  Cookies ━━━━━━━━━━━━━━━
      ┣ 请求端：                             
      ┣ 响应端：                             
      ┣ ━━━━━━━━━━━━━━━  系统信息 ━━━━━━━━━━━━━━━
      ┣ 系统名称：                           Microsoft Windows 10.0.19045
      ┣ 系统架构：                           X64
      ┣ 基础框架：                           Furion.Pure v1.0.0.0
      ┣ .NET 架构：                          .NET 8.0.0
      ┣ ━━━━━━━━━━━━━━━  启动信息 ━━━━━━━━━━━━━━━
      ┣ 运行环境：                           Production
      ┣ 启动程序集：                         Admin.NET.Web.Entry
      ┣ 进程名称：                           Admin.NET.Web.Entry
      ┣ 托管程序：                           Kestrel
      ┣ ━━━━━━━━━━━━━━━  请求头信息 ━━━━━━━━━━━━━━━
      ┣ 
      ┣ Accept：                             application/json, text/plain, */*
      ┣ Connection：                         keep-alive
      ┣ Host：                               localhost:5005
      ┣ User-Agent：                         Mozilla/5.0 (Windows NT 10.0; Win64; x64) AppleWebKit/537.36 (KHTML, like Gecko) Chrome/124.0.0.0 Safari/537.36
      ┣ Accept-Encoding：                    gzip, deflate, br, zstd
      ┣ Accept-Language：                    zh-CN,zh;q=0.9
      ┣ Authorization：                      Bearer eyJhbGciOiJIUzI1NiIsInR5cCI6IkpXVCJ9.eyJVc2VySWQiOjE0MjEzNDI2MzI3ODc3LCJUZW5hbnRJZCI6MTMwMDAwMDAwMDAwMSwiQWNjb3VudCI6IjE4NjAwNzY2MDQ1IiwiTmlja05hbWUiOiLmgKrlhb3mnaXkuoYiLCJBY2NvdW50VHlwZSI6Nzc3LCJleHAiOjE3MTY3MzI3MDMsIm5iZiI6MTcxNjEyNzkwMywiaWF0IjoxNzE2MTI3OTAzLCJpc3MiOiJndXhpbi5saW5rIiwiYXVkIjoiZ3V4aW4ubGluayJ9.E5LD5xGmUwcB7tVU6SZ-2i4_Eg-xy1joE2Wz0IPNMJ0
      ┣ Cache-Control：                      no-cache
      ┣ Origin：                             http://localhost:9527
      ┣ Pragma：                             no-cache
      ┣ Referer：                            http://localhost:9527/
      ┣ sec-ch-ua：                          "Chromium";v="124", "Google Chrome";v="124", "Not-A.Brand";v="99"
      ┣ DNT：                                1
      ┣ sec-ch-ua-mobile：                   ?0
      ┣ X-Authorization：                    Bearer eyJhbGciOiJIUzI1NiIsInR5cCI6IkpXVCJ9.eyJmIjoiZXlKaGJHY2lPaUpJVXpJMU5pSXNJblI1Y0NJNklrcFhWQ0o5IiwiZSI6IkU1TEQ1eEdtVXdjQjd0VlU2U1otMmk0X0VnLXh5MWpvRTJXejBJUE5NSjAiLCJzIjo3OSwibCI6MywiayI6IjZJaiIsImlhdCI6MTcxNjEyNzkwMywibmJmIjoxNzE2MTI3OTAzLCJleHAiOjE3MTczMzc1MDMsImlzcyI6Imd1eGluLmxpbmsiLCJhdWQiOiJndXhpbi5saW5rIn0.VCasbsEh70gJEMSsMBs6_8Yj3ofR902O-JmGvOnK4BE
      ┣ X-Request-Id：                       nChjG4QLYTms5q12SNjXz
      ┣ sec-ch-ua-platform：                 "Windows"
      ┣ Sec-Fetch-Site：                     same-site
      ┣ Sec-Fetch-Mode：                     cors
      ┣ Sec-Fetch-Dest：                     empty
      ┣ ━━━━━━━━━━━━━━━  参数列表 ━━━━━━━━━━━━━━━
      ┣ Content-Type：                       
      ┣ 
      ┣ imageType (DrawingTypeEnum)：        0
      ┣ minDate (Nullable`1)：               
      ┣ ━━━━━━━━━━━━━━━  返回信息 ━━━━━━━━━━━━━━━
      ┣ HTTP响应状态码：                     200
      ┣ 原始类型：                           System.Threading.Tasks.Task<System.Collections.Generic.IList<Admin.NET.Core.JuAI.Service.ChatgptImageRes>>
      ┣ 最终类型：                           Admin.NET.Core.AdminResult<System.Object>
      ┣ 最终返回值：                         {"code":200,"type":"success","message":"","result":[{"id":"31325892048453","prompt":"日本街道，夜晚，霓虹灯，酒屋，美女，（厚漆风格：1.3），（广角镜头：1.4），（最佳照明），4K Unity，（超详细CG：1.2）， (8K: 1.2)，辛烷值渲染","promptEn":"Japanese streets, night, neon lights, sake bars, beautiful women, (thick lacquer style: 1.3), (wide-angle lens: 1.4), (optimal lighting), 4K Unity, (super detailed CG: 1.2), (8K: 1.2), octane rendering.","ossUrl":"http://filetest.guxin.link/YiShuZi_Image/31325892087877.jpg","executionStatus":0,"drawingType":0,"creat
      ┗━━━━━━━━━━━  Logging Monitor ━━━━━━━━━━━
info: 2024-05-21 22:47:02.6612527 +08:00 星期二 L System.Logging.LoggingMonitor[0] #34 '00-d64e966f2860c60786fcb0285458570a-cf5834af26174665-00'
      [System.Private.CoreLib.dll] void System.Runtime.CompilerServices.AsyncTaskMethodBuilder<TResult>+AsyncStateMachineBox<TStateMachine>.MoveNext(Thread threadPoolThread)
      ┏━━━━━━━━━━━  Logging Monitor ━━━━━━━━━━━
      ┣ Admin.NET.Core.JuAI.Service.AIDrawing.DrawingImageService.GetMyAll
      ┣ 
      ┣ 控制器名称：                     DrawingImageService
      ┣ 操作名称：                       GetMyAll
      ┣ 显示名称：                       
      ┣ 路由信息：                       [area]: ; [controller]: drawingImage; [action]: myAll
      ┣ 请求方式：                       GET
      ┣ 请求地址：                       http://localhost:5005/app/api/DrawingImage/MyALl?drawingType=dalle&minId=
      ┣ 来源地址：                       http://localhost:9527/
      ┣ 请求端源：                       client
      ┣ 浏览器标识：                     Mozilla/5.0 (Windows NT 10.0; Win64; x64) AppleWebKit/537.36 (KHTML, like Gecko) Chrome/124.0.0.0 Safari/537.36
      ┣ 客户端区域语言：                 zh-CN,zh;q=0.9
      ┣ 客户端 IP 地址：                 127.0.0.1
      ┣ 服务端 IP 地址：                 127.0.0.1
      ┣ 客户端连接 ID：                  00-d64e966f2860c60786fcb0285458570a-cf5834af26174665-00
      ┣ 服务线程 ID：                    #34
      ┣ 执行耗时：                       51ms
      ┣ ━━━━━━━━━━━━━━━  Cookies ━━━━━━━━━━━━━━━
      ┣ 请求端：                         
      ┣ 响应端：                         
      ┣ ━━━━━━━━━━━━━━━  系统信息 ━━━━━━━━━━━━━━━
      ┣ 系统名称：                       Microsoft Windows 10.0.19045
      ┣ 系统架构：                       X64
      ┣ 基础框架：                       Furion.Pure v1.0.0.0
      ┣ .NET 架构：                      .NET 8.0.0
      ┣ ━━━━━━━━━━━━━━━  启动信息 ━━━━━━━━━━━━━━━
      ┣ 运行环境：                       Production
      ┣ 启动程序集：                     Admin.NET.Web.Entry
      ┣ 进程名称：                       Admin.NET.Web.Entry
      ┣ 托管程序：                       Kestrel
      ┣ ━━━━━━━━━━━━━━━  授权信息 ━━━━━━━━━━━━━━━
      ┣ JWT Token：                      Bearer eyJhbGciOiJIUzI1NiIsInR5cCI6IkpXVCJ9.eyJVc2VySWQiOjE0MjEzNDI2MzI3ODc3LCJUZW5hbnRJZCI6MTMwMDAwMDAwMDAwMSwiQWNjb3VudCI6IjE4NjAwNzY2MDQ1IiwiTmlja05hbWUiOiLmgKrlhb3mnaXkuoYiLCJBY2NvdW50VHlwZSI6Nzc3LCJleHAiOjE3MTY3MzI3MDMsIm5iZiI6MTcxNjEyNzkwMywiaWF0IjoxNzE2MTI3OTAzLCJpc3MiOiJndXhpbi5saW5rIiwiYXVkIjoiZ3V4aW4ubGluayJ9.E5LD5xGmUwcB7tVU6SZ-2i4_Eg-xy1joE2Wz0IPNMJ0
      ┣ 
      ┣ UserId (integer64)：             14213426327877
      ┣ TenantId (integer64)：           1300000000001
      ┣ Account (string)：               18600766045
      ┣ NickName (string)：              怪兽来了
      ┣ AccountType (integer32)：        777
      ┣ exp (integer64)：                1716732703 (2024-05-26 22:11:43:0000(+08:00) 星期日 L)
      ┣ nbf (integer64)：                1716127903 (2024-05-19 22:11:43:0000(+08:00) 星期日 L)
      ┣ iat (integer64)：                1716127903 (2024-05-19 22:11:43:0000(+08:00) 星期日 L)
      ┣ iss (string)：                   guxin.link
      ┣ aud (string)：                   guxin.link
      ┣ ━━━━━━━━━━━━━━━  请求头信息 ━━━━━━━━━━━━━━━
      ┣ 
      ┣ Accept：                         application/json, text/plain, */*
      ┣ Connection：                     keep-alive
      ┣ Host：                           localhost:5005
      ┣ User-Agent：                     Mozilla/5.0 (Windows NT 10.0; Win64; x64) AppleWebKit/537.36 (KHTML, like Gecko) Chrome/124.0.0.0 Safari/537.36
      ┣ Accept-Encoding：                gzip, deflate, br, zstd
      ┣ Accept-Language：                zh-CN,zh;q=0.9
      ┣ Authorization：                  Bearer eyJhbGciOiJIUzI1NiIsInR5cCI6IkpXVCJ9.eyJVc2VySWQiOjE0MjEzNDI2MzI3ODc3LCJUZW5hbnRJZCI6MTMwMDAwMDAwMDAwMSwiQWNjb3VudCI6IjE4NjAwNzY2MDQ1IiwiTmlja05hbWUiOiLmgKrlhb3mnaXkuoYiLCJBY2NvdW50VHlwZSI6Nzc3LCJleHAiOjE3MTY3MzI3MDMsIm5iZiI6MTcxNjEyNzkwMywiaWF0IjoxNzE2MTI3OTAzLCJpc3MiOiJndXhpbi5saW5rIiwiYXVkIjoiZ3V4aW4ubGluayJ9.E5LD5xGmUwcB7tVU6SZ-2i4_Eg-xy1joE2Wz0IPNMJ0
      ┣ Cache-Control：                  no-cache
      ┣ Origin：                         http://localhost:9527
      ┣ Pragma：                         no-cache
      ┣ Referer：                        http://localhost:9527/
      ┣ sec-ch-ua：                      "Chromium";v="124", "Google Chrome";v="124", "Not-A.Brand";v="99"
      ┣ DNT：                            1
      ┣ sec-ch-ua-mobile：               ?0
      ┣ X-Authorization：                Bearer eyJhbGciOiJIUzI1NiIsInR5cCI6IkpXVCJ9.eyJmIjoiZXlKaGJHY2lPaUpJVXpJMU5pSXNJblI1Y0NJNklrcFhWQ0o5IiwiZSI6IkU1TEQ1eEdtVXdjQjd0VlU2U1otMmk0X0VnLXh5MWpvRTJXejBJUE5NSjAiLCJzIjo3OSwibCI6MywiayI6IjZJaiIsImlhdCI6MTcxNjEyNzkwMywibmJmIjoxNzE2MTI3OTAzLCJleHAiOjE3MTczMzc1MDMsImlzcyI6Imd1eGluLmxpbmsiLCJhdWQiOiJndXhpbi5saW5rIn0.VCasbsEh70gJEMSsMBs6_8Yj3ofR902O-JmGvOnK4BE
      ┣ X-Request-Id：                   cxN8vwhL6Ox7_u8pZDnZ0
      ┣ sec-ch-ua-platform：             "Windows"
      ┣ Sec-Fetch-Site：                 same-site
      ┣ Sec-Fetch-Mode：                 cors
      ┣ Sec-Fetch-Dest：                 empty
      ┣ ━━━━━━━━━━━━━━━  参数列表 ━━━━━━━━━━━━━━━
      ┣ Content-Type：                   
      ┣ 
      ┣ imageType (Nullable`1)：         
      ┣ minId (Nullable`1)：             
      ┣ ━━━━━━━━━━━━━━━  返回信息 ━━━━━━━━━━━━━━━
      ┣ HTTP响应状态码：                 200
      ┣ 原始类型：                       System.Threading.Tasks.Task<System.Collections.Generic.IList<Admin.NET.Core.JuAI.Service.ChatgptImageRes>>
      ┣ 最终类型：                       Admin.NET.Core.AdminResult<System.Object>
      ┣ 最终返回值：                     {"code":200,"type":"success","message":"","result":[{"id":"34339176148805","prompt":"沙滩上一家人在一起幸福的露营。","promptEn":"A happy family camping together on the beach.;spring,cinematic","ossUrl":"https://oaidalleapiprodscus.blob.core.windows.net/private/org-jVmWXH4GArzEqkk7AHS1ylpK/user-QZFXa5hwMzChNULIWMZr36Hm/img-xnxVLM1mqQhic2GfE1uEFdVY.png?st=2024-05-21T13%3A43%3A49Z&se=2024-05-21T15%3A43%3A49Z&sp=r&sv=2021-08-06&sr=b&rscd=inline&rsct=image/png&skoid=6aaadede-4fb3-4698-a8f6-684d7786b067&sktid=a48cca
      ┗━━━━━━━━━━━  Logging Monitor ━━━━━━━━━━━
info: 2024-05-21 22:47:02.7701220 +08:00 星期二 L System.Logging.LoggingMonitor[0] #34 '00-eb3211f690d6a18c8c275e7b20227fc2-6fa9f9e8a5a12b90-00'
      [System.Private.CoreLib.dll] void System.Runtime.CompilerServices.AsyncTaskMethodBuilder<TResult>+AsyncStateMachineBox<TStateMachine>.MoveNext(Thread threadPoolThread)
      ┏━━━━━━━━━━━  Logging Monitor ━━━━━━━━━━━
      ┣ Admin.NET.Core.JuAI.Service.AIDrawing.DrawingImageService.GetMyAll
      ┣ 
      ┣ 控制器名称：                     DrawingImageService
      ┣ 操作名称：                       GetMyAll
      ┣ 显示名称：                       
      ┣ 路由信息：                       [area]: ; [controller]: drawingImage; [action]: myAll
      ┣ 请求方式：                       GET
      ┣ 请求地址：                       http://localhost:5005/app/api/DrawingImage/MyALl?drawingType=dalle&minId=
      ┣ 来源地址：                       http://localhost:9527/
      ┣ 请求端源：                       client
      ┣ 浏览器标识：                     Mozilla/5.0 (Windows NT 10.0; Win64; x64) AppleWebKit/537.36 (KHTML, like Gecko) Chrome/124.0.0.0 Safari/537.36
      ┣ 客户端区域语言：                 zh-CN,zh;q=0.9
      ┣ 客户端 IP 地址：                 127.0.0.1
      ┣ 服务端 IP 地址：                 127.0.0.1
      ┣ 客户端连接 ID：                  00-eb3211f690d6a18c8c275e7b20227fc2-6fa9f9e8a5a12b90-00
      ┣ 服务线程 ID：                    #27
      ┣ 执行耗时：                       53ms
      ┣ ━━━━━━━━━━━━━━━  Cookies ━━━━━━━━━━━━━━━
      ┣ 请求端：                         
      ┣ 响应端：                         
      ┣ ━━━━━━━━━━━━━━━  系统信息 ━━━━━━━━━━━━━━━
      ┣ 系统名称：                       Microsoft Windows 10.0.19045
      ┣ 系统架构：                       X64
      ┣ 基础框架：                       Furion.Pure v1.0.0.0
      ┣ .NET 架构：                      .NET 8.0.0
      ┣ ━━━━━━━━━━━━━━━  启动信息 ━━━━━━━━━━━━━━━
      ┣ 运行环境：                       Production
      ┣ 启动程序集：                     Admin.NET.Web.Entry
      ┣ 进程名称：                       Admin.NET.Web.Entry
      ┣ 托管程序：                       Kestrel
      ┣ ━━━━━━━━━━━━━━━  授权信息 ━━━━━━━━━━━━━━━
      ┣ JWT Token：                      Bearer eyJhbGciOiJIUzI1NiIsInR5cCI6IkpXVCJ9.eyJVc2VySWQiOjE0MjEzNDI2MzI3ODc3LCJUZW5hbnRJZCI6MTMwMDAwMDAwMDAwMSwiQWNjb3VudCI6IjE4NjAwNzY2MDQ1IiwiTmlja05hbWUiOiLmgKrlhb3mnaXkuoYiLCJBY2NvdW50VHlwZSI6Nzc3LCJleHAiOjE3MTY3MzI3MDMsIm5iZiI6MTcxNjEyNzkwMywiaWF0IjoxNzE2MTI3OTAzLCJpc3MiOiJndXhpbi5saW5rIiwiYXVkIjoiZ3V4aW4ubGluayJ9.E5LD5xGmUwcB7tVU6SZ-2i4_Eg-xy1joE2Wz0IPNMJ0
      ┣ 
      ┣ UserId (integer64)：             14213426327877
      ┣ TenantId (integer64)：           1300000000001
      ┣ Account (string)：               18600766045
      ┣ NickName (string)：              怪兽来了
      ┣ AccountType (integer32)：        777
      ┣ exp (integer64)：                1716732703 (2024-05-26 22:11:43:0000(+08:00) 星期日 L)
      ┣ nbf (integer64)：                1716127903 (2024-05-19 22:11:43:0000(+08:00) 星期日 L)
      ┣ iat (integer64)：                1716127903 (2024-05-19 22:11:43:0000(+08:00) 星期日 L)
      ┣ iss (string)：                   guxin.link
      ┣ aud (string)：                   guxin.link
      ┣ ━━━━━━━━━━━━━━━  请求头信息 ━━━━━━━━━━━━━━━
      ┣ 
      ┣ Accept：                         application/json, text/plain, */*
      ┣ Connection：                     keep-alive
      ┣ Host：                           localhost:5005
      ┣ User-Agent：                     Mozilla/5.0 (Windows NT 10.0; Win64; x64) AppleWebKit/537.36 (KHTML, like Gecko) Chrome/124.0.0.0 Safari/537.36
      ┣ Accept-Encoding：                gzip, deflate, br, zstd
      ┣ Accept-Language：                zh-CN,zh;q=0.9
      ┣ Authorization：                  Bearer eyJhbGciOiJIUzI1NiIsInR5cCI6IkpXVCJ9.eyJVc2VySWQiOjE0MjEzNDI2MzI3ODc3LCJUZW5hbnRJZCI6MTMwMDAwMDAwMDAwMSwiQWNjb3VudCI6IjE4NjAwNzY2MDQ1IiwiTmlja05hbWUiOiLmgKrlhb3mnaXkuoYiLCJBY2NvdW50VHlwZSI6Nzc3LCJleHAiOjE3MTY3MzI3MDMsIm5iZiI6MTcxNjEyNzkwMywiaWF0IjoxNzE2MTI3OTAzLCJpc3MiOiJndXhpbi5saW5rIiwiYXVkIjoiZ3V4aW4ubGluayJ9.E5LD5xGmUwcB7tVU6SZ-2i4_Eg-xy1joE2Wz0IPNMJ0
      ┣ Cache-Control：                  no-cache
      ┣ Origin：                         http://localhost:9527
      ┣ Pragma：                         no-cache
      ┣ Referer：                        http://localhost:9527/
      ┣ sec-ch-ua：                      "Chromium";v="124", "Google Chrome";v="124", "Not-A.Brand";v="99"
      ┣ DNT：                            1
      ┣ sec-ch-ua-mobile：               ?0
      ┣ X-Authorization：                Bearer eyJhbGciOiJIUzI1NiIsInR5cCI6IkpXVCJ9.eyJmIjoiZXlKaGJHY2lPaUpJVXpJMU5pSXNJblI1Y0NJNklrcFhWQ0o5IiwiZSI6IkU1TEQ1eEdtVXdjQjd0VlU2U1otMmk0X0VnLXh5MWpvRTJXejBJUE5NSjAiLCJzIjo3OSwibCI6MywiayI6IjZJaiIsImlhdCI6MTcxNjEyNzkwMywibmJmIjoxNzE2MTI3OTAzLCJleHAiOjE3MTczMzc1MDMsImlzcyI6Imd1eGluLmxpbmsiLCJhdWQiOiJndXhpbi5saW5rIn0.VCasbsEh70gJEMSsMBs6_8Yj3ofR902O-JmGvOnK4BE
      ┣ X-Request-Id：                   r-HcirDvR_yEzZUh0F9P6
      ┣ sec-ch-ua-platform：             "Windows"
      ┣ Sec-Fetch-Site：                 same-site
      ┣ Sec-Fetch-Mode：                 cors
      ┣ Sec-Fetch-Dest：                 empty
      ┣ ━━━━━━━━━━━━━━━  参数列表 ━━━━━━━━━━━━━━━
      ┣ Content-Type：                   
      ┣ 
      ┣ imageType (Nullable`1)：         
      ┣ minId (Nullable`1)：             
      ┣ ━━━━━━━━━━━━━━━  返回信息 ━━━━━━━━━━━━━━━
      ┣ HTTP响应状态码：                 200
      ┣ 原始类型：                       System.Threading.Tasks.Task<System.Collections.Generic.IList<Admin.NET.Core.JuAI.Service.ChatgptImageRes>>
      ┣ 最终类型：                       Admin.NET.Core.AdminResult<System.Object>
      ┣ 最终返回值：                     {"code":200,"type":"success","message":"","result":[{"id":"34339176148805","prompt":"沙滩上一家人在一起幸福的露营。","promptEn":"A happy family camping together on the beach.;spring,cinematic","ossUrl":"https://oaidalleapiprodscus.blob.core.windows.net/private/org-jVmWXH4GArzEqkk7AHS1ylpK/user-QZFXa5hwMzChNULIWMZr36Hm/img-xnxVLM1mqQhic2GfE1uEFdVY.png?st=2024-05-21T13%3A43%3A49Z&se=2024-05-21T15%3A43%3A49Z&sp=r&sv=2021-08-06&sr=b&rscd=inline&rsct=image/png&skoid=6aaadede-4fb3-4698-a8f6-684d7786b067&sktid=a48cca
      ┗━━━━━━━━━━━  Logging Monitor ━━━━━━━━━━━
info: 2024-05-21 22:52:25.7794432 +08:00 星期二 L System.Logging.LoggingMonitor[0] #3 '00-1a98c02c3133f0b1c43b6279bf9d7c78-c925cb96f80912fc-00'
      [System.Private.CoreLib.dll] void System.Runtime.CompilerServices.AsyncTaskMethodBuilder<TResult>+AsyncStateMachineBox<TStateMachine>.MoveNext(Thread threadPoolThread)
      ┏━━━━━━━━━━━  Logging Monitor ━━━━━━━━━━━
      ┣ Admin.NET.Core.JuAI.Service.AIDrawing.DrawingImageService.GetRecommend
      ┣ 
      ┣ 控制器名称：                         DrawingImageService
      ┣ 操作名称：                           GetRecommend
      ┣ 显示名称：                           
      ┣ 路由信息：                           [area]: ; [controller]: drawingImage; [action]: recommend
      ┣ 请求方式：                           GET
      ┣ 请求地址：                           http://localhost:5005/app/api/DrawingImage/Recommend/dalle
      ┣ 来源地址：                           http://localhost:9527/
      ┣ 请求端源：                           client
      ┣ 浏览器标识：                         Mozilla/5.0 (Windows NT 10.0; Win64; x64) AppleWebKit/537.36 (KHTML, like Gecko) Chrome/124.0.0.0 Safari/537.36
      ┣ 客户端区域语言：                     zh-CN,zh;q=0.9
      ┣ 客户端 IP 地址：                     127.0.0.1
      ┣ 服务端 IP 地址：                     127.0.0.1
      ┣ 客户端连接 ID：                      00-1a98c02c3133f0b1c43b6279bf9d7c78-c925cb96f80912fc-00
      ┣ 服务线程 ID：                        #3
      ┣ 执行耗时：                           136ms
      ┣ ━━━━━━━━━━━━━━━  Cookies ━━━━━━━━━━━━━━━
      ┣ 请求端：                             
      ┣ 响应端：                             
      ┣ ━━━━━━━━━━━━━━━  系统信息 ━━━━━━━━━━━━━━━
      ┣ 系统名称：                           Microsoft Windows 10.0.19045
      ┣ 系统架构：                           X64
      ┣ 基础框架：                           Furion.Pure v1.0.0.0
      ┣ .NET 架构：                          .NET 8.0.0
      ┣ ━━━━━━━━━━━━━━━  启动信息 ━━━━━━━━━━━━━━━
      ┣ 运行环境：                           Production
      ┣ 启动程序集：                         Admin.NET.Web.Entry
      ┣ 进程名称：                           Admin.NET.Web.Entry
      ┣ 托管程序：                           Kestrel
      ┣ ━━━━━━━━━━━━━━━  请求头信息 ━━━━━━━━━━━━━━━
      ┣ 
      ┣ Accept：                             application/json, text/plain, */*
      ┣ Connection：                         keep-alive
      ┣ Host：                               localhost:5005
      ┣ User-Agent：                         Mozilla/5.0 (Windows NT 10.0; Win64; x64) AppleWebKit/537.36 (KHTML, like Gecko) Chrome/124.0.0.0 Safari/537.36
      ┣ Accept-Encoding：                    gzip, deflate, br, zstd
      ┣ Accept-Language：                    zh-CN,zh;q=0.9
      ┣ Authorization：                      Bearer eyJhbGciOiJIUzI1NiIsInR5cCI6IkpXVCJ9.eyJVc2VySWQiOjE0MjEzNDI2MzI3ODc3LCJUZW5hbnRJZCI6MTMwMDAwMDAwMDAwMSwiQWNjb3VudCI6IjE4NjAwNzY2MDQ1IiwiTmlja05hbWUiOiLmgKrlhb3mnaXkuoYiLCJBY2NvdW50VHlwZSI6Nzc3LCJleHAiOjE3MTY3MzI3MDMsIm5iZiI6MTcxNjEyNzkwMywiaWF0IjoxNzE2MTI3OTAzLCJpc3MiOiJndXhpbi5saW5rIiwiYXVkIjoiZ3V4aW4ubGluayJ9.E5LD5xGmUwcB7tVU6SZ-2i4_Eg-xy1joE2Wz0IPNMJ0
      ┣ Cache-Control：                      no-cache
      ┣ Origin：                             http://localhost:9527
      ┣ Pragma：                             no-cache
      ┣ Referer：                            http://localhost:9527/
      ┣ sec-ch-ua：                          "Chromium";v="124", "Google Chrome";v="124", "Not-A.Brand";v="99"
      ┣ DNT：                                1
      ┣ sec-ch-ua-mobile：                   ?0
      ┣ X-Authorization：                    Bearer eyJhbGciOiJIUzI1NiIsInR5cCI6IkpXVCJ9.eyJmIjoiZXlKaGJHY2lPaUpJVXpJMU5pSXNJblI1Y0NJNklrcFhWQ0o5IiwiZSI6IkU1TEQ1eEdtVXdjQjd0VlU2U1otMmk0X0VnLXh5MWpvRTJXejBJUE5NSjAiLCJzIjo3OSwibCI6MywiayI6IjZJaiIsImlhdCI6MTcxNjEyNzkwMywibmJmIjoxNzE2MTI3OTAzLCJleHAiOjE3MTczMzc1MDMsImlzcyI6Imd1eGluLmxpbmsiLCJhdWQiOiJndXhpbi5saW5rIn0.VCasbsEh70gJEMSsMBs6_8Yj3ofR902O-JmGvOnK4BE
      ┣ X-Request-Id：                       g2Tu_-hHiSeXqgyCaJXC8
      ┣ sec-ch-ua-platform：                 "Windows"
      ┣ Sec-Fetch-Site：                     same-site
      ┣ Sec-Fetch-Mode：                     cors
      ┣ Sec-Fetch-Dest：                     empty
      ┣ ━━━━━━━━━━━━━━━  参数列表 ━━━━━━━━━━━━━━━
      ┣ Content-Type：                       
      ┣ 
      ┣ imageType (DrawingTypeEnum)：        0
      ┣ minDate (Nullable`1)：               
      ┣ ━━━━━━━━━━━━━━━  返回信息 ━━━━━━━━━━━━━━━
      ┣ HTTP响应状态码：                     200
      ┣ 原始类型：                           System.Threading.Tasks.Task<System.Collections.Generic.IList<Admin.NET.Core.JuAI.Service.ChatgptImageRes>>
      ┣ 最终类型：                           Admin.NET.Core.AdminResult<System.Object>
      ┣ 最终返回值：                         {"code":200,"type":"success","message":"","result":[{"id":"31325892048453","prompt":"日本街道，夜晚，霓虹灯，酒屋，美女，（厚漆风格：1.3），（广角镜头：1.4），（最佳照明），4K Unity，（超详细CG：1.2）， (8K: 1.2)，辛烷值渲染","promptEn":"Japanese streets, night, neon lights, sake bars, beautiful women, (thick lacquer style: 1.3), (wide-angle lens: 1.4), (optimal lighting), 4K Unity, (super detailed CG: 1.2), (8K: 1.2), octane rendering.","ossUrl":"http://filetest.guxin.link/YiShuZi_Image/31325892087877.jpg","executionStatus":0,"drawingType":0,"creat
      ┗━━━━━━━━━━━  Logging Monitor ━━━━━━━━━━━
info: 2024-05-21 22:52:25.9824297 +08:00 星期二 L System.Logging.LoggingMonitor[0] #26 '00-5e447c61c8af4938a81e11667dc5bdc3-83ad7e5df32e893e-00'
      [System.Private.CoreLib.dll] void System.Runtime.CompilerServices.AsyncTaskMethodBuilder<TResult>+AsyncStateMachineBox<TStateMachine>.MoveNext(Thread threadPoolThread)
      ┏━━━━━━━━━━━  Logging Monitor ━━━━━━━━━━━
      ┣ Admin.NET.Core.JuAI.Service.AIDrawing.DrawingImageService.GetMyAll
      ┣ 
      ┣ 控制器名称：                     DrawingImageService
      ┣ 操作名称：                       GetMyAll
      ┣ 显示名称：                       
      ┣ 路由信息：                       [area]: ; [controller]: drawingImage; [action]: myAll
      ┣ 请求方式：                       GET
      ┣ 请求地址：                       http://localhost:5005/app/api/DrawingImage/MyALl?drawingType=dalle&minId=
      ┣ 来源地址：                       http://localhost:9527/
      ┣ 请求端源：                       client
      ┣ 浏览器标识：                     Mozilla/5.0 (Windows NT 10.0; Win64; x64) AppleWebKit/537.36 (KHTML, like Gecko) Chrome/124.0.0.0 Safari/537.36
      ┣ 客户端区域语言：                 zh-CN,zh;q=0.9
      ┣ 客户端 IP 地址：                 127.0.0.1
      ┣ 服务端 IP 地址：                 127.0.0.1
      ┣ 客户端连接 ID：                  00-5e447c61c8af4938a81e11667dc5bdc3-83ad7e5df32e893e-00
      ┣ 服务线程 ID：                    #35
      ┣ 执行耗时：                       54ms
      ┣ ━━━━━━━━━━━━━━━  Cookies ━━━━━━━━━━━━━━━
      ┣ 请求端：                         
      ┣ 响应端：                         
      ┣ ━━━━━━━━━━━━━━━  系统信息 ━━━━━━━━━━━━━━━
      ┣ 系统名称：                       Microsoft Windows 10.0.19045
      ┣ 系统架构：                       X64
      ┣ 基础框架：                       Furion.Pure v1.0.0.0
      ┣ .NET 架构：                      .NET 8.0.0
      ┣ ━━━━━━━━━━━━━━━  启动信息 ━━━━━━━━━━━━━━━
      ┣ 运行环境：                       Production
      ┣ 启动程序集：                     Admin.NET.Web.Entry
      ┣ 进程名称：                       Admin.NET.Web.Entry
      ┣ 托管程序：                       Kestrel
      ┣ ━━━━━━━━━━━━━━━  授权信息 ━━━━━━━━━━━━━━━
      ┣ JWT Token：                      Bearer eyJhbGciOiJIUzI1NiIsInR5cCI6IkpXVCJ9.eyJVc2VySWQiOjE0MjEzNDI2MzI3ODc3LCJUZW5hbnRJZCI6MTMwMDAwMDAwMDAwMSwiQWNjb3VudCI6IjE4NjAwNzY2MDQ1IiwiTmlja05hbWUiOiLmgKrlhb3mnaXkuoYiLCJBY2NvdW50VHlwZSI6Nzc3LCJleHAiOjE3MTY3MzI3MDMsIm5iZiI6MTcxNjEyNzkwMywiaWF0IjoxNzE2MTI3OTAzLCJpc3MiOiJndXhpbi5saW5rIiwiYXVkIjoiZ3V4aW4ubGluayJ9.E5LD5xGmUwcB7tVU6SZ-2i4_Eg-xy1joE2Wz0IPNMJ0
      ┣ 
      ┣ UserId (integer64)：             14213426327877
      ┣ TenantId (integer64)：           1300000000001
      ┣ Account (string)：               18600766045
      ┣ NickName (string)：              怪兽来了
      ┣ AccountType (integer32)：        777
      ┣ exp (integer64)：                1716732703 (2024-05-26 22:11:43:0000(+08:00) 星期日 L)
      ┣ nbf (integer64)：                1716127903 (2024-05-19 22:11:43:0000(+08:00) 星期日 L)
      ┣ iat (integer64)：                1716127903 (2024-05-19 22:11:43:0000(+08:00) 星期日 L)
      ┣ iss (string)：                   guxin.link
      ┣ aud (string)：                   guxin.link
      ┣ ━━━━━━━━━━━━━━━  请求头信息 ━━━━━━━━━━━━━━━
      ┣ 
      ┣ Accept：                         application/json, text/plain, */*
      ┣ Connection：                     keep-alive
      ┣ Host：                           localhost:5005
      ┣ User-Agent：                     Mozilla/5.0 (Windows NT 10.0; Win64; x64) AppleWebKit/537.36 (KHTML, like Gecko) Chrome/124.0.0.0 Safari/537.36
      ┣ Accept-Encoding：                gzip, deflate, br, zstd
      ┣ Accept-Language：                zh-CN,zh;q=0.9
      ┣ Authorization：                  Bearer eyJhbGciOiJIUzI1NiIsInR5cCI6IkpXVCJ9.eyJVc2VySWQiOjE0MjEzNDI2MzI3ODc3LCJUZW5hbnRJZCI6MTMwMDAwMDAwMDAwMSwiQWNjb3VudCI6IjE4NjAwNzY2MDQ1IiwiTmlja05hbWUiOiLmgKrlhb3mnaXkuoYiLCJBY2NvdW50VHlwZSI6Nzc3LCJleHAiOjE3MTY3MzI3MDMsIm5iZiI6MTcxNjEyNzkwMywiaWF0IjoxNzE2MTI3OTAzLCJpc3MiOiJndXhpbi5saW5rIiwiYXVkIjoiZ3V4aW4ubGluayJ9.E5LD5xGmUwcB7tVU6SZ-2i4_Eg-xy1joE2Wz0IPNMJ0
      ┣ Cache-Control：                  no-cache
      ┣ Origin：                         http://localhost:9527
      ┣ Pragma：                         no-cache
      ┣ Referer：                        http://localhost:9527/
      ┣ sec-ch-ua：                      "Chromium";v="124", "Google Chrome";v="124", "Not-A.Brand";v="99"
      ┣ DNT：                            1
      ┣ sec-ch-ua-mobile：               ?0
      ┣ X-Authorization：                Bearer eyJhbGciOiJIUzI1NiIsInR5cCI6IkpXVCJ9.eyJmIjoiZXlKaGJHY2lPaUpJVXpJMU5pSXNJblI1Y0NJNklrcFhWQ0o5IiwiZSI6IkU1TEQ1eEdtVXdjQjd0VlU2U1otMmk0X0VnLXh5MWpvRTJXejBJUE5NSjAiLCJzIjo3OSwibCI6MywiayI6IjZJaiIsImlhdCI6MTcxNjEyNzkwMywibmJmIjoxNzE2MTI3OTAzLCJleHAiOjE3MTczMzc1MDMsImlzcyI6Imd1eGluLmxpbmsiLCJhdWQiOiJndXhpbi5saW5rIn0.VCasbsEh70gJEMSsMBs6_8Yj3ofR902O-JmGvOnK4BE
      ┣ X-Request-Id：                   tR8UCcujIOPcLaMPBkuhu
      ┣ sec-ch-ua-platform：             "Windows"
      ┣ Sec-Fetch-Site：                 same-site
      ┣ Sec-Fetch-Mode：                 cors
      ┣ Sec-Fetch-Dest：                 empty
      ┣ ━━━━━━━━━━━━━━━  参数列表 ━━━━━━━━━━━━━━━
      ┣ Content-Type：                   
      ┣ 
      ┣ imageType (Nullable`1)：         
      ┣ minId (Nullable`1)：             
      ┣ ━━━━━━━━━━━━━━━  返回信息 ━━━━━━━━━━━━━━━
      ┣ HTTP响应状态码：                 200
      ┣ 原始类型：                       System.Threading.Tasks.Task<System.Collections.Generic.IList<Admin.NET.Core.JuAI.Service.ChatgptImageRes>>
      ┣ 最终类型：                       Admin.NET.Core.AdminResult<System.Object>
      ┣ 最终返回值：                     {"code":200,"type":"success","message":"","result":[{"id":"34339176148805","prompt":"沙滩上一家人在一起幸福的露营。","promptEn":"A happy family camping together on the beach.;spring,cinematic","ossUrl":"https://oaidalleapiprodscus.blob.core.windows.net/private/org-jVmWXH4GArzEqkk7AHS1ylpK/user-QZFXa5hwMzChNULIWMZr36Hm/img-xnxVLM1mqQhic2GfE1uEFdVY.png?st=2024-05-21T13%3A43%3A49Z&se=2024-05-21T15%3A43%3A49Z&sp=r&sv=2021-08-06&sr=b&rscd=inline&rsct=image/png&skoid=6aaadede-4fb3-4698-a8f6-684d7786b067&sktid=a48cca
      ┗━━━━━━━━━━━  Logging Monitor ━━━━━━━━━━━
info: 2024-05-21 22:52:54.5430697 +08:00 星期二 L System.Logging.LoggingMonitor[0] #26 '00-9b5da394f7d85a23357139e9cfd02c6d-f679c9f8f854906c-00'
      [System.Private.CoreLib.dll] void System.Runtime.CompilerServices.AsyncTaskMethodBuilder<TResult>+AsyncStateMachineBox<TStateMachine>.MoveNext(Thread threadPoolThread)
      ┏━━━━━━━━━━━  Logging Monitor ━━━━━━━━━━━
      ┣ Admin.NET.Core.JuAI.Service.AIDrawing.DrawingImageService.GetRecommend
      ┣ 
      ┣ 控制器名称：                         DrawingImageService
      ┣ 操作名称：                           GetRecommend
      ┣ 显示名称：                           
      ┣ 路由信息：                           [area]: ; [controller]: drawingImage; [action]: recommend
      ┣ 请求方式：                           GET
      ┣ 请求地址：                           http://localhost:5005/app/api/DrawingImage/Recommend/dalle
      ┣ 来源地址：                           http://localhost:9527/
      ┣ 请求端源：                           client
      ┣ 浏览器标识：                         Mozilla/5.0 (Windows NT 10.0; Win64; x64) AppleWebKit/537.36 (KHTML, like Gecko) Chrome/124.0.0.0 Safari/537.36
      ┣ 客户端区域语言：                     zh-CN,zh;q=0.9
      ┣ 客户端 IP 地址：                     127.0.0.1
      ┣ 服务端 IP 地址：                     127.0.0.1
      ┣ 客户端连接 ID：                      00-9b5da394f7d85a23357139e9cfd02c6d-f679c9f8f854906c-00
      ┣ 服务线程 ID：                        #28
      ┣ 执行耗时：                           58ms
      ┣ ━━━━━━━━━━━━━━━  Cookies ━━━━━━━━━━━━━━━
      ┣ 请求端：                             
      ┣ 响应端：                             
      ┣ ━━━━━━━━━━━━━━━  系统信息 ━━━━━━━━━━━━━━━
      ┣ 系统名称：                           Microsoft Windows 10.0.19045
      ┣ 系统架构：                           X64
      ┣ 基础框架：                           Furion.Pure v1.0.0.0
      ┣ .NET 架构：                          .NET 8.0.0
      ┣ ━━━━━━━━━━━━━━━  启动信息 ━━━━━━━━━━━━━━━
      ┣ 运行环境：                           Production
      ┣ 启动程序集：                         Admin.NET.Web.Entry
      ┣ 进程名称：                           Admin.NET.Web.Entry
      ┣ 托管程序：                           Kestrel
      ┣ ━━━━━━━━━━━━━━━  请求头信息 ━━━━━━━━━━━━━━━
      ┣ 
      ┣ Accept：                             application/json, text/plain, */*
      ┣ Connection：                         keep-alive
      ┣ Host：                               localhost:5005
      ┣ User-Agent：                         Mozilla/5.0 (Windows NT 10.0; Win64; x64) AppleWebKit/537.36 (KHTML, like Gecko) Chrome/124.0.0.0 Safari/537.36
      ┣ Accept-Encoding：                    gzip, deflate, br, zstd
      ┣ Accept-Language：                    zh-CN,zh;q=0.9
      ┣ Authorization：                      Bearer eyJhbGciOiJIUzI1NiIsInR5cCI6IkpXVCJ9.eyJVc2VySWQiOjE0MjEzNDI2MzI3ODc3LCJUZW5hbnRJZCI6MTMwMDAwMDAwMDAwMSwiQWNjb3VudCI6IjE4NjAwNzY2MDQ1IiwiTmlja05hbWUiOiLmgKrlhb3mnaXkuoYiLCJBY2NvdW50VHlwZSI6Nzc3LCJleHAiOjE3MTY3MzI3MDMsIm5iZiI6MTcxNjEyNzkwMywiaWF0IjoxNzE2MTI3OTAzLCJpc3MiOiJndXhpbi5saW5rIiwiYXVkIjoiZ3V4aW4ubGluayJ9.E5LD5xGmUwcB7tVU6SZ-2i4_Eg-xy1joE2Wz0IPNMJ0
      ┣ Cache-Control：                      no-cache
      ┣ Origin：                             http://localhost:9527
      ┣ Pragma：                             no-cache
      ┣ Referer：                            http://localhost:9527/
      ┣ sec-ch-ua：                          "Chromium";v="124", "Google Chrome";v="124", "Not-A.Brand";v="99"
      ┣ DNT：                                1
      ┣ sec-ch-ua-mobile：                   ?0
      ┣ X-Authorization：                    Bearer eyJhbGciOiJIUzI1NiIsInR5cCI6IkpXVCJ9.eyJmIjoiZXlKaGJHY2lPaUpJVXpJMU5pSXNJblI1Y0NJNklrcFhWQ0o5IiwiZSI6IkU1TEQ1eEdtVXdjQjd0VlU2U1otMmk0X0VnLXh5MWpvRTJXejBJUE5NSjAiLCJzIjo3OSwibCI6MywiayI6IjZJaiIsImlhdCI6MTcxNjEyNzkwMywibmJmIjoxNzE2MTI3OTAzLCJleHAiOjE3MTczMzc1MDMsImlzcyI6Imd1eGluLmxpbmsiLCJhdWQiOiJndXhpbi5saW5rIn0.VCasbsEh70gJEMSsMBs6_8Yj3ofR902O-JmGvOnK4BE
      ┣ X-Request-Id：                       P4_nLSdqr1vsdfgU7LU2g
      ┣ sec-ch-ua-platform：                 "Windows"
      ┣ Sec-Fetch-Site：                     same-site
      ┣ Sec-Fetch-Mode：                     cors
      ┣ Sec-Fetch-Dest：                     empty
      ┣ ━━━━━━━━━━━━━━━  参数列表 ━━━━━━━━━━━━━━━
      ┣ Content-Type：                       
      ┣ 
      ┣ imageType (DrawingTypeEnum)：        0
      ┣ minDate (Nullable`1)：               
      ┣ ━━━━━━━━━━━━━━━  返回信息 ━━━━━━━━━━━━━━━
      ┣ HTTP响应状态码：                     200
      ┣ 原始类型：                           System.Threading.Tasks.Task<System.Collections.Generic.IList<Admin.NET.Core.JuAI.Service.ChatgptImageRes>>
      ┣ 最终类型：                           Admin.NET.Core.AdminResult<System.Object>
      ┣ 最终返回值：                         {"code":200,"type":"success","message":"","result":[{"id":"31325892048453","prompt":"日本街道，夜晚，霓虹灯，酒屋，美女，（厚漆风格：1.3），（广角镜头：1.4），（最佳照明），4K Unity，（超详细CG：1.2）， (8K: 1.2)，辛烷值渲染","promptEn":"Japanese streets, night, neon lights, sake bars, beautiful women, (thick lacquer style: 1.3), (wide-angle lens: 1.4), (optimal lighting), 4K Unity, (super detailed CG: 1.2), (8K: 1.2), octane rendering.","ossUrl":"http://filetest.guxin.link/YiShuZi_Image/31325892087877.jpg","executionStatus":0,"drawingType":0,"creat
      ┗━━━━━━━━━━━  Logging Monitor ━━━━━━━━━━━
info: 2024-05-21 22:52:54.8251508 +08:00 星期二 L System.Logging.LoggingMonitor[0] #31 '00-25dd01b24b12098181d41cb1d7985f31-879992125b32cd2b-00'
      [System.Private.CoreLib.dll] void System.Runtime.CompilerServices.AsyncTaskMethodBuilder<TResult>+AsyncStateMachineBox<TStateMachine>.MoveNext(Thread threadPoolThread)
      ┏━━━━━━━━━━━  Logging Monitor ━━━━━━━━━━━
      ┣ Admin.NET.Core.JuAI.Service.AIDrawing.DrawingImageService.GetMyAll
      ┣ 
      ┣ 控制器名称：                     DrawingImageService
      ┣ 操作名称：                       GetMyAll
      ┣ 显示名称：                       
      ┣ 路由信息：                       [area]: ; [controller]: drawingImage; [action]: myAll
      ┣ 请求方式：                       GET
      ┣ 请求地址：                       http://localhost:5005/app/api/DrawingImage/MyALl?drawingType=dalle&minId=
      ┣ 来源地址：                       http://localhost:9527/
      ┣ 请求端源：                       client
      ┣ 浏览器标识：                     Mozilla/5.0 (Windows NT 10.0; Win64; x64) AppleWebKit/537.36 (KHTML, like Gecko) Chrome/124.0.0.0 Safari/537.36
      ┣ 客户端区域语言：                 zh-CN,zh;q=0.9
      ┣ 客户端 IP 地址：                 127.0.0.1
      ┣ 服务端 IP 地址：                 127.0.0.1
      ┣ 客户端连接 ID：                  00-25dd01b24b12098181d41cb1d7985f31-879992125b32cd2b-00
      ┣ 服务线程 ID：                    #31
      ┣ 执行耗时：                       53ms
      ┣ ━━━━━━━━━━━━━━━  Cookies ━━━━━━━━━━━━━━━
      ┣ 请求端：                         
      ┣ 响应端：                         
      ┣ ━━━━━━━━━━━━━━━  系统信息 ━━━━━━━━━━━━━━━
      ┣ 系统名称：                       Microsoft Windows 10.0.19045
      ┣ 系统架构：                       X64
      ┣ 基础框架：                       Furion.Pure v1.0.0.0
      ┣ .NET 架构：                      .NET 8.0.0
      ┣ ━━━━━━━━━━━━━━━  启动信息 ━━━━━━━━━━━━━━━
      ┣ 运行环境：                       Production
      ┣ 启动程序集：                     Admin.NET.Web.Entry
      ┣ 进程名称：                       Admin.NET.Web.Entry
      ┣ 托管程序：                       Kestrel
      ┣ ━━━━━━━━━━━━━━━  授权信息 ━━━━━━━━━━━━━━━
      ┣ JWT Token：                      Bearer eyJhbGciOiJIUzI1NiIsInR5cCI6IkpXVCJ9.eyJVc2VySWQiOjE0MjEzNDI2MzI3ODc3LCJUZW5hbnRJZCI6MTMwMDAwMDAwMDAwMSwiQWNjb3VudCI6IjE4NjAwNzY2MDQ1IiwiTmlja05hbWUiOiLmgKrlhb3mnaXkuoYiLCJBY2NvdW50VHlwZSI6Nzc3LCJleHAiOjE3MTY3MzI3MDMsIm5iZiI6MTcxNjEyNzkwMywiaWF0IjoxNzE2MTI3OTAzLCJpc3MiOiJndXhpbi5saW5rIiwiYXVkIjoiZ3V4aW4ubGluayJ9.E5LD5xGmUwcB7tVU6SZ-2i4_Eg-xy1joE2Wz0IPNMJ0
      ┣ 
      ┣ UserId (integer64)：             14213426327877
      ┣ TenantId (integer64)：           1300000000001
      ┣ Account (string)：               18600766045
      ┣ NickName (string)：              怪兽来了
      ┣ AccountType (integer32)：        777
      ┣ exp (integer64)：                1716732703 (2024-05-26 22:11:43:0000(+08:00) 星期日 L)
      ┣ nbf (integer64)：                1716127903 (2024-05-19 22:11:43:0000(+08:00) 星期日 L)
      ┣ iat (integer64)：                1716127903 (2024-05-19 22:11:43:0000(+08:00) 星期日 L)
      ┣ iss (string)：                   guxin.link
      ┣ aud (string)：                   guxin.link
      ┣ ━━━━━━━━━━━━━━━  请求头信息 ━━━━━━━━━━━━━━━
      ┣ 
      ┣ Accept：                         application/json, text/plain, */*
      ┣ Connection：                     keep-alive
      ┣ Host：                           localhost:5005
      ┣ User-Agent：                     Mozilla/5.0 (Windows NT 10.0; Win64; x64) AppleWebKit/537.36 (KHTML, like Gecko) Chrome/124.0.0.0 Safari/537.36
      ┣ Accept-Encoding：                gzip, deflate, br, zstd
      ┣ Accept-Language：                zh-CN,zh;q=0.9
      ┣ Authorization：                  Bearer eyJhbGciOiJIUzI1NiIsInR5cCI6IkpXVCJ9.eyJVc2VySWQiOjE0MjEzNDI2MzI3ODc3LCJUZW5hbnRJZCI6MTMwMDAwMDAwMDAwMSwiQWNjb3VudCI6IjE4NjAwNzY2MDQ1IiwiTmlja05hbWUiOiLmgKrlhb3mnaXkuoYiLCJBY2NvdW50VHlwZSI6Nzc3LCJleHAiOjE3MTY3MzI3MDMsIm5iZiI6MTcxNjEyNzkwMywiaWF0IjoxNzE2MTI3OTAzLCJpc3MiOiJndXhpbi5saW5rIiwiYXVkIjoiZ3V4aW4ubGluayJ9.E5LD5xGmUwcB7tVU6SZ-2i4_Eg-xy1joE2Wz0IPNMJ0
      ┣ Cache-Control：                  no-cache
      ┣ Origin：                         http://localhost:9527
      ┣ Pragma：                         no-cache
      ┣ Referer：                        http://localhost:9527/
      ┣ sec-ch-ua：                      "Chromium";v="124", "Google Chrome";v="124", "Not-A.Brand";v="99"
      ┣ DNT：                            1
      ┣ sec-ch-ua-mobile：               ?0
      ┣ X-Authorization：                Bearer eyJhbGciOiJIUzI1NiIsInR5cCI6IkpXVCJ9.eyJmIjoiZXlKaGJHY2lPaUpJVXpJMU5pSXNJblI1Y0NJNklrcFhWQ0o5IiwiZSI6IkU1TEQ1eEdtVXdjQjd0VlU2U1otMmk0X0VnLXh5MWpvRTJXejBJUE5NSjAiLCJzIjo3OSwibCI6MywiayI6IjZJaiIsImlhdCI6MTcxNjEyNzkwMywibmJmIjoxNzE2MTI3OTAzLCJleHAiOjE3MTczMzc1MDMsImlzcyI6Imd1eGluLmxpbmsiLCJhdWQiOiJndXhpbi5saW5rIn0.VCasbsEh70gJEMSsMBs6_8Yj3ofR902O-JmGvOnK4BE
      ┣ X-Request-Id：                   aHdBac9qLxTWg7dfBG3Nh
      ┣ sec-ch-ua-platform：             "Windows"
      ┣ Sec-Fetch-Site：                 same-site
      ┣ Sec-Fetch-Mode：                 cors
      ┣ Sec-Fetch-Dest：                 empty
      ┣ ━━━━━━━━━━━━━━━  参数列表 ━━━━━━━━━━━━━━━
      ┣ Content-Type：                   
      ┣ 
      ┣ imageType (Nullable`1)：         
      ┣ minId (Nullable`1)：             
      ┣ ━━━━━━━━━━━━━━━  返回信息 ━━━━━━━━━━━━━━━
      ┣ HTTP响应状态码：                 200
      ┣ 原始类型：                       System.Threading.Tasks.Task<System.Collections.Generic.IList<Admin.NET.Core.JuAI.Service.ChatgptImageRes>>
      ┣ 最终类型：                       Admin.NET.Core.AdminResult<System.Object>
      ┣ 最终返回值：                     {"code":200,"type":"success","message":"","result":[{"id":"34339176148805","prompt":"沙滩上一家人在一起幸福的露营。","promptEn":"A happy family camping together on the beach.;spring,cinematic","ossUrl":"https://oaidalleapiprodscus.blob.core.windows.net/private/org-jVmWXH4GArzEqkk7AHS1ylpK/user-QZFXa5hwMzChNULIWMZr36Hm/img-xnxVLM1mqQhic2GfE1uEFdVY.png?st=2024-05-21T13%3A43%3A49Z&se=2024-05-21T15%3A43%3A49Z&sp=r&sv=2021-08-06&sr=b&rscd=inline&rsct=image/png&skoid=6aaadede-4fb3-4698-a8f6-684d7786b067&sktid=a48cca
      ┗━━━━━━━━━━━  Logging Monitor ━━━━━━━━━━━
info: 2024-05-21 22:54:44.4971192 +08:00 星期二 L System.Logging.LoggingMonitor[0] #26 '00-095a7904dbf44d9002563d9c05f57863-758cbd692bd2b4ec-00'
      [System.Private.CoreLib.dll] void System.Runtime.CompilerServices.AsyncTaskMethodBuilder<TResult>+AsyncStateMachineBox<TStateMachine>.MoveNext(Thread threadPoolThread)
      ┏━━━━━━━━━━━  Logging Monitor ━━━━━━━━━━━
      ┣ Admin.NET.Core.JuAI.Service.AIDrawing.DrawingImageService.GetRecommend
      ┣ 
      ┣ 控制器名称：                         DrawingImageService
      ┣ 操作名称：                           GetRecommend
      ┣ 显示名称：                           
      ┣ 路由信息：                           [area]: ; [controller]: drawingImage; [action]: recommend
      ┣ 请求方式：                           GET
      ┣ 请求地址：                           http://localhost:5005/app/api/DrawingImage/Recommend/dalle
      ┣ 来源地址：                           http://localhost:9527/
      ┣ 请求端源：                           client
      ┣ 浏览器标识：                         Mozilla/5.0 (Windows NT 10.0; Win64; x64) AppleWebKit/537.36 (KHTML, like Gecko) Chrome/124.0.0.0 Safari/537.36
      ┣ 客户端区域语言：                     zh-CN,zh;q=0.9
      ┣ 客户端 IP 地址：                     127.0.0.1
      ┣ 服务端 IP 地址：                     127.0.0.1
      ┣ 客户端连接 ID：                      00-095a7904dbf44d9002563d9c05f57863-758cbd692bd2b4ec-00
      ┣ 服务线程 ID：                        #26
      ┣ 执行耗时：                           53ms
      ┣ ━━━━━━━━━━━━━━━  Cookies ━━━━━━━━━━━━━━━
      ┣ 请求端：                             
      ┣ 响应端：                             
      ┣ ━━━━━━━━━━━━━━━  系统信息 ━━━━━━━━━━━━━━━
      ┣ 系统名称：                           Microsoft Windows 10.0.19045
      ┣ 系统架构：                           X64
      ┣ 基础框架：                           Furion.Pure v1.0.0.0
      ┣ .NET 架构：                          .NET 8.0.0
      ┣ ━━━━━━━━━━━━━━━  启动信息 ━━━━━━━━━━━━━━━
      ┣ 运行环境：                           Production
      ┣ 启动程序集：                         Admin.NET.Web.Entry
      ┣ 进程名称：                           Admin.NET.Web.Entry
      ┣ 托管程序：                           Kestrel
      ┣ ━━━━━━━━━━━━━━━  请求头信息 ━━━━━━━━━━━━━━━
      ┣ 
      ┣ Accept：                             application/json, text/plain, */*
      ┣ Connection：                         keep-alive
      ┣ Host：                               localhost:5005
      ┣ User-Agent：                         Mozilla/5.0 (Windows NT 10.0; Win64; x64) AppleWebKit/537.36 (KHTML, like Gecko) Chrome/124.0.0.0 Safari/537.36
      ┣ Accept-Encoding：                    gzip, deflate, br, zstd
      ┣ Accept-Language：                    zh-CN,zh;q=0.9
      ┣ Authorization：                      Bearer eyJhbGciOiJIUzI1NiIsInR5cCI6IkpXVCJ9.eyJVc2VySWQiOjE0MjEzNDI2MzI3ODc3LCJUZW5hbnRJZCI6MTMwMDAwMDAwMDAwMSwiQWNjb3VudCI6IjE4NjAwNzY2MDQ1IiwiTmlja05hbWUiOiLmgKrlhb3mnaXkuoYiLCJBY2NvdW50VHlwZSI6Nzc3LCJleHAiOjE3MTY3MzI3MDMsIm5iZiI6MTcxNjEyNzkwMywiaWF0IjoxNzE2MTI3OTAzLCJpc3MiOiJndXhpbi5saW5rIiwiYXVkIjoiZ3V4aW4ubGluayJ9.E5LD5xGmUwcB7tVU6SZ-2i4_Eg-xy1joE2Wz0IPNMJ0
      ┣ Cache-Control：                      no-cache
      ┣ Origin：                             http://localhost:9527
      ┣ Pragma：                             no-cache
      ┣ Referer：                            http://localhost:9527/
      ┣ sec-ch-ua：                          "Chromium";v="124", "Google Chrome";v="124", "Not-A.Brand";v="99"
      ┣ DNT：                                1
      ┣ sec-ch-ua-mobile：                   ?0
      ┣ X-Authorization：                    Bearer eyJhbGciOiJIUzI1NiIsInR5cCI6IkpXVCJ9.eyJmIjoiZXlKaGJHY2lPaUpJVXpJMU5pSXNJblI1Y0NJNklrcFhWQ0o5IiwiZSI6IkU1TEQ1eEdtVXdjQjd0VlU2U1otMmk0X0VnLXh5MWpvRTJXejBJUE5NSjAiLCJzIjo3OSwibCI6MywiayI6IjZJaiIsImlhdCI6MTcxNjEyNzkwMywibmJmIjoxNzE2MTI3OTAzLCJleHAiOjE3MTczMzc1MDMsImlzcyI6Imd1eGluLmxpbmsiLCJhdWQiOiJndXhpbi5saW5rIn0.VCasbsEh70gJEMSsMBs6_8Yj3ofR902O-JmGvOnK4BE
      ┣ X-Request-Id：                       YbqY-LacweXyF-kfe8OxW
      ┣ sec-ch-ua-platform：                 "Windows"
      ┣ Sec-Fetch-Site：                     same-site
      ┣ Sec-Fetch-Mode：                     cors
      ┣ Sec-Fetch-Dest：                     empty
      ┣ ━━━━━━━━━━━━━━━  参数列表 ━━━━━━━━━━━━━━━
      ┣ Content-Type：                       
      ┣ 
      ┣ imageType (DrawingTypeEnum)：        0
      ┣ minDate (Nullable`1)：               
      ┣ ━━━━━━━━━━━━━━━  返回信息 ━━━━━━━━━━━━━━━
      ┣ HTTP响应状态码：                     200
      ┣ 原始类型：                           System.Threading.Tasks.Task<System.Collections.Generic.IList<Admin.NET.Core.JuAI.Service.ChatgptImageRes>>
      ┣ 最终类型：                           Admin.NET.Core.AdminResult<System.Object>
      ┣ 最终返回值：                         {"code":200,"type":"success","message":"","result":[{"id":"31325892048453","prompt":"日本街道，夜晚，霓虹灯，酒屋，美女，（厚漆风格：1.3），（广角镜头：1.4），（最佳照明），4K Unity，（超详细CG：1.2）， (8K: 1.2)，辛烷值渲染","promptEn":"Japanese streets, night, neon lights, sake bars, beautiful women, (thick lacquer style: 1.3), (wide-angle lens: 1.4), (optimal lighting), 4K Unity, (super detailed CG: 1.2), (8K: 1.2), octane rendering.","ossUrl":"http://filetest.guxin.link/YiShuZi_Image/31325892087877.jpg","executionStatus":0,"drawingType":0,"creat
      ┗━━━━━━━━━━━  Logging Monitor ━━━━━━━━━━━
info: 2024-05-21 22:54:44.7871436 +08:00 星期二 L System.Logging.LoggingMonitor[0] #35 '00-9974ee685cb45d54eff8c0c5d8a12607-dd6467a334f41075-00'
      [System.Private.CoreLib.dll] void System.Runtime.CompilerServices.AsyncTaskMethodBuilder<TResult>+AsyncStateMachineBox<TStateMachine>.MoveNext(Thread threadPoolThread)
      ┏━━━━━━━━━━━  Logging Monitor ━━━━━━━━━━━
      ┣ Admin.NET.Core.JuAI.Service.AIDrawing.DrawingImageService.GetMyAll
      ┣ 
      ┣ 控制器名称：                     DrawingImageService
      ┣ 操作名称：                       GetMyAll
      ┣ 显示名称：                       
      ┣ 路由信息：                       [area]: ; [controller]: drawingImage; [action]: myAll
      ┣ 请求方式：                       GET
      ┣ 请求地址：                       http://localhost:5005/app/api/DrawingImage/MyALl?drawingType=dalle&minId=
      ┣ 来源地址：                       http://localhost:9527/
      ┣ 请求端源：                       client
      ┣ 浏览器标识：                     Mozilla/5.0 (Windows NT 10.0; Win64; x64) AppleWebKit/537.36 (KHTML, like Gecko) Chrome/124.0.0.0 Safari/537.36
      ┣ 客户端区域语言：                 zh-CN,zh;q=0.9
      ┣ 客户端 IP 地址：                 127.0.0.1
      ┣ 服务端 IP 地址：                 127.0.0.1
      ┣ 客户端连接 ID：                  00-9974ee685cb45d54eff8c0c5d8a12607-dd6467a334f41075-00
      ┣ 服务线程 ID：                    #35
      ┣ 执行耗时：                       52ms
      ┣ ━━━━━━━━━━━━━━━  Cookies ━━━━━━━━━━━━━━━
      ┣ 请求端：                         
      ┣ 响应端：                         
      ┣ ━━━━━━━━━━━━━━━  系统信息 ━━━━━━━━━━━━━━━
      ┣ 系统名称：                       Microsoft Windows 10.0.19045
      ┣ 系统架构：                       X64
      ┣ 基础框架：                       Furion.Pure v1.0.0.0
      ┣ .NET 架构：                      .NET 8.0.0
      ┣ ━━━━━━━━━━━━━━━  启动信息 ━━━━━━━━━━━━━━━
      ┣ 运行环境：                       Production
      ┣ 启动程序集：                     Admin.NET.Web.Entry
      ┣ 进程名称：                       Admin.NET.Web.Entry
      ┣ 托管程序：                       Kestrel
      ┣ ━━━━━━━━━━━━━━━  授权信息 ━━━━━━━━━━━━━━━
      ┣ JWT Token：                      Bearer eyJhbGciOiJIUzI1NiIsInR5cCI6IkpXVCJ9.eyJVc2VySWQiOjE0MjEzNDI2MzI3ODc3LCJUZW5hbnRJZCI6MTMwMDAwMDAwMDAwMSwiQWNjb3VudCI6IjE4NjAwNzY2MDQ1IiwiTmlja05hbWUiOiLmgKrlhb3mnaXkuoYiLCJBY2NvdW50VHlwZSI6Nzc3LCJleHAiOjE3MTY3MzI3MDMsIm5iZiI6MTcxNjEyNzkwMywiaWF0IjoxNzE2MTI3OTAzLCJpc3MiOiJndXhpbi5saW5rIiwiYXVkIjoiZ3V4aW4ubGluayJ9.E5LD5xGmUwcB7tVU6SZ-2i4_Eg-xy1joE2Wz0IPNMJ0
      ┣ 
      ┣ UserId (integer64)：             14213426327877
      ┣ TenantId (integer64)：           1300000000001
      ┣ Account (string)：               18600766045
      ┣ NickName (string)：              怪兽来了
      ┣ AccountType (integer32)：        777
      ┣ exp (integer64)：                1716732703 (2024-05-26 22:11:43:0000(+08:00) 星期日 L)
      ┣ nbf (integer64)：                1716127903 (2024-05-19 22:11:43:0000(+08:00) 星期日 L)
      ┣ iat (integer64)：                1716127903 (2024-05-19 22:11:43:0000(+08:00) 星期日 L)
      ┣ iss (string)：                   guxin.link
      ┣ aud (string)：                   guxin.link
      ┣ ━━━━━━━━━━━━━━━  请求头信息 ━━━━━━━━━━━━━━━
      ┣ 
      ┣ Accept：                         application/json, text/plain, */*
      ┣ Connection：                     keep-alive
      ┣ Host：                           localhost:5005
      ┣ User-Agent：                     Mozilla/5.0 (Windows NT 10.0; Win64; x64) AppleWebKit/537.36 (KHTML, like Gecko) Chrome/124.0.0.0 Safari/537.36
      ┣ Accept-Encoding：                gzip, deflate, br, zstd
      ┣ Accept-Language：                zh-CN,zh;q=0.9
      ┣ Authorization：                  Bearer eyJhbGciOiJIUzI1NiIsInR5cCI6IkpXVCJ9.eyJVc2VySWQiOjE0MjEzNDI2MzI3ODc3LCJUZW5hbnRJZCI6MTMwMDAwMDAwMDAwMSwiQWNjb3VudCI6IjE4NjAwNzY2MDQ1IiwiTmlja05hbWUiOiLmgKrlhb3mnaXkuoYiLCJBY2NvdW50VHlwZSI6Nzc3LCJleHAiOjE3MTY3MzI3MDMsIm5iZiI6MTcxNjEyNzkwMywiaWF0IjoxNzE2MTI3OTAzLCJpc3MiOiJndXhpbi5saW5rIiwiYXVkIjoiZ3V4aW4ubGluayJ9.E5LD5xGmUwcB7tVU6SZ-2i4_Eg-xy1joE2Wz0IPNMJ0
      ┣ Cache-Control：                  no-cache
      ┣ Origin：                         http://localhost:9527
      ┣ Pragma：                         no-cache
      ┣ Referer：                        http://localhost:9527/
      ┣ sec-ch-ua：                      "Chromium";v="124", "Google Chrome";v="124", "Not-A.Brand";v="99"
      ┣ DNT：                            1
      ┣ sec-ch-ua-mobile：               ?0
      ┣ X-Authorization：                Bearer eyJhbGciOiJIUzI1NiIsInR5cCI6IkpXVCJ9.eyJmIjoiZXlKaGJHY2lPaUpJVXpJMU5pSXNJblI1Y0NJNklrcFhWQ0o5IiwiZSI6IkU1TEQ1eEdtVXdjQjd0VlU2U1otMmk0X0VnLXh5MWpvRTJXejBJUE5NSjAiLCJzIjo3OSwibCI6MywiayI6IjZJaiIsImlhdCI6MTcxNjEyNzkwMywibmJmIjoxNzE2MTI3OTAzLCJleHAiOjE3MTczMzc1MDMsImlzcyI6Imd1eGluLmxpbmsiLCJhdWQiOiJndXhpbi5saW5rIn0.VCasbsEh70gJEMSsMBs6_8Yj3ofR902O-JmGvOnK4BE
      ┣ X-Request-Id：                   NCHHnF2PBfO47eo74nh2r
      ┣ sec-ch-ua-platform：             "Windows"
      ┣ Sec-Fetch-Site：                 same-site
      ┣ Sec-Fetch-Mode：                 cors
      ┣ Sec-Fetch-Dest：                 empty
      ┣ ━━━━━━━━━━━━━━━  参数列表 ━━━━━━━━━━━━━━━
      ┣ Content-Type：                   
      ┣ 
      ┣ imageType (Nullable`1)：         
      ┣ minId (Nullable`1)：             
      ┣ ━━━━━━━━━━━━━━━  返回信息 ━━━━━━━━━━━━━━━
      ┣ HTTP响应状态码：                 200
      ┣ 原始类型：                       System.Threading.Tasks.Task<System.Collections.Generic.IList<Admin.NET.Core.JuAI.Service.ChatgptImageRes>>
      ┣ 最终类型：                       Admin.NET.Core.AdminResult<System.Object>
      ┣ 最终返回值：                     {"code":200,"type":"success","message":"","result":[{"id":"34339176148805","prompt":"沙滩上一家人在一起幸福的露营。","promptEn":"A happy family camping together on the beach.;spring,cinematic","ossUrl":"https://oaidalleapiprodscus.blob.core.windows.net/private/org-jVmWXH4GArzEqkk7AHS1ylpK/user-QZFXa5hwMzChNULIWMZr36Hm/img-xnxVLM1mqQhic2GfE1uEFdVY.png?st=2024-05-21T13%3A43%3A49Z&se=2024-05-21T15%3A43%3A49Z&sp=r&sv=2021-08-06&sr=b&rscd=inline&rsct=image/png&skoid=6aaadede-4fb3-4698-a8f6-684d7786b067&sktid=a48cca
      ┗━━━━━━━━━━━  Logging Monitor ━━━━━━━━━━━
info: 2024-05-21 23:01:00.1768701 +08:00 星期二 L System.Net.Http.HttpClient.Default.LogicalHandler[100] #26
      [Microsoft.Extensions.Http.dll] async Task<HttpResponseMessage> Microsoft.Extensions.Http.Logging.LoggingScopeHttpMessageHandler.SendCoreAsync(HttpRequestMessage request, bool useAsync, CancellationToken cancellationToken)+Core(?)
      Start processing HTTP request POST https://oaidalleapiprodscus.blob.core.windows.net/private/org-jVmWXH4GArzEqkk7AHS1ylpK/user-QZFXa5hwMzChNULIWMZr36Hm/img-0AsAjrabFEXog3rt98HUBw8W.png?st=2024-05-21T13%3A06%3A39Z&se=2024-05-21T15%3A06%3A39Z&sp=r&sv=2021-08-06&sr=b&rscd=inline&rsct=image/png&skoid=6aaadede-4fb3-4698-a8f6-684d7786b067&sktid=a48cca56-e6da-484e-a814-9c849652bcb3&skt=2024-05-21T10%3A23%3A39Z&ske=2024-05-22T10%3A23%3A39Z&sks=b&skv=2021-08-06&sig=mftT%2BNWG2NMf%2BzOLGJdMeY1ZRgGOG71tWQM/FGJ8mDo%3D
info: 2024-05-21 23:01:00.1804927 +08:00 星期二 L System.Net.Http.HttpClient.Default.ClientHandler[100] #26
      [Microsoft.Extensions.Http.dll] async Task<HttpResponseMessage> Microsoft.Extensions.Http.Logging.LoggingHttpMessageHandler.SendCoreAsync(HttpRequestMessage request, bool useAsync, CancellationToken cancellationToken)+Core(?)
      Sending HTTP request POST https://oaidalleapiprodscus.blob.core.windows.net/private/org-jVmWXH4GArzEqkk7AHS1ylpK/user-QZFXa5hwMzChNULIWMZr36Hm/img-0AsAjrabFEXog3rt98HUBw8W.png?st=2024-05-21T13%3A06%3A39Z&se=2024-05-21T15%3A06%3A39Z&sp=r&sv=2021-08-06&sr=b&rscd=inline&rsct=image/png&skoid=6aaadede-4fb3-4698-a8f6-684d7786b067&sktid=a48cca56-e6da-484e-a814-9c849652bcb3&skt=2024-05-21T10%3A23%3A39Z&ske=2024-05-22T10%3A23%3A39Z&sks=b&skv=2021-08-06&sig=mftT%2BNWG2NMf%2BzOLGJdMeY1ZRgGOG71tWQM/FGJ8mDo%3D
info: 2024-05-21 23:01:01.0752081 +08:00 星期二 L System.Net.Http.HttpClient.Default.ClientHandler[101] #3
      [Microsoft.Extensions.Http.dll] void Microsoft.Extensions.Http.Logging.LoggingHttpMessageHandler+Log.RequestEnd(ILogger logger, HttpResponseMessage response, TimeSpan duration, Func<string, bool> shouldRedactHeaderValue)
      Received HTTP response headers after 892.5531ms - 405
info: 2024-05-21 23:01:01.0847188 +08:00 星期二 L System.Net.Http.HttpClient.Default.LogicalHandler[101] #3
      [Microsoft.Extensions.Http.dll] void Microsoft.Extensions.Http.Logging.LoggingScopeHttpMessageHandler+Log.RequestPipelineEnd(ILogger logger, HttpResponseMessage response, TimeSpan duration, Func<string, bool> shouldRedactHeaderValue)
      End processing HTTP request after 907.919ms - 405
info: 2024-05-21 23:01:01.1998504 +08:00 星期二 L System.Net.Http.HttpClient.Default.LogicalHandler[100] #3
      [Microsoft.Extensions.Http.dll] async Task<HttpResponseMessage> Microsoft.Extensions.Http.Logging.LoggingScopeHttpMessageHandler.SendCoreAsync(HttpRequestMessage request, bool useAsync, CancellationToken cancellationToken)+Core(?)
      Start processing HTTP request POST https://oaidalleapiprodscus.blob.core.windows.net/private/org-jVmWXH4GArzEqkk7AHS1ylpK/user-QZFXa5hwMzChNULIWMZr36Hm/img-xnxVLM1mqQhic2GfE1uEFdVY.png?st=2024-05-21T13%3A43%3A49Z&se=2024-05-21T15%3A43%3A49Z&sp=r&sv=2021-08-06&sr=b&rscd=inline&rsct=image/png&skoid=6aaadede-4fb3-4698-a8f6-684d7786b067&sktid=a48cca56-e6da-484e-a814-9c849652bcb3&skt=2024-05-21T10%3A25%3A31Z&ske=2024-05-22T10%3A25%3A31Z&sks=b&skv=2021-08-06&sig=6HAurkaMpOYXAG%2BLbVRTGX9xxtJtdsiSVJ4W1GsuLtw%3D
info: 2024-05-21 23:01:01.2096560 +08:00 星期二 L System.Net.Http.HttpClient.Default.ClientHandler[100] #3
      [Microsoft.Extensions.Http.dll] async Task<HttpResponseMessage> Microsoft.Extensions.Http.Logging.LoggingHttpMessageHandler.SendCoreAsync(HttpRequestMessage request, bool useAsync, CancellationToken cancellationToken)+Core(?)
      Sending HTTP request POST https://oaidalleapiprodscus.blob.core.windows.net/private/org-jVmWXH4GArzEqkk7AHS1ylpK/user-QZFXa5hwMzChNULIWMZr36Hm/img-xnxVLM1mqQhic2GfE1uEFdVY.png?st=2024-05-21T13%3A43%3A49Z&se=2024-05-21T15%3A43%3A49Z&sp=r&sv=2021-08-06&sr=b&rscd=inline&rsct=image/png&skoid=6aaadede-4fb3-4698-a8f6-684d7786b067&sktid=a48cca56-e6da-484e-a814-9c849652bcb3&skt=2024-05-21T10%3A25%3A31Z&ske=2024-05-22T10%3A25%3A31Z&sks=b&skv=2021-08-06&sig=6HAurkaMpOYXAG%2BLbVRTGX9xxtJtdsiSVJ4W1GsuLtw%3D
info: 2024-05-21 23:01:01.4347780 +08:00 星期二 L System.Net.Http.HttpClient.Default.ClientHandler[101] #3
      [Microsoft.Extensions.Http.dll] void Microsoft.Extensions.Http.Logging.LoggingHttpMessageHandler+Log.RequestEnd(ILogger logger, HttpResponseMessage response, TimeSpan duration, Func<string, bool> shouldRedactHeaderValue)
      Received HTTP response headers after 215.0116ms - 405
info: 2024-05-21 23:01:01.4375085 +08:00 星期二 L System.Net.Http.HttpClient.Default.LogicalHandler[101] #3
      [Microsoft.Extensions.Http.dll] void Microsoft.Extensions.Http.Logging.LoggingScopeHttpMessageHandler+Log.RequestPipelineEnd(ILogger logger, HttpResponseMessage response, TimeSpan duration, Func<string, bool> shouldRedactHeaderValue)
      End processing HTTP request after 237.6587ms - 405
info: 2024-05-21 23:01:01.5121817 +08:00 星期二 L System.Net.Http.HttpClient.Default.LogicalHandler[100] #3
      [Microsoft.Extensions.Http.dll] async Task<HttpResponseMessage> Microsoft.Extensions.Http.Logging.LoggingScopeHttpMessageHandler.SendCoreAsync(HttpRequestMessage request, bool useAsync, CancellationToken cancellationToken)+Core(?)
      Start processing HTTP request POST https://oaidalleapiprodscus.blob.core.windows.net/private/org-jVmWXH4GArzEqkk7AHS1ylpK/user-QZFXa5hwMzChNULIWMZr36Hm/img-UUUEUKJLrsN7GW3eGglEqzJe.png?st=2024-05-21T12%3A57%3A44Z&se=2024-05-21T14%3A57%3A44Z&sp=r&sv=2021-08-06&sr=b&rscd=inline&rsct=image/png&skoid=6aaadede-4fb3-4698-a8f6-684d7786b067&sktid=a48cca56-e6da-484e-a814-9c849652bcb3&skt=2024-05-21T10%3A28%3A35Z&ske=2024-05-22T10%3A28%3A35Z&sks=b&skv=2021-08-06&sig=MAAxQtZKxOMkGVEQxlGpBnmLSYaInHx1WlAfQIM4n8c%3D
info: 2024-05-21 23:01:01.5228356 +08:00 星期二 L System.Net.Http.HttpClient.Default.ClientHandler[100] #3
      [Microsoft.Extensions.Http.dll] async Task<HttpResponseMessage> Microsoft.Extensions.Http.Logging.LoggingHttpMessageHandler.SendCoreAsync(HttpRequestMessage request, bool useAsync, CancellationToken cancellationToken)+Core(?)
      Sending HTTP request POST https://oaidalleapiprodscus.blob.core.windows.net/private/org-jVmWXH4GArzEqkk7AHS1ylpK/user-QZFXa5hwMzChNULIWMZr36Hm/img-UUUEUKJLrsN7GW3eGglEqzJe.png?st=2024-05-21T12%3A57%3A44Z&se=2024-05-21T14%3A57%3A44Z&sp=r&sv=2021-08-06&sr=b&rscd=inline&rsct=image/png&skoid=6aaadede-4fb3-4698-a8f6-684d7786b067&sktid=a48cca56-e6da-484e-a814-9c849652bcb3&skt=2024-05-21T10%3A28%3A35Z&ske=2024-05-22T10%3A28%3A35Z&sks=b&skv=2021-08-06&sig=MAAxQtZKxOMkGVEQxlGpBnmLSYaInHx1WlAfQIM4n8c%3D
info: 2024-05-21 23:01:01.7388062 +08:00 星期二 L System.Net.Http.HttpClient.Default.ClientHandler[101] #3
      [Microsoft.Extensions.Http.dll] void Microsoft.Extensions.Http.Logging.LoggingHttpMessageHandler+Log.RequestEnd(ILogger logger, HttpResponseMessage response, TimeSpan duration, Func<string, bool> shouldRedactHeaderValue)
      Received HTTP response headers after 205.1976ms - 405
info: 2024-05-21 23:01:01.7414498 +08:00 星期二 L System.Net.Http.HttpClient.Default.LogicalHandler[101] #3
      [Microsoft.Extensions.Http.dll] void Microsoft.Extensions.Http.Logging.LoggingScopeHttpMessageHandler+Log.RequestPipelineEnd(ILogger logger, HttpResponseMessage response, TimeSpan duration, Func<string, bool> shouldRedactHeaderValue)
      End processing HTTP request after 229.3113ms - 405
info: 2024-05-21 23:03:59.3771767 +08:00 星期二 L System.Logging.LoggingMonitor[0] #9 '00-2170adcfefa1181316da2a4d90241d11-d7fe5134d0abe84c-00'
      [System.Private.CoreLib.dll] void System.Runtime.CompilerServices.AsyncTaskMethodBuilder<TResult>+AsyncStateMachineBox<TStateMachine>.MoveNext(Thread threadPoolThread)
      ┏━━━━━━━━━━━  Logging Monitor ━━━━━━━━━━━
      ┣ Admin.NET.Core.JuAI.Service.AIDrawing.DrawingImageService.GetMyAll
      ┣ 
      ┣ 控制器名称：                     DrawingImageService
      ┣ 操作名称：                       GetMyAll
      ┣ 显示名称：                       
      ┣ 路由信息：                       [area]: ; [controller]: drawingImage; [action]: myAll
      ┣ 请求方式：                       GET
      ┣ 请求地址：                       http://localhost:5005/app/api/DrawingImage/MyALl?drawingType=sdxl&minId=
      ┣ 来源地址：                       http://localhost:9527/
      ┣ 请求端源：                       client
      ┣ 浏览器标识：                     Mozilla/5.0 (Windows NT 10.0; Win64; x64) AppleWebKit/537.36 (KHTML, like Gecko) Chrome/124.0.0.0 Safari/537.36
      ┣ 客户端区域语言：                 zh-CN,zh;q=0.9
      ┣ 客户端 IP 地址：                 127.0.0.1
      ┣ 服务端 IP 地址：                 127.0.0.1
      ┣ 客户端连接 ID：                  00-2170adcfefa1181316da2a4d90241d11-d7fe5134d0abe84c-00
      ┣ 服务线程 ID：                    #9
      ┣ 执行耗时：                       133ms
      ┣ ━━━━━━━━━━━━━━━  Cookies ━━━━━━━━━━━━━━━
      ┣ 请求端：                         
      ┣ 响应端：                         
      ┣ ━━━━━━━━━━━━━━━  系统信息 ━━━━━━━━━━━━━━━
      ┣ 系统名称：                       Microsoft Windows 10.0.19045
      ┣ 系统架构：                       X64
      ┣ 基础框架：                       Furion.Pure v1.0.0.0
      ┣ .NET 架构：                      .NET 8.0.0
      ┣ ━━━━━━━━━━━━━━━  启动信息 ━━━━━━━━━━━━━━━
      ┣ 运行环境：                       Production
      ┣ 启动程序集：                     Admin.NET.Web.Entry
      ┣ 进程名称：                       Admin.NET.Web.Entry
      ┣ 托管程序：                       Kestrel
      ┣ ━━━━━━━━━━━━━━━  授权信息 ━━━━━━━━━━━━━━━
      ┣ JWT Token：                      Bearer eyJhbGciOiJIUzI1NiIsInR5cCI6IkpXVCJ9.eyJVc2VySWQiOjE0MjEzNDI2MzI3ODc3LCJUZW5hbnRJZCI6MTMwMDAwMDAwMDAwMSwiQWNjb3VudCI6IjE4NjAwNzY2MDQ1IiwiTmlja05hbWUiOiLmgKrlhb3mnaXkuoYiLCJBY2NvdW50VHlwZSI6Nzc3LCJleHAiOjE3MTY3MzI3MDMsIm5iZiI6MTcxNjEyNzkwMywiaWF0IjoxNzE2MTI3OTAzLCJpc3MiOiJndXhpbi5saW5rIiwiYXVkIjoiZ3V4aW4ubGluayJ9.E5LD5xGmUwcB7tVU6SZ-2i4_Eg-xy1joE2Wz0IPNMJ0
      ┣ 
      ┣ UserId (integer64)：             14213426327877
      ┣ TenantId (integer64)：           1300000000001
      ┣ Account (string)：               18600766045
      ┣ NickName (string)：              怪兽来了
      ┣ AccountType (integer32)：        777
      ┣ exp (integer64)：                1716732703 (2024-05-26 22:11:43:0000(+08:00) 星期日 L)
      ┣ nbf (integer64)：                1716127903 (2024-05-19 22:11:43:0000(+08:00) 星期日 L)
      ┣ iat (integer64)：                1716127903 (2024-05-19 22:11:43:0000(+08:00) 星期日 L)
      ┣ iss (string)：                   guxin.link
      ┣ aud (string)：                   guxin.link
      ┣ ━━━━━━━━━━━━━━━  请求头信息 ━━━━━━━━━━━━━━━
      ┣ 
      ┣ Accept：                         application/json, text/plain, */*
      ┣ Connection：                     keep-alive
      ┣ Host：                           localhost:5005
      ┣ User-Agent：                     Mozilla/5.0 (Windows NT 10.0; Win64; x64) AppleWebKit/537.36 (KHTML, like Gecko) Chrome/124.0.0.0 Safari/537.36
      ┣ Accept-Encoding：                gzip, deflate, br, zstd
      ┣ Accept-Language：                zh-CN,zh;q=0.9
      ┣ Authorization：                  Bearer eyJhbGciOiJIUzI1NiIsInR5cCI6IkpXVCJ9.eyJVc2VySWQiOjE0MjEzNDI2MzI3ODc3LCJUZW5hbnRJZCI6MTMwMDAwMDAwMDAwMSwiQWNjb3VudCI6IjE4NjAwNzY2MDQ1IiwiTmlja05hbWUiOiLmgKrlhb3mnaXkuoYiLCJBY2NvdW50VHlwZSI6Nzc3LCJleHAiOjE3MTY3MzI3MDMsIm5iZiI6MTcxNjEyNzkwMywiaWF0IjoxNzE2MTI3OTAzLCJpc3MiOiJndXhpbi5saW5rIiwiYXVkIjoiZ3V4aW4ubGluayJ9.E5LD5xGmUwcB7tVU6SZ-2i4_Eg-xy1joE2Wz0IPNMJ0
      ┣ Cache-Control：                  no-cache
      ┣ Origin：                         http://localhost:9527
      ┣ Pragma：                         no-cache
      ┣ Referer：                        http://localhost:9527/
      ┣ sec-ch-ua：                      "Chromium";v="124", "Google Chrome";v="124", "Not-A.Brand";v="99"
      ┣ DNT：                            1
      ┣ sec-ch-ua-mobile：               ?0
      ┣ X-Authorization：                Bearer eyJhbGciOiJIUzI1NiIsInR5cCI6IkpXVCJ9.eyJmIjoiZXlKaGJHY2lPaUpJVXpJMU5pSXNJblI1Y0NJNklrcFhWQ0o5IiwiZSI6IkU1TEQ1eEdtVXdjQjd0VlU2U1otMmk0X0VnLXh5MWpvRTJXejBJUE5NSjAiLCJzIjo3OSwibCI6MywiayI6IjZJaiIsImlhdCI6MTcxNjEyNzkwMywibmJmIjoxNzE2MTI3OTAzLCJleHAiOjE3MTczMzc1MDMsImlzcyI6Imd1eGluLmxpbmsiLCJhdWQiOiJndXhpbi5saW5rIn0.VCasbsEh70gJEMSsMBs6_8Yj3ofR902O-JmGvOnK4BE
      ┣ X-Request-Id：                   ezOzwPG0tey0KmuPnw4q6
      ┣ sec-ch-ua-platform：             "Windows"
      ┣ Sec-Fetch-Site：                 same-site
      ┣ Sec-Fetch-Mode：                 cors
      ┣ Sec-Fetch-Dest：                 empty
      ┣ ━━━━━━━━━━━━━━━  参数列表 ━━━━━━━━━━━━━━━
      ┣ Content-Type：                   
      ┣ 
      ┣ imageType (Nullable`1)：         
      ┣ minId (Nullable`1)：             
      ┣ ━━━━━━━━━━━━━━━  返回信息 ━━━━━━━━━━━━━━━
      ┣ HTTP响应状态码：                 200
      ┣ 原始类型：                       System.Threading.Tasks.Task<System.Collections.Generic.IList<Admin.NET.Core.JuAI.Service.ChatgptImageRes>>
      ┣ 最终类型：                       Admin.NET.Core.AdminResult<System.Object>
      ┣ 最终返回值：                     {"code":200,"type":"success","message":"","result":[{"id":"34339176148805","prompt":"沙滩上一家人在一起幸福的露营。","promptEn":"A happy family camping together on the beach.;spring,cinematic","ossUrl":"https://oaidalleapiprodscus.blob.core.windows.net/private/org-jVmWXH4GArzEqkk7AHS1ylpK/user-QZFXa5hwMzChNULIWMZr36Hm/img-xnxVLM1mqQhic2GfE1uEFdVY.png?st=2024-05-21T13%3A43%3A49Z&se=2024-05-21T15%3A43%3A49Z&sp=r&sv=2021-08-06&sr=b&rscd=inline&rsct=image/png&skoid=6aaadede-4fb3-4698-a8f6-684d7786b067&sktid=a48cca
      ┗━━━━━━━━━━━  Logging Monitor ━━━━━━━━━━━
info: 2024-05-21 23:04:00.1805123 +08:00 星期二 L System.Logging.LoggingMonitor[0] #3 '00-2845439af87d70c54ae81387f3c6fefc-16fd656764f62a45-00'
      [System.Private.CoreLib.dll] void System.Runtime.CompilerServices.AsyncTaskMethodBuilder<TResult>+AsyncStateMachineBox<TStateMachine>.MoveNext(Thread threadPoolThread)
      ┏━━━━━━━━━━━  Logging Monitor ━━━━━━━━━━━
      ┣ Admin.NET.Core.JuAI.Service.AIDrawing.DrawingImageService.GetRecommend
      ┣ 
      ┣ 控制器名称：                         DrawingImageService
      ┣ 操作名称：                           GetRecommend
      ┣ 显示名称：                           
      ┣ 路由信息：                           [area]: ; [controller]: drawingImage; [action]: recommend
      ┣ 请求方式：                           GET
      ┣ 请求地址：                           http://localhost:5005/app/api/DrawingImage/Recommend/sdxl
      ┣ 来源地址：                           http://localhost:9527/
      ┣ 请求端源：                           client
      ┣ 浏览器标识：                         Mozilla/5.0 (Windows NT 10.0; Win64; x64) AppleWebKit/537.36 (KHTML, like Gecko) Chrome/124.0.0.0 Safari/537.36
      ┣ 客户端区域语言：                     zh-CN,zh;q=0.9
      ┣ 客户端 IP 地址：                     127.0.0.1
      ┣ 服务端 IP 地址：                     127.0.0.1
      ┣ 客户端连接 ID：                      00-2845439af87d70c54ae81387f3c6fefc-16fd656764f62a45-00
      ┣ 服务线程 ID：                        #27
      ┣ 执行耗时：                           1143ms
      ┣ ━━━━━━━━━━━━━━━  Cookies ━━━━━━━━━━━━━━━
      ┣ 请求端：                             
      ┣ 响应端：                             
      ┣ ━━━━━━━━━━━━━━━  系统信息 ━━━━━━━━━━━━━━━
      ┣ 系统名称：                           Microsoft Windows 10.0.19045
      ┣ 系统架构：                           X64
      ┣ 基础框架：                           Furion.Pure v1.0.0.0
      ┣ .NET 架构：                          .NET 8.0.0
      ┣ ━━━━━━━━━━━━━━━  启动信息 ━━━━━━━━━━━━━━━
      ┣ 运行环境：                           Production
      ┣ 启动程序集：                         Admin.NET.Web.Entry
      ┣ 进程名称：                           Admin.NET.Web.Entry
      ┣ 托管程序：                           Kestrel
      ┣ ━━━━━━━━━━━━━━━  请求头信息 ━━━━━━━━━━━━━━━
      ┣ 
      ┣ Accept：                             application/json, text/plain, */*
      ┣ Connection：                         keep-alive
      ┣ Host：                               localhost:5005
      ┣ User-Agent：                         Mozilla/5.0 (Windows NT 10.0; Win64; x64) AppleWebKit/537.36 (KHTML, like Gecko) Chrome/124.0.0.0 Safari/537.36
      ┣ Accept-Encoding：                    gzip, deflate, br, zstd
      ┣ Accept-Language：                    zh-CN,zh;q=0.9
      ┣ Authorization：                      Bearer eyJhbGciOiJIUzI1NiIsInR5cCI6IkpXVCJ9.eyJVc2VySWQiOjE0MjEzNDI2MzI3ODc3LCJUZW5hbnRJZCI6MTMwMDAwMDAwMDAwMSwiQWNjb3VudCI6IjE4NjAwNzY2MDQ1IiwiTmlja05hbWUiOiLmgKrlhb3mnaXkuoYiLCJBY2NvdW50VHlwZSI6Nzc3LCJleHAiOjE3MTY3MzI3MDMsIm5iZiI6MTcxNjEyNzkwMywiaWF0IjoxNzE2MTI3OTAzLCJpc3MiOiJndXhpbi5saW5rIiwiYXVkIjoiZ3V4aW4ubGluayJ9.E5LD5xGmUwcB7tVU6SZ-2i4_Eg-xy1joE2Wz0IPNMJ0
      ┣ Cache-Control：                      no-cache
      ┣ Origin：                             http://localhost:9527
      ┣ Pragma：                             no-cache
      ┣ Referer：                            http://localhost:9527/
      ┣ sec-ch-ua：                          "Chromium";v="124", "Google Chrome";v="124", "Not-A.Brand";v="99"
      ┣ DNT：                                1
      ┣ sec-ch-ua-mobile：                   ?0
      ┣ X-Authorization：                    Bearer eyJhbGciOiJIUzI1NiIsInR5cCI6IkpXVCJ9.eyJmIjoiZXlKaGJHY2lPaUpJVXpJMU5pSXNJblI1Y0NJNklrcFhWQ0o5IiwiZSI6IkU1TEQ1eEdtVXdjQjd0VlU2U1otMmk0X0VnLXh5MWpvRTJXejBJUE5NSjAiLCJzIjo3OSwibCI6MywiayI6IjZJaiIsImlhdCI6MTcxNjEyNzkwMywibmJmIjoxNzE2MTI3OTAzLCJleHAiOjE3MTczMzc1MDMsImlzcyI6Imd1eGluLmxpbmsiLCJhdWQiOiJndXhpbi5saW5rIn0.VCasbsEh70gJEMSsMBs6_8Yj3ofR902O-JmGvOnK4BE
      ┣ X-Request-Id：                       EXXfe_CVmpTAG71VIwDOn
      ┣ sec-ch-ua-platform：                 "Windows"
      ┣ Sec-Fetch-Site：                     same-site
      ┣ Sec-Fetch-Mode：                     cors
      ┣ Sec-Fetch-Dest：                     empty
      ┣ ━━━━━━━━━━━━━━━  参数列表 ━━━━━━━━━━━━━━━
      ┣ Content-Type：                       
      ┣ 
      ┣ imageType (DrawingTypeEnum)：        1
      ┣ minDate (Nullable`1)：               
      ┣ ━━━━━━━━━━━━━━━  返回信息 ━━━━━━━━━━━━━━━
      ┣ HTTP响应状态码：                     200
      ┣ 原始类型：                           System.Threading.Tasks.Task<System.Collections.Generic.IList<Admin.NET.Core.JuAI.Service.ChatgptImageRes>>
      ┣ 最终类型：                           Admin.NET.Core.AdminResult<System.Object>
      ┣ 最终返回值：                         {"code":200,"type":"success","message":"","result":[],"extras":null,"time":"2024-05-21T23:04:00.1795883+08:00"}
      ┗━━━━━━━━━━━  Logging Monitor ━━━━━━━━━━━
info: 2024-05-21 23:06:03.7434806 +08:00 星期二 L System.Logging.LoggingMonitor[0] #34 '00-a53e72cb73fd3af5b06a56789a71ef01-eac8e095f4b90c5d-00'
      [System.Private.CoreLib.dll] void System.Runtime.CompilerServices.AsyncMethodBuilderCore.Start<TStateMachine>(ref TStateMachine stateMachine)
      ┏━━━━━━━━━━━  Logging Monitor ━━━━━━━━━━━
      ┣ Admin.NET.Core.JuAI.Service.AIDrawing.DrawingImageService.GetRecommend
      ┣ 
      ┣ 控制器名称：                DrawingImageService
      ┣ 操作名称：                  GetRecommend
      ┣ 显示名称：                  
      ┣ 路由信息：                  [area]: ; [controller]: drawingImage; [action]: recommend
      ┣ 请求方式：                  GET
      ┣ 请求地址：                  http://localhost:5005/app/api/DrawingImage/Recommend/aliwanx
      ┣ 来源地址：                  http://localhost:9527/
      ┣ 请求端源：                  client
      ┣ 浏览器标识：                Mozilla/5.0 (Windows NT 10.0; Win64; x64) AppleWebKit/537.36 (KHTML, like Gecko) Chrome/124.0.0.0 Safari/537.36
      ┣ 客户端区域语言：            zh-CN,zh;q=0.9
      ┣ 客户端 IP 地址：            127.0.0.1
      ┣ 服务端 IP 地址：            127.0.0.1
      ┣ 客户端连接 ID：             00-a53e72cb73fd3af5b06a56789a71ef01-eac8e095f4b90c5d-00
      ┣ 服务线程 ID：               #34
      ┣ 执行耗时：                  73ms
      ┣ ━━━━━━━━━━━━━━━  Cookies ━━━━━━━━━━━━━━━
      ┣ 请求端：                    
      ┣ 响应端：                    
      ┣ ━━━━━━━━━━━━━━━  系统信息 ━━━━━━━━━━━━━━━
      ┣ 系统名称：                  Microsoft Windows 10.0.19045
      ┣ 系统架构：                  X64
      ┣ 基础框架：                  Furion.Pure v1.0.0.0
      ┣ .NET 架构：                 .NET 8.0.0
      ┣ ━━━━━━━━━━━━━━━  启动信息 ━━━━━━━━━━━━━━━
      ┣ 运行环境：                  Production
      ┣ 启动程序集：                Admin.NET.Web.Entry
      ┣ 进程名称：                  Admin.NET.Web.Entry
      ┣ 托管程序：                  Kestrel
      ┣ ━━━━━━━━━━━━━━━  请求头信息 ━━━━━━━━━━━━━━━
      ┣ 
      ┣ Accept：                    application/json, text/plain, */*
      ┣ Connection：                keep-alive
      ┣ Host：                      localhost:5005
      ┣ User-Agent：                Mozilla/5.0 (Windows NT 10.0; Win64; x64) AppleWebKit/537.36 (KHTML, like Gecko) Chrome/124.0.0.0 Safari/537.36
      ┣ Accept-Encoding：           gzip, deflate, br, zstd
      ┣ Accept-Language：           zh-CN,zh;q=0.9
      ┣ Authorization：             Bearer eyJhbGciOiJIUzI1NiIsInR5cCI6IkpXVCJ9.eyJVc2VySWQiOjE0MjEzNDI2MzI3ODc3LCJUZW5hbnRJZCI6MTMwMDAwMDAwMDAwMSwiQWNjb3VudCI6IjE4NjAwNzY2MDQ1IiwiTmlja05hbWUiOiLmgKrlhb3mnaXkuoYiLCJBY2NvdW50VHlwZSI6Nzc3LCJleHAiOjE3MTY3MzI3MDMsIm5iZiI6MTcxNjEyNzkwMywiaWF0IjoxNzE2MTI3OTAzLCJpc3MiOiJndXhpbi5saW5rIiwiYXVkIjoiZ3V4aW4ubGluayJ9.E5LD5xGmUwcB7tVU6SZ-2i4_Eg-xy1joE2Wz0IPNMJ0
      ┣ Cache-Control：             no-cache
      ┣ Origin：                    http://localhost:9527
      ┣ Pragma：                    no-cache
      ┣ Referer：                   http://localhost:9527/
      ┣ sec-ch-ua：                 "Chromium";v="124", "Google Chrome";v="124", "Not-A.Brand";v="99"
      ┣ DNT：                       1
      ┣ sec-ch-ua-mobile：          ?0
      ┣ X-Authorization：           Bearer eyJhbGciOiJIUzI1NiIsInR5cCI6IkpXVCJ9.eyJmIjoiZXlKaGJHY2lPaUpJVXpJMU5pSXNJblI1Y0NJNklrcFhWQ0o5IiwiZSI6IkU1TEQ1eEdtVXdjQjd0VlU2U1otMmk0X0VnLXh5MWpvRTJXejBJUE5NSjAiLCJzIjo3OSwibCI6MywiayI6IjZJaiIsImlhdCI6MTcxNjEyNzkwMywibmJmIjoxNzE2MTI3OTAzLCJleHAiOjE3MTczMzc1MDMsImlzcyI6Imd1eGluLmxpbmsiLCJhdWQiOiJndXhpbi5saW5rIn0.VCasbsEh70gJEMSsMBs6_8Yj3ofR902O-JmGvOnK4BE
      ┣ X-Request-Id：              6ZtBbuCo_rlUUupDaiAki
      ┣ sec-ch-ua-platform：        "Windows"
      ┣ Sec-Fetch-Site：            same-site
      ┣ Sec-Fetch-Mode：            cors
      ┣ Sec-Fetch-Dest：            empty
      ┣ ━━━━━━━━━━━━━━━  返回信息 ━━━━━━━━━━━━━━━
      ┣ HTTP响应状态码：            200
      ┣ 原始类型：                  System.Threading.Tasks.Task<System.Collections.Generic.IList<Admin.NET.Core.JuAI.Service.ChatgptImageRes>>
      ┣ 最终类型：                  Admin.NET.Core.AdminResult<System.Object>
      ┣ 最终返回值：                {"code":400,"type":"error","message":"{\"imageType\":[\"The value 'aliwanx' is not valid.\"]}","result":null,"extras":null,"time":"2024-05-21T23:06:03.7241421+08:00"}
      ┣ ━━━━━━━━━━━━━━━  业务异常 ━━━━━━━━━━━━━━━
      ┣ 业务码：                    
      ┣ 业务码（原）：              
      ┣ 业务消息：                  {"imageType":["The value 'aliwanx' is not valid."]}
      ┗━━━━━━━━━━━  Logging Monitor ━━━━━━━━━━━
info: 2024-05-21 23:06:03.9814171 +08:00 星期二 L System.Logging.LoggingMonitor[0] #9 '00-ed109bef48fda1cd942bf6c886dc6dd3-6fe75adc961ef1f9-00'
      [System.Private.CoreLib.dll] void System.Runtime.CompilerServices.AsyncTaskMethodBuilder<TResult>+AsyncStateMachineBox<TStateMachine>.MoveNext(Thread threadPoolThread)
      ┏━━━━━━━━━━━  Logging Monitor ━━━━━━━━━━━
      ┣ Admin.NET.Core.JuAI.Service.AIDrawing.DrawingImageService.GetMyAll
      ┣ 
      ┣ 控制器名称：                     DrawingImageService
      ┣ 操作名称：                       GetMyAll
      ┣ 显示名称：                       
      ┣ 路由信息：                       [area]: ; [controller]: drawingImage; [action]: myAll
      ┣ 请求方式：                       GET
      ┣ 请求地址：                       http://localhost:5005/app/api/DrawingImage/MyALl?drawingType=aliwanx&minId=
      ┣ 来源地址：                       http://localhost:9527/
      ┣ 请求端源：                       client
      ┣ 浏览器标识：                     Mozilla/5.0 (Windows NT 10.0; Win64; x64) AppleWebKit/537.36 (KHTML, like Gecko) Chrome/124.0.0.0 Safari/537.36
      ┣ 客户端区域语言：                 zh-CN,zh;q=0.9
      ┣ 客户端 IP 地址：                 127.0.0.1
      ┣ 服务端 IP 地址：                 127.0.0.1
      ┣ 客户端连接 ID：                  00-ed109bef48fda1cd942bf6c886dc6dd3-6fe75adc961ef1f9-00
      ┣ 服务线程 ID：                    #27
      ┣ 执行耗时：                       61ms
      ┣ ━━━━━━━━━━━━━━━  Cookies ━━━━━━━━━━━━━━━
      ┣ 请求端：                         
      ┣ 响应端：                         
      ┣ ━━━━━━━━━━━━━━━  系统信息 ━━━━━━━━━━━━━━━
      ┣ 系统名称：                       Microsoft Windows 10.0.19045
      ┣ 系统架构：                       X64
      ┣ 基础框架：                       Furion.Pure v1.0.0.0
      ┣ .NET 架构：                      .NET 8.0.0
      ┣ ━━━━━━━━━━━━━━━  启动信息 ━━━━━━━━━━━━━━━
      ┣ 运行环境：                       Production
      ┣ 启动程序集：                     Admin.NET.Web.Entry
      ┣ 进程名称：                       Admin.NET.Web.Entry
      ┣ 托管程序：                       Kestrel
      ┣ ━━━━━━━━━━━━━━━  授权信息 ━━━━━━━━━━━━━━━
      ┣ JWT Token：                      Bearer eyJhbGciOiJIUzI1NiIsInR5cCI6IkpXVCJ9.eyJVc2VySWQiOjE0MjEzNDI2MzI3ODc3LCJUZW5hbnRJZCI6MTMwMDAwMDAwMDAwMSwiQWNjb3VudCI6IjE4NjAwNzY2MDQ1IiwiTmlja05hbWUiOiLmgKrlhb3mnaXkuoYiLCJBY2NvdW50VHlwZSI6Nzc3LCJleHAiOjE3MTY3MzI3MDMsIm5iZiI6MTcxNjEyNzkwMywiaWF0IjoxNzE2MTI3OTAzLCJpc3MiOiJndXhpbi5saW5rIiwiYXVkIjoiZ3V4aW4ubGluayJ9.E5LD5xGmUwcB7tVU6SZ-2i4_Eg-xy1joE2Wz0IPNMJ0
      ┣ 
      ┣ UserId (integer64)：             14213426327877
      ┣ TenantId (integer64)：           1300000000001
      ┣ Account (string)：               18600766045
      ┣ NickName (string)：              怪兽来了
      ┣ AccountType (integer32)：        777
      ┣ exp (integer64)：                1716732703 (2024-05-26 22:11:43:0000(+08:00) 星期日 L)
      ┣ nbf (integer64)：                1716127903 (2024-05-19 22:11:43:0000(+08:00) 星期日 L)
      ┣ iat (integer64)：                1716127903 (2024-05-19 22:11:43:0000(+08:00) 星期日 L)
      ┣ iss (string)：                   guxin.link
      ┣ aud (string)：                   guxin.link
      ┣ ━━━━━━━━━━━━━━━  请求头信息 ━━━━━━━━━━━━━━━
      ┣ 
      ┣ Accept：                         application/json, text/plain, */*
      ┣ Connection：                     keep-alive
      ┣ Host：                           localhost:5005
      ┣ User-Agent：                     Mozilla/5.0 (Windows NT 10.0; Win64; x64) AppleWebKit/537.36 (KHTML, like Gecko) Chrome/124.0.0.0 Safari/537.36
      ┣ Accept-Encoding：                gzip, deflate, br, zstd
      ┣ Accept-Language：                zh-CN,zh;q=0.9
      ┣ Authorization：                  Bearer eyJhbGciOiJIUzI1NiIsInR5cCI6IkpXVCJ9.eyJVc2VySWQiOjE0MjEzNDI2MzI3ODc3LCJUZW5hbnRJZCI6MTMwMDAwMDAwMDAwMSwiQWNjb3VudCI6IjE4NjAwNzY2MDQ1IiwiTmlja05hbWUiOiLmgKrlhb3mnaXkuoYiLCJBY2NvdW50VHlwZSI6Nzc3LCJleHAiOjE3MTY3MzI3MDMsIm5iZiI6MTcxNjEyNzkwMywiaWF0IjoxNzE2MTI3OTAzLCJpc3MiOiJndXhpbi5saW5rIiwiYXVkIjoiZ3V4aW4ubGluayJ9.E5LD5xGmUwcB7tVU6SZ-2i4_Eg-xy1joE2Wz0IPNMJ0
      ┣ Cache-Control：                  no-cache
      ┣ Origin：                         http://localhost:9527
      ┣ Pragma：                         no-cache
      ┣ Referer：                        http://localhost:9527/
      ┣ sec-ch-ua：                      "Chromium";v="124", "Google Chrome";v="124", "Not-A.Brand";v="99"
      ┣ DNT：                            1
      ┣ sec-ch-ua-mobile：               ?0
      ┣ X-Authorization：                Bearer eyJhbGciOiJIUzI1NiIsInR5cCI6IkpXVCJ9.eyJmIjoiZXlKaGJHY2lPaUpJVXpJMU5pSXNJblI1Y0NJNklrcFhWQ0o5IiwiZSI6IkU1TEQ1eEdtVXdjQjd0VlU2U1otMmk0X0VnLXh5MWpvRTJXejBJUE5NSjAiLCJzIjo3OSwibCI6MywiayI6IjZJaiIsImlhdCI6MTcxNjEyNzkwMywibmJmIjoxNzE2MTI3OTAzLCJleHAiOjE3MTczMzc1MDMsImlzcyI6Imd1eGluLmxpbmsiLCJhdWQiOiJndXhpbi5saW5rIn0.VCasbsEh70gJEMSsMBs6_8Yj3ofR902O-JmGvOnK4BE
      ┣ X-Request-Id：                   yxPclYdvvYe9498MI-hP0
      ┣ sec-ch-ua-platform：             "Windows"
      ┣ Sec-Fetch-Site：                 same-site
      ┣ Sec-Fetch-Mode：                 cors
      ┣ Sec-Fetch-Dest：                 empty
      ┣ ━━━━━━━━━━━━━━━  参数列表 ━━━━━━━━━━━━━━━
      ┣ Content-Type：                   
      ┣ 
      ┣ imageType (Nullable`1)：         
      ┣ minId (Nullable`1)：             
      ┣ ━━━━━━━━━━━━━━━  返回信息 ━━━━━━━━━━━━━━━
      ┣ HTTP响应状态码：                 200
      ┣ 原始类型：                       System.Threading.Tasks.Task<System.Collections.Generic.IList<Admin.NET.Core.JuAI.Service.ChatgptImageRes>>
      ┣ 最终类型：                       Admin.NET.Core.AdminResult<System.Object>
      ┣ 最终返回值：                     {"code":200,"type":"success","message":"","result":[{"id":"34339176148805","prompt":"沙滩上一家人在一起幸福的露营。","promptEn":"A happy family camping together on the beach.;spring,cinematic","ossUrl":"https://oaidalleapiprodscus.blob.core.windows.net/private/org-jVmWXH4GArzEqkk7AHS1ylpK/user-QZFXa5hwMzChNULIWMZr36Hm/img-xnxVLM1mqQhic2GfE1uEFdVY.png?st=2024-05-21T13%3A43%3A49Z&se=2024-05-21T15%3A43%3A49Z&sp=r&sv=2021-08-06&sr=b&rscd=inline&rsct=image/png&skoid=6aaadede-4fb3-4698-a8f6-684d7786b067&sktid=a48cca
      ┗━━━━━━━━━━━  Logging Monitor ━━━━━━━━━━━
info: 2024-05-21 23:07:44.8210031 +08:00 星期二 L System.Logging.TaskQueueService[0] #1
      [Furion.Pure.dll] async Task Furion.TaskQueue.TaskQueueHostedService.ExecuteAsync(CancellationToken stoppingToken)
      TaskQueue hosted service is running.
info: 2024-05-21 23:07:44.8577010 +08:00 星期二 L System.Logging.ScheduleService[0] #1
      [Furion.Pure.dll] void Furion.Schedule.ScheduleLogger.LogInformation(string message, params object[] args)
      Schedule hosted service is running.
info: 2024-05-21 23:07:44.8607606 +08:00 星期二 L System.Logging.ScheduleService[0] #1
      [Furion.Pure.dll] void Furion.Schedule.ScheduleLogger.LogInformation(string message, params object[] args)
      Schedule hosted service is preloading...
info: 2024-05-21 23:07:45.5582227 +08:00 星期二 L System.Logging.ScheduleService[0] #1
      [Furion.Pure.dll] void Furion.Schedule.ScheduleLogger.LogInformation(string message, params object[] args)
      The <trigger_log> trigger for scheduler of <job_log> successfully appended and updated to the schedule.
info: 2024-05-21 23:07:45.5597998 +08:00 星期二 L System.Logging.ScheduleService[0] #1
      [Furion.Pure.dll] void Furion.Schedule.ScheduleLogger.LogInformation(string message, params object[] args)
      The scheduler of <job_log> successfully appended and updated to the schedule.
info: 2024-05-21 23:07:45.5678705 +08:00 星期二 L System.Logging.ScheduleService[0] #1
      [Furion.Pure.dll] void Furion.Schedule.ScheduleLogger.LogInformation(string message, params object[] args)
      The <trigger_onlineUser> trigger for scheduler of <job_onlineUser> successfully appended and updated to the schedule.
info: 2024-05-21 23:07:45.5692184 +08:00 星期二 L System.Logging.ScheduleService[0] #1
      [Furion.Pure.dll] void Furion.Schedule.ScheduleLogger.LogInformation(string message, params object[] args)
      The scheduler of <job_onlineUser> successfully appended and updated to the schedule.
info: 2024-05-21 23:07:45.5749931 +08:00 星期二 L System.Logging.ScheduleService[0] #1
      [Furion.Pure.dll] void Furion.Schedule.ScheduleLogger.LogInformation(string message, params object[] args)
      The <trigger_ossAsync> trigger for scheduler of <job_ossAsync> successfully appended and updated to the schedule.
info: 2024-05-21 23:07:45.5763429 +08:00 星期二 L System.Logging.ScheduleService[0] #1
      [Furion.Pure.dll] void Furion.Schedule.ScheduleLogger.LogInformation(string message, params object[] args)
      The scheduler of <job_ossAsync> successfully appended and updated to the schedule.
info: 2024-05-21 23:07:45.8397034 +08:00 星期二 L System.Net.Http.HttpClient.Default.LogicalHandler[100] #23
      [Microsoft.Extensions.Http.dll] async Task<HttpResponseMessage> Microsoft.Extensions.Http.Logging.LoggingScopeHttpMessageHandler.SendCoreAsync(HttpRequestMessage request, bool useAsync, CancellationToken cancellationToken)+Core(?)
      Start processing HTTP request POST https://oaidalleapiprodscus.blob.core.windows.net/private/org-jVmWXH4GArzEqkk7AHS1ylpK/user-QZFXa5hwMzChNULIWMZr36Hm/img-0AsAjrabFEXog3rt98HUBw8W.png?st=2024-05-21T13%3A06%3A39Z&se=2024-05-21T15%3A06%3A39Z&sp=r&sv=2021-08-06&sr=b&rscd=inline&rsct=image/png&skoid=6aaadede-4fb3-4698-a8f6-684d7786b067&sktid=a48cca56-e6da-484e-a814-9c849652bcb3&skt=2024-05-21T10%3A23%3A39Z&ske=2024-05-22T10%3A23%3A39Z&sks=b&skv=2021-08-06&sig=mftT%2BNWG2NMf%2BzOLGJdMeY1ZRgGOG71tWQM/FGJ8mDo%3D
info: 2024-05-21 23:07:45.8474747 +08:00 星期二 L System.Net.Http.HttpClient.Default.ClientHandler[100] #23
      [Microsoft.Extensions.Http.dll] async Task<HttpResponseMessage> Microsoft.Extensions.Http.Logging.LoggingHttpMessageHandler.SendCoreAsync(HttpRequestMessage request, bool useAsync, CancellationToken cancellationToken)+Core(?)
      Sending HTTP request POST https://oaidalleapiprodscus.blob.core.windows.net/private/org-jVmWXH4GArzEqkk7AHS1ylpK/user-QZFXa5hwMzChNULIWMZr36Hm/img-0AsAjrabFEXog3rt98HUBw8W.png?st=2024-05-21T13%3A06%3A39Z&se=2024-05-21T15%3A06%3A39Z&sp=r&sv=2021-08-06&sr=b&rscd=inline&rsct=image/png&skoid=6aaadede-4fb3-4698-a8f6-684d7786b067&sktid=a48cca56-e6da-484e-a814-9c849652bcb3&skt=2024-05-21T10%3A23%3A39Z&ske=2024-05-22T10%3A23%3A39Z&sks=b&skv=2021-08-06&sig=mftT%2BNWG2NMf%2BzOLGJdMeY1ZRgGOG71tWQM/FGJ8mDo%3D
info: 2024-05-21 23:07:46.7474329 +08:00 星期二 L System.Net.Http.HttpClient.Default.ClientHandler[101] #10
      [Microsoft.Extensions.Http.dll] void Microsoft.Extensions.Http.Logging.LoggingHttpMessageHandler+Log.RequestEnd(ILogger logger, HttpResponseMessage response, TimeSpan duration, Func<string, bool> shouldRedactHeaderValue)
      Received HTTP response headers after 892.7683ms - 405
info: 2024-05-21 23:07:46.7593871 +08:00 星期二 L System.Net.Http.HttpClient.Default.LogicalHandler[101] #10
      [Microsoft.Extensions.Http.dll] void Microsoft.Extensions.Http.Logging.LoggingScopeHttpMessageHandler+Log.RequestPipelineEnd(ILogger logger, HttpResponseMessage response, TimeSpan duration, Func<string, bool> shouldRedactHeaderValue)
      End processing HTTP request after 924.9808ms - 405
info: 2024-05-21 23:07:46.9159865 +08:00 星期二 L System.Net.Http.HttpClient.Default.LogicalHandler[100] #15
      [Microsoft.Extensions.Http.dll] async Task<HttpResponseMessage> Microsoft.Extensions.Http.Logging.LoggingScopeHttpMessageHandler.SendCoreAsync(HttpRequestMessage request, bool useAsync, CancellationToken cancellationToken)+Core(?)
      Start processing HTTP request POST https://oaidalleapiprodscus.blob.core.windows.net/private/org-jVmWXH4GArzEqkk7AHS1ylpK/user-QZFXa5hwMzChNULIWMZr36Hm/img-xnxVLM1mqQhic2GfE1uEFdVY.png?st=2024-05-21T13%3A43%3A49Z&se=2024-05-21T15%3A43%3A49Z&sp=r&sv=2021-08-06&sr=b&rscd=inline&rsct=image/png&skoid=6aaadede-4fb3-4698-a8f6-684d7786b067&sktid=a48cca56-e6da-484e-a814-9c849652bcb3&skt=2024-05-21T10%3A25%3A31Z&ske=2024-05-22T10%3A25%3A31Z&sks=b&skv=2021-08-06&sig=6HAurkaMpOYXAG%2BLbVRTGX9xxtJtdsiSVJ4W1GsuLtw%3D
info: 2024-05-21 23:07:46.9334332 +08:00 星期二 L System.Net.Http.HttpClient.Default.ClientHandler[100] #15
      [Microsoft.Extensions.Http.dll] async Task<HttpResponseMessage> Microsoft.Extensions.Http.Logging.LoggingHttpMessageHandler.SendCoreAsync(HttpRequestMessage request, bool useAsync, CancellationToken cancellationToken)+Core(?)
      Sending HTTP request POST https://oaidalleapiprodscus.blob.core.windows.net/private/org-jVmWXH4GArzEqkk7AHS1ylpK/user-QZFXa5hwMzChNULIWMZr36Hm/img-xnxVLM1mqQhic2GfE1uEFdVY.png?st=2024-05-21T13%3A43%3A49Z&se=2024-05-21T15%3A43%3A49Z&sp=r&sv=2021-08-06&sr=b&rscd=inline&rsct=image/png&skoid=6aaadede-4fb3-4698-a8f6-684d7786b067&sktid=a48cca56-e6da-484e-a814-9c849652bcb3&skt=2024-05-21T10%3A25%3A31Z&ske=2024-05-22T10%3A25%3A31Z&sks=b&skv=2021-08-06&sig=6HAurkaMpOYXAG%2BLbVRTGX9xxtJtdsiSVJ4W1GsuLtw%3D
info: 2024-05-21 23:07:47.7233868 +08:00 星期二 L System.Net.Http.HttpClient.Default.ClientHandler[101] #15
      [Microsoft.Extensions.Http.dll] void Microsoft.Extensions.Http.Logging.LoggingHttpMessageHandler+Log.RequestEnd(ILogger logger, HttpResponseMessage response, TimeSpan duration, Func<string, bool> shouldRedactHeaderValue)
      Received HTTP response headers after 771.8517ms - 405
info: 2024-05-21 23:07:47.7412742 +08:00 星期二 L System.Net.Http.HttpClient.Default.LogicalHandler[101] #15
      [Microsoft.Extensions.Http.dll] void Microsoft.Extensions.Http.Logging.LoggingScopeHttpMessageHandler+Log.RequestPipelineEnd(ILogger logger, HttpResponseMessage response, TimeSpan duration, Func<string, bool> shouldRedactHeaderValue)
      End processing HTTP request after 825.2351ms - 405
info: 2024-05-21 23:07:47.8241647 +08:00 星期二 L System.Net.Http.HttpClient.Default.LogicalHandler[100] #15
      [Microsoft.Extensions.Http.dll] async Task<HttpResponseMessage> Microsoft.Extensions.Http.Logging.LoggingScopeHttpMessageHandler.SendCoreAsync(HttpRequestMessage request, bool useAsync, CancellationToken cancellationToken)+Core(?)
      Start processing HTTP request POST https://oaidalleapiprodscus.blob.core.windows.net/private/org-jVmWXH4GArzEqkk7AHS1ylpK/user-QZFXa5hwMzChNULIWMZr36Hm/img-UUUEUKJLrsN7GW3eGglEqzJe.png?st=2024-05-21T12%3A57%3A44Z&se=2024-05-21T14%3A57%3A44Z&sp=r&sv=2021-08-06&sr=b&rscd=inline&rsct=image/png&skoid=6aaadede-4fb3-4698-a8f6-684d7786b067&sktid=a48cca56-e6da-484e-a814-9c849652bcb3&skt=2024-05-21T10%3A28%3A35Z&ske=2024-05-22T10%3A28%3A35Z&sks=b&skv=2021-08-06&sig=MAAxQtZKxOMkGVEQxlGpBnmLSYaInHx1WlAfQIM4n8c%3D
info: 2024-05-21 23:07:47.8390482 +08:00 星期二 L System.Net.Http.HttpClient.Default.ClientHandler[100] #15
      [Microsoft.Extensions.Http.dll] async Task<HttpResponseMessage> Microsoft.Extensions.Http.Logging.LoggingHttpMessageHandler.SendCoreAsync(HttpRequestMessage request, bool useAsync, CancellationToken cancellationToken)+Core(?)
      Sending HTTP request POST https://oaidalleapiprodscus.blob.core.windows.net/private/org-jVmWXH4GArzEqkk7AHS1ylpK/user-QZFXa5hwMzChNULIWMZr36Hm/img-UUUEUKJLrsN7GW3eGglEqzJe.png?st=2024-05-21T12%3A57%3A44Z&se=2024-05-21T14%3A57%3A44Z&sp=r&sv=2021-08-06&sr=b&rscd=inline&rsct=image/png&skoid=6aaadede-4fb3-4698-a8f6-684d7786b067&sktid=a48cca56-e6da-484e-a814-9c849652bcb3&skt=2024-05-21T10%3A28%3A35Z&ske=2024-05-22T10%3A28%3A35Z&sks=b&skv=2021-08-06&sig=MAAxQtZKxOMkGVEQxlGpBnmLSYaInHx1WlAfQIM4n8c%3D
info: 2024-05-21 23:07:48.0615235 +08:00 星期二 L System.Net.Http.HttpClient.Default.ClientHandler[101] #15
      [Microsoft.Extensions.Http.dll] void Microsoft.Extensions.Http.Logging.LoggingHttpMessageHandler+Log.RequestEnd(ILogger logger, HttpResponseMessage response, TimeSpan duration, Func<string, bool> shouldRedactHeaderValue)
      Received HTTP response headers after 206.8615ms - 405
info: 2024-05-21 23:07:48.0668481 +08:00 星期二 L System.Net.Http.HttpClient.Default.LogicalHandler[101] #15
      [Microsoft.Extensions.Http.dll] void Microsoft.Extensions.Http.Logging.LoggingScopeHttpMessageHandler+Log.RequestPipelineEnd(ILogger logger, HttpResponseMessage response, TimeSpan duration, Func<string, bool> shouldRedactHeaderValue)
      End processing HTTP request after 242.7106ms - 405
info: 2024-05-21 23:09:24.2375083 +08:00 星期二 L System.Logging.LoggingMonitor[0] #29 '00-f6a37b6ae7a7e4a1c77ad72a1901604c-8174a4ecc5c93559-00'
      [System.Private.CoreLib.dll] void System.Runtime.CompilerServices.AsyncTaskMethodBuilder<TResult>+AsyncStateMachineBox<TStateMachine>.MoveNext(Thread threadPoolThread)
      ┏━━━━━━━━━━━  Logging Monitor ━━━━━━━━━━━
      ┣ Admin.NET.Core.JuAI.Service.AIDrawing.DrawingImageService.GetRecommend
      ┣ 
      ┣ 控制器名称：                         DrawingImageService
      ┣ 操作名称：                           GetRecommend
      ┣ 显示名称：                           
      ┣ 路由信息：                           [area]: ; [controller]: drawingImage; [action]: recommend
      ┣ 请求方式：                           GET
      ┣ 请求地址：                           http://localhost:5005/app/api/DrawingImage/Recommend/aliwanx
      ┣ 来源地址：                           http://localhost:9527/
      ┣ 请求端源：                           client
      ┣ 浏览器标识：                         Mozilla/5.0 (Windows NT 10.0; Win64; x64) AppleWebKit/537.36 (KHTML, like Gecko) Chrome/124.0.0.0 Safari/537.36
      ┣ 客户端区域语言：                     zh-CN,zh;q=0.9
      ┣ 客户端 IP 地址：                     127.0.0.1
      ┣ 服务端 IP 地址：                     127.0.0.1
      ┣ 客户端连接 ID：                      00-f6a37b6ae7a7e4a1c77ad72a1901604c-8174a4ecc5c93559-00
      ┣ 服务线程 ID：                        #29
      ┣ 执行耗时：                           82ms
      ┣ ━━━━━━━━━━━━━━━  Cookies ━━━━━━━━━━━━━━━
      ┣ 请求端：                             
      ┣ 响应端：                             
      ┣ ━━━━━━━━━━━━━━━  系统信息 ━━━━━━━━━━━━━━━
      ┣ 系统名称：                           Microsoft Windows 10.0.19045
      ┣ 系统架构：                           X64
      ┣ 基础框架：                           Furion.Pure v1.0.0.0
      ┣ .NET 架构：                          .NET 8.0.0
      ┣ ━━━━━━━━━━━━━━━  启动信息 ━━━━━━━━━━━━━━━
      ┣ 运行环境：                           Production
      ┣ 启动程序集：                         Admin.NET.Web.Entry
      ┣ 进程名称：                           Admin.NET.Web.Entry
      ┣ 托管程序：                           Kestrel
      ┣ ━━━━━━━━━━━━━━━  请求头信息 ━━━━━━━━━━━━━━━
      ┣ 
      ┣ Accept：                             application/json, text/plain, */*
      ┣ Connection：                         keep-alive
      ┣ Host：                               localhost:5005
      ┣ User-Agent：                         Mozilla/5.0 (Windows NT 10.0; Win64; x64) AppleWebKit/537.36 (KHTML, like Gecko) Chrome/124.0.0.0 Safari/537.36
      ┣ Accept-Encoding：                    gzip, deflate, br, zstd
      ┣ Accept-Language：                    zh-CN,zh;q=0.9
      ┣ Authorization：                      Bearer eyJhbGciOiJIUzI1NiIsInR5cCI6IkpXVCJ9.eyJVc2VySWQiOjE0MjEzNDI2MzI3ODc3LCJUZW5hbnRJZCI6MTMwMDAwMDAwMDAwMSwiQWNjb3VudCI6IjE4NjAwNzY2MDQ1IiwiTmlja05hbWUiOiLmgKrlhb3mnaXkuoYiLCJBY2NvdW50VHlwZSI6Nzc3LCJleHAiOjE3MTY3MzI3MDMsIm5iZiI6MTcxNjEyNzkwMywiaWF0IjoxNzE2MTI3OTAzLCJpc3MiOiJndXhpbi5saW5rIiwiYXVkIjoiZ3V4aW4ubGluayJ9.E5LD5xGmUwcB7tVU6SZ-2i4_Eg-xy1joE2Wz0IPNMJ0
      ┣ Cache-Control：                      no-cache
      ┣ Origin：                             http://localhost:9527
      ┣ Pragma：                             no-cache
      ┣ Referer：                            http://localhost:9527/
      ┣ sec-ch-ua：                          "Chromium";v="124", "Google Chrome";v="124", "Not-A.Brand";v="99"
      ┣ DNT：                                1
      ┣ sec-ch-ua-mobile：                   ?0
      ┣ X-Authorization：                    Bearer eyJhbGciOiJIUzI1NiIsInR5cCI6IkpXVCJ9.eyJmIjoiZXlKaGJHY2lPaUpJVXpJMU5pSXNJblI1Y0NJNklrcFhWQ0o5IiwiZSI6IkU1TEQ1eEdtVXdjQjd0VlU2U1otMmk0X0VnLXh5MWpvRTJXejBJUE5NSjAiLCJzIjo3OSwibCI6MywiayI6IjZJaiIsImlhdCI6MTcxNjEyNzkwMywibmJmIjoxNzE2MTI3OTAzLCJleHAiOjE3MTczMzc1MDMsImlzcyI6Imd1eGluLmxpbmsiLCJhdWQiOiJndXhpbi5saW5rIn0.VCasbsEh70gJEMSsMBs6_8Yj3ofR902O-JmGvOnK4BE
      ┣ X-Request-Id：                       pAiIPy2lV0Hpp-BfhlfMi
      ┣ sec-ch-ua-platform：                 "Windows"
      ┣ Sec-Fetch-Site：                     same-site
      ┣ Sec-Fetch-Mode：                     cors
      ┣ Sec-Fetch-Dest：                     empty
      ┣ ━━━━━━━━━━━━━━━  参数列表 ━━━━━━━━━━━━━━━
      ┣ Content-Type：                       
      ┣ 
      ┣ imageType (DrawingTypeEnum)：        1
      ┣ minDate (Nullable`1)：               
      ┣ ━━━━━━━━━━━━━━━  返回信息 ━━━━━━━━━━━━━━━
      ┣ HTTP响应状态码：                     200
      ┣ 原始类型：                           System.Threading.Tasks.Task<System.Collections.Generic.IList<Admin.NET.Core.JuAI.Service.ChatgptImageRes>>
      ┣ 最终类型：                           Admin.NET.Core.AdminResult<System.Object>
      ┣ 最终返回值：                         {"code":200,"type":"success","message":"","result":[],"extras":null,"time":"2024-05-21T23:09:24.2004668+08:00"}
      ┗━━━━━━━━━━━  Logging Monitor ━━━━━━━━━━━
info: 2024-05-21 23:09:24.4603121 +08:00 星期二 L System.Logging.LoggingMonitor[0] #10 '00-1992c7cdcd3f042d68c4519f9d5addbd-ac40353f6e92833a-00'
      [System.Private.CoreLib.dll] void System.Runtime.CompilerServices.AsyncTaskMethodBuilder<TResult>+AsyncStateMachineBox<TStateMachine>.MoveNext(Thread threadPoolThread)
      ┏━━━━━━━━━━━  Logging Monitor ━━━━━━━━━━━
      ┣ Admin.NET.Core.JuAI.Service.AIDrawing.DrawingImageService.GetMyAll
      ┣ 
      ┣ 控制器名称：                     DrawingImageService
      ┣ 操作名称：                       GetMyAll
      ┣ 显示名称：                       
      ┣ 路由信息：                       [area]: ; [controller]: drawingImage; [action]: myAll
      ┣ 请求方式：                       GET
      ┣ 请求地址：                       http://localhost:5005/app/api/DrawingImage/MyALl?drawingType=aliwanx&minId=
      ┣ 来源地址：                       http://localhost:9527/
      ┣ 请求端源：                       client
      ┣ 浏览器标识：                     Mozilla/5.0 (Windows NT 10.0; Win64; x64) AppleWebKit/537.36 (KHTML, like Gecko) Chrome/124.0.0.0 Safari/537.36
      ┣ 客户端区域语言：                 zh-CN,zh;q=0.9
      ┣ 客户端 IP 地址：                 127.0.0.1
      ┣ 服务端 IP 地址：                 127.0.0.1
      ┣ 客户端连接 ID：                  00-1992c7cdcd3f042d68c4519f9d5addbd-ac40353f6e92833a-00
      ┣ 服务线程 ID：                    #10
      ┣ 执行耗时：                       57ms
      ┣ ━━━━━━━━━━━━━━━  Cookies ━━━━━━━━━━━━━━━
      ┣ 请求端：                         
      ┣ 响应端：                         
      ┣ ━━━━━━━━━━━━━━━  系统信息 ━━━━━━━━━━━━━━━
      ┣ 系统名称：                       Microsoft Windows 10.0.19045
      ┣ 系统架构：                       X64
      ┣ 基础框架：                       Furion.Pure v1.0.0.0
      ┣ .NET 架构：                      .NET 8.0.0
      ┣ ━━━━━━━━━━━━━━━  启动信息 ━━━━━━━━━━━━━━━
      ┣ 运行环境：                       Production
      ┣ 启动程序集：                     Admin.NET.Web.Entry
      ┣ 进程名称：                       Admin.NET.Web.Entry
      ┣ 托管程序：                       Kestrel
      ┣ ━━━━━━━━━━━━━━━  授权信息 ━━━━━━━━━━━━━━━
      ┣ JWT Token：                      Bearer eyJhbGciOiJIUzI1NiIsInR5cCI6IkpXVCJ9.eyJVc2VySWQiOjE0MjEzNDI2MzI3ODc3LCJUZW5hbnRJZCI6MTMwMDAwMDAwMDAwMSwiQWNjb3VudCI6IjE4NjAwNzY2MDQ1IiwiTmlja05hbWUiOiLmgKrlhb3mnaXkuoYiLCJBY2NvdW50VHlwZSI6Nzc3LCJleHAiOjE3MTY3MzI3MDMsIm5iZiI6MTcxNjEyNzkwMywiaWF0IjoxNzE2MTI3OTAzLCJpc3MiOiJndXhpbi5saW5rIiwiYXVkIjoiZ3V4aW4ubGluayJ9.E5LD5xGmUwcB7tVU6SZ-2i4_Eg-xy1joE2Wz0IPNMJ0
      ┣ 
      ┣ UserId (integer64)：             14213426327877
      ┣ TenantId (integer64)：           1300000000001
      ┣ Account (string)：               18600766045
      ┣ NickName (string)：              怪兽来了
      ┣ AccountType (integer32)：        777
      ┣ exp (integer64)：                1716732703 (2024-05-26 22:11:43:0000(+08:00) 星期日 L)
      ┣ nbf (integer64)：                1716127903 (2024-05-19 22:11:43:0000(+08:00) 星期日 L)
      ┣ iat (integer64)：                1716127903 (2024-05-19 22:11:43:0000(+08:00) 星期日 L)
      ┣ iss (string)：                   guxin.link
      ┣ aud (string)：                   guxin.link
      ┣ ━━━━━━━━━━━━━━━  请求头信息 ━━━━━━━━━━━━━━━
      ┣ 
      ┣ Accept：                         application/json, text/plain, */*
      ┣ Connection：                     keep-alive
      ┣ Host：                           localhost:5005
      ┣ User-Agent：                     Mozilla/5.0 (Windows NT 10.0; Win64; x64) AppleWebKit/537.36 (KHTML, like Gecko) Chrome/124.0.0.0 Safari/537.36
      ┣ Accept-Encoding：                gzip, deflate, br, zstd
      ┣ Accept-Language：                zh-CN,zh;q=0.9
      ┣ Authorization：                  Bearer eyJhbGciOiJIUzI1NiIsInR5cCI6IkpXVCJ9.eyJVc2VySWQiOjE0MjEzNDI2MzI3ODc3LCJUZW5hbnRJZCI6MTMwMDAwMDAwMDAwMSwiQWNjb3VudCI6IjE4NjAwNzY2MDQ1IiwiTmlja05hbWUiOiLmgKrlhb3mnaXkuoYiLCJBY2NvdW50VHlwZSI6Nzc3LCJleHAiOjE3MTY3MzI3MDMsIm5iZiI6MTcxNjEyNzkwMywiaWF0IjoxNzE2MTI3OTAzLCJpc3MiOiJndXhpbi5saW5rIiwiYXVkIjoiZ3V4aW4ubGluayJ9.E5LD5xGmUwcB7tVU6SZ-2i4_Eg-xy1joE2Wz0IPNMJ0
      ┣ Cache-Control：                  no-cache
      ┣ Origin：                         http://localhost:9527
      ┣ Pragma：                         no-cache
      ┣ Referer：                        http://localhost:9527/
      ┣ sec-ch-ua：                      "Chromium";v="124", "Google Chrome";v="124", "Not-A.Brand";v="99"
      ┣ DNT：                            1
      ┣ sec-ch-ua-mobile：               ?0
      ┣ X-Authorization：                Bearer eyJhbGciOiJIUzI1NiIsInR5cCI6IkpXVCJ9.eyJmIjoiZXlKaGJHY2lPaUpJVXpJMU5pSXNJblI1Y0NJNklrcFhWQ0o5IiwiZSI6IkU1TEQ1eEdtVXdjQjd0VlU2U1otMmk0X0VnLXh5MWpvRTJXejBJUE5NSjAiLCJzIjo3OSwibCI6MywiayI6IjZJaiIsImlhdCI6MTcxNjEyNzkwMywibmJmIjoxNzE2MTI3OTAzLCJleHAiOjE3MTczMzc1MDMsImlzcyI6Imd1eGluLmxpbmsiLCJhdWQiOiJndXhpbi5saW5rIn0.VCasbsEh70gJEMSsMBs6_8Yj3ofR902O-JmGvOnK4BE
      ┣ X-Request-Id：                   RQUnZFYnTo59IE_NcR0LO
      ┣ sec-ch-ua-platform：             "Windows"
      ┣ Sec-Fetch-Site：                 same-site
      ┣ Sec-Fetch-Mode：                 cors
      ┣ Sec-Fetch-Dest：                 empty
      ┣ ━━━━━━━━━━━━━━━  参数列表 ━━━━━━━━━━━━━━━
      ┣ Content-Type：                   
      ┣ 
      ┣ imageType (Nullable`1)：         
      ┣ minId (Nullable`1)：             
      ┣ ━━━━━━━━━━━━━━━  返回信息 ━━━━━━━━━━━━━━━
      ┣ HTTP响应状态码：                 200
      ┣ 原始类型：                       System.Threading.Tasks.Task<System.Collections.Generic.IList<Admin.NET.Core.JuAI.Service.ChatgptImageRes>>
      ┣ 最终类型：                       Admin.NET.Core.AdminResult<System.Object>
      ┣ 最终返回值：                     {"code":200,"type":"success","message":"","result":[{"id":"34339176148805","prompt":"沙滩上一家人在一起幸福的露营。","promptEn":"A happy family camping together on the beach.;spring,cinematic","ossUrl":"https://oaidalleapiprodscus.blob.core.windows.net/private/org-jVmWXH4GArzEqkk7AHS1ylpK/user-QZFXa5hwMzChNULIWMZr36Hm/img-xnxVLM1mqQhic2GfE1uEFdVY.png?st=2024-05-21T13%3A43%3A49Z&se=2024-05-21T15%3A43%3A49Z&sp=r&sv=2021-08-06&sr=b&rscd=inline&rsct=image/png&skoid=6aaadede-4fb3-4698-a8f6-684d7786b067&sktid=a48cca
      ┗━━━━━━━━━━━  Logging Monitor ━━━━━━━━━━━
info: 2024-05-21 23:11:23.5084801 +08:00 星期二 L System.Logging.LoggingMonitor[0] #30 '00-64f26bafe57dddf9770c166a191f4a01-af4b770f2547a01a-00'
      [System.Private.CoreLib.dll] void System.Runtime.CompilerServices.AsyncTaskMethodBuilder<TResult>+AsyncStateMachineBox<TStateMachine>.MoveNext(Thread threadPoolThread)
      ┏━━━━━━━━━━━  Logging Monitor ━━━━━━━━━━━
      ┣ Admin.NET.Core.JuAI.Service.AIDrawing.DrawingImageService.GetRecommend
      ┣ 
      ┣ 控制器名称：                         DrawingImageService
      ┣ 操作名称：                           GetRecommend
      ┣ 显示名称：                           
      ┣ 路由信息：                           [area]: ; [controller]: drawingImage; [action]: recommend
      ┣ 请求方式：                           GET
      ┣ 请求地址：                           http://localhost:5005/app/api/DrawingImage/Recommend/aliwanx
      ┣ 来源地址：                           http://localhost:9527/
      ┣ 请求端源：                           client
      ┣ 浏览器标识：                         Mozilla/5.0 (Windows NT 10.0; Win64; x64) AppleWebKit/537.36 (KHTML, like Gecko) Chrome/124.0.0.0 Safari/537.36
      ┣ 客户端区域语言：                     zh-CN,zh;q=0.9
      ┣ 客户端 IP 地址：                     127.0.0.1
      ┣ 服务端 IP 地址：                     127.0.0.1
      ┣ 客户端连接 ID：                      00-64f26bafe57dddf9770c166a191f4a01-af4b770f2547a01a-00
      ┣ 服务线程 ID：                        #28
      ┣ 执行耗时：                           53ms
      ┣ ━━━━━━━━━━━━━━━  Cookies ━━━━━━━━━━━━━━━
      ┣ 请求端：                             
      ┣ 响应端：                             
      ┣ ━━━━━━━━━━━━━━━  系统信息 ━━━━━━━━━━━━━━━
      ┣ 系统名称：                           Microsoft Windows 10.0.19045
      ┣ 系统架构：                           X64
      ┣ 基础框架：                           Furion.Pure v1.0.0.0
      ┣ .NET 架构：                          .NET 8.0.0
      ┣ ━━━━━━━━━━━━━━━  启动信息 ━━━━━━━━━━━━━━━
      ┣ 运行环境：                           Production
      ┣ 启动程序集：                         Admin.NET.Web.Entry
      ┣ 进程名称：                           Admin.NET.Web.Entry
      ┣ 托管程序：                           Kestrel
      ┣ ━━━━━━━━━━━━━━━  请求头信息 ━━━━━━━━━━━━━━━
      ┣ 
      ┣ Accept：                             application/json, text/plain, */*
      ┣ Connection：                         keep-alive
      ┣ Host：                               localhost:5005
      ┣ User-Agent：                         Mozilla/5.0 (Windows NT 10.0; Win64; x64) AppleWebKit/537.36 (KHTML, like Gecko) Chrome/124.0.0.0 Safari/537.36
      ┣ Accept-Encoding：                    gzip, deflate, br, zstd
      ┣ Accept-Language：                    zh-CN,zh;q=0.9
      ┣ Authorization：                      Bearer eyJhbGciOiJIUzI1NiIsInR5cCI6IkpXVCJ9.eyJVc2VySWQiOjE0MjEzNDI2MzI3ODc3LCJUZW5hbnRJZCI6MTMwMDAwMDAwMDAwMSwiQWNjb3VudCI6IjE4NjAwNzY2MDQ1IiwiTmlja05hbWUiOiLmgKrlhb3mnaXkuoYiLCJBY2NvdW50VHlwZSI6Nzc3LCJleHAiOjE3MTY3MzI3MDMsIm5iZiI6MTcxNjEyNzkwMywiaWF0IjoxNzE2MTI3OTAzLCJpc3MiOiJndXhpbi5saW5rIiwiYXVkIjoiZ3V4aW4ubGluayJ9.E5LD5xGmUwcB7tVU6SZ-2i4_Eg-xy1joE2Wz0IPNMJ0
      ┣ Cache-Control：                      no-cache
      ┣ Origin：                             http://localhost:9527
      ┣ Pragma：                             no-cache
      ┣ Referer：                            http://localhost:9527/
      ┣ sec-ch-ua：                          "Chromium";v="124", "Google Chrome";v="124", "Not-A.Brand";v="99"
      ┣ DNT：                                1
      ┣ sec-ch-ua-mobile：                   ?0
      ┣ X-Authorization：                    Bearer eyJhbGciOiJIUzI1NiIsInR5cCI6IkpXVCJ9.eyJmIjoiZXlKaGJHY2lPaUpJVXpJMU5pSXNJblI1Y0NJNklrcFhWQ0o5IiwiZSI6IkU1TEQ1eEdtVXdjQjd0VlU2U1otMmk0X0VnLXh5MWpvRTJXejBJUE5NSjAiLCJzIjo3OSwibCI6MywiayI6IjZJaiIsImlhdCI6MTcxNjEyNzkwMywibmJmIjoxNzE2MTI3OTAzLCJleHAiOjE3MTczMzc1MDMsImlzcyI6Imd1eGluLmxpbmsiLCJhdWQiOiJndXhpbi5saW5rIn0.VCasbsEh70gJEMSsMBs6_8Yj3ofR902O-JmGvOnK4BE
      ┣ X-Request-Id：                       M5mDpd8Hr-zWNHGEkSv16
      ┣ sec-ch-ua-platform：                 "Windows"
      ┣ Sec-Fetch-Site：                     same-site
      ┣ Sec-Fetch-Mode：                     cors
      ┣ Sec-Fetch-Dest：                     empty
      ┣ ━━━━━━━━━━━━━━━  参数列表 ━━━━━━━━━━━━━━━
      ┣ Content-Type：                       
      ┣ 
      ┣ imageType (DrawingTypeEnum)：        1
      ┣ minDate (Nullable`1)：               
      ┣ ━━━━━━━━━━━━━━━  返回信息 ━━━━━━━━━━━━━━━
      ┣ HTTP响应状态码：                     200
      ┣ 原始类型：                           System.Threading.Tasks.Task<System.Collections.Generic.IList<Admin.NET.Core.JuAI.Service.ChatgptImageRes>>
      ┣ 最终类型：                           Admin.NET.Core.AdminResult<System.Object>
      ┣ 最终返回值：                         {"code":200,"type":"success","message":"","result":[],"extras":null,"time":"2024-05-21T23:11:23.5075587+08:00"}
      ┗━━━━━━━━━━━  Logging Monitor ━━━━━━━━━━━
info: 2024-05-21 23:11:23.8065754 +08:00 星期二 L System.Logging.LoggingMonitor[0] #10 '00-008b65911fd417ef3507c4163b2b9255-d7bb587399a540df-00'
      [System.Private.CoreLib.dll] void System.Runtime.CompilerServices.AsyncTaskMethodBuilder<TResult>+AsyncStateMachineBox<TStateMachine>.MoveNext(Thread threadPoolThread)
      ┏━━━━━━━━━━━  Logging Monitor ━━━━━━━━━━━
      ┣ Admin.NET.Core.JuAI.Service.AIDrawing.DrawingImageService.GetMyAll
      ┣ 
      ┣ 控制器名称：                     DrawingImageService
      ┣ 操作名称：                       GetMyAll
      ┣ 显示名称：                       
      ┣ 路由信息：                       [area]: ; [controller]: drawingImage; [action]: myAll
      ┣ 请求方式：                       GET
      ┣ 请求地址：                       http://localhost:5005/app/api/DrawingImage/MyALl?drawingType=aliwanx&minId=
      ┣ 来源地址：                       http://localhost:9527/
      ┣ 请求端源：                       client
      ┣ 浏览器标识：                     Mozilla/5.0 (Windows NT 10.0; Win64; x64) AppleWebKit/537.36 (KHTML, like Gecko) Chrome/124.0.0.0 Safari/537.36
      ┣ 客户端区域语言：                 zh-CN,zh;q=0.9
      ┣ 客户端 IP 地址：                 127.0.0.1
      ┣ 服务端 IP 地址：                 127.0.0.1
      ┣ 客户端连接 ID：                  00-008b65911fd417ef3507c4163b2b9255-d7bb587399a540df-00
      ┣ 服务线程 ID：                    #10
      ┣ 执行耗时：                       59ms
      ┣ ━━━━━━━━━━━━━━━  Cookies ━━━━━━━━━━━━━━━
      ┣ 请求端：                         
      ┣ 响应端：                         
      ┣ ━━━━━━━━━━━━━━━  系统信息 ━━━━━━━━━━━━━━━
      ┣ 系统名称：                       Microsoft Windows 10.0.19045
      ┣ 系统架构：                       X64
      ┣ 基础框架：                       Furion.Pure v1.0.0.0
      ┣ .NET 架构：                      .NET 8.0.0
      ┣ ━━━━━━━━━━━━━━━  启动信息 ━━━━━━━━━━━━━━━
      ┣ 运行环境：                       Production
      ┣ 启动程序集：                     Admin.NET.Web.Entry
      ┣ 进程名称：                       Admin.NET.Web.Entry
      ┣ 托管程序：                       Kestrel
      ┣ ━━━━━━━━━━━━━━━  授权信息 ━━━━━━━━━━━━━━━
      ┣ JWT Token：                      Bearer eyJhbGciOiJIUzI1NiIsInR5cCI6IkpXVCJ9.eyJVc2VySWQiOjE0MjEzNDI2MzI3ODc3LCJUZW5hbnRJZCI6MTMwMDAwMDAwMDAwMSwiQWNjb3VudCI6IjE4NjAwNzY2MDQ1IiwiTmlja05hbWUiOiLmgKrlhb3mnaXkuoYiLCJBY2NvdW50VHlwZSI6Nzc3LCJleHAiOjE3MTY3MzI3MDMsIm5iZiI6MTcxNjEyNzkwMywiaWF0IjoxNzE2MTI3OTAzLCJpc3MiOiJndXhpbi5saW5rIiwiYXVkIjoiZ3V4aW4ubGluayJ9.E5LD5xGmUwcB7tVU6SZ-2i4_Eg-xy1joE2Wz0IPNMJ0
      ┣ 
      ┣ UserId (integer64)：             14213426327877
      ┣ TenantId (integer64)：           1300000000001
      ┣ Account (string)：               18600766045
      ┣ NickName (string)：              怪兽来了
      ┣ AccountType (integer32)：        777
      ┣ exp (integer64)：                1716732703 (2024-05-26 22:11:43:0000(+08:00) 星期日 L)
      ┣ nbf (integer64)：                1716127903 (2024-05-19 22:11:43:0000(+08:00) 星期日 L)
      ┣ iat (integer64)：                1716127903 (2024-05-19 22:11:43:0000(+08:00) 星期日 L)
      ┣ iss (string)：                   guxin.link
      ┣ aud (string)：                   guxin.link
      ┣ ━━━━━━━━━━━━━━━  请求头信息 ━━━━━━━━━━━━━━━
      ┣ 
      ┣ Accept：                         application/json, text/plain, */*
      ┣ Connection：                     keep-alive
      ┣ Host：                           localhost:5005
      ┣ User-Agent：                     Mozilla/5.0 (Windows NT 10.0; Win64; x64) AppleWebKit/537.36 (KHTML, like Gecko) Chrome/124.0.0.0 Safari/537.36
      ┣ Accept-Encoding：                gzip, deflate, br, zstd
      ┣ Accept-Language：                zh-CN,zh;q=0.9
      ┣ Authorization：                  Bearer eyJhbGciOiJIUzI1NiIsInR5cCI6IkpXVCJ9.eyJVc2VySWQiOjE0MjEzNDI2MzI3ODc3LCJUZW5hbnRJZCI6MTMwMDAwMDAwMDAwMSwiQWNjb3VudCI6IjE4NjAwNzY2MDQ1IiwiTmlja05hbWUiOiLmgKrlhb3mnaXkuoYiLCJBY2NvdW50VHlwZSI6Nzc3LCJleHAiOjE3MTY3MzI3MDMsIm5iZiI6MTcxNjEyNzkwMywiaWF0IjoxNzE2MTI3OTAzLCJpc3MiOiJndXhpbi5saW5rIiwiYXVkIjoiZ3V4aW4ubGluayJ9.E5LD5xGmUwcB7tVU6SZ-2i4_Eg-xy1joE2Wz0IPNMJ0
      ┣ Cache-Control：                  no-cache
      ┣ Origin：                         http://localhost:9527
      ┣ Pragma：                         no-cache
      ┣ Referer：                        http://localhost:9527/
      ┣ sec-ch-ua：                      "Chromium";v="124", "Google Chrome";v="124", "Not-A.Brand";v="99"
      ┣ DNT：                            1
      ┣ sec-ch-ua-mobile：               ?0
      ┣ X-Authorization：                Bearer eyJhbGciOiJIUzI1NiIsInR5cCI6IkpXVCJ9.eyJmIjoiZXlKaGJHY2lPaUpJVXpJMU5pSXNJblI1Y0NJNklrcFhWQ0o5IiwiZSI6IkU1TEQ1eEdtVXdjQjd0VlU2U1otMmk0X0VnLXh5MWpvRTJXejBJUE5NSjAiLCJzIjo3OSwibCI6MywiayI6IjZJaiIsImlhdCI6MTcxNjEyNzkwMywibmJmIjoxNzE2MTI3OTAzLCJleHAiOjE3MTczMzc1MDMsImlzcyI6Imd1eGluLmxpbmsiLCJhdWQiOiJndXhpbi5saW5rIn0.VCasbsEh70gJEMSsMBs6_8Yj3ofR902O-JmGvOnK4BE
      ┣ X-Request-Id：                   mu1bwjKJluprewHgvv_je
      ┣ sec-ch-ua-platform：             "Windows"
      ┣ Sec-Fetch-Site：                 same-site
      ┣ Sec-Fetch-Mode：                 cors
      ┣ Sec-Fetch-Dest：                 empty
      ┣ ━━━━━━━━━━━━━━━  参数列表 ━━━━━━━━━━━━━━━
      ┣ Content-Type：                   
      ┣ 
      ┣ imageType (Nullable`1)：         
      ┣ minId (Nullable`1)：             
      ┣ ━━━━━━━━━━━━━━━  返回信息 ━━━━━━━━━━━━━━━
      ┣ HTTP响应状态码：                 200
      ┣ 原始类型：                       System.Threading.Tasks.Task<System.Collections.Generic.IList<Admin.NET.Core.JuAI.Service.ChatgptImageRes>>
      ┣ 最终类型：                       Admin.NET.Core.AdminResult<System.Object>
      ┣ 最终返回值：                     {"code":200,"type":"success","message":"","result":[{"id":"34339176148805","prompt":"沙滩上一家人在一起幸福的露营。","promptEn":"A happy family camping together on the beach.;spring,cinematic","ossUrl":"https://oaidalleapiprodscus.blob.core.windows.net/private/org-jVmWXH4GArzEqkk7AHS1ylpK/user-QZFXa5hwMzChNULIWMZr36Hm/img-xnxVLM1mqQhic2GfE1uEFdVY.png?st=2024-05-21T13%3A43%3A49Z&se=2024-05-21T15%3A43%3A49Z&sp=r&sv=2021-08-06&sr=b&rscd=inline&rsct=image/png&skoid=6aaadede-4fb3-4698-a8f6-684d7786b067&sktid=a48cca
      ┗━━━━━━━━━━━  Logging Monitor ━━━━━━━━━━━
info: 2024-05-21 23:14:17.6216915 +08:00 星期二 L System.Logging.TaskQueueService[0] #1
      [Furion.Pure.dll] async Task Furion.TaskQueue.TaskQueueHostedService.ExecuteAsync(CancellationToken stoppingToken)
      TaskQueue hosted service is running.
info: 2024-05-21 23:14:17.6537139 +08:00 星期二 L System.Logging.ScheduleService[0] #1
      [Furion.Pure.dll] void Furion.Schedule.ScheduleLogger.LogInformation(string message, params object[] args)
      Schedule hosted service is running.
info: 2024-05-21 23:14:17.6557968 +08:00 星期二 L System.Logging.ScheduleService[0] #1
      [Furion.Pure.dll] void Furion.Schedule.ScheduleLogger.LogInformation(string message, params object[] args)
      Schedule hosted service is preloading...
info: 2024-05-21 23:14:18.3409140 +08:00 星期二 L System.Logging.ScheduleService[0] #1
      [Furion.Pure.dll] void Furion.Schedule.ScheduleLogger.LogInformation(string message, params object[] args)
      The <trigger_log> trigger for scheduler of <job_log> successfully appended and updated to the schedule.
info: 2024-05-21 23:14:18.3424909 +08:00 星期二 L System.Logging.ScheduleService[0] #1
      [Furion.Pure.dll] void Furion.Schedule.ScheduleLogger.LogInformation(string message, params object[] args)
      The scheduler of <job_log> successfully appended and updated to the schedule.
info: 2024-05-21 23:14:18.3504065 +08:00 星期二 L System.Logging.ScheduleService[0] #1
      [Furion.Pure.dll] void Furion.Schedule.ScheduleLogger.LogInformation(string message, params object[] args)
      The <trigger_onlineUser> trigger for scheduler of <job_onlineUser> successfully appended and updated to the schedule.
info: 2024-05-21 23:14:18.3517698 +08:00 星期二 L System.Logging.ScheduleService[0] #1
      [Furion.Pure.dll] void Furion.Schedule.ScheduleLogger.LogInformation(string message, params object[] args)
      The scheduler of <job_onlineUser> successfully appended and updated to the schedule.
info: 2024-05-21 23:14:18.3566675 +08:00 星期二 L System.Logging.ScheduleService[0] #1
      [Furion.Pure.dll] void Furion.Schedule.ScheduleLogger.LogInformation(string message, params object[] args)
      The <trigger_ossAsync> trigger for scheduler of <job_ossAsync> successfully appended and updated to the schedule.
info: 2024-05-21 23:14:18.3577994 +08:00 星期二 L System.Logging.ScheduleService[0] #1
      [Furion.Pure.dll] void Furion.Schedule.ScheduleLogger.LogInformation(string message, params object[] args)
      The scheduler of <job_ossAsync> successfully appended and updated to the schedule.
info: 2024-05-21 23:14:18.5870194 +08:00 星期二 L System.Net.Http.HttpClient.Default.LogicalHandler[100] #7
      [Microsoft.Extensions.Http.dll] async Task<HttpResponseMessage> Microsoft.Extensions.Http.Logging.LoggingScopeHttpMessageHandler.SendCoreAsync(HttpRequestMessage request, bool useAsync, CancellationToken cancellationToken)+Core(?)
      Start processing HTTP request POST https://oaidalleapiprodscus.blob.core.windows.net/private/org-jVmWXH4GArzEqkk7AHS1ylpK/user-QZFXa5hwMzChNULIWMZr36Hm/img-0AsAjrabFEXog3rt98HUBw8W.png?st=2024-05-21T13%3A06%3A39Z&se=2024-05-21T15%3A06%3A39Z&sp=r&sv=2021-08-06&sr=b&rscd=inline&rsct=image/png&skoid=6aaadede-4fb3-4698-a8f6-684d7786b067&sktid=a48cca56-e6da-484e-a814-9c849652bcb3&skt=2024-05-21T10%3A23%3A39Z&ske=2024-05-22T10%3A23%3A39Z&sks=b&skv=2021-08-06&sig=mftT%2BNWG2NMf%2BzOLGJdMeY1ZRgGOG71tWQM/FGJ8mDo%3D
info: 2024-05-21 23:14:18.5926324 +08:00 星期二 L System.Net.Http.HttpClient.Default.ClientHandler[100] #7
      [Microsoft.Extensions.Http.dll] async Task<HttpResponseMessage> Microsoft.Extensions.Http.Logging.LoggingHttpMessageHandler.SendCoreAsync(HttpRequestMessage request, bool useAsync, CancellationToken cancellationToken)+Core(?)
      Sending HTTP request POST https://oaidalleapiprodscus.blob.core.windows.net/private/org-jVmWXH4GArzEqkk7AHS1ylpK/user-QZFXa5hwMzChNULIWMZr36Hm/img-0AsAjrabFEXog3rt98HUBw8W.png?st=2024-05-21T13%3A06%3A39Z&se=2024-05-21T15%3A06%3A39Z&sp=r&sv=2021-08-06&sr=b&rscd=inline&rsct=image/png&skoid=6aaadede-4fb3-4698-a8f6-684d7786b067&sktid=a48cca56-e6da-484e-a814-9c849652bcb3&skt=2024-05-21T10%3A23%3A39Z&ske=2024-05-22T10%3A23%3A39Z&sks=b&skv=2021-08-06&sig=mftT%2BNWG2NMf%2BzOLGJdMeY1ZRgGOG71tWQM/FGJ8mDo%3D
info: 2024-05-21 23:14:19.4854345 +08:00 星期二 L System.Net.Http.HttpClient.Default.ClientHandler[101] #10
      [Microsoft.Extensions.Http.dll] void Microsoft.Extensions.Http.Logging.LoggingHttpMessageHandler+Log.RequestEnd(ILogger logger, HttpResponseMessage response, TimeSpan duration, Func<string, bool> shouldRedactHeaderValue)
      Received HTTP response headers after 886.3997ms - 405
info: 2024-05-21 23:14:19.4971467 +08:00 星期二 L System.Net.Http.HttpClient.Default.LogicalHandler[101] #10
      [Microsoft.Extensions.Http.dll] void Microsoft.Extensions.Http.Logging.LoggingScopeHttpMessageHandler+Log.RequestPipelineEnd(ILogger logger, HttpResponseMessage response, TimeSpan duration, Func<string, bool> shouldRedactHeaderValue)
      End processing HTTP request after 913.1997ms - 405
info: 2024-05-21 23:14:19.6460295 +08:00 星期二 L System.Net.Http.HttpClient.Default.LogicalHandler[100] #10
      [Microsoft.Extensions.Http.dll] async Task<HttpResponseMessage> Microsoft.Extensions.Http.Logging.LoggingScopeHttpMessageHandler.SendCoreAsync(HttpRequestMessage request, bool useAsync, CancellationToken cancellationToken)+Core(?)
      Start processing HTTP request POST https://oaidalleapiprodscus.blob.core.windows.net/private/org-jVmWXH4GArzEqkk7AHS1ylpK/user-QZFXa5hwMzChNULIWMZr36Hm/img-xnxVLM1mqQhic2GfE1uEFdVY.png?st=2024-05-21T13%3A43%3A49Z&se=2024-05-21T15%3A43%3A49Z&sp=r&sv=2021-08-06&sr=b&rscd=inline&rsct=image/png&skoid=6aaadede-4fb3-4698-a8f6-684d7786b067&sktid=a48cca56-e6da-484e-a814-9c849652bcb3&skt=2024-05-21T10%3A25%3A31Z&ske=2024-05-22T10%3A25%3A31Z&sks=b&skv=2021-08-06&sig=6HAurkaMpOYXAG%2BLbVRTGX9xxtJtdsiSVJ4W1GsuLtw%3D
info: 2024-05-21 23:14:19.6628666 +08:00 星期二 L System.Net.Http.HttpClient.Default.ClientHandler[100] #10
      [Microsoft.Extensions.Http.dll] async Task<HttpResponseMessage> Microsoft.Extensions.Http.Logging.LoggingHttpMessageHandler.SendCoreAsync(HttpRequestMessage request, bool useAsync, CancellationToken cancellationToken)+Core(?)
      Sending HTTP request POST https://oaidalleapiprodscus.blob.core.windows.net/private/org-jVmWXH4GArzEqkk7AHS1ylpK/user-QZFXa5hwMzChNULIWMZr36Hm/img-xnxVLM1mqQhic2GfE1uEFdVY.png?st=2024-05-21T13%3A43%3A49Z&se=2024-05-21T15%3A43%3A49Z&sp=r&sv=2021-08-06&sr=b&rscd=inline&rsct=image/png&skoid=6aaadede-4fb3-4698-a8f6-684d7786b067&sktid=a48cca56-e6da-484e-a814-9c849652bcb3&skt=2024-05-21T10%3A25%3A31Z&ske=2024-05-22T10%3A25%3A31Z&sks=b&skv=2021-08-06&sig=6HAurkaMpOYXAG%2BLbVRTGX9xxtJtdsiSVJ4W1GsuLtw%3D
info: 2024-05-21 23:14:19.8818718 +08:00 星期二 L System.Net.Http.HttpClient.Default.ClientHandler[101] #10
      [Microsoft.Extensions.Http.dll] void Microsoft.Extensions.Http.Logging.LoggingHttpMessageHandler+Log.RequestEnd(ILogger logger, HttpResponseMessage response, TimeSpan duration, Func<string, bool> shouldRedactHeaderValue)
      Received HTTP response headers after 201.4758ms - 405
info: 2024-05-21 23:14:19.8854884 +08:00 星期二 L System.Net.Http.HttpClient.Default.LogicalHandler[101] #10
      [Microsoft.Extensions.Http.dll] void Microsoft.Extensions.Http.Logging.LoggingScopeHttpMessageHandler+Log.RequestPipelineEnd(ILogger logger, HttpResponseMessage response, TimeSpan duration, Func<string, bool> shouldRedactHeaderValue)
      End processing HTTP request after 239.4933ms - 405
info: 2024-05-21 23:14:19.9741352 +08:00 星期二 L System.Net.Http.HttpClient.Default.LogicalHandler[100] #10
      [Microsoft.Extensions.Http.dll] async Task<HttpResponseMessage> Microsoft.Extensions.Http.Logging.LoggingScopeHttpMessageHandler.SendCoreAsync(HttpRequestMessage request, bool useAsync, CancellationToken cancellationToken)+Core(?)
      Start processing HTTP request POST https://oaidalleapiprodscus.blob.core.windows.net/private/org-jVmWXH4GArzEqkk7AHS1ylpK/user-QZFXa5hwMzChNULIWMZr36Hm/img-UUUEUKJLrsN7GW3eGglEqzJe.png?st=2024-05-21T12%3A57%3A44Z&se=2024-05-21T14%3A57%3A44Z&sp=r&sv=2021-08-06&sr=b&rscd=inline&rsct=image/png&skoid=6aaadede-4fb3-4698-a8f6-684d7786b067&sktid=a48cca56-e6da-484e-a814-9c849652bcb3&skt=2024-05-21T10%3A28%3A35Z&ske=2024-05-22T10%3A28%3A35Z&sks=b&skv=2021-08-06&sig=MAAxQtZKxOMkGVEQxlGpBnmLSYaInHx1WlAfQIM4n8c%3D
info: 2024-05-21 23:14:19.9908107 +08:00 星期二 L System.Net.Http.HttpClient.Default.ClientHandler[100] #10
      [Microsoft.Extensions.Http.dll] async Task<HttpResponseMessage> Microsoft.Extensions.Http.Logging.LoggingHttpMessageHandler.SendCoreAsync(HttpRequestMessage request, bool useAsync, CancellationToken cancellationToken)+Core(?)
      Sending HTTP request POST https://oaidalleapiprodscus.blob.core.windows.net/private/org-jVmWXH4GArzEqkk7AHS1ylpK/user-QZFXa5hwMzChNULIWMZr36Hm/img-UUUEUKJLrsN7GW3eGglEqzJe.png?st=2024-05-21T12%3A57%3A44Z&se=2024-05-21T14%3A57%3A44Z&sp=r&sv=2021-08-06&sr=b&rscd=inline&rsct=image/png&skoid=6aaadede-4fb3-4698-a8f6-684d7786b067&sktid=a48cca56-e6da-484e-a814-9c849652bcb3&skt=2024-05-21T10%3A28%3A35Z&ske=2024-05-22T10%3A28%3A35Z&sks=b&skv=2021-08-06&sig=MAAxQtZKxOMkGVEQxlGpBnmLSYaInHx1WlAfQIM4n8c%3D
info: 2024-05-21 23:14:20.2091160 +08:00 星期二 L System.Net.Http.HttpClient.Default.ClientHandler[101] #10
      [Microsoft.Extensions.Http.dll] void Microsoft.Extensions.Http.Logging.LoggingHttpMessageHandler+Log.RequestEnd(ILogger logger, HttpResponseMessage response, TimeSpan duration, Func<string, bool> shouldRedactHeaderValue)
      Received HTTP response headers after 200.9833ms - 405
info: 2024-05-21 23:14:20.2123849 +08:00 星期二 L System.Net.Http.HttpClient.Default.LogicalHandler[101] #10
      [Microsoft.Extensions.Http.dll] void Microsoft.Extensions.Http.Logging.LoggingScopeHttpMessageHandler+Log.RequestPipelineEnd(ILogger logger, HttpResponseMessage response, TimeSpan duration, Func<string, bool> shouldRedactHeaderValue)
      End processing HTTP request after 238.2745ms - 405
info: 2024-05-21 23:19:25.1497958 +08:00 星期二 L System.Logging.TaskQueueService[0] #1
      [Furion.Pure.dll] async Task Furion.TaskQueue.TaskQueueHostedService.ExecuteAsync(CancellationToken stoppingToken)
      TaskQueue hosted service is running.
info: 2024-05-21 23:19:25.1734235 +08:00 星期二 L System.Logging.ScheduleService[0] #1
      [Furion.Pure.dll] void Furion.Schedule.ScheduleLogger.LogInformation(string message, params object[] args)
      Schedule hosted service is running.
info: 2024-05-21 23:19:25.1757488 +08:00 星期二 L System.Logging.ScheduleService[0] #1
      [Furion.Pure.dll] void Furion.Schedule.ScheduleLogger.LogInformation(string message, params object[] args)
      Schedule hosted service is preloading...
info: 2024-05-21 23:19:26.8209820 +08:00 星期二 L System.Logging.ScheduleService[0] #1
      [Furion.Pure.dll] void Furion.Schedule.ScheduleLogger.LogInformation(string message, params object[] args)
      The <trigger_log> trigger for scheduler of <job_log> successfully appended and updated to the schedule.
info: 2024-05-21 23:19:26.8229991 +08:00 星期二 L System.Logging.ScheduleService[0] #1
      [Furion.Pure.dll] void Furion.Schedule.ScheduleLogger.LogInformation(string message, params object[] args)
      The scheduler of <job_log> successfully appended and updated to the schedule.
info: 2024-05-21 23:19:26.8303405 +08:00 星期二 L System.Logging.ScheduleService[0] #1
      [Furion.Pure.dll] void Furion.Schedule.ScheduleLogger.LogInformation(string message, params object[] args)
      The <trigger_onlineUser> trigger for scheduler of <job_onlineUser> successfully appended and updated to the schedule.
info: 2024-05-21 23:19:26.8315904 +08:00 星期二 L System.Logging.ScheduleService[0] #1
      [Furion.Pure.dll] void Furion.Schedule.ScheduleLogger.LogInformation(string message, params object[] args)
      The scheduler of <job_onlineUser> successfully appended and updated to the schedule.
info: 2024-05-21 23:19:26.8364598 +08:00 星期二 L System.Logging.ScheduleService[0] #1
      [Furion.Pure.dll] void Furion.Schedule.ScheduleLogger.LogInformation(string message, params object[] args)
      The <trigger_ossAsync> trigger for scheduler of <job_ossAsync> successfully appended and updated to the schedule.
info: 2024-05-21 23:19:26.8376846 +08:00 星期二 L System.Logging.ScheduleService[0] #1
      [Furion.Pure.dll] void Furion.Schedule.ScheduleLogger.LogInformation(string message, params object[] args)
      The scheduler of <job_ossAsync> successfully appended and updated to the schedule.
info: 2024-05-21 23:19:27.2057316 +08:00 星期二 L System.Net.Http.HttpClient.Default.LogicalHandler[100] #23
      [Microsoft.Extensions.Http.dll] async Task<HttpResponseMessage> Microsoft.Extensions.Http.Logging.LoggingScopeHttpMessageHandler.SendCoreAsync(HttpRequestMessage request, bool useAsync, CancellationToken cancellationToken)+Core(?)
      Start processing HTTP request POST https://oaidalleapiprodscus.blob.core.windows.net/private/org-jVmWXH4GArzEqkk7AHS1ylpK/user-QZFXa5hwMzChNULIWMZr36Hm/img-0AsAjrabFEXog3rt98HUBw8W.png?st=2024-05-21T13%3A06%3A39Z&se=2024-05-21T15%3A06%3A39Z&sp=r&sv=2021-08-06&sr=b&rscd=inline&rsct=image/png&skoid=6aaadede-4fb3-4698-a8f6-684d7786b067&sktid=a48cca56-e6da-484e-a814-9c849652bcb3&skt=2024-05-21T10%3A23%3A39Z&ske=2024-05-22T10%3A23%3A39Z&sks=b&skv=2021-08-06&sig=mftT%2BNWG2NMf%2BzOLGJdMeY1ZRgGOG71tWQM/FGJ8mDo%3D
info: 2024-05-21 23:19:27.2127181 +08:00 星期二 L System.Net.Http.HttpClient.Default.ClientHandler[100] #23
      [Microsoft.Extensions.Http.dll] async Task<HttpResponseMessage> Microsoft.Extensions.Http.Logging.LoggingHttpMessageHandler.SendCoreAsync(HttpRequestMessage request, bool useAsync, CancellationToken cancellationToken)+Core(?)
      Sending HTTP request POST https://oaidalleapiprodscus.blob.core.windows.net/private/org-jVmWXH4GArzEqkk7AHS1ylpK/user-QZFXa5hwMzChNULIWMZr36Hm/img-0AsAjrabFEXog3rt98HUBw8W.png?st=2024-05-21T13%3A06%3A39Z&se=2024-05-21T15%3A06%3A39Z&sp=r&sv=2021-08-06&sr=b&rscd=inline&rsct=image/png&skoid=6aaadede-4fb3-4698-a8f6-684d7786b067&sktid=a48cca56-e6da-484e-a814-9c849652bcb3&skt=2024-05-21T10%3A23%3A39Z&ske=2024-05-22T10%3A23%3A39Z&sks=b&skv=2021-08-06&sig=mftT%2BNWG2NMf%2BzOLGJdMeY1ZRgGOG71tWQM/FGJ8mDo%3D
info: 2024-05-21 23:19:28.2318135 +08:00 星期二 L System.Net.Http.HttpClient.Default.ClientHandler[101] #4
      [Microsoft.Extensions.Http.dll] void Microsoft.Extensions.Http.Logging.LoggingHttpMessageHandler+Log.RequestEnd(ILogger logger, HttpResponseMessage response, TimeSpan duration, Func<string, bool> shouldRedactHeaderValue)
      Received HTTP response headers after 1012.2645ms - 405
info: 2024-05-21 23:19:28.2423766 +08:00 星期二 L System.Net.Http.HttpClient.Default.LogicalHandler[101] #4
      [Microsoft.Extensions.Http.dll] void Microsoft.Extensions.Http.Logging.LoggingScopeHttpMessageHandler+Log.RequestPipelineEnd(ILogger logger, HttpResponseMessage response, TimeSpan duration, Func<string, bool> shouldRedactHeaderValue)
      End processing HTTP request after 1040.0478ms - 405
info: 2024-05-21 23:19:28.3834856 +08:00 星期二 L System.Net.Http.HttpClient.Default.LogicalHandler[100] #23
      [Microsoft.Extensions.Http.dll] async Task<HttpResponseMessage> Microsoft.Extensions.Http.Logging.LoggingScopeHttpMessageHandler.SendCoreAsync(HttpRequestMessage request, bool useAsync, CancellationToken cancellationToken)+Core(?)
      Start processing HTTP request POST https://oaidalleapiprodscus.blob.core.windows.net/private/org-jVmWXH4GArzEqkk7AHS1ylpK/user-QZFXa5hwMzChNULIWMZr36Hm/img-xnxVLM1mqQhic2GfE1uEFdVY.png?st=2024-05-21T13%3A43%3A49Z&se=2024-05-21T15%3A43%3A49Z&sp=r&sv=2021-08-06&sr=b&rscd=inline&rsct=image/png&skoid=6aaadede-4fb3-4698-a8f6-684d7786b067&sktid=a48cca56-e6da-484e-a814-9c849652bcb3&skt=2024-05-21T10%3A25%3A31Z&ske=2024-05-22T10%3A25%3A31Z&sks=b&skv=2021-08-06&sig=6HAurkaMpOYXAG%2BLbVRTGX9xxtJtdsiSVJ4W1GsuLtw%3D
info: 2024-05-21 23:19:28.4020843 +08:00 星期二 L System.Net.Http.HttpClient.Default.ClientHandler[100] #23
      [Microsoft.Extensions.Http.dll] async Task<HttpResponseMessage> Microsoft.Extensions.Http.Logging.LoggingHttpMessageHandler.SendCoreAsync(HttpRequestMessage request, bool useAsync, CancellationToken cancellationToken)+Core(?)
      Sending HTTP request POST https://oaidalleapiprodscus.blob.core.windows.net/private/org-jVmWXH4GArzEqkk7AHS1ylpK/user-QZFXa5hwMzChNULIWMZr36Hm/img-xnxVLM1mqQhic2GfE1uEFdVY.png?st=2024-05-21T13%3A43%3A49Z&se=2024-05-21T15%3A43%3A49Z&sp=r&sv=2021-08-06&sr=b&rscd=inline&rsct=image/png&skoid=6aaadede-4fb3-4698-a8f6-684d7786b067&sktid=a48cca56-e6da-484e-a814-9c849652bcb3&skt=2024-05-21T10%3A25%3A31Z&ske=2024-05-22T10%3A25%3A31Z&sks=b&skv=2021-08-06&sig=6HAurkaMpOYXAG%2BLbVRTGX9xxtJtdsiSVJ4W1GsuLtw%3D
info: 2024-05-21 23:19:28.6546440 +08:00 星期二 L System.Net.Http.HttpClient.Default.ClientHandler[101] #23
      [Microsoft.Extensions.Http.dll] void Microsoft.Extensions.Http.Logging.LoggingHttpMessageHandler+Log.RequestEnd(ILogger logger, HttpResponseMessage response, TimeSpan duration, Func<string, bool> shouldRedactHeaderValue)
      Received HTTP response headers after 231.4373ms - 405
info: 2024-05-21 23:19:28.6580346 +08:00 星期二 L System.Net.Http.HttpClient.Default.LogicalHandler[101] #23
      [Microsoft.Extensions.Http.dll] void Microsoft.Extensions.Http.Logging.LoggingScopeHttpMessageHandler+Log.RequestPipelineEnd(ILogger logger, HttpResponseMessage response, TimeSpan duration, Func<string, bool> shouldRedactHeaderValue)
      End processing HTTP request after 274.5779ms - 405
info: 2024-05-21 23:19:28.7730777 +08:00 星期二 L System.Net.Http.HttpClient.Default.LogicalHandler[100] #24
      [Microsoft.Extensions.Http.dll] async Task<HttpResponseMessage> Microsoft.Extensions.Http.Logging.LoggingScopeHttpMessageHandler.SendCoreAsync(HttpRequestMessage request, bool useAsync, CancellationToken cancellationToken)+Core(?)
      Start processing HTTP request POST https://oaidalleapiprodscus.blob.core.windows.net/private/org-jVmWXH4GArzEqkk7AHS1ylpK/user-QZFXa5hwMzChNULIWMZr36Hm/img-UUUEUKJLrsN7GW3eGglEqzJe.png?st=2024-05-21T12%3A57%3A44Z&se=2024-05-21T14%3A57%3A44Z&sp=r&sv=2021-08-06&sr=b&rscd=inline&rsct=image/png&skoid=6aaadede-4fb3-4698-a8f6-684d7786b067&sktid=a48cca56-e6da-484e-a814-9c849652bcb3&skt=2024-05-21T10%3A28%3A35Z&ske=2024-05-22T10%3A28%3A35Z&sks=b&skv=2021-08-06&sig=MAAxQtZKxOMkGVEQxlGpBnmLSYaInHx1WlAfQIM4n8c%3D
info: 2024-05-21 23:19:28.8038888 +08:00 星期二 L System.Net.Http.HttpClient.Default.ClientHandler[100] #24
      [Microsoft.Extensions.Http.dll] async Task<HttpResponseMessage> Microsoft.Extensions.Http.Logging.LoggingHttpMessageHandler.SendCoreAsync(HttpRequestMessage request, bool useAsync, CancellationToken cancellationToken)+Core(?)
      Sending HTTP request POST https://oaidalleapiprodscus.blob.core.windows.net/private/org-jVmWXH4GArzEqkk7AHS1ylpK/user-QZFXa5hwMzChNULIWMZr36Hm/img-UUUEUKJLrsN7GW3eGglEqzJe.png?st=2024-05-21T12%3A57%3A44Z&se=2024-05-21T14%3A57%3A44Z&sp=r&sv=2021-08-06&sr=b&rscd=inline&rsct=image/png&skoid=6aaadede-4fb3-4698-a8f6-684d7786b067&sktid=a48cca56-e6da-484e-a814-9c849652bcb3&skt=2024-05-21T10%3A28%3A35Z&ske=2024-05-22T10%3A28%3A35Z&sks=b&skv=2021-08-06&sig=MAAxQtZKxOMkGVEQxlGpBnmLSYaInHx1WlAfQIM4n8c%3D
info: 2024-05-21 23:19:29.0396994 +08:00 星期二 L System.Net.Http.HttpClient.Default.ClientHandler[101] #24
      [Microsoft.Extensions.Http.dll] void Microsoft.Extensions.Http.Logging.LoggingHttpMessageHandler+Log.RequestEnd(ILogger logger, HttpResponseMessage response, TimeSpan duration, Func<string, bool> shouldRedactHeaderValue)
      Received HTTP response headers after 216.9885ms - 405
info: 2024-05-21 23:19:29.0428037 +08:00 星期二 L System.Net.Http.HttpClient.Default.LogicalHandler[101] #24
      [Microsoft.Extensions.Http.dll] void Microsoft.Extensions.Http.Logging.LoggingScopeHttpMessageHandler+Log.RequestPipelineEnd(ILogger logger, HttpResponseMessage response, TimeSpan duration, Func<string, bool> shouldRedactHeaderValue)
      End processing HTTP request after 269.7664ms - 405
info: 2024-05-21 23:19:51.8065634 +08:00 星期二 L System.Logging.TaskQueueService[0] #1
      [Furion.Pure.dll] async Task Furion.TaskQueue.TaskQueueHostedService.ExecuteAsync(CancellationToken stoppingToken)
      TaskQueue hosted service is running.
info: 2024-05-21 23:19:51.8308388 +08:00 星期二 L System.Logging.ScheduleService[0] #1
      [Furion.Pure.dll] void Furion.Schedule.ScheduleLogger.LogInformation(string message, params object[] args)
      Schedule hosted service is running.
info: 2024-05-21 23:19:51.8330319 +08:00 星期二 L System.Logging.ScheduleService[0] #1
      [Furion.Pure.dll] void Furion.Schedule.ScheduleLogger.LogInformation(string message, params object[] args)
      Schedule hosted service is preloading...
info: 2024-05-21 23:19:52.5204278 +08:00 星期二 L System.Logging.ScheduleService[0] #1
      [Furion.Pure.dll] void Furion.Schedule.ScheduleLogger.LogInformation(string message, params object[] args)
      The <trigger_log> trigger for scheduler of <job_log> successfully appended and updated to the schedule.
info: 2024-05-21 23:19:52.5219584 +08:00 星期二 L System.Logging.ScheduleService[0] #1
      [Furion.Pure.dll] void Furion.Schedule.ScheduleLogger.LogInformation(string message, params object[] args)
      The scheduler of <job_log> successfully appended and updated to the schedule.
info: 2024-05-21 23:19:52.5302528 +08:00 星期二 L System.Logging.ScheduleService[0] #1
      [Furion.Pure.dll] void Furion.Schedule.ScheduleLogger.LogInformation(string message, params object[] args)
      The <trigger_onlineUser> trigger for scheduler of <job_onlineUser> successfully appended and updated to the schedule.
info: 2024-05-21 23:19:52.5316867 +08:00 星期二 L System.Logging.ScheduleService[0] #1
      [Furion.Pure.dll] void Furion.Schedule.ScheduleLogger.LogInformation(string message, params object[] args)
      The scheduler of <job_onlineUser> successfully appended and updated to the schedule.
info: 2024-05-21 23:19:52.5375854 +08:00 星期二 L System.Logging.ScheduleService[0] #1
      [Furion.Pure.dll] void Furion.Schedule.ScheduleLogger.LogInformation(string message, params object[] args)
      The <trigger_ossAsync> trigger for scheduler of <job_ossAsync> successfully appended and updated to the schedule.
info: 2024-05-21 23:19:52.5391362 +08:00 星期二 L System.Logging.ScheduleService[0] #1
      [Furion.Pure.dll] void Furion.Schedule.ScheduleLogger.LogInformation(string message, params object[] args)
      The scheduler of <job_ossAsync> successfully appended and updated to the schedule.
info: 2024-05-21 23:19:52.8597699 +08:00 星期二 L System.Net.Http.HttpClient.Default.LogicalHandler[100] #7
      [Microsoft.Extensions.Http.dll] async Task<HttpResponseMessage> Microsoft.Extensions.Http.Logging.LoggingScopeHttpMessageHandler.SendCoreAsync(HttpRequestMessage request, bool useAsync, CancellationToken cancellationToken)+Core(?)
      Start processing HTTP request POST https://oaidalleapiprodscus.blob.core.windows.net/private/org-jVmWXH4GArzEqkk7AHS1ylpK/user-QZFXa5hwMzChNULIWMZr36Hm/img-0AsAjrabFEXog3rt98HUBw8W.png?st=2024-05-21T13%3A06%3A39Z&se=2024-05-21T15%3A06%3A39Z&sp=r&sv=2021-08-06&sr=b&rscd=inline&rsct=image/png&skoid=6aaadede-4fb3-4698-a8f6-684d7786b067&sktid=a48cca56-e6da-484e-a814-9c849652bcb3&skt=2024-05-21T10%3A23%3A39Z&ske=2024-05-22T10%3A23%3A39Z&sks=b&skv=2021-08-06&sig=mftT%2BNWG2NMf%2BzOLGJdMeY1ZRgGOG71tWQM/FGJ8mDo%3D
info: 2024-05-21 23:19:52.8688234 +08:00 星期二 L System.Net.Http.HttpClient.Default.ClientHandler[100] #7
      [Microsoft.Extensions.Http.dll] async Task<HttpResponseMessage> Microsoft.Extensions.Http.Logging.LoggingHttpMessageHandler.SendCoreAsync(HttpRequestMessage request, bool useAsync, CancellationToken cancellationToken)+Core(?)
      Sending HTTP request POST https://oaidalleapiprodscus.blob.core.windows.net/private/org-jVmWXH4GArzEqkk7AHS1ylpK/user-QZFXa5hwMzChNULIWMZr36Hm/img-0AsAjrabFEXog3rt98HUBw8W.png?st=2024-05-21T13%3A06%3A39Z&se=2024-05-21T15%3A06%3A39Z&sp=r&sv=2021-08-06&sr=b&rscd=inline&rsct=image/png&skoid=6aaadede-4fb3-4698-a8f6-684d7786b067&sktid=a48cca56-e6da-484e-a814-9c849652bcb3&skt=2024-05-21T10%3A23%3A39Z&ske=2024-05-22T10%3A23%3A39Z&sks=b&skv=2021-08-06&sig=mftT%2BNWG2NMf%2BzOLGJdMeY1ZRgGOG71tWQM/FGJ8mDo%3D
info: 2024-05-21 23:19:53.8146088 +08:00 星期二 L System.Net.Http.HttpClient.Default.ClientHandler[101] #22
      [Microsoft.Extensions.Http.dll] void Microsoft.Extensions.Http.Logging.LoggingHttpMessageHandler+Log.RequestEnd(ILogger logger, HttpResponseMessage response, TimeSpan duration, Func<string, bool> shouldRedactHeaderValue)
      Received HTTP response headers after 938.2989ms - 405
info: 2024-05-21 23:19:53.8280344 +08:00 星期二 L System.Net.Http.HttpClient.Default.LogicalHandler[101] #22
      [Microsoft.Extensions.Http.dll] void Microsoft.Extensions.Http.Logging.LoggingScopeHttpMessageHandler+Log.RequestPipelineEnd(ILogger logger, HttpResponseMessage response, TimeSpan duration, Func<string, bool> shouldRedactHeaderValue)
      End processing HTTP request after 973.1948ms - 405
info: 2024-05-21 23:19:53.9776467 +08:00 星期二 L System.Net.Http.HttpClient.Default.LogicalHandler[100] #21
      [Microsoft.Extensions.Http.dll] async Task<HttpResponseMessage> Microsoft.Extensions.Http.Logging.LoggingScopeHttpMessageHandler.SendCoreAsync(HttpRequestMessage request, bool useAsync, CancellationToken cancellationToken)+Core(?)
      Start processing HTTP request POST https://oaidalleapiprodscus.blob.core.windows.net/private/org-jVmWXH4GArzEqkk7AHS1ylpK/user-QZFXa5hwMzChNULIWMZr36Hm/img-xnxVLM1mqQhic2GfE1uEFdVY.png?st=2024-05-21T13%3A43%3A49Z&se=2024-05-21T15%3A43%3A49Z&sp=r&sv=2021-08-06&sr=b&rscd=inline&rsct=image/png&skoid=6aaadede-4fb3-4698-a8f6-684d7786b067&sktid=a48cca56-e6da-484e-a814-9c849652bcb3&skt=2024-05-21T10%3A25%3A31Z&ske=2024-05-22T10%3A25%3A31Z&sks=b&skv=2021-08-06&sig=6HAurkaMpOYXAG%2BLbVRTGX9xxtJtdsiSVJ4W1GsuLtw%3D
info: 2024-05-21 23:19:54.0761577 +08:00 星期二 L System.Net.Http.HttpClient.Default.ClientHandler[100] #21
      [Microsoft.Extensions.Http.dll] async Task<HttpResponseMessage> Microsoft.Extensions.Http.Logging.LoggingHttpMessageHandler.SendCoreAsync(HttpRequestMessage request, bool useAsync, CancellationToken cancellationToken)+Core(?)
      Sending HTTP request POST https://oaidalleapiprodscus.blob.core.windows.net/private/org-jVmWXH4GArzEqkk7AHS1ylpK/user-QZFXa5hwMzChNULIWMZr36Hm/img-xnxVLM1mqQhic2GfE1uEFdVY.png?st=2024-05-21T13%3A43%3A49Z&se=2024-05-21T15%3A43%3A49Z&sp=r&sv=2021-08-06&sr=b&rscd=inline&rsct=image/png&skoid=6aaadede-4fb3-4698-a8f6-684d7786b067&sktid=a48cca56-e6da-484e-a814-9c849652bcb3&skt=2024-05-21T10%3A25%3A31Z&ske=2024-05-22T10%3A25%3A31Z&sks=b&skv=2021-08-06&sig=6HAurkaMpOYXAG%2BLbVRTGX9xxtJtdsiSVJ4W1GsuLtw%3D
info: 2024-05-21 23:19:54.3068446 +08:00 星期二 L System.Net.Http.HttpClient.Default.ClientHandler[101] #21
      [Microsoft.Extensions.Http.dll] void Microsoft.Extensions.Http.Logging.LoggingHttpMessageHandler+Log.RequestEnd(ILogger logger, HttpResponseMessage response, TimeSpan duration, Func<string, bool> shouldRedactHeaderValue)
      Received HTTP response headers after 213.0705ms - 405
info: 2024-05-21 23:19:54.3104094 +08:00 星期二 L System.Net.Http.HttpClient.Default.LogicalHandler[101] #21
      [Microsoft.Extensions.Http.dll] void Microsoft.Extensions.Http.Logging.LoggingScopeHttpMessageHandler+Log.RequestPipelineEnd(ILogger logger, HttpResponseMessage response, TimeSpan duration, Func<string, bool> shouldRedactHeaderValue)
      End processing HTTP request after 332.9152ms - 405
info: 2024-05-21 23:19:54.4040552 +08:00 星期二 L System.Net.Http.HttpClient.Default.LogicalHandler[100] #21
      [Microsoft.Extensions.Http.dll] async Task<HttpResponseMessage> Microsoft.Extensions.Http.Logging.LoggingScopeHttpMessageHandler.SendCoreAsync(HttpRequestMessage request, bool useAsync, CancellationToken cancellationToken)+Core(?)
      Start processing HTTP request POST https://oaidalleapiprodscus.blob.core.windows.net/private/org-jVmWXH4GArzEqkk7AHS1ylpK/user-QZFXa5hwMzChNULIWMZr36Hm/img-UUUEUKJLrsN7GW3eGglEqzJe.png?st=2024-05-21T12%3A57%3A44Z&se=2024-05-21T14%3A57%3A44Z&sp=r&sv=2021-08-06&sr=b&rscd=inline&rsct=image/png&skoid=6aaadede-4fb3-4698-a8f6-684d7786b067&sktid=a48cca56-e6da-484e-a814-9c849652bcb3&skt=2024-05-21T10%3A28%3A35Z&ske=2024-05-22T10%3A28%3A35Z&sks=b&skv=2021-08-06&sig=MAAxQtZKxOMkGVEQxlGpBnmLSYaInHx1WlAfQIM4n8c%3D
info: 2024-05-21 23:19:54.4215313 +08:00 星期二 L System.Net.Http.HttpClient.Default.ClientHandler[100] #21
      [Microsoft.Extensions.Http.dll] async Task<HttpResponseMessage> Microsoft.Extensions.Http.Logging.LoggingHttpMessageHandler.SendCoreAsync(HttpRequestMessage request, bool useAsync, CancellationToken cancellationToken)+Core(?)
      Sending HTTP request POST https://oaidalleapiprodscus.blob.core.windows.net/private/org-jVmWXH4GArzEqkk7AHS1ylpK/user-QZFXa5hwMzChNULIWMZr36Hm/img-UUUEUKJLrsN7GW3eGglEqzJe.png?st=2024-05-21T12%3A57%3A44Z&se=2024-05-21T14%3A57%3A44Z&sp=r&sv=2021-08-06&sr=b&rscd=inline&rsct=image/png&skoid=6aaadede-4fb3-4698-a8f6-684d7786b067&sktid=a48cca56-e6da-484e-a814-9c849652bcb3&skt=2024-05-21T10%3A28%3A35Z&ske=2024-05-22T10%3A28%3A35Z&sks=b&skv=2021-08-06&sig=MAAxQtZKxOMkGVEQxlGpBnmLSYaInHx1WlAfQIM4n8c%3D
info: 2024-05-21 23:19:54.6533124 +08:00 星期二 L System.Net.Http.HttpClient.Default.ClientHandler[101] #21
      [Microsoft.Extensions.Http.dll] void Microsoft.Extensions.Http.Logging.LoggingHttpMessageHandler+Log.RequestEnd(ILogger logger, HttpResponseMessage response, TimeSpan duration, Func<string, bool> shouldRedactHeaderValue)
      Received HTTP response headers after 211.9226ms - 405
info: 2024-05-21 23:19:54.6564403 +08:00 星期二 L System.Net.Http.HttpClient.Default.LogicalHandler[101] #21
      [Microsoft.Extensions.Http.dll] void Microsoft.Extensions.Http.Logging.LoggingScopeHttpMessageHandler+Log.RequestPipelineEnd(ILogger logger, HttpResponseMessage response, TimeSpan duration, Func<string, bool> shouldRedactHeaderValue)
      End processing HTTP request after 252.4251ms - 405
info: 2024-05-21 23:20:23.5119702 +08:00 星期二 L System.Logging.TaskQueueService[0] #1
      [Furion.Pure.dll] async Task Furion.TaskQueue.TaskQueueHostedService.ExecuteAsync(CancellationToken stoppingToken)
      TaskQueue hosted service is running.
info: 2024-05-21 23:20:23.5281019 +08:00 星期二 L System.Logging.ScheduleService[0] #1
      [Furion.Pure.dll] void Furion.Schedule.ScheduleLogger.LogInformation(string message, params object[] args)
      Schedule hosted service is running.
info: 2024-05-21 23:20:23.5303859 +08:00 星期二 L System.Logging.ScheduleService[0] #1
      [Furion.Pure.dll] void Furion.Schedule.ScheduleLogger.LogInformation(string message, params object[] args)
      Schedule hosted service is preloading...
info: 2024-05-21 23:20:24.1842174 +08:00 星期二 L System.Logging.ScheduleService[0] #1
      [Furion.Pure.dll] void Furion.Schedule.ScheduleLogger.LogInformation(string message, params object[] args)
      The <trigger_log> trigger for scheduler of <job_log> successfully appended and updated to the schedule.
info: 2024-05-21 23:20:24.1857783 +08:00 星期二 L System.Logging.ScheduleService[0] #1
      [Furion.Pure.dll] void Furion.Schedule.ScheduleLogger.LogInformation(string message, params object[] args)
      The scheduler of <job_log> successfully appended and updated to the schedule.
info: 2024-05-21 23:20:24.1915212 +08:00 星期二 L System.Logging.ScheduleService[0] #1
      [Furion.Pure.dll] void Furion.Schedule.ScheduleLogger.LogInformation(string message, params object[] args)
      The <trigger_onlineUser> trigger for scheduler of <job_onlineUser> successfully appended and updated to the schedule.
info: 2024-05-21 23:20:24.1927320 +08:00 星期二 L System.Logging.ScheduleService[0] #1
      [Furion.Pure.dll] void Furion.Schedule.ScheduleLogger.LogInformation(string message, params object[] args)
      The scheduler of <job_onlineUser> successfully appended and updated to the schedule.
info: 2024-05-21 23:20:24.1978895 +08:00 星期二 L System.Logging.ScheduleService[0] #1
      [Furion.Pure.dll] void Furion.Schedule.ScheduleLogger.LogInformation(string message, params object[] args)
      The <trigger_ossAsync> trigger for scheduler of <job_ossAsync> successfully appended and updated to the schedule.
info: 2024-05-21 23:20:24.1991242 +08:00 星期二 L System.Logging.ScheduleService[0] #1
      [Furion.Pure.dll] void Furion.Schedule.ScheduleLogger.LogInformation(string message, params object[] args)
      The scheduler of <job_ossAsync> successfully appended and updated to the schedule.
info: 2024-05-21 23:20:24.3913407 +08:00 星期二 L System.Net.Http.HttpClient.Default.LogicalHandler[100] #9
      [Microsoft.Extensions.Http.dll] async Task<HttpResponseMessage> Microsoft.Extensions.Http.Logging.LoggingScopeHttpMessageHandler.SendCoreAsync(HttpRequestMessage request, bool useAsync, CancellationToken cancellationToken)+Core(?)
      Start processing HTTP request POST https://oaidalleapiprodscus.blob.core.windows.net/private/org-jVmWXH4GArzEqkk7AHS1ylpK/user-QZFXa5hwMzChNULIWMZr36Hm/img-0AsAjrabFEXog3rt98HUBw8W.png?st=2024-05-21T13%3A06%3A39Z&se=2024-05-21T15%3A06%3A39Z&sp=r&sv=2021-08-06&sr=b&rscd=inline&rsct=image/png&skoid=6aaadede-4fb3-4698-a8f6-684d7786b067&sktid=a48cca56-e6da-484e-a814-9c849652bcb3&skt=2024-05-21T10%3A23%3A39Z&ske=2024-05-22T10%3A23%3A39Z&sks=b&skv=2021-08-06&sig=mftT%2BNWG2NMf%2BzOLGJdMeY1ZRgGOG71tWQM/FGJ8mDo%3D
info: 2024-05-21 23:20:24.4110517 +08:00 星期二 L System.Net.Http.HttpClient.Default.ClientHandler[100] #9
      [Microsoft.Extensions.Http.dll] async Task<HttpResponseMessage> Microsoft.Extensions.Http.Logging.LoggingHttpMessageHandler.SendCoreAsync(HttpRequestMessage request, bool useAsync, CancellationToken cancellationToken)+Core(?)
      Sending HTTP request POST https://oaidalleapiprodscus.blob.core.windows.net/private/org-jVmWXH4GArzEqkk7AHS1ylpK/user-QZFXa5hwMzChNULIWMZr36Hm/img-0AsAjrabFEXog3rt98HUBw8W.png?st=2024-05-21T13%3A06%3A39Z&se=2024-05-21T15%3A06%3A39Z&sp=r&sv=2021-08-06&sr=b&rscd=inline&rsct=image/png&skoid=6aaadede-4fb3-4698-a8f6-684d7786b067&sktid=a48cca56-e6da-484e-a814-9c849652bcb3&skt=2024-05-21T10%3A23%3A39Z&ske=2024-05-22T10%3A23%3A39Z&sks=b&skv=2021-08-06&sig=mftT%2BNWG2NMf%2BzOLGJdMeY1ZRgGOG71tWQM/FGJ8mDo%3D
info: 2024-05-21 23:20:25.3311753 +08:00 星期二 L System.Net.Http.HttpClient.Default.ClientHandler[101] #24
      [Microsoft.Extensions.Http.dll] void Microsoft.Extensions.Http.Logging.LoggingHttpMessageHandler+Log.RequestEnd(ILogger logger, HttpResponseMessage response, TimeSpan duration, Func<string, bool> shouldRedactHeaderValue)
      Received HTTP response headers after 902.9496ms - 405
info: 2024-05-21 23:20:25.3426130 +08:00 星期二 L System.Net.Http.HttpClient.Default.LogicalHandler[101] #24
      [Microsoft.Extensions.Http.dll] void Microsoft.Extensions.Http.Logging.LoggingScopeHttpMessageHandler+Log.RequestPipelineEnd(ILogger logger, HttpResponseMessage response, TimeSpan duration, Func<string, bool> shouldRedactHeaderValue)
      End processing HTTP request after 954.4163ms - 405
info: 2024-05-21 23:20:25.4755462 +08:00 星期二 L System.Net.Http.HttpClient.Default.LogicalHandler[100] #24
      [Microsoft.Extensions.Http.dll] async Task<HttpResponseMessage> Microsoft.Extensions.Http.Logging.LoggingScopeHttpMessageHandler.SendCoreAsync(HttpRequestMessage request, bool useAsync, CancellationToken cancellationToken)+Core(?)
      Start processing HTTP request POST https://oaidalleapiprodscus.blob.core.windows.net/private/org-jVmWXH4GArzEqkk7AHS1ylpK/user-QZFXa5hwMzChNULIWMZr36Hm/img-xnxVLM1mqQhic2GfE1uEFdVY.png?st=2024-05-21T13%3A43%3A49Z&se=2024-05-21T15%3A43%3A49Z&sp=r&sv=2021-08-06&sr=b&rscd=inline&rsct=image/png&skoid=6aaadede-4fb3-4698-a8f6-684d7786b067&sktid=a48cca56-e6da-484e-a814-9c849652bcb3&skt=2024-05-21T10%3A25%3A31Z&ske=2024-05-22T10%3A25%3A31Z&sks=b&skv=2021-08-06&sig=6HAurkaMpOYXAG%2BLbVRTGX9xxtJtdsiSVJ4W1GsuLtw%3D
info: 2024-05-21 23:20:25.4929171 +08:00 星期二 L System.Net.Http.HttpClient.Default.ClientHandler[100] #24
      [Microsoft.Extensions.Http.dll] async Task<HttpResponseMessage> Microsoft.Extensions.Http.Logging.LoggingHttpMessageHandler.SendCoreAsync(HttpRequestMessage request, bool useAsync, CancellationToken cancellationToken)+Core(?)
      Sending HTTP request POST https://oaidalleapiprodscus.blob.core.windows.net/private/org-jVmWXH4GArzEqkk7AHS1ylpK/user-QZFXa5hwMzChNULIWMZr36Hm/img-xnxVLM1mqQhic2GfE1uEFdVY.png?st=2024-05-21T13%3A43%3A49Z&se=2024-05-21T15%3A43%3A49Z&sp=r&sv=2021-08-06&sr=b&rscd=inline&rsct=image/png&skoid=6aaadede-4fb3-4698-a8f6-684d7786b067&sktid=a48cca56-e6da-484e-a814-9c849652bcb3&skt=2024-05-21T10%3A25%3A31Z&ske=2024-05-22T10%3A25%3A31Z&sks=b&skv=2021-08-06&sig=6HAurkaMpOYXAG%2BLbVRTGX9xxtJtdsiSVJ4W1GsuLtw%3D
info: 2024-05-21 23:20:25.7254290 +08:00 星期二 L System.Net.Http.HttpClient.Default.ClientHandler[101] #24
      [Microsoft.Extensions.Http.dll] void Microsoft.Extensions.Http.Logging.LoggingHttpMessageHandler+Log.RequestEnd(ILogger logger, HttpResponseMessage response, TimeSpan duration, Func<string, bool> shouldRedactHeaderValue)
      Received HTTP response headers after 214.7194ms - 405
info: 2024-05-21 23:20:25.7287231 +08:00 星期二 L System.Net.Http.HttpClient.Default.LogicalHandler[101] #24
      [Microsoft.Extensions.Http.dll] void Microsoft.Extensions.Http.Logging.LoggingScopeHttpMessageHandler+Log.RequestPipelineEnd(ILogger logger, HttpResponseMessage response, TimeSpan duration, Func<string, bool> shouldRedactHeaderValue)
      End processing HTTP request after 253.218ms - 405
info: 2024-05-21 23:20:25.8253260 +08:00 星期二 L System.Net.Http.HttpClient.Default.LogicalHandler[100] #24
      [Microsoft.Extensions.Http.dll] async Task<HttpResponseMessage> Microsoft.Extensions.Http.Logging.LoggingScopeHttpMessageHandler.SendCoreAsync(HttpRequestMessage request, bool useAsync, CancellationToken cancellationToken)+Core(?)
      Start processing HTTP request POST https://oaidalleapiprodscus.blob.core.windows.net/private/org-jVmWXH4GArzEqkk7AHS1ylpK/user-QZFXa5hwMzChNULIWMZr36Hm/img-UUUEUKJLrsN7GW3eGglEqzJe.png?st=2024-05-21T12%3A57%3A44Z&se=2024-05-21T14%3A57%3A44Z&sp=r&sv=2021-08-06&sr=b&rscd=inline&rsct=image/png&skoid=6aaadede-4fb3-4698-a8f6-684d7786b067&sktid=a48cca56-e6da-484e-a814-9c849652bcb3&skt=2024-05-21T10%3A28%3A35Z&ske=2024-05-22T10%3A28%3A35Z&sks=b&skv=2021-08-06&sig=MAAxQtZKxOMkGVEQxlGpBnmLSYaInHx1WlAfQIM4n8c%3D
info: 2024-05-21 23:20:25.8416917 +08:00 星期二 L System.Net.Http.HttpClient.Default.ClientHandler[100] #24
      [Microsoft.Extensions.Http.dll] async Task<HttpResponseMessage> Microsoft.Extensions.Http.Logging.LoggingHttpMessageHandler.SendCoreAsync(HttpRequestMessage request, bool useAsync, CancellationToken cancellationToken)+Core(?)
      Sending HTTP request POST https://oaidalleapiprodscus.blob.core.windows.net/private/org-jVmWXH4GArzEqkk7AHS1ylpK/user-QZFXa5hwMzChNULIWMZr36Hm/img-UUUEUKJLrsN7GW3eGglEqzJe.png?st=2024-05-21T12%3A57%3A44Z&se=2024-05-21T14%3A57%3A44Z&sp=r&sv=2021-08-06&sr=b&rscd=inline&rsct=image/png&skoid=6aaadede-4fb3-4698-a8f6-684d7786b067&sktid=a48cca56-e6da-484e-a814-9c849652bcb3&skt=2024-05-21T10%3A28%3A35Z&ske=2024-05-22T10%3A28%3A35Z&sks=b&skv=2021-08-06&sig=MAAxQtZKxOMkGVEQxlGpBnmLSYaInHx1WlAfQIM4n8c%3D
info: 2024-05-21 23:20:26.0701490 +08:00 星期二 L System.Net.Http.HttpClient.Default.ClientHandler[101] #24
      [Microsoft.Extensions.Http.dll] void Microsoft.Extensions.Http.Logging.LoggingHttpMessageHandler+Log.RequestEnd(ILogger logger, HttpResponseMessage response, TimeSpan duration, Func<string, bool> shouldRedactHeaderValue)
      Received HTTP response headers after 211.7316ms - 405
info: 2024-05-21 23:20:26.0733734 +08:00 星期二 L System.Net.Http.HttpClient.Default.LogicalHandler[101] #24
      [Microsoft.Extensions.Http.dll] void Microsoft.Extensions.Http.Logging.LoggingScopeHttpMessageHandler+Log.RequestPipelineEnd(ILogger logger, HttpResponseMessage response, TimeSpan duration, Func<string, bool> shouldRedactHeaderValue)
      End processing HTTP request after 248.1006ms - 405
info: 2024-05-21 23:30:00.1387815 +08:00 星期二 L System.Net.Http.HttpClient.Default.LogicalHandler[100] #22
      [Microsoft.Extensions.Http.dll] async Task<HttpResponseMessage> Microsoft.Extensions.Http.Logging.LoggingScopeHttpMessageHandler.SendCoreAsync(HttpRequestMessage request, bool useAsync, CancellationToken cancellationToken)+Core(?)
      Start processing HTTP request POST https://oaidalleapiprodscus.blob.core.windows.net/private/org-jVmWXH4GArzEqkk7AHS1ylpK/user-QZFXa5hwMzChNULIWMZr36Hm/img-0AsAjrabFEXog3rt98HUBw8W.png?st=2024-05-21T13%3A06%3A39Z&se=2024-05-21T15%3A06%3A39Z&sp=r&sv=2021-08-06&sr=b&rscd=inline&rsct=image/png&skoid=6aaadede-4fb3-4698-a8f6-684d7786b067&sktid=a48cca56-e6da-484e-a814-9c849652bcb3&skt=2024-05-21T10%3A23%3A39Z&ske=2024-05-22T10%3A23%3A39Z&sks=b&skv=2021-08-06&sig=mftT%2BNWG2NMf%2BzOLGJdMeY1ZRgGOG71tWQM/FGJ8mDo%3D
info: 2024-05-21 23:30:00.1414986 +08:00 星期二 L System.Net.Http.HttpClient.Default.ClientHandler[100] #22
      [Microsoft.Extensions.Http.dll] async Task<HttpResponseMessage> Microsoft.Extensions.Http.Logging.LoggingHttpMessageHandler.SendCoreAsync(HttpRequestMessage request, bool useAsync, CancellationToken cancellationToken)+Core(?)
      Sending HTTP request POST https://oaidalleapiprodscus.blob.core.windows.net/private/org-jVmWXH4GArzEqkk7AHS1ylpK/user-QZFXa5hwMzChNULIWMZr36Hm/img-0AsAjrabFEXog3rt98HUBw8W.png?st=2024-05-21T13%3A06%3A39Z&se=2024-05-21T15%3A06%3A39Z&sp=r&sv=2021-08-06&sr=b&rscd=inline&rsct=image/png&skoid=6aaadede-4fb3-4698-a8f6-684d7786b067&sktid=a48cca56-e6da-484e-a814-9c849652bcb3&skt=2024-05-21T10%3A23%3A39Z&ske=2024-05-22T10%3A23%3A39Z&sks=b&skv=2021-08-06&sig=mftT%2BNWG2NMf%2BzOLGJdMeY1ZRgGOG71tWQM/FGJ8mDo%3D
info: 2024-05-21 23:30:01.2944629 +08:00 星期二 L System.Net.Http.HttpClient.Default.ClientHandler[101] #22
      [Microsoft.Extensions.Http.dll] void Microsoft.Extensions.Http.Logging.LoggingHttpMessageHandler+Log.RequestEnd(ILogger logger, HttpResponseMessage response, TimeSpan duration, Func<string, bool> shouldRedactHeaderValue)
      Received HTTP response headers after 1150.6686ms - 405
info: 2024-05-21 23:30:01.2981033 +08:00 星期二 L System.Net.Http.HttpClient.Default.LogicalHandler[101] #22
      [Microsoft.Extensions.Http.dll] void Microsoft.Extensions.Http.Logging.LoggingScopeHttpMessageHandler+Log.RequestPipelineEnd(ILogger logger, HttpResponseMessage response, TimeSpan duration, Func<string, bool> shouldRedactHeaderValue)
      End processing HTTP request after 1159.4064ms - 405
info: 2024-05-21 23:30:01.3836916 +08:00 星期二 L System.Net.Http.HttpClient.Default.LogicalHandler[100] #3
      [Microsoft.Extensions.Http.dll] async Task<HttpResponseMessage> Microsoft.Extensions.Http.Logging.LoggingScopeHttpMessageHandler.SendCoreAsync(HttpRequestMessage request, bool useAsync, CancellationToken cancellationToken)+Core(?)
      Start processing HTTP request POST https://oaidalleapiprodscus.blob.core.windows.net/private/org-jVmWXH4GArzEqkk7AHS1ylpK/user-QZFXa5hwMzChNULIWMZr36Hm/img-xnxVLM1mqQhic2GfE1uEFdVY.png?st=2024-05-21T13%3A43%3A49Z&se=2024-05-21T15%3A43%3A49Z&sp=r&sv=2021-08-06&sr=b&rscd=inline&rsct=image/png&skoid=6aaadede-4fb3-4698-a8f6-684d7786b067&sktid=a48cca56-e6da-484e-a814-9c849652bcb3&skt=2024-05-21T10%3A25%3A31Z&ske=2024-05-22T10%3A25%3A31Z&sks=b&skv=2021-08-06&sig=6HAurkaMpOYXAG%2BLbVRTGX9xxtJtdsiSVJ4W1GsuLtw%3D
info: 2024-05-21 23:30:01.3962891 +08:00 星期二 L System.Net.Http.HttpClient.Default.ClientHandler[100] #3
      [Microsoft.Extensions.Http.dll] async Task<HttpResponseMessage> Microsoft.Extensions.Http.Logging.LoggingHttpMessageHandler.SendCoreAsync(HttpRequestMessage request, bool useAsync, CancellationToken cancellationToken)+Core(?)
      Sending HTTP request POST https://oaidalleapiprodscus.blob.core.windows.net/private/org-jVmWXH4GArzEqkk7AHS1ylpK/user-QZFXa5hwMzChNULIWMZr36Hm/img-xnxVLM1mqQhic2GfE1uEFdVY.png?st=2024-05-21T13%3A43%3A49Z&se=2024-05-21T15%3A43%3A49Z&sp=r&sv=2021-08-06&sr=b&rscd=inline&rsct=image/png&skoid=6aaadede-4fb3-4698-a8f6-684d7786b067&sktid=a48cca56-e6da-484e-a814-9c849652bcb3&skt=2024-05-21T10%3A25%3A31Z&ske=2024-05-22T10%3A25%3A31Z&sks=b&skv=2021-08-06&sig=6HAurkaMpOYXAG%2BLbVRTGX9xxtJtdsiSVJ4W1GsuLtw%3D
info: 2024-05-21 23:30:01.6417605 +08:00 星期二 L System.Net.Http.HttpClient.Default.ClientHandler[101] #3
      [Microsoft.Extensions.Http.dll] void Microsoft.Extensions.Http.Logging.LoggingHttpMessageHandler+Log.RequestEnd(ILogger logger, HttpResponseMessage response, TimeSpan duration, Func<string, bool> shouldRedactHeaderValue)
      Received HTTP response headers after 232.7273ms - 405
info: 2024-05-21 23:30:01.6506726 +08:00 星期二 L System.Net.Http.HttpClient.Default.LogicalHandler[101] #3
      [Microsoft.Extensions.Http.dll] void Microsoft.Extensions.Http.Logging.LoggingScopeHttpMessageHandler+Log.RequestPipelineEnd(ILogger logger, HttpResponseMessage response, TimeSpan duration, Func<string, bool> shouldRedactHeaderValue)
      End processing HTTP request after 267.0435ms - 405
info: 2024-05-21 23:30:01.7262793 +08:00 星期二 L System.Net.Http.HttpClient.Default.LogicalHandler[100] #23
      [Microsoft.Extensions.Http.dll] async Task<HttpResponseMessage> Microsoft.Extensions.Http.Logging.LoggingScopeHttpMessageHandler.SendCoreAsync(HttpRequestMessage request, bool useAsync, CancellationToken cancellationToken)+Core(?)
      Start processing HTTP request POST https://oaidalleapiprodscus.blob.core.windows.net/private/org-jVmWXH4GArzEqkk7AHS1ylpK/user-QZFXa5hwMzChNULIWMZr36Hm/img-UUUEUKJLrsN7GW3eGglEqzJe.png?st=2024-05-21T12%3A57%3A44Z&se=2024-05-21T14%3A57%3A44Z&sp=r&sv=2021-08-06&sr=b&rscd=inline&rsct=image/png&skoid=6aaadede-4fb3-4698-a8f6-684d7786b067&sktid=a48cca56-e6da-484e-a814-9c849652bcb3&skt=2024-05-21T10%3A28%3A35Z&ske=2024-05-22T10%3A28%3A35Z&sks=b&skv=2021-08-06&sig=MAAxQtZKxOMkGVEQxlGpBnmLSYaInHx1WlAfQIM4n8c%3D
info: 2024-05-21 23:30:01.7385601 +08:00 星期二 L System.Net.Http.HttpClient.Default.ClientHandler[100] #23
      [Microsoft.Extensions.Http.dll] async Task<HttpResponseMessage> Microsoft.Extensions.Http.Logging.LoggingHttpMessageHandler.SendCoreAsync(HttpRequestMessage request, bool useAsync, CancellationToken cancellationToken)+Core(?)
      Sending HTTP request POST https://oaidalleapiprodscus.blob.core.windows.net/private/org-jVmWXH4GArzEqkk7AHS1ylpK/user-QZFXa5hwMzChNULIWMZr36Hm/img-UUUEUKJLrsN7GW3eGglEqzJe.png?st=2024-05-21T12%3A57%3A44Z&se=2024-05-21T14%3A57%3A44Z&sp=r&sv=2021-08-06&sr=b&rscd=inline&rsct=image/png&skoid=6aaadede-4fb3-4698-a8f6-684d7786b067&sktid=a48cca56-e6da-484e-a814-9c849652bcb3&skt=2024-05-21T10%3A28%3A35Z&ske=2024-05-22T10%3A28%3A35Z&sks=b&skv=2021-08-06&sig=MAAxQtZKxOMkGVEQxlGpBnmLSYaInHx1WlAfQIM4n8c%3D
info: 2024-05-21 23:30:01.9783913 +08:00 星期二 L System.Net.Http.HttpClient.Default.ClientHandler[101] #23
      [Microsoft.Extensions.Http.dll] void Microsoft.Extensions.Http.Logging.LoggingHttpMessageHandler+Log.RequestEnd(ILogger logger, HttpResponseMessage response, TimeSpan duration, Func<string, bool> shouldRedactHeaderValue)
      Received HTTP response headers after 227.0292ms - 405
info: 2024-05-21 23:30:01.9819031 +08:00 星期二 L System.Net.Http.HttpClient.Default.LogicalHandler[101] #23
      [Microsoft.Extensions.Http.dll] void Microsoft.Extensions.Http.Logging.LoggingScopeHttpMessageHandler+Log.RequestPipelineEnd(ILogger logger, HttpResponseMessage response, TimeSpan duration, Func<string, bool> shouldRedactHeaderValue)
      End processing HTTP request after 255.6422ms - 405
info: 2024-05-21 23:35:23.6262460 +08:00 星期二 L System.Logging.TaskQueueService[0] #1
      [Furion.Pure.dll] async Task Furion.TaskQueue.TaskQueueHostedService.ExecuteAsync(CancellationToken stoppingToken)
      TaskQueue hosted service is running.
info: 2024-05-21 23:35:23.6871558 +08:00 星期二 L System.Logging.ScheduleService[0] #1
      [Furion.Pure.dll] void Furion.Schedule.ScheduleLogger.LogInformation(string message, params object[] args)
      Schedule hosted service is running.
info: 2024-05-21 23:35:23.6922761 +08:00 星期二 L System.Logging.ScheduleService[0] #1
      [Furion.Pure.dll] void Furion.Schedule.ScheduleLogger.LogInformation(string message, params object[] args)
      Schedule hosted service is preloading...
info: 2024-05-21 23:35:24.4525769 +08:00 星期二 L System.Logging.ScheduleService[0] #1
      [Furion.Pure.dll] void Furion.Schedule.ScheduleLogger.LogInformation(string message, params object[] args)
      The <trigger_log> trigger for scheduler of <job_log> successfully appended and updated to the schedule.
info: 2024-05-21 23:35:24.4773350 +08:00 星期二 L System.Logging.ScheduleService[0] #1
      [Furion.Pure.dll] void Furion.Schedule.ScheduleLogger.LogInformation(string message, params object[] args)
      The scheduler of <job_log> successfully appended and updated to the schedule.
info: 2024-05-21 23:35:24.4883786 +08:00 星期二 L System.Logging.ScheduleService[0] #1
      [Furion.Pure.dll] void Furion.Schedule.ScheduleLogger.LogInformation(string message, params object[] args)
      The <trigger_onlineUser> trigger for scheduler of <job_onlineUser> successfully appended and updated to the schedule.
info: 2024-05-21 23:35:24.5233705 +08:00 星期二 L System.Logging.ScheduleService[0] #1
      [Furion.Pure.dll] void Furion.Schedule.ScheduleLogger.LogInformation(string message, params object[] args)
      The scheduler of <job_onlineUser> successfully appended and updated to the schedule.
info: 2024-05-21 23:35:24.5327093 +08:00 星期二 L System.Logging.ScheduleService[0] #1
      [Furion.Pure.dll] void Furion.Schedule.ScheduleLogger.LogInformation(string message, params object[] args)
      The <trigger_ossAsync> trigger for scheduler of <job_ossAsync> successfully appended and updated to the schedule.
info: 2024-05-21 23:35:24.5364323 +08:00 星期二 L System.Logging.ScheduleService[0] #1
      [Furion.Pure.dll] void Furion.Schedule.ScheduleLogger.LogInformation(string message, params object[] args)
      The scheduler of <job_ossAsync> successfully appended and updated to the schedule.
info: 2024-05-21 23:35:24.9404778 +08:00 星期二 L System.Net.Http.HttpClient.Default.LogicalHandler[100] #9
      [Microsoft.Extensions.Http.dll] async Task<HttpResponseMessage> Microsoft.Extensions.Http.Logging.LoggingScopeHttpMessageHandler.SendCoreAsync(HttpRequestMessage request, bool useAsync, CancellationToken cancellationToken)+Core(?)
      Start processing HTTP request POST https://oaidalleapiprodscus.blob.core.windows.net/private/org-jVmWXH4GArzEqkk7AHS1ylpK/user-QZFXa5hwMzChNULIWMZr36Hm/img-0AsAjrabFEXog3rt98HUBw8W.png?st=2024-05-21T13%3A06%3A39Z&se=2024-05-21T15%3A06%3A39Z&sp=r&sv=2021-08-06&sr=b&rscd=inline&rsct=image/png&skoid=6aaadede-4fb3-4698-a8f6-684d7786b067&sktid=a48cca56-e6da-484e-a814-9c849652bcb3&skt=2024-05-21T10%3A23%3A39Z&ske=2024-05-22T10%3A23%3A39Z&sks=b&skv=2021-08-06&sig=mftT%2BNWG2NMf%2BzOLGJdMeY1ZRgGOG71tWQM/FGJ8mDo%3D
info: 2024-05-21 23:35:24.9565726 +08:00 星期二 L System.Net.Http.HttpClient.Default.ClientHandler[100] #9
      [Microsoft.Extensions.Http.dll] async Task<HttpResponseMessage> Microsoft.Extensions.Http.Logging.LoggingHttpMessageHandler.SendCoreAsync(HttpRequestMessage request, bool useAsync, CancellationToken cancellationToken)+Core(?)
      Sending HTTP request POST https://oaidalleapiprodscus.blob.core.windows.net/private/org-jVmWXH4GArzEqkk7AHS1ylpK/user-QZFXa5hwMzChNULIWMZr36Hm/img-0AsAjrabFEXog3rt98HUBw8W.png?st=2024-05-21T13%3A06%3A39Z&se=2024-05-21T15%3A06%3A39Z&sp=r&sv=2021-08-06&sr=b&rscd=inline&rsct=image/png&skoid=6aaadede-4fb3-4698-a8f6-684d7786b067&sktid=a48cca56-e6da-484e-a814-9c849652bcb3&skt=2024-05-21T10%3A23%3A39Z&ske=2024-05-22T10%3A23%3A39Z&sks=b&skv=2021-08-06&sig=mftT%2BNWG2NMf%2BzOLGJdMeY1ZRgGOG71tWQM/FGJ8mDo%3D
info: 2024-05-21 23:35:25.9317740 +08:00 星期二 L System.Net.Http.HttpClient.Default.ClientHandler[101] #24
      [Microsoft.Extensions.Http.dll] void Microsoft.Extensions.Http.Logging.LoggingHttpMessageHandler+Log.RequestEnd(ILogger logger, HttpResponseMessage response, TimeSpan duration, Func<string, bool> shouldRedactHeaderValue)
      Received HTTP response headers after 963.2835ms - 405
info: 2024-05-21 23:35:25.9554946 +08:00 星期二 L System.Net.Http.HttpClient.Default.LogicalHandler[101] #24
      [Microsoft.Extensions.Http.dll] void Microsoft.Extensions.Http.Logging.LoggingScopeHttpMessageHandler+Log.RequestPipelineEnd(ILogger logger, HttpResponseMessage response, TimeSpan duration, Func<string, bool> shouldRedactHeaderValue)
      End processing HTTP request after 1020.1874ms - 405
info: 2024-05-21 23:35:26.3873335 +08:00 星期二 L System.Net.Http.HttpClient.Default.LogicalHandler[100] #24
      [Microsoft.Extensions.Http.dll] async Task<HttpResponseMessage> Microsoft.Extensions.Http.Logging.LoggingScopeHttpMessageHandler.SendCoreAsync(HttpRequestMessage request, bool useAsync, CancellationToken cancellationToken)+Core(?)
      Start processing HTTP request POST https://oaidalleapiprodscus.blob.core.windows.net/private/org-jVmWXH4GArzEqkk7AHS1ylpK/user-QZFXa5hwMzChNULIWMZr36Hm/img-xnxVLM1mqQhic2GfE1uEFdVY.png?st=2024-05-21T13%3A43%3A49Z&se=2024-05-21T15%3A43%3A49Z&sp=r&sv=2021-08-06&sr=b&rscd=inline&rsct=image/png&skoid=6aaadede-4fb3-4698-a8f6-684d7786b067&sktid=a48cca56-e6da-484e-a814-9c849652bcb3&skt=2024-05-21T10%3A25%3A31Z&ske=2024-05-22T10%3A25%3A31Z&sks=b&skv=2021-08-06&sig=6HAurkaMpOYXAG%2BLbVRTGX9xxtJtdsiSVJ4W1GsuLtw%3D
info: 2024-05-21 23:35:26.4671712 +08:00 星期二 L System.Net.Http.HttpClient.Default.ClientHandler[100] #24
      [Microsoft.Extensions.Http.dll] async Task<HttpResponseMessage> Microsoft.Extensions.Http.Logging.LoggingHttpMessageHandler.SendCoreAsync(HttpRequestMessage request, bool useAsync, CancellationToken cancellationToken)+Core(?)
      Sending HTTP request POST https://oaidalleapiprodscus.blob.core.windows.net/private/org-jVmWXH4GArzEqkk7AHS1ylpK/user-QZFXa5hwMzChNULIWMZr36Hm/img-xnxVLM1mqQhic2GfE1uEFdVY.png?st=2024-05-21T13%3A43%3A49Z&se=2024-05-21T15%3A43%3A49Z&sp=r&sv=2021-08-06&sr=b&rscd=inline&rsct=image/png&skoid=6aaadede-4fb3-4698-a8f6-684d7786b067&sktid=a48cca56-e6da-484e-a814-9c849652bcb3&skt=2024-05-21T10%3A25%3A31Z&ske=2024-05-22T10%3A25%3A31Z&sks=b&skv=2021-08-06&sig=6HAurkaMpOYXAG%2BLbVRTGX9xxtJtdsiSVJ4W1GsuLtw%3D
info: 2024-05-21 23:35:26.7684320 +08:00 星期二 L System.Net.Http.HttpClient.Default.ClientHandler[101] #24
      [Microsoft.Extensions.Http.dll] void Microsoft.Extensions.Http.Logging.LoggingHttpMessageHandler+Log.RequestEnd(ILogger logger, HttpResponseMessage response, TimeSpan duration, Func<string, bool> shouldRedactHeaderValue)
      Received HTTP response headers after 211.6849ms - 405
info: 2024-05-21 23:35:26.7838561 +08:00 星期二 L System.Net.Http.HttpClient.Default.LogicalHandler[101] #24
      [Microsoft.Extensions.Http.dll] void Microsoft.Extensions.Http.Logging.LoggingScopeHttpMessageHandler+Log.RequestPipelineEnd(ILogger logger, HttpResponseMessage response, TimeSpan duration, Func<string, bool> shouldRedactHeaderValue)
      End processing HTTP request after 395.6556ms - 405
info: 2024-05-21 23:35:27.0794329 +08:00 星期二 L System.Net.Http.HttpClient.Default.LogicalHandler[100] #7
      [Microsoft.Extensions.Http.dll] async Task<HttpResponseMessage> Microsoft.Extensions.Http.Logging.LoggingScopeHttpMessageHandler.SendCoreAsync(HttpRequestMessage request, bool useAsync, CancellationToken cancellationToken)+Core(?)
      Start processing HTTP request POST https://oaidalleapiprodscus.blob.core.windows.net/private/org-jVmWXH4GArzEqkk7AHS1ylpK/user-QZFXa5hwMzChNULIWMZr36Hm/img-UUUEUKJLrsN7GW3eGglEqzJe.png?st=2024-05-21T12%3A57%3A44Z&se=2024-05-21T14%3A57%3A44Z&sp=r&sv=2021-08-06&sr=b&rscd=inline&rsct=image/png&skoid=6aaadede-4fb3-4698-a8f6-684d7786b067&sktid=a48cca56-e6da-484e-a814-9c849652bcb3&skt=2024-05-21T10%3A28%3A35Z&ske=2024-05-22T10%3A28%3A35Z&sks=b&skv=2021-08-06&sig=MAAxQtZKxOMkGVEQxlGpBnmLSYaInHx1WlAfQIM4n8c%3D
info: 2024-05-21 23:35:27.1612586 +08:00 星期二 L System.Net.Http.HttpClient.Default.ClientHandler[100] #7
      [Microsoft.Extensions.Http.dll] async Task<HttpResponseMessage> Microsoft.Extensions.Http.Logging.LoggingHttpMessageHandler.SendCoreAsync(HttpRequestMessage request, bool useAsync, CancellationToken cancellationToken)+Core(?)
      Sending HTTP request POST https://oaidalleapiprodscus.blob.core.windows.net/private/org-jVmWXH4GArzEqkk7AHS1ylpK/user-QZFXa5hwMzChNULIWMZr36Hm/img-UUUEUKJLrsN7GW3eGglEqzJe.png?st=2024-05-21T12%3A57%3A44Z&se=2024-05-21T14%3A57%3A44Z&sp=r&sv=2021-08-06&sr=b&rscd=inline&rsct=image/png&skoid=6aaadede-4fb3-4698-a8f6-684d7786b067&sktid=a48cca56-e6da-484e-a814-9c849652bcb3&skt=2024-05-21T10%3A28%3A35Z&ske=2024-05-22T10%3A28%3A35Z&sks=b&skv=2021-08-06&sig=MAAxQtZKxOMkGVEQxlGpBnmLSYaInHx1WlAfQIM4n8c%3D
info: 2024-05-21 23:35:27.4573383 +08:00 星期二 L System.Net.Http.HttpClient.Default.ClientHandler[101] #7
      [Microsoft.Extensions.Http.dll] void Microsoft.Extensions.Http.Logging.LoggingHttpMessageHandler+Log.RequestEnd(ILogger logger, HttpResponseMessage response, TimeSpan duration, Func<string, bool> shouldRedactHeaderValue)
      Received HTTP response headers after 211.1537ms - 405
info: 2024-05-21 23:35:27.4689178 +08:00 星期二 L System.Net.Http.HttpClient.Default.LogicalHandler[101] #7
      [Microsoft.Extensions.Http.dll] void Microsoft.Extensions.Http.Logging.LoggingScopeHttpMessageHandler+Log.RequestPipelineEnd(ILogger logger, HttpResponseMessage response, TimeSpan duration, Func<string, bool> shouldRedactHeaderValue)
      End processing HTTP request after 393.481ms - 405
info: 2024-05-21 23:35:29.7699862 +08:00 星期二 L System.Logging.LoggingMonitor[0] #24 '00-1fd12b6fd50beeb008fa1597e07151cf-2b5c078f7b07dfcc-00'
      [System.Private.CoreLib.dll] void System.Runtime.CompilerServices.AsyncMethodBuilderCore.Start<TStateMachine>(ref TStateMachine stateMachine)
      ┏━━━━━━━━━━━  Logging Monitor ━━━━━━━━━━━
      ┣ Admin.NET.Core.Service.SysAuthService.SwaggerCheckUrl
      ┣ 
      ┣ 控制器名称：                SysAuthService
      ┣ 操作名称：                  SwaggerCheckUrl
      ┣ 显示名称：                  Swagger登录检查
      ┣ 路由信息：                  [area]: ; [controller]: sysAuth; [action]: swaggerCheckUrl
      ┣ 请求方式：                  POST
      ┣ 请求地址：                  http://localhost:5005/swagger/checkUrl
      ┣ 来源地址：                  http://localhost:5005/index.html
      ┣ 请求端源：                  client
      ┣ 浏览器标识：                Mozilla/5.0 (Windows NT 10.0; Win64; x64) AppleWebKit/537.36 (KHTML, like Gecko) Chrome/124.0.0.0 Safari/537.36
      ┣ 客户端区域语言：            zh-CN,zh;q=0.9
      ┣ 客户端 IP 地址：            127.0.0.1
      ┣ 服务端 IP 地址：            127.0.0.1
      ┣ 客户端连接 ID：             00-1fd12b6fd50beeb008fa1597e07151cf-2b5c078f7b07dfcc-00
      ┣ 服务线程 ID：               #24
      ┣ 执行耗时：                  11ms
      ┣ ━━━━━━━━━━━━━━━  Cookies ━━━━━━━━━━━━━━━
      ┣ 请求端：                    
      ┣ 响应端：                    
      ┣ ━━━━━━━━━━━━━━━  系统信息 ━━━━━━━━━━━━━━━
      ┣ 系统名称：                  Microsoft Windows 10.0.19045
      ┣ 系统架构：                  X64
      ┣ 基础框架：                  Furion.Pure v1.0.0.0
      ┣ .NET 架构：                 .NET 8.0.0
      ┣ ━━━━━━━━━━━━━━━  启动信息 ━━━━━━━━━━━━━━━
      ┣ 运行环境：                  Development
      ┣ 启动程序集：                Admin.NET.Web.Entry
      ┣ 进程名称：                  Admin.NET.Web.Entry
      ┣ 托管程序：                  Kestrel
      ┣ ━━━━━━━━━━━━━━━  请求头信息 ━━━━━━━━━━━━━━━
      ┣ 
      ┣ Accept：                    */*
      ┣ Connection：                keep-alive
      ┣ Host：                      localhost:5005
      ┣ User-Agent：                Mozilla/5.0 (Windows NT 10.0; Win64; x64) AppleWebKit/537.36 (KHTML, like Gecko) Chrome/124.0.0.0 Safari/537.36
      ┣ Accept-Encoding：           gzip, deflate, br, zstd
      ┣ Accept-Language：           zh-CN,zh;q=0.9
      ┣ Authorization：             Bearer eyJhbGciOiJIUzI1NiIsInR5cCI6IkpXVCJ9.eyJVc2VySWQiOjEzMDAwMDAwMDAxMTEsIlRlbmFudElkIjoxMzAwMDAwMDAwMDAxLCJBY2NvdW50IjoiYWRtaW4iLCJSZWFsTmFtZSI6Iuezu-e7n-euoeeQhuWRmCIsIkFjY291bnRUeXBlIjo4ODgsIk9yZ0lkIjoxMzAwMDAwMDAwMTAxLCJPcmdOYW1lIjoi5aSn5ZCN56eR5oqAIiwiT3JnVHlwZSI6IjEwMSIsImlhdCI6MTcxNDMxNDIyNywibmJmIjoxNzE0MzE0MjI3LCJleHAiOjE3MTQ5MTkwMjcsImlzcyI6Imd1eGluLmxpbmsiLCJhdWQiOiJndXhpbi5saW5rIn0.oaaOqB__UFfH9mt6Mx86-tKH8t2ByHlAFaTEAW15Xgk
      ┣ Content-Type：              application/x-www-form-urlencoded
      ┣ Origin：                    http://localhost:5005
      ┣ Referer：                   http://localhost:5005/index.html
      ┣ Content-Length：            0
      ┣ sec-ch-ua：                 "Chromium";v="124", "Google Chrome";v="124", "Not-A.Brand";v="99"
      ┣ sec-ch-ua-mobile：          ?0
      ┣ sec-ch-ua-platform：        "Windows"
      ┣ Sec-Fetch-Site：            same-origin
      ┣ Sec-Fetch-Mode：            cors
      ┣ Sec-Fetch-Dest：            empty
      ┣ ━━━━━━━━━━━━━━━  返回信息 ━━━━━━━━━━━━━━━
      ┣ HTTP响应状态码：            200
      ┣ 原始类型：                  System.Int32
      ┣ 最终类型：                  System.Int32
      ┣ 最终返回值：                401
      ┗━━━━━━━━━━━  Logging Monitor ━━━━━━━━━━━
info: 2024-05-21 23:35:35.5348321 +08:00 星期二 L System.Logging.LoggingMonitor[0] #25 '00-ebb1562c8192836d314b04fdc85d0d00-20adce32a0c99a7a-00'
      [System.Private.CoreLib.dll] void System.Runtime.CompilerServices.AsyncTaskMethodBuilder<TResult>+AsyncStateMachineBox<TStateMachine>.MoveNext(Thread threadPoolThread)
      ┏━━━━━━━━━━━  Logging Monitor ━━━━━━━━━━━
      ┣ Admin.NET.Core.JuAI.Service.AIDrawing.DrawingImageService.GetRecommend
      ┣ 
      ┣ 控制器名称：                         DrawingImageService
      ┣ 操作名称：                           GetRecommend
      ┣ 显示名称：                           
      ┣ 路由信息：                           [area]: ; [controller]: drawingImage; [action]: recommend
      ┣ 请求方式：                           GET
      ┣ 请求地址：                           http://localhost:5005/app/api/DrawingImage/Recommend/aliwanx
      ┣ 来源地址：                           http://localhost:9527/
      ┣ 请求端源：                           client
      ┣ 浏览器标识：                         Mozilla/5.0 (Windows NT 10.0; Win64; x64) AppleWebKit/537.36 (KHTML, like Gecko) Chrome/124.0.0.0 Safari/537.36
      ┣ 客户端区域语言：                     zh-CN,zh;q=0.9
      ┣ 客户端 IP 地址：                     127.0.0.1
      ┣ 服务端 IP 地址：                     127.0.0.1
      ┣ 客户端连接 ID：                      00-ebb1562c8192836d314b04fdc85d0d00-20adce32a0c99a7a-00
      ┣ 服务线程 ID：                        #7
      ┣ 执行耗时：                           85ms
      ┣ ━━━━━━━━━━━━━━━  Cookies ━━━━━━━━━━━━━━━
      ┣ 请求端：                             
      ┣ 响应端：                             
      ┣ ━━━━━━━━━━━━━━━  系统信息 ━━━━━━━━━━━━━━━
      ┣ 系统名称：                           Microsoft Windows 10.0.19045
      ┣ 系统架构：                           X64
      ┣ 基础框架：                           Furion.Pure v1.0.0.0
      ┣ .NET 架构：                          .NET 8.0.0
      ┣ ━━━━━━━━━━━━━━━  启动信息 ━━━━━━━━━━━━━━━
      ┣ 运行环境：                           Development
      ┣ 启动程序集：                         Admin.NET.Web.Entry
      ┣ 进程名称：                           Admin.NET.Web.Entry
      ┣ 托管程序：                           Kestrel
      ┣ ━━━━━━━━━━━━━━━  请求头信息 ━━━━━━━━━━━━━━━
      ┣ 
      ┣ Accept：                             application/json, text/plain, */*
      ┣ Connection：                         keep-alive
      ┣ Host：                               localhost:5005
      ┣ User-Agent：                         Mozilla/5.0 (Windows NT 10.0; Win64; x64) AppleWebKit/537.36 (KHTML, like Gecko) Chrome/124.0.0.0 Safari/537.36
      ┣ Accept-Encoding：                    gzip, deflate, br, zstd
      ┣ Accept-Language：                    zh-CN,zh;q=0.9
      ┣ Authorization：                      Bearer eyJhbGciOiJIUzI1NiIsInR5cCI6IkpXVCJ9.eyJVc2VySWQiOjE0MjEzNDI2MzI3ODc3LCJUZW5hbnRJZCI6MTMwMDAwMDAwMDAwMSwiQWNjb3VudCI6IjE4NjAwNzY2MDQ1IiwiTmlja05hbWUiOiLmgKrlhb3mnaXkuoYiLCJBY2NvdW50VHlwZSI6Nzc3LCJleHAiOjE3MTY3MzI3MDMsIm5iZiI6MTcxNjEyNzkwMywiaWF0IjoxNzE2MTI3OTAzLCJpc3MiOiJndXhpbi5saW5rIiwiYXVkIjoiZ3V4aW4ubGluayJ9.E5LD5xGmUwcB7tVU6SZ-2i4_Eg-xy1joE2Wz0IPNMJ0
      ┣ Cache-Control：                      no-cache
      ┣ Origin：                             http://localhost:9527
      ┣ Pragma：                             no-cache
      ┣ Referer：                            http://localhost:9527/
      ┣ sec-ch-ua：                          "Chromium";v="124", "Google Chrome";v="124", "Not-A.Brand";v="99"
      ┣ DNT：                                1
      ┣ sec-ch-ua-mobile：                   ?0
      ┣ X-Authorization：                    Bearer eyJhbGciOiJIUzI1NiIsInR5cCI6IkpXVCJ9.eyJmIjoiZXlKaGJHY2lPaUpJVXpJMU5pSXNJblI1Y0NJNklrcFhWQ0o5IiwiZSI6IkU1TEQ1eEdtVXdjQjd0VlU2U1otMmk0X0VnLXh5MWpvRTJXejBJUE5NSjAiLCJzIjo3OSwibCI6MywiayI6IjZJaiIsImlhdCI6MTcxNjEyNzkwMywibmJmIjoxNzE2MTI3OTAzLCJleHAiOjE3MTczMzc1MDMsImlzcyI6Imd1eGluLmxpbmsiLCJhdWQiOiJndXhpbi5saW5rIn0.VCasbsEh70gJEMSsMBs6_8Yj3ofR902O-JmGvOnK4BE
      ┣ X-Request-Id：                       P2B-9jkY7Modut7j11eyA
      ┣ sec-ch-ua-platform：                 "Windows"
      ┣ Sec-Fetch-Site：                     same-site
      ┣ Sec-Fetch-Mode：                     cors
      ┣ Sec-Fetch-Dest：                     empty
      ┣ ━━━━━━━━━━━━━━━  参数列表 ━━━━━━━━━━━━━━━
      ┣ Content-Type：                       
      ┣ 
      ┣ imageType (DrawingTypeEnum)：        1
      ┣ minDate (Nullable`1)：               
      ┣ ━━━━━━━━━━━━━━━  返回信息 ━━━━━━━━━━━━━━━
      ┣ HTTP响应状态码：                     200
      ┣ 原始类型：                           System.Threading.Tasks.Task<System.Collections.Generic.IList<Admin.NET.Core.JuAI.Service.ChatgptImageRes>>
      ┣ 最终类型：                           Admin.NET.Core.AdminResult<System.Object>
      ┣ 最终返回值：                         {"code":200,"type":"success","message":"","result":[],"extras":null,"time":"2024-05-21T23:35:35.5080968+08:00"}
      ┗━━━━━━━━━━━  Logging Monitor ━━━━━━━━━━━
info: 2024-05-21 23:35:56.8117091 +08:00 星期二 L System.Logging.LoggingMonitor[0] #33 '00-28638062387978afdab0fdc0dd80ace9-d4567078e54fd256-00'
      [System.Private.CoreLib.dll] void System.Runtime.CompilerServices.AsyncTaskMethodBuilder<TResult>+AsyncStateMachineBox<TStateMachine>.MoveNext(Thread threadPoolThread)
      ┏━━━━━━━━━━━  Logging Monitor ━━━━━━━━━━━
      ┣ Admin.NET.Core.JuAI.Service.AIDrawing.DrawingImageService.GetMyAll
      ┣ 
      ┣ 控制器名称：                     DrawingImageService
      ┣ 操作名称：                       GetMyAll
      ┣ 显示名称：                       
      ┣ 路由信息：                       [area]: ; [controller]: drawingImage; [action]: myAll
      ┣ 请求方式：                       GET
      ┣ 请求地址：                       http://localhost:5005/app/api/DrawingImage/MyALl?drawingType=aliwanx&minId=
      ┣ 来源地址：                       http://localhost:9527/
      ┣ 请求端源：                       client
      ┣ 浏览器标识：                     Mozilla/5.0 (Windows NT 10.0; Win64; x64) AppleWebKit/537.36 (KHTML, like Gecko) Chrome/124.0.0.0 Safari/537.36
      ┣ 客户端区域语言：                 zh-CN,zh;q=0.9
      ┣ 客户端 IP 地址：                 127.0.0.1
      ┣ 服务端 IP 地址：                 127.0.0.1
      ┣ 客户端连接 ID：                  00-28638062387978afdab0fdc0dd80ace9-d4567078e54fd256-00
      ┣ 服务线程 ID：                    #10
      ┣ 执行耗时：                       21020ms
      ┣ ━━━━━━━━━━━━━━━  Cookies ━━━━━━━━━━━━━━━
      ┣ 请求端：                         
      ┣ 响应端：                         
      ┣ ━━━━━━━━━━━━━━━  系统信息 ━━━━━━━━━━━━━━━
      ┣ 系统名称：                       Microsoft Windows 10.0.19045
      ┣ 系统架构：                       X64
      ┣ 基础框架：                       Furion.Pure v1.0.0.0
      ┣ .NET 架构：                      .NET 8.0.0
      ┣ ━━━━━━━━━━━━━━━  启动信息 ━━━━━━━━━━━━━━━
      ┣ 运行环境：                       Development
      ┣ 启动程序集：                     Admin.NET.Web.Entry
      ┣ 进程名称：                       Admin.NET.Web.Entry
      ┣ 托管程序：                       Kestrel
      ┣ ━━━━━━━━━━━━━━━  授权信息 ━━━━━━━━━━━━━━━
      ┣ JWT Token：                      Bearer eyJhbGciOiJIUzI1NiIsInR5cCI6IkpXVCJ9.eyJVc2VySWQiOjE0MjEzNDI2MzI3ODc3LCJUZW5hbnRJZCI6MTMwMDAwMDAwMDAwMSwiQWNjb3VudCI6IjE4NjAwNzY2MDQ1IiwiTmlja05hbWUiOiLmgKrlhb3mnaXkuoYiLCJBY2NvdW50VHlwZSI6Nzc3LCJleHAiOjE3MTY3MzI3MDMsIm5iZiI6MTcxNjEyNzkwMywiaWF0IjoxNzE2MTI3OTAzLCJpc3MiOiJndXhpbi5saW5rIiwiYXVkIjoiZ3V4aW4ubGluayJ9.E5LD5xGmUwcB7tVU6SZ-2i4_Eg-xy1joE2Wz0IPNMJ0
      ┣ 
      ┣ UserId (integer64)：             14213426327877
      ┣ TenantId (integer64)：           1300000000001
      ┣ Account (string)：               18600766045
      ┣ NickName (string)：              怪兽来了
      ┣ AccountType (integer32)：        777
      ┣ exp (integer64)：                1716732703 (2024-05-26 22:11:43:0000(+08:00) 星期日 L)
      ┣ nbf (integer64)：                1716127903 (2024-05-19 22:11:43:0000(+08:00) 星期日 L)
      ┣ iat (integer64)：                1716127903 (2024-05-19 22:11:43:0000(+08:00) 星期日 L)
      ┣ iss (string)：                   guxin.link
      ┣ aud (string)：                   guxin.link
      ┣ ━━━━━━━━━━━━━━━  请求头信息 ━━━━━━━━━━━━━━━
      ┣ 
      ┣ Accept：                         application/json, text/plain, */*
      ┣ Connection：                     keep-alive
      ┣ Host：                           localhost:5005
      ┣ User-Agent：                     Mozilla/5.0 (Windows NT 10.0; Win64; x64) AppleWebKit/537.36 (KHTML, like Gecko) Chrome/124.0.0.0 Safari/537.36
      ┣ Accept-Encoding：                gzip, deflate, br, zstd
      ┣ Accept-Language：                zh-CN,zh;q=0.9
      ┣ Authorization：                  Bearer eyJhbGciOiJIUzI1NiIsInR5cCI6IkpXVCJ9.eyJVc2VySWQiOjE0MjEzNDI2MzI3ODc3LCJUZW5hbnRJZCI6MTMwMDAwMDAwMDAwMSwiQWNjb3VudCI6IjE4NjAwNzY2MDQ1IiwiTmlja05hbWUiOiLmgKrlhb3mnaXkuoYiLCJBY2NvdW50VHlwZSI6Nzc3LCJleHAiOjE3MTY3MzI3MDMsIm5iZiI6MTcxNjEyNzkwMywiaWF0IjoxNzE2MTI3OTAzLCJpc3MiOiJndXhpbi5saW5rIiwiYXVkIjoiZ3V4aW4ubGluayJ9.E5LD5xGmUwcB7tVU6SZ-2i4_Eg-xy1joE2Wz0IPNMJ0
      ┣ Cache-Control：                  no-cache
      ┣ Origin：                         http://localhost:9527
      ┣ Pragma：                         no-cache
      ┣ Referer：                        http://localhost:9527/
      ┣ sec-ch-ua：                      "Chromium";v="124", "Google Chrome";v="124", "Not-A.Brand";v="99"
      ┣ DNT：                            1
      ┣ sec-ch-ua-mobile：               ?0
      ┣ X-Authorization：                Bearer eyJhbGciOiJIUzI1NiIsInR5cCI6IkpXVCJ9.eyJmIjoiZXlKaGJHY2lPaUpJVXpJMU5pSXNJblI1Y0NJNklrcFhWQ0o5IiwiZSI6IkU1TEQ1eEdtVXdjQjd0VlU2U1otMmk0X0VnLXh5MWpvRTJXejBJUE5NSjAiLCJzIjo3OSwibCI6MywiayI6IjZJaiIsImlhdCI6MTcxNjEyNzkwMywibmJmIjoxNzE2MTI3OTAzLCJleHAiOjE3MTczMzc1MDMsImlzcyI6Imd1eGluLmxpbmsiLCJhdWQiOiJndXhpbi5saW5rIn0.VCasbsEh70gJEMSsMBs6_8Yj3ofR902O-JmGvOnK4BE
      ┣ X-Request-Id：                   XsM1d-ySA5PCTlPYCOonG
      ┣ sec-ch-ua-platform：             "Windows"
      ┣ Sec-Fetch-Site：                 same-site
      ┣ Sec-Fetch-Mode：                 cors
      ┣ Sec-Fetch-Dest：                 empty
      ┣ ━━━━━━━━━━━━━━━  参数列表 ━━━━━━━━━━━━━━━
      ┣ Content-Type：                   
      ┣ 
      ┣ imageType (Nullable`1)：         
      ┣ minId (Nullable`1)：             
      ┣ ━━━━━━━━━━━━━━━  返回信息 ━━━━━━━━━━━━━━━
      ┣ HTTP响应状态码：                 200
      ┣ 原始类型：                       System.Threading.Tasks.Task<System.Collections.Generic.IList<Admin.NET.Core.JuAI.Service.ChatgptImageRes>>
      ┣ 最终类型：                       Admin.NET.Core.AdminResult<System.Object>
      ┣ 最终返回值：                     {"code":200,"type":"success","message":"","result":[{"id":"34339176148805","prompt":"沙滩上一家人在一起幸福的露营。","promptEn":"A happy family camping together on the beach.;spring,cinematic","ossUrl":"https://oaidalleapiprodscus.blob.core.windows.net/private/org-jVmWXH4GArzEqkk7AHS1ylpK/user-QZFXa5hwMzChNULIWMZr36Hm/img-xnxVLM1mqQhic2GfE1uEFdVY.png?st=2024-05-21T13%3A43%3A49Z&se=2024-05-21T15%3A43%3A49Z&sp=r&sv=2021-08-06&sr=b&rscd=inline&rsct=image/png&skoid=6aaadede-4fb3-4698-a8f6-684d7786b067&sktid=a48cca
      ┗━━━━━━━━━━━  Logging Monitor ━━━━━━━━━━━
info: 2024-05-21 23:35:57.0447588 +08:00 星期二 L System.Logging.LoggingMonitor[0] #31 '00-8784d7b391e9d06b8968420af08a803c-543d80e382f31de5-00'
      [System.Private.CoreLib.dll] void System.Runtime.CompilerServices.AsyncTaskMethodBuilder<TResult>+AsyncStateMachineBox<TStateMachine>.MoveNext(Thread threadPoolThread)
      ┏━━━━━━━━━━━  Logging Monitor ━━━━━━━━━━━
      ┣ Admin.NET.Core.JuAI.Service.AIDrawing.DrawingImageService.GetRecommend
      ┣ 
      ┣ 控制器名称：                         DrawingImageService
      ┣ 操作名称：                           GetRecommend
      ┣ 显示名称：                           
      ┣ 路由信息：                           [area]: ; [controller]: drawingImage; [action]: recommend
      ┣ 请求方式：                           GET
      ┣ 请求地址：                           http://localhost:5005/app/api/DrawingImage/Recommend/aliwanx
      ┣ 来源地址：                           http://localhost:9527/
      ┣ 请求端源：                           client
      ┣ 浏览器标识：                         Mozilla/5.0 (Windows NT 10.0; Win64; x64) AppleWebKit/537.36 (KHTML, like Gecko) Chrome/124.0.0.0 Safari/537.36
      ┣ 客户端区域语言：                     zh-CN,zh;q=0.9
      ┣ 客户端 IP 地址：                     127.0.0.1
      ┣ 服务端 IP 地址：                     127.0.0.1
      ┣ 客户端连接 ID：                      00-8784d7b391e9d06b8968420af08a803c-543d80e382f31de5-00
      ┣ 服务线程 ID：                        #31
      ┣ 执行耗时：                           53ms
      ┣ ━━━━━━━━━━━━━━━  Cookies ━━━━━━━━━━━━━━━
      ┣ 请求端：                             
      ┣ 响应端：                             
      ┣ ━━━━━━━━━━━━━━━  系统信息 ━━━━━━━━━━━━━━━
      ┣ 系统名称：                           Microsoft Windows 10.0.19045
      ┣ 系统架构：                           X64
      ┣ 基础框架：                           Furion.Pure v1.0.0.0
      ┣ .NET 架构：                          .NET 8.0.0
      ┣ ━━━━━━━━━━━━━━━  启动信息 ━━━━━━━━━━━━━━━
      ┣ 运行环境：                           Development
      ┣ 启动程序集：                         Admin.NET.Web.Entry
      ┣ 进程名称：                           Admin.NET.Web.Entry
      ┣ 托管程序：                           Kestrel
      ┣ ━━━━━━━━━━━━━━━  请求头信息 ━━━━━━━━━━━━━━━
      ┣ 
      ┣ Accept：                             application/json, text/plain, */*
      ┣ Connection：                         keep-alive
      ┣ Host：                               localhost:5005
      ┣ User-Agent：                         Mozilla/5.0 (Windows NT 10.0; Win64; x64) AppleWebKit/537.36 (KHTML, like Gecko) Chrome/124.0.0.0 Safari/537.36
      ┣ Accept-Encoding：                    gzip, deflate, br, zstd
      ┣ Accept-Language：                    zh-CN,zh;q=0.9
      ┣ Authorization：                      Bearer eyJhbGciOiJIUzI1NiIsInR5cCI6IkpXVCJ9.eyJVc2VySWQiOjE0MjEzNDI2MzI3ODc3LCJUZW5hbnRJZCI6MTMwMDAwMDAwMDAwMSwiQWNjb3VudCI6IjE4NjAwNzY2MDQ1IiwiTmlja05hbWUiOiLmgKrlhb3mnaXkuoYiLCJBY2NvdW50VHlwZSI6Nzc3LCJleHAiOjE3MTY3MzI3MDMsIm5iZiI6MTcxNjEyNzkwMywiaWF0IjoxNzE2MTI3OTAzLCJpc3MiOiJndXhpbi5saW5rIiwiYXVkIjoiZ3V4aW4ubGluayJ9.E5LD5xGmUwcB7tVU6SZ-2i4_Eg-xy1joE2Wz0IPNMJ0
      ┣ Cache-Control：                      no-cache
      ┣ Origin：                             http://localhost:9527
      ┣ Pragma：                             no-cache
      ┣ Referer：                            http://localhost:9527/
      ┣ sec-ch-ua：                          "Chromium";v="124", "Google Chrome";v="124", "Not-A.Brand";v="99"
      ┣ DNT：                                1
      ┣ sec-ch-ua-mobile：                   ?0
      ┣ X-Authorization：                    Bearer eyJhbGciOiJIUzI1NiIsInR5cCI6IkpXVCJ9.eyJmIjoiZXlKaGJHY2lPaUpJVXpJMU5pSXNJblI1Y0NJNklrcFhWQ0o5IiwiZSI6IkU1TEQ1eEdtVXdjQjd0VlU2U1otMmk0X0VnLXh5MWpvRTJXejBJUE5NSjAiLCJzIjo3OSwibCI6MywiayI6IjZJaiIsImlhdCI6MTcxNjEyNzkwMywibmJmIjoxNzE2MTI3OTAzLCJleHAiOjE3MTczMzc1MDMsImlzcyI6Imd1eGluLmxpbmsiLCJhdWQiOiJndXhpbi5saW5rIn0.VCasbsEh70gJEMSsMBs6_8Yj3ofR902O-JmGvOnK4BE
      ┣ X-Request-Id：                       Ug5uRNzhTcc9tXjQNEnc2
      ┣ sec-ch-ua-platform：                 "Windows"
      ┣ Sec-Fetch-Site：                     same-site
      ┣ Sec-Fetch-Mode：                     cors
      ┣ Sec-Fetch-Dest：                     empty
      ┣ ━━━━━━━━━━━━━━━  参数列表 ━━━━━━━━━━━━━━━
      ┣ Content-Type：                       
      ┣ 
      ┣ imageType (DrawingTypeEnum)：        1
      ┣ minDate (Nullable`1)：               
      ┣ ━━━━━━━━━━━━━━━  返回信息 ━━━━━━━━━━━━━━━
      ┣ HTTP响应状态码：                     200
      ┣ 原始类型：                           System.Threading.Tasks.Task<System.Collections.Generic.IList<Admin.NET.Core.JuAI.Service.ChatgptImageRes>>
      ┣ 最终类型：                           Admin.NET.Core.AdminResult<System.Object>
      ┣ 最终返回值：                         {"code":200,"type":"success","message":"","result":[],"extras":null,"time":"2024-05-21T23:35:56.9853901+08:00"}
      ┗━━━━━━━━━━━  Logging Monitor ━━━━━━━━━━━
info: 2024-05-21 23:36:00.8724042 +08:00 星期二 L System.Logging.LoggingMonitor[0] #30 '00-b66ea75b870051abd7c5b7d8c7c8c32b-fceb98ac8ddb89eb-00'
      [System.Private.CoreLib.dll] void System.Runtime.CompilerServices.AsyncTaskMethodBuilder<TResult>+AsyncStateMachineBox<TStateMachine>.MoveNext(Thread threadPoolThread)
      ┏━━━━━━━━━━━  Logging Monitor ━━━━━━━━━━━
      ┣ Admin.NET.Core.JuAI.Service.AIDrawing.DrawingImageService.GetMyAll
      ┣ 
      ┣ 控制器名称：                     DrawingImageService
      ┣ 操作名称：                       GetMyAll
      ┣ 显示名称：                       
      ┣ 路由信息：                       [area]: ; [controller]: drawingImage; [action]: myAll
      ┣ 请求方式：                       GET
      ┣ 请求地址：                       http://localhost:5005/app/api/DrawingImage/MyALl?drawingType=aliwanx&minId=
      ┣ 来源地址：                       http://localhost:9527/
      ┣ 请求端源：                       client
      ┣ 浏览器标识：                     Mozilla/5.0 (Windows NT 10.0; Win64; x64) AppleWebKit/537.36 (KHTML, like Gecko) Chrome/124.0.0.0 Safari/537.36
      ┣ 客户端区域语言：                 zh-CN,zh;q=0.9
      ┣ 客户端 IP 地址：                 127.0.0.1
      ┣ 服务端 IP 地址：                 127.0.0.1
      ┣ 客户端连接 ID：                  00-b66ea75b870051abd7c5b7d8c7c8c32b-fceb98ac8ddb89eb-00
      ┣ 服务线程 ID：                    #30
      ┣ 执行耗时：                       3512ms
      ┣ ━━━━━━━━━━━━━━━  Cookies ━━━━━━━━━━━━━━━
      ┣ 请求端：                         
      ┣ 响应端：                         
      ┣ ━━━━━━━━━━━━━━━  系统信息 ━━━━━━━━━━━━━━━
      ┣ 系统名称：                       Microsoft Windows 10.0.19045
      ┣ 系统架构：                       X64
      ┣ 基础框架：                       Furion.Pure v1.0.0.0
      ┣ .NET 架构：                      .NET 8.0.0
      ┣ ━━━━━━━━━━━━━━━  启动信息 ━━━━━━━━━━━━━━━
      ┣ 运行环境：                       Development
      ┣ 启动程序集：                     Admin.NET.Web.Entry
      ┣ 进程名称：                       Admin.NET.Web.Entry
      ┣ 托管程序：                       Kestrel
      ┣ ━━━━━━━━━━━━━━━  授权信息 ━━━━━━━━━━━━━━━
      ┣ JWT Token：                      Bearer eyJhbGciOiJIUzI1NiIsInR5cCI6IkpXVCJ9.eyJVc2VySWQiOjE0MjEzNDI2MzI3ODc3LCJUZW5hbnRJZCI6MTMwMDAwMDAwMDAwMSwiQWNjb3VudCI6IjE4NjAwNzY2MDQ1IiwiTmlja05hbWUiOiLmgKrlhb3mnaXkuoYiLCJBY2NvdW50VHlwZSI6Nzc3LCJleHAiOjE3MTY3MzI3MDMsIm5iZiI6MTcxNjEyNzkwMywiaWF0IjoxNzE2MTI3OTAzLCJpc3MiOiJndXhpbi5saW5rIiwiYXVkIjoiZ3V4aW4ubGluayJ9.E5LD5xGmUwcB7tVU6SZ-2i4_Eg-xy1joE2Wz0IPNMJ0
      ┣ 
      ┣ UserId (integer64)：             14213426327877
      ┣ TenantId (integer64)：           1300000000001
      ┣ Account (string)：               18600766045
      ┣ NickName (string)：              怪兽来了
      ┣ AccountType (integer32)：        777
      ┣ exp (integer64)：                1716732703 (2024-05-26 22:11:43:0000(+08:00) 星期日 L)
      ┣ nbf (integer64)：                1716127903 (2024-05-19 22:11:43:0000(+08:00) 星期日 L)
      ┣ iat (integer64)：                1716127903 (2024-05-19 22:11:43:0000(+08:00) 星期日 L)
      ┣ iss (string)：                   guxin.link
      ┣ aud (string)：                   guxin.link
      ┣ ━━━━━━━━━━━━━━━  请求头信息 ━━━━━━━━━━━━━━━
      ┣ 
      ┣ Accept：                         application/json, text/plain, */*
      ┣ Connection：                     keep-alive
      ┣ Host：                           localhost:5005
      ┣ User-Agent：                     Mozilla/5.0 (Windows NT 10.0; Win64; x64) AppleWebKit/537.36 (KHTML, like Gecko) Chrome/124.0.0.0 Safari/537.36
      ┣ Accept-Encoding：                gzip, deflate, br, zstd
      ┣ Accept-Language：                zh-CN,zh;q=0.9
      ┣ Authorization：                  Bearer eyJhbGciOiJIUzI1NiIsInR5cCI6IkpXVCJ9.eyJVc2VySWQiOjE0MjEzNDI2MzI3ODc3LCJUZW5hbnRJZCI6MTMwMDAwMDAwMDAwMSwiQWNjb3VudCI6IjE4NjAwNzY2MDQ1IiwiTmlja05hbWUiOiLmgKrlhb3mnaXkuoYiLCJBY2NvdW50VHlwZSI6Nzc3LCJleHAiOjE3MTY3MzI3MDMsIm5iZiI6MTcxNjEyNzkwMywiaWF0IjoxNzE2MTI3OTAzLCJpc3MiOiJndXhpbi5saW5rIiwiYXVkIjoiZ3V4aW4ubGluayJ9.E5LD5xGmUwcB7tVU6SZ-2i4_Eg-xy1joE2Wz0IPNMJ0
      ┣ Cache-Control：                  no-cache
      ┣ Origin：                         http://localhost:9527
      ┣ Pragma：                         no-cache
      ┣ Referer：                        http://localhost:9527/
      ┣ sec-ch-ua：                      "Chromium";v="124", "Google Chrome";v="124", "Not-A.Brand";v="99"
      ┣ DNT：                            1
      ┣ sec-ch-ua-mobile：               ?0
      ┣ X-Authorization：                Bearer eyJhbGciOiJIUzI1NiIsInR5cCI6IkpXVCJ9.eyJmIjoiZXlKaGJHY2lPaUpJVXpJMU5pSXNJblI1Y0NJNklrcFhWQ0o5IiwiZSI6IkU1TEQ1eEdtVXdjQjd0VlU2U1otMmk0X0VnLXh5MWpvRTJXejBJUE5NSjAiLCJzIjo3OSwibCI6MywiayI6IjZJaiIsImlhdCI6MTcxNjEyNzkwMywibmJmIjoxNzE2MTI3OTAzLCJleHAiOjE3MTczMzc1MDMsImlzcyI6Imd1eGluLmxpbmsiLCJhdWQiOiJndXhpbi5saW5rIn0.VCasbsEh70gJEMSsMBs6_8Yj3ofR902O-JmGvOnK4BE
      ┣ X-Request-Id：                   Iz2SsjDxHm7TRdaej9IvT
      ┣ sec-ch-ua-platform：             "Windows"
      ┣ Sec-Fetch-Site：                 same-site
      ┣ Sec-Fetch-Mode：                 cors
      ┣ Sec-Fetch-Dest：                 empty
      ┣ ━━━━━━━━━━━━━━━  参数列表 ━━━━━━━━━━━━━━━
      ┣ Content-Type：                   
      ┣ 
      ┣ imageType (Nullable`1)：         
      ┣ minId (Nullable`1)：             
      ┣ ━━━━━━━━━━━━━━━  返回信息 ━━━━━━━━━━━━━━━
      ┣ HTTP响应状态码：                 200
      ┣ 原始类型：                       System.Threading.Tasks.Task<System.Collections.Generic.IList<Admin.NET.Core.JuAI.Service.ChatgptImageRes>>
      ┣ 最终类型：                       Admin.NET.Core.AdminResult<System.Object>
      ┣ 最终返回值：                     {"code":200,"type":"success","message":"","result":[{"id":"34339176148805","prompt":"沙滩上一家人在一起幸福的露营。","promptEn":"A happy family camping together on the beach.;spring,cinematic","ossUrl":"https://oaidalleapiprodscus.blob.core.windows.net/private/org-jVmWXH4GArzEqkk7AHS1ylpK/user-QZFXa5hwMzChNULIWMZr36Hm/img-xnxVLM1mqQhic2GfE1uEFdVY.png?st=2024-05-21T13%3A43%3A49Z&se=2024-05-21T15%3A43%3A49Z&sp=r&sv=2021-08-06&sr=b&rscd=inline&rsct=image/png&skoid=6aaadede-4fb3-4698-a8f6-684d7786b067&sktid=a48cca
      ┗━━━━━━━━━━━  Logging Monitor ━━━━━━━━━━━
