fail: 2024-08-17 20:38:00.0629375 +08:00 星期六 L System.Logging.ScheduleService[0] #20
      [Furion.Pure.dll] void Furion.Schedule.ScheduleLogger.Log(LogLevel logLevel, string message, object[] args, Exception ex)
      The JobDetail of <job_log> persist failed.      
      ++++++++++++++++++++++++++++++++++++++++++++++++++++++++
      System.TimeoutException: 连接[tcp://guxin.link:6379][3000ms]超时！
         at NewLife.Caching.RedisClient.GetStream(Boolean create)
         at NewLife.Caching.RedisClient.ExecuteCommand(String cmd, Packet[] args, Object[] oriArgs)
         at NewLife.Caching.RedisClient.Execute(String cmd, Object[] args)
         at NewLife.Caching.RedisClient.Execute[TResult](String cmd, Object[] args)
         at NewLife.Caching.FullRedis.<>c__DisplayClass41_1.<Search>b__0(RedisClient r)
         at NewLife.Caching.Redis.Execute[TResult](Func`2 func)
         at NewLife.Caching.FullRedis.Search(SearchModel model)+MoveNext()
         at System.Linq.Enumerable.SelectEnumerableIterator`2.ToList()
         at Admin.NET.Core.Service.SysCacheService.GetKeysByPrefixKey(String prefixKey) in D:\work\juai\api\Admin.NET.Core\Service\Cache\SysCacheService.cs:line 126
         at Admin.NET.Core.SqlSugarCache.GetAllKey[V]() in D:\work\juai\api\Admin.NET.Core\Cache\SqlSugarCache.cs:line 44
         at SqlSugar.CacheSchemeMain.RemoveCache(ICacheService cacheService, String tableName)
         at SqlSugar.UpdateableProvider`1.<RemoveDataCache>b__139_0()
         at SqlSugar.UpdateableProvider`1.After(String sql)
         at SqlSugar.UpdateableProvider`1.ExecuteCommand()
         at Admin.NET.Core.Service.DbJobPersistence.OnChanged(PersistenceContext context) in D:\work\juai\api\Admin.NET.Core\Service\Job\DbJobPersistence.cs:line 146
         at Furion.Schedule.SchedulerFactory.ProcessQueue() in D:\work\juai\api\Plugins\Furion.Pure\Schedule\Factories\SchedulerFactory.Internal.cs:line 448
      ++++++++++++++++++++++++++++++++++++++++++++++++++++++++
fail: 2024-08-17 20:38:00.0654319 +08:00 星期六 L Admin.NET.Core.JuAI.OssAsyncJob[0] #21
      [Admin.NET.Core.JuAI.dll] async Task Admin.NET.Core.JuAI.OssAsyncJob.ExecuteAsync(JobExecutingContext context, CancellationToken stoppingToken)
      图片同步任务出错了连接[tcp://guxin.link:6379][3000ms]超时！      
      ++++++++++++++++++++++++++++++++++++++++++++++++++++++++
      System.TimeoutException: 连接[tcp://guxin.link:6379][3000ms]超时！
         at NewLife.Caching.RedisClient.GetStream(Boolean create)
         at NewLife.Caching.RedisClient.ExecuteCommand(String cmd, Packet[] args, Object[] oriArgs)
         at NewLife.Caching.RedisClient.Execute(String cmd, Object[] args)
         at NewLife.Caching.Redis.<>c.<GetInfo>b__101_1(RedisClient rds)
         at NewLife.Caching.Redis.Execute[TResult](Func`2 func)
         at NewLife.Caching.Redis.GetInfo(Boolean all)
         at NewLife.Caching.Redis.get_Info()
         at NewLife.Caching.FullRedis.InitCluster()
         at NewLife.Caching.FullRedis.Execute[T](String key, Func`3 func, Boolean write)
         at NewLife.Caching.RedisBase.Execute[T](Func`3 func, Boolean write)
         at NewLife.Caching.RedisHash`2.GetAll()
         at Admin.NET.Core.Service.SysCacheService.HashGetAll[T](String key) in D:\work\juai\api\Admin.NET.Core\Service\Cache\SysCacheService.cs:line 234
         at Admin.NET.Core.JuAI.Service.JuFileService.ImageAsyncToOss() in D:\work\juai\api\Admin.NET.Core.JuAi\Service\Files\JuFileService.cs:line 96
         at Admin.NET.Core.JuAI.OssAsyncJob.ExecuteAsync(JobExecutingContext context, CancellationToken stoppingToken) in D:\work\juai\api\Admin.NET.Core.JuAi\Job\OssAsyncJob.cs:line 34
      ++++++++++++++++++++++++++++++++++++++++++++++++++++++++
fail: 2024-08-17 20:38:00.2031283 +08:00 星期六 L System.Logging.ScheduleService[0] #22
      [Furion.Pure.dll] void Furion.Schedule.ScheduleLogger.Log(LogLevel logLevel, string message, object[] args, Exception ex)
      Error occurred executing in <job_onlineUser> 清理在线用户 [S] <job_onlineUser trigger_onlineUser> 1s 清理在线用户 1ts 2024-08-17 20:37:55.953 [Overrun].      
      ++++++++++++++++++++++++++++++++++++++++++++++++++++++++
      System.TimeoutException: 连接[tcp://guxin.link:6379][3000ms]超时！
         at NewLife.Caching.RedisClient.GetStream(Boolean create)
         at NewLife.Caching.RedisClient.ExecuteCommand(String cmd, Packet[] args, Object[] oriArgs)
         at NewLife.Caching.RedisClient.Execute(String cmd, Object[] args)
         at NewLife.Caching.RedisClient.Execute[TResult](String cmd, Object[] args)
         at NewLife.Caching.FullRedis.<>c__DisplayClass41_1.<Search>b__0(RedisClient r)
         at NewLife.Caching.Redis.Execute[TResult](Func`2 func)
         at NewLife.Caching.FullRedis.Search(SearchModel model)+MoveNext()
         at System.Linq.Enumerable.SelectEnumerableIterator`2.ToList()
         at Admin.NET.Core.Service.SysCacheService.GetKeysByPrefixKey(String prefixKey) in D:\work\juai\api\Admin.NET.Core\Service\Cache\SysCacheService.cs:line 126
         at Admin.NET.Core.SqlSugarCache.GetAllKey[V]() in D:\work\juai\api\Admin.NET.Core\Cache\SqlSugarCache.cs:line 44
         at SqlSugar.CacheSchemeMain.RemoveCache(ICacheService cacheService, String tableName)
         at SqlSugar.DeleteableProvider`1.<RemoveDataCache>b__66_0()
         at SqlSugar.DeleteableProvider`1.After(String sql)
         at SqlSugar.DeleteableProvider`1.ExecuteCommandAsync()
         at Admin.NET.Core.OnlineUserJob.ExecuteAsync(JobExecutingContext context, CancellationToken stoppingToken) in D:\work\juai\api\Admin.NET.Core\Job\OnlineUserJob.cs:line 31
         at Furion.Schedule.ScheduleHostedService.<>c__DisplayClass25_3.<<BackgroundProcessing>b__3>d.MoveNext() in D:\work\juai\api\Plugins\Furion.Pure\Schedule\HostedServices\ScheduleHostedService.cs:line 252
      --- End of stack trace from previous location ---
         at Furion.FriendlyException.Retry.InvokeAsync(Func`1 action, Int32 numRetries, Int32 retryTimeout, Boolean finalThrow, Type[] exceptionTypes, Func`2 fallbackPolicy, Action`2 retryAction) in D:\work\juai\api\Plugins\Furion.Pure\FriendlyException\Retry.cs:line 79
         at Furion.Schedule.ScheduleHostedService.<>c__DisplayClass25_2.<<BackgroundProcessing>b__2>d.MoveNext() in D:\work\juai\api\Plugins\Furion.Pure\Schedule\HostedServices\ScheduleHostedService.cs:line 250
      ++++++++++++++++++++++++++++++++++++++++++++++++++++++++
fail: 2024-08-17 20:38:03.0698272 +08:00 星期六 L Admin.NET.Core.JuAI.OssAsyncJob[0] #25
      [Admin.NET.Core.JuAI.dll] async Task Admin.NET.Core.JuAI.RealtimeJob.ExecuteAsync(JobExecutingContext context, CancellationToken stoppingToken)
      实时任务出错连接[tcp://guxin.link:6379][3000ms]超时！      
      ++++++++++++++++++++++++++++++++++++++++++++++++++++++++
      System.TimeoutException: 连接[tcp://guxin.link:6379][3000ms]超时！
         at NewLife.Caching.RedisClient.GetStream(Boolean create)
         at NewLife.Caching.RedisClient.ExecuteCommand(String cmd, Packet[] args, Object[] oriArgs)
         at NewLife.Caching.RedisClient.Execute(String cmd, Object[] args)
         at NewLife.Caching.Redis.<>c.<GetInfo>b__101_1(RedisClient rds)
         at NewLife.Caching.Redis.Execute[TResult](Func`2 func)
         at NewLife.Caching.Redis.GetInfo(Boolean all)
         at NewLife.Caching.Redis.get_Info()
         at NewLife.Caching.FullRedis.InitCluster()
         at NewLife.Caching.FullRedis.Execute[T](String key, Func`3 func, Boolean write)
         at NewLife.Caching.RedisBase.Execute[T](Func`3 func, Boolean write)
         at NewLife.Caching.RedisHash`2.GetAll()
         at Admin.NET.Core.Service.SysCacheService.HashGetAll[T](String key) in D:\work\juai\api\Admin.NET.Core\Service\Cache\SysCacheService.cs:line 234
         at Admin.NET.Core.JuAI.Service.DrawingAlibabaService.AlibabaTaskFetchTask() in D:\work\juai\api\Admin.NET.Core.JuAi\Service\AIDrawing\DrawingAlibabaService.cs:line 55
         at Admin.NET.Core.JuAI.RealtimeJob.ExecuteAsync(JobExecutingContext context, CancellationToken stoppingToken) in D:\work\juai\api\Admin.NET.Core.JuAi\Job\RealtimeJob.cs:line 32
      ++++++++++++++++++++++++++++++++++++++++++++++++++++++++
fail: 2024-08-17 20:38:03.1450145 +08:00 星期六 L System.Logging.ScheduleService[0] #20
      [Furion.Pure.dll] void Furion.Schedule.ScheduleLogger.Log(LogLevel logLevel, string message, object[] args, Exception ex)
      Persistence of <trigger_log> trigger of <job_log> job failed.      
      ++++++++++++++++++++++++++++++++++++++++++++++++++++++++
      System.TimeoutException: 连接[tcp://guxin.link:6379][3000ms]超时！
         at NewLife.Caching.RedisClient.GetStream(Boolean create)
         at NewLife.Caching.RedisClient.ExecuteCommand(String cmd, Packet[] args, Object[] oriArgs)
         at NewLife.Caching.RedisClient.Execute(String cmd, Object[] args)
         at NewLife.Caching.RedisClient.Execute[TResult](String cmd, Object[] args)
         at NewLife.Caching.FullRedis.<>c__DisplayClass41_1.<Search>b__0(RedisClient r)
         at NewLife.Caching.Redis.Execute[TResult](Func`2 func)
         at NewLife.Caching.FullRedis.Search(SearchModel model)+MoveNext()
         at System.Linq.Enumerable.SelectEnumerableIterator`2.ToList()
         at Admin.NET.Core.Service.SysCacheService.GetKeysByPrefixKey(String prefixKey) in D:\work\juai\api\Admin.NET.Core\Service\Cache\SysCacheService.cs:line 126
         at Admin.NET.Core.SqlSugarCache.GetAllKey[V]() in D:\work\juai\api\Admin.NET.Core\Cache\SqlSugarCache.cs:line 44
         at SqlSugar.CacheSchemeMain.RemoveCache(ICacheService cacheService, String tableName)
         at SqlSugar.UpdateableProvider`1.<RemoveDataCache>b__139_0()
         at SqlSugar.UpdateableProvider`1.After(String sql)
         at SqlSugar.UpdateableProvider`1.ExecuteCommand()
         at Admin.NET.Core.Service.DbJobPersistence.OnTriggerChanged(PersistenceTriggerContext context) in D:\work\juai\api\Admin.NET.Core\Service\Job\DbJobPersistence.cs:line 177
         at Furion.Schedule.SchedulerFactory.ProcessQueue() in D:\work\juai\api\Plugins\Furion.Pure\Schedule\Factories\SchedulerFactory.Internal.cs:line 445
      ++++++++++++++++++++++++++++++++++++++++++++++++++++++++
fail: 2024-08-17 20:38:06.2172874 +08:00 星期六 L System.Logging.ScheduleService[0] #20
      [Furion.Pure.dll] void Furion.Schedule.ScheduleLogger.Log(LogLevel logLevel, string message, object[] args, Exception ex)
      The JobDetail of <job_onlineUser> persist failed.      
      ++++++++++++++++++++++++++++++++++++++++++++++++++++++++
      System.TimeoutException: 连接[tcp://guxin.link:6379][3000ms]超时！
         at NewLife.Caching.RedisClient.GetStream(Boolean create)
         at NewLife.Caching.RedisClient.ExecuteCommand(String cmd, Packet[] args, Object[] oriArgs)
         at NewLife.Caching.RedisClient.Execute(String cmd, Object[] args)
         at NewLife.Caching.RedisClient.Execute[TResult](String cmd, Object[] args)
         at NewLife.Caching.FullRedis.<>c__DisplayClass41_1.<Search>b__0(RedisClient r)
         at NewLife.Caching.Redis.Execute[TResult](Func`2 func)
         at NewLife.Caching.FullRedis.Search(SearchModel model)+MoveNext()
         at System.Linq.Enumerable.SelectEnumerableIterator`2.ToList()
         at Admin.NET.Core.Service.SysCacheService.GetKeysByPrefixKey(String prefixKey) in D:\work\juai\api\Admin.NET.Core\Service\Cache\SysCacheService.cs:line 126
         at Admin.NET.Core.SqlSugarCache.GetAllKey[V]() in D:\work\juai\api\Admin.NET.Core\Cache\SqlSugarCache.cs:line 44
         at SqlSugar.CacheSchemeMain.RemoveCache(ICacheService cacheService, String tableName)
         at SqlSugar.UpdateableProvider`1.<RemoveDataCache>b__139_0()
         at SqlSugar.UpdateableProvider`1.After(String sql)
         at SqlSugar.UpdateableProvider`1.ExecuteCommand()
         at Admin.NET.Core.Service.DbJobPersistence.OnChanged(PersistenceContext context) in D:\work\juai\api\Admin.NET.Core\Service\Job\DbJobPersistence.cs:line 146
         at Furion.Schedule.SchedulerFactory.ProcessQueue() in D:\work\juai\api\Plugins\Furion.Pure\Schedule\Factories\SchedulerFactory.Internal.cs:line 448
      ++++++++++++++++++++++++++++++++++++++++++++++++++++++++
fail: 2024-08-17 20:38:09.2852850 +08:00 星期六 L System.Logging.ScheduleService[0] #20
      [Furion.Pure.dll] void Furion.Schedule.ScheduleLogger.Log(LogLevel logLevel, string message, object[] args, Exception ex)
      Persistence of <trigger_onlineUser> trigger of <job_onlineUser> job failed.      
      ++++++++++++++++++++++++++++++++++++++++++++++++++++++++
      System.TimeoutException: 连接[tcp://guxin.link:6379][3000ms]超时！
         at NewLife.Caching.RedisClient.GetStream(Boolean create)
         at NewLife.Caching.RedisClient.ExecuteCommand(String cmd, Packet[] args, Object[] oriArgs)
         at NewLife.Caching.RedisClient.Execute(String cmd, Object[] args)
         at NewLife.Caching.RedisClient.Execute[TResult](String cmd, Object[] args)
         at NewLife.Caching.FullRedis.<>c__DisplayClass41_1.<Search>b__0(RedisClient r)
         at NewLife.Caching.Redis.Execute[TResult](Func`2 func)
         at NewLife.Caching.FullRedis.Search(SearchModel model)+MoveNext()
         at System.Linq.Enumerable.SelectEnumerableIterator`2.ToList()
         at Admin.NET.Core.Service.SysCacheService.GetKeysByPrefixKey(String prefixKey) in D:\work\juai\api\Admin.NET.Core\Service\Cache\SysCacheService.cs:line 126
         at Admin.NET.Core.SqlSugarCache.GetAllKey[V]() in D:\work\juai\api\Admin.NET.Core\Cache\SqlSugarCache.cs:line 44
         at SqlSugar.CacheSchemeMain.RemoveCache(ICacheService cacheService, String tableName)
         at SqlSugar.UpdateableProvider`1.<RemoveDataCache>b__139_0()
         at SqlSugar.UpdateableProvider`1.After(String sql)
         at SqlSugar.UpdateableProvider`1.ExecuteCommand()
         at Admin.NET.Core.Service.DbJobPersistence.OnTriggerChanged(PersistenceTriggerContext context) in D:\work\juai\api\Admin.NET.Core\Service\Job\DbJobPersistence.cs:line 177
         at Furion.Schedule.SchedulerFactory.ProcessQueue() in D:\work\juai\api\Plugins\Furion.Pure\Schedule\Factories\SchedulerFactory.Internal.cs:line 445
      ++++++++++++++++++++++++++++++++++++++++++++++++++++++++
fail: 2024-08-17 20:38:09.9840636 +08:00 星期六 L Admin.NET.Core.JuAI.OssAsyncJob[0] #10
      [Admin.NET.Core.JuAI.dll] async Task Admin.NET.Core.JuAI.RealtimeJob.ExecuteAsync(JobExecutingContext context, CancellationToken stoppingToken)
      实时任务出错连接[tcp://guxin.link:6379][3000ms]超时！      
      ++++++++++++++++++++++++++++++++++++++++++++++++++++++++
      System.TimeoutException: 连接[tcp://guxin.link:6379][3000ms]超时！
         at NewLife.Caching.RedisClient.GetStream(Boolean create)
         at NewLife.Caching.RedisClient.ExecuteCommand(String cmd, Packet[] args, Object[] oriArgs)
         at NewLife.Caching.RedisClient.Execute(String cmd, Object[] args)
         at NewLife.Caching.Redis.<>c.<GetInfo>b__101_1(RedisClient rds)
         at NewLife.Caching.Redis.Execute[TResult](Func`2 func)
         at NewLife.Caching.Redis.GetInfo(Boolean all)
         at NewLife.Caching.Redis.get_Info()
         at NewLife.Caching.FullRedis.InitCluster()
         at NewLife.Caching.FullRedis.Execute[T](String key, Func`3 func, Boolean write)
         at NewLife.Caching.RedisBase.Execute[T](Func`3 func, Boolean write)
         at NewLife.Caching.RedisHash`2.GetAll()
         at Admin.NET.Core.Service.SysCacheService.HashGetAll[T](String key) in D:\work\juai\api\Admin.NET.Core\Service\Cache\SysCacheService.cs:line 234
         at Admin.NET.Core.JuAI.Service.DrawingAlibabaService.AlibabaTaskFetchTask() in D:\work\juai\api\Admin.NET.Core.JuAi\Service\AIDrawing\DrawingAlibabaService.cs:line 55
         at Admin.NET.Core.JuAI.RealtimeJob.ExecuteAsync(JobExecutingContext context, CancellationToken stoppingToken) in D:\work\juai\api\Admin.NET.Core.JuAi\Job\RealtimeJob.cs:line 32
      ++++++++++++++++++++++++++++++++++++++++++++++++++++++++
fail: 2024-08-17 20:38:12.3508029 +08:00 星期六 L System.Logging.ScheduleService[0] #20
      [Furion.Pure.dll] void Furion.Schedule.ScheduleLogger.Log(LogLevel logLevel, string message, object[] args, Exception ex)
      The JobDetail of <job_ossAsync> persist failed.      
      ++++++++++++++++++++++++++++++++++++++++++++++++++++++++
      System.TimeoutException: 连接[tcp://guxin.link:6379][3000ms]超时！
         at NewLife.Caching.RedisClient.GetStream(Boolean create)
         at NewLife.Caching.RedisClient.ExecuteCommand(String cmd, Packet[] args, Object[] oriArgs)
         at NewLife.Caching.RedisClient.Execute(String cmd, Object[] args)
         at NewLife.Caching.RedisClient.Execute[TResult](String cmd, Object[] args)
         at NewLife.Caching.FullRedis.<>c__DisplayClass41_1.<Search>b__0(RedisClient r)
         at NewLife.Caching.Redis.Execute[TResult](Func`2 func)
         at NewLife.Caching.FullRedis.Search(SearchModel model)+MoveNext()
         at System.Linq.Enumerable.SelectEnumerableIterator`2.ToList()
         at Admin.NET.Core.Service.SysCacheService.GetKeysByPrefixKey(String prefixKey) in D:\work\juai\api\Admin.NET.Core\Service\Cache\SysCacheService.cs:line 126
         at Admin.NET.Core.SqlSugarCache.GetAllKey[V]() in D:\work\juai\api\Admin.NET.Core\Cache\SqlSugarCache.cs:line 44
         at SqlSugar.CacheSchemeMain.RemoveCache(ICacheService cacheService, String tableName)
         at SqlSugar.UpdateableProvider`1.<RemoveDataCache>b__139_0()
         at SqlSugar.UpdateableProvider`1.After(String sql)
         at SqlSugar.UpdateableProvider`1.ExecuteCommand()
         at Admin.NET.Core.Service.DbJobPersistence.OnChanged(PersistenceContext context) in D:\work\juai\api\Admin.NET.Core\Service\Job\DbJobPersistence.cs:line 146
         at Furion.Schedule.SchedulerFactory.ProcessQueue() in D:\work\juai\api\Plugins\Furion.Pure\Schedule\Factories\SchedulerFactory.Internal.cs:line 448
      ++++++++++++++++++++++++++++++++++++++++++++++++++++++++
fail: 2024-08-17 20:38:14.9828664 +08:00 星期六 L Admin.NET.Core.JuAI.OssAsyncJob[0] #22
      [Admin.NET.Core.JuAI.dll] async Task Admin.NET.Core.JuAI.RealtimeJob.ExecuteAsync(JobExecutingContext context, CancellationToken stoppingToken)
      实时任务出错连接[tcp://guxin.link:6379][3000ms]超时！      
      ++++++++++++++++++++++++++++++++++++++++++++++++++++++++
      System.TimeoutException: 连接[tcp://guxin.link:6379][3000ms]超时！
         at NewLife.Caching.RedisClient.GetStream(Boolean create)
         at NewLife.Caching.RedisClient.ExecuteCommand(String cmd, Packet[] args, Object[] oriArgs)
         at NewLife.Caching.RedisClient.Execute(String cmd, Object[] args)
         at NewLife.Caching.Redis.<>c.<GetInfo>b__101_1(RedisClient rds)
         at NewLife.Caching.Redis.Execute[TResult](Func`2 func)
         at NewLife.Caching.Redis.GetInfo(Boolean all)
         at NewLife.Caching.Redis.get_Info()
         at NewLife.Caching.FullRedis.InitCluster()
         at NewLife.Caching.FullRedis.Execute[T](String key, Func`3 func, Boolean write)
         at NewLife.Caching.RedisBase.Execute[T](Func`3 func, Boolean write)
         at NewLife.Caching.RedisHash`2.GetAll()
         at Admin.NET.Core.Service.SysCacheService.HashGetAll[T](String key) in D:\work\juai\api\Admin.NET.Core\Service\Cache\SysCacheService.cs:line 234
         at Admin.NET.Core.JuAI.Service.DrawingAlibabaService.AlibabaTaskFetchTask() in D:\work\juai\api\Admin.NET.Core.JuAi\Service\AIDrawing\DrawingAlibabaService.cs:line 55
         at Admin.NET.Core.JuAI.RealtimeJob.ExecuteAsync(JobExecutingContext context, CancellationToken stoppingToken) in D:\work\juai\api\Admin.NET.Core.JuAi\Job\RealtimeJob.cs:line 32
      ++++++++++++++++++++++++++++++++++++++++++++++++++++++++
fail: 2024-08-17 20:38:15.4143444 +08:00 星期六 L System.Logging.ScheduleService[0] #20
      [Furion.Pure.dll] void Furion.Schedule.ScheduleLogger.Log(LogLevel logLevel, string message, object[] args, Exception ex)
      Persistence of <trigger_ossAsync> trigger of <job_ossAsync> job failed.      
      ++++++++++++++++++++++++++++++++++++++++++++++++++++++++
      System.TimeoutException: 连接[tcp://guxin.link:6379][3000ms]超时！
         at NewLife.Caching.RedisClient.GetStream(Boolean create)
         at NewLife.Caching.RedisClient.ExecuteCommand(String cmd, Packet[] args, Object[] oriArgs)
         at NewLife.Caching.RedisClient.Execute(String cmd, Object[] args)
         at NewLife.Caching.RedisClient.Execute[TResult](String cmd, Object[] args)
         at NewLife.Caching.FullRedis.<>c__DisplayClass41_1.<Search>b__0(RedisClient r)
         at NewLife.Caching.Redis.Execute[TResult](Func`2 func)
         at NewLife.Caching.FullRedis.Search(SearchModel model)+MoveNext()
         at System.Linq.Enumerable.SelectEnumerableIterator`2.ToList()
         at Admin.NET.Core.Service.SysCacheService.GetKeysByPrefixKey(String prefixKey) in D:\work\juai\api\Admin.NET.Core\Service\Cache\SysCacheService.cs:line 126
         at Admin.NET.Core.SqlSugarCache.GetAllKey[V]() in D:\work\juai\api\Admin.NET.Core\Cache\SqlSugarCache.cs:line 44
         at SqlSugar.CacheSchemeMain.RemoveCache(ICacheService cacheService, String tableName)
         at SqlSugar.UpdateableProvider`1.<RemoveDataCache>b__139_0()
         at SqlSugar.UpdateableProvider`1.After(String sql)
         at SqlSugar.UpdateableProvider`1.ExecuteCommand()
         at Admin.NET.Core.Service.DbJobPersistence.OnTriggerChanged(PersistenceTriggerContext context) in D:\work\juai\api\Admin.NET.Core\Service\Job\DbJobPersistence.cs:line 177
         at Furion.Schedule.SchedulerFactory.ProcessQueue() in D:\work\juai\api\Plugins\Furion.Pure\Schedule\Factories\SchedulerFactory.Internal.cs:line 445
      ++++++++++++++++++++++++++++++++++++++++++++++++++++++++
fail: 2024-08-17 20:38:18.4804080 +08:00 星期六 L System.Logging.ScheduleService[0] #20
      [Furion.Pure.dll] void Furion.Schedule.ScheduleLogger.Log(LogLevel logLevel, string message, object[] args, Exception ex)
      The JobDetail of <job_realtime> persist failed.      
      ++++++++++++++++++++++++++++++++++++++++++++++++++++++++
      System.TimeoutException: 连接[tcp://guxin.link:6379][3000ms]超时！
         at NewLife.Caching.RedisClient.GetStream(Boolean create)
         at NewLife.Caching.RedisClient.ExecuteCommand(String cmd, Packet[] args, Object[] oriArgs)
         at NewLife.Caching.RedisClient.Execute(String cmd, Object[] args)
         at NewLife.Caching.RedisClient.Execute[TResult](String cmd, Object[] args)
         at NewLife.Caching.FullRedis.<>c__DisplayClass41_1.<Search>b__0(RedisClient r)
         at NewLife.Caching.Redis.Execute[TResult](Func`2 func)
         at NewLife.Caching.FullRedis.Search(SearchModel model)+MoveNext()
         at System.Linq.Enumerable.SelectEnumerableIterator`2.ToList()
         at Admin.NET.Core.Service.SysCacheService.GetKeysByPrefixKey(String prefixKey) in D:\work\juai\api\Admin.NET.Core\Service\Cache\SysCacheService.cs:line 126
         at Admin.NET.Core.SqlSugarCache.GetAllKey[V]() in D:\work\juai\api\Admin.NET.Core\Cache\SqlSugarCache.cs:line 44
         at SqlSugar.CacheSchemeMain.RemoveCache(ICacheService cacheService, String tableName)
         at SqlSugar.UpdateableProvider`1.<RemoveDataCache>b__139_0()
         at SqlSugar.UpdateableProvider`1.After(String sql)
         at SqlSugar.UpdateableProvider`1.ExecuteCommand()
         at Admin.NET.Core.Service.DbJobPersistence.OnChanged(PersistenceContext context) in D:\work\juai\api\Admin.NET.Core\Service\Job\DbJobPersistence.cs:line 146
         at Furion.Schedule.SchedulerFactory.ProcessQueue() in D:\work\juai\api\Plugins\Furion.Pure\Schedule\Factories\SchedulerFactory.Internal.cs:line 448
      ++++++++++++++++++++++++++++++++++++++++++++++++++++++++
fail: 2024-08-17 20:38:19.9252257 +08:00 星期六 L Admin.NET.Core.JuAI.OssAsyncJob[0] #25
      [Admin.NET.Core.JuAI.dll] async Task Admin.NET.Core.JuAI.RealtimeJob.ExecuteAsync(JobExecutingContext context, CancellationToken stoppingToken)
      实时任务出错连接[tcp://guxin.link:6379][3000ms]超时！      
      ++++++++++++++++++++++++++++++++++++++++++++++++++++++++
      System.TimeoutException: 连接[tcp://guxin.link:6379][3000ms]超时！
         at NewLife.Caching.RedisClient.GetStream(Boolean create)
         at NewLife.Caching.RedisClient.ExecuteCommand(String cmd, Packet[] args, Object[] oriArgs)
         at NewLife.Caching.RedisClient.Execute(String cmd, Object[] args)
         at NewLife.Caching.Redis.<>c.<GetInfo>b__101_1(RedisClient rds)
         at NewLife.Caching.Redis.Execute[TResult](Func`2 func)
         at NewLife.Caching.Redis.GetInfo(Boolean all)
         at NewLife.Caching.Redis.get_Info()
         at NewLife.Caching.FullRedis.InitCluster()
         at NewLife.Caching.FullRedis.Execute[T](String key, Func`3 func, Boolean write)
         at NewLife.Caching.RedisBase.Execute[T](Func`3 func, Boolean write)
         at NewLife.Caching.RedisHash`2.GetAll()
         at Admin.NET.Core.Service.SysCacheService.HashGetAll[T](String key) in D:\work\juai\api\Admin.NET.Core\Service\Cache\SysCacheService.cs:line 234
         at Admin.NET.Core.JuAI.Service.DrawingAlibabaService.AlibabaTaskFetchTask() in D:\work\juai\api\Admin.NET.Core.JuAi\Service\AIDrawing\DrawingAlibabaService.cs:line 55
         at Admin.NET.Core.JuAI.RealtimeJob.ExecuteAsync(JobExecutingContext context, CancellationToken stoppingToken) in D:\work\juai\api\Admin.NET.Core.JuAi\Job\RealtimeJob.cs:line 32
      ++++++++++++++++++++++++++++++++++++++++++++++++++++++++
fail: 2024-08-17 20:38:21.5495292 +08:00 星期六 L System.Logging.ScheduleService[0] #20
      [Furion.Pure.dll] void Furion.Schedule.ScheduleLogger.Log(LogLevel logLevel, string message, object[] args, Exception ex)
      Persistence of <trigger_realtime> trigger of <job_realtime> job failed.      
      ++++++++++++++++++++++++++++++++++++++++++++++++++++++++
      System.TimeoutException: 连接[tcp://guxin.link:6379][3000ms]超时！
         at NewLife.Caching.RedisClient.GetStream(Boolean create)
         at NewLife.Caching.RedisClient.ExecuteCommand(String cmd, Packet[] args, Object[] oriArgs)
         at NewLife.Caching.RedisClient.Execute(String cmd, Object[] args)
         at NewLife.Caching.RedisClient.Execute[TResult](String cmd, Object[] args)
         at NewLife.Caching.FullRedis.<>c__DisplayClass41_1.<Search>b__0(RedisClient r)
         at NewLife.Caching.Redis.Execute[TResult](Func`2 func)
         at NewLife.Caching.FullRedis.Search(SearchModel model)+MoveNext()
         at System.Linq.Enumerable.SelectEnumerableIterator`2.ToList()
         at Admin.NET.Core.Service.SysCacheService.GetKeysByPrefixKey(String prefixKey) in D:\work\juai\api\Admin.NET.Core\Service\Cache\SysCacheService.cs:line 126
         at Admin.NET.Core.SqlSugarCache.GetAllKey[V]() in D:\work\juai\api\Admin.NET.Core\Cache\SqlSugarCache.cs:line 44
         at SqlSugar.CacheSchemeMain.RemoveCache(ICacheService cacheService, String tableName)
         at SqlSugar.UpdateableProvider`1.<RemoveDataCache>b__139_0()
         at SqlSugar.UpdateableProvider`1.After(String sql)
         at SqlSugar.UpdateableProvider`1.ExecuteCommand()
         at Admin.NET.Core.Service.DbJobPersistence.OnTriggerChanged(PersistenceTriggerContext context) in D:\work\juai\api\Admin.NET.Core\Service\Job\DbJobPersistence.cs:line 177
         at Furion.Schedule.SchedulerFactory.ProcessQueue() in D:\work\juai\api\Plugins\Furion.Pure\Schedule\Factories\SchedulerFactory.Internal.cs:line 445
      ++++++++++++++++++++++++++++++++++++++++++++++++++++++++
fail: 2024-08-17 20:38:24.6258635 +08:00 星期六 L System.Logging.ScheduleService[0] #20
      [Furion.Pure.dll] void Furion.Schedule.ScheduleLogger.Log(LogLevel logLevel, string message, object[] args, Exception ex)
      The JobDetail of <job_realtime> persist failed.      
      ++++++++++++++++++++++++++++++++++++++++++++++++++++++++
      System.TimeoutException: 连接[tcp://guxin.link:6379][3000ms]超时！
         at NewLife.Caching.RedisClient.GetStream(Boolean create)
         at NewLife.Caching.RedisClient.ExecuteCommand(String cmd, Packet[] args, Object[] oriArgs)
         at NewLife.Caching.RedisClient.Execute(String cmd, Object[] args)
         at NewLife.Caching.RedisClient.Execute[TResult](String cmd, Object[] args)
         at NewLife.Caching.FullRedis.<>c__DisplayClass41_1.<Search>b__0(RedisClient r)
         at NewLife.Caching.Redis.Execute[TResult](Func`2 func)
         at NewLife.Caching.FullRedis.Search(SearchModel model)+MoveNext()
         at System.Linq.Enumerable.SelectEnumerableIterator`2.ToList()
         at Admin.NET.Core.Service.SysCacheService.GetKeysByPrefixKey(String prefixKey) in D:\work\juai\api\Admin.NET.Core\Service\Cache\SysCacheService.cs:line 126
         at Admin.NET.Core.SqlSugarCache.GetAllKey[V]() in D:\work\juai\api\Admin.NET.Core\Cache\SqlSugarCache.cs:line 44
         at SqlSugar.CacheSchemeMain.RemoveCache(ICacheService cacheService, String tableName)
         at SqlSugar.UpdateableProvider`1.<RemoveDataCache>b__139_0()
         at SqlSugar.UpdateableProvider`1.After(String sql)
         at SqlSugar.UpdateableProvider`1.ExecuteCommand()
         at Admin.NET.Core.Service.DbJobPersistence.OnChanged(PersistenceContext context) in D:\work\juai\api\Admin.NET.Core\Service\Job\DbJobPersistence.cs:line 146
         at Furion.Schedule.SchedulerFactory.ProcessQueue() in D:\work\juai\api\Plugins\Furion.Pure\Schedule\Factories\SchedulerFactory.Internal.cs:line 448
      ++++++++++++++++++++++++++++++++++++++++++++++++++++++++
fail: 2024-08-17 20:38:24.9082374 +08:00 星期六 L Admin.NET.Core.JuAI.OssAsyncJob[0] #21
      [Admin.NET.Core.JuAI.dll] async Task Admin.NET.Core.JuAI.RealtimeJob.ExecuteAsync(JobExecutingContext context, CancellationToken stoppingToken)
      实时任务出错连接[tcp://guxin.link:6379][3000ms]超时！      
      ++++++++++++++++++++++++++++++++++++++++++++++++++++++++
      System.TimeoutException: 连接[tcp://guxin.link:6379][3000ms]超时！
         at NewLife.Caching.RedisClient.GetStream(Boolean create)
         at NewLife.Caching.RedisClient.ExecuteCommand(String cmd, Packet[] args, Object[] oriArgs)
         at NewLife.Caching.RedisClient.Execute(String cmd, Object[] args)
         at NewLife.Caching.Redis.<>c.<GetInfo>b__101_1(RedisClient rds)
         at NewLife.Caching.Redis.Execute[TResult](Func`2 func)
         at NewLife.Caching.Redis.GetInfo(Boolean all)
         at NewLife.Caching.Redis.get_Info()
         at NewLife.Caching.FullRedis.InitCluster()
         at NewLife.Caching.FullRedis.Execute[T](String key, Func`3 func, Boolean write)
         at NewLife.Caching.RedisBase.Execute[T](Func`3 func, Boolean write)
         at NewLife.Caching.RedisHash`2.GetAll()
         at Admin.NET.Core.Service.SysCacheService.HashGetAll[T](String key) in D:\work\juai\api\Admin.NET.Core\Service\Cache\SysCacheService.cs:line 234
         at Admin.NET.Core.JuAI.Service.DrawingAlibabaService.AlibabaTaskFetchTask() in D:\work\juai\api\Admin.NET.Core.JuAi\Service\AIDrawing\DrawingAlibabaService.cs:line 55
         at Admin.NET.Core.JuAI.RealtimeJob.ExecuteAsync(JobExecutingContext context, CancellationToken stoppingToken) in D:\work\juai\api\Admin.NET.Core.JuAi\Job\RealtimeJob.cs:line 32
      ++++++++++++++++++++++++++++++++++++++++++++++++++++++++
fail: 2024-08-17 20:38:27.7963830 +08:00 星期六 L System.Logging.ScheduleService[0] #20
      [Furion.Pure.dll] void Furion.Schedule.ScheduleLogger.Log(LogLevel logLevel, string message, object[] args, Exception ex)
      The JobDetail of <job_onlineUser> persist failed.      
      ++++++++++++++++++++++++++++++++++++++++++++++++++++++++
      System.TimeoutException: 连接[tcp://guxin.link:6379][3000ms]超时！
         at NewLife.Caching.RedisClient.GetStream(Boolean create)
         at NewLife.Caching.RedisClient.ExecuteCommand(String cmd, Packet[] args, Object[] oriArgs)
         at NewLife.Caching.RedisClient.Execute(String cmd, Object[] args)
         at NewLife.Caching.RedisClient.Execute[TResult](String cmd, Object[] args)
         at NewLife.Caching.FullRedis.<>c__DisplayClass41_1.<Search>b__0(RedisClient r)
         at NewLife.Caching.Redis.Execute[TResult](Func`2 func)
         at NewLife.Caching.FullRedis.Search(SearchModel model)+MoveNext()
         at System.Linq.Enumerable.SelectEnumerableIterator`2.ToList()
         at Admin.NET.Core.Service.SysCacheService.GetKeysByPrefixKey(String prefixKey) in D:\work\juai\api\Admin.NET.Core\Service\Cache\SysCacheService.cs:line 126
         at Admin.NET.Core.SqlSugarCache.GetAllKey[V]() in D:\work\juai\api\Admin.NET.Core\Cache\SqlSugarCache.cs:line 44
         at SqlSugar.CacheSchemeMain.RemoveCache(ICacheService cacheService, String tableName)
         at SqlSugar.UpdateableProvider`1.<RemoveDataCache>b__139_0()
         at SqlSugar.UpdateableProvider`1.After(String sql)
         at SqlSugar.UpdateableProvider`1.ExecuteCommand()
         at Admin.NET.Core.Service.DbJobPersistence.OnChanged(PersistenceContext context) in D:\work\juai\api\Admin.NET.Core\Service\Job\DbJobPersistence.cs:line 146
         at Furion.Schedule.SchedulerFactory.ProcessQueue() in D:\work\juai\api\Plugins\Furion.Pure\Schedule\Factories\SchedulerFactory.Internal.cs:line 448
      ++++++++++++++++++++++++++++++++++++++++++++++++++++++++
fail: 2024-08-17 20:38:29.8833722 +08:00 星期六 L Admin.NET.Core.JuAI.OssAsyncJob[0] #21
      [Admin.NET.Core.JuAI.dll] async Task Admin.NET.Core.JuAI.RealtimeJob.ExecuteAsync(JobExecutingContext context, CancellationToken stoppingToken)
      实时任务出错连接[tcp://guxin.link:6379][3000ms]超时！      
      ++++++++++++++++++++++++++++++++++++++++++++++++++++++++
      System.TimeoutException: 连接[tcp://guxin.link:6379][3000ms]超时！
         at NewLife.Caching.RedisClient.GetStream(Boolean create)
         at NewLife.Caching.RedisClient.ExecuteCommand(String cmd, Packet[] args, Object[] oriArgs)
         at NewLife.Caching.RedisClient.Execute(String cmd, Object[] args)
         at NewLife.Caching.Redis.<>c.<GetInfo>b__101_1(RedisClient rds)
         at NewLife.Caching.Redis.Execute[TResult](Func`2 func)
         at NewLife.Caching.Redis.GetInfo(Boolean all)
         at NewLife.Caching.Redis.get_Info()
         at NewLife.Caching.FullRedis.InitCluster()
         at NewLife.Caching.FullRedis.Execute[T](String key, Func`3 func, Boolean write)
         at NewLife.Caching.RedisBase.Execute[T](Func`3 func, Boolean write)
         at NewLife.Caching.RedisHash`2.GetAll()
         at Admin.NET.Core.Service.SysCacheService.HashGetAll[T](String key) in D:\work\juai\api\Admin.NET.Core\Service\Cache\SysCacheService.cs:line 234
         at Admin.NET.Core.JuAI.Service.DrawingAlibabaService.AlibabaTaskFetchTask() in D:\work\juai\api\Admin.NET.Core.JuAi\Service\AIDrawing\DrawingAlibabaService.cs:line 55
         at Admin.NET.Core.JuAI.RealtimeJob.ExecuteAsync(JobExecutingContext context, CancellationToken stoppingToken) in D:\work\juai\api\Admin.NET.Core.JuAi\Job\RealtimeJob.cs:line 32
      ++++++++++++++++++++++++++++++++++++++++++++++++++++++++
fail: 2024-08-17 20:38:30.8690135 +08:00 星期六 L System.Logging.ScheduleService[0] #20
      [Furion.Pure.dll] void Furion.Schedule.ScheduleLogger.Log(LogLevel logLevel, string message, object[] args, Exception ex)
      The JobDetail of <job_ossAsync> persist failed.      
      ++++++++++++++++++++++++++++++++++++++++++++++++++++++++
      System.TimeoutException: 连接[tcp://guxin.link:6379][3000ms]超时！
         at NewLife.Caching.RedisClient.GetStream(Boolean create)
         at NewLife.Caching.RedisClient.ExecuteCommand(String cmd, Packet[] args, Object[] oriArgs)
         at NewLife.Caching.RedisClient.Execute(String cmd, Object[] args)
         at NewLife.Caching.RedisClient.Execute[TResult](String cmd, Object[] args)
         at NewLife.Caching.FullRedis.<>c__DisplayClass41_1.<Search>b__0(RedisClient r)
         at NewLife.Caching.Redis.Execute[TResult](Func`2 func)
         at NewLife.Caching.FullRedis.Search(SearchModel model)+MoveNext()
         at System.Linq.Enumerable.SelectEnumerableIterator`2.ToList()
         at Admin.NET.Core.Service.SysCacheService.GetKeysByPrefixKey(String prefixKey) in D:\work\juai\api\Admin.NET.Core\Service\Cache\SysCacheService.cs:line 126
         at Admin.NET.Core.SqlSugarCache.GetAllKey[V]() in D:\work\juai\api\Admin.NET.Core\Cache\SqlSugarCache.cs:line 44
         at SqlSugar.CacheSchemeMain.RemoveCache(ICacheService cacheService, String tableName)
         at SqlSugar.UpdateableProvider`1.<RemoveDataCache>b__139_0()
         at SqlSugar.UpdateableProvider`1.After(String sql)
         at SqlSugar.UpdateableProvider`1.ExecuteCommand()
         at Admin.NET.Core.Service.DbJobPersistence.OnChanged(PersistenceContext context) in D:\work\juai\api\Admin.NET.Core\Service\Job\DbJobPersistence.cs:line 146
         at Furion.Schedule.SchedulerFactory.ProcessQueue() in D:\work\juai\api\Plugins\Furion.Pure\Schedule\Factories\SchedulerFactory.Internal.cs:line 448
      ++++++++++++++++++++++++++++++++++++++++++++++++++++++++
fail: 2024-08-17 20:38:33.9307956 +08:00 星期六 L System.Logging.ScheduleService[0] #20
      [Furion.Pure.dll] void Furion.Schedule.ScheduleLogger.Log(LogLevel logLevel, string message, object[] args, Exception ex)
      Persistence of <trigger_ossAsync> trigger of <job_ossAsync> job failed.      
      ++++++++++++++++++++++++++++++++++++++++++++++++++++++++
      System.TimeoutException: 连接[tcp://guxin.link:6379][3000ms]超时！
         at NewLife.Caching.RedisClient.GetStream(Boolean create)
         at NewLife.Caching.RedisClient.ExecuteCommand(String cmd, Packet[] args, Object[] oriArgs)
         at NewLife.Caching.RedisClient.Execute(String cmd, Object[] args)
         at NewLife.Caching.RedisClient.Execute[TResult](String cmd, Object[] args)
         at NewLife.Caching.FullRedis.<>c__DisplayClass41_1.<Search>b__0(RedisClient r)
         at NewLife.Caching.Redis.Execute[TResult](Func`2 func)
         at NewLife.Caching.FullRedis.Search(SearchModel model)+MoveNext()
         at System.Linq.Enumerable.SelectEnumerableIterator`2.ToList()
         at Admin.NET.Core.Service.SysCacheService.GetKeysByPrefixKey(String prefixKey) in D:\work\juai\api\Admin.NET.Core\Service\Cache\SysCacheService.cs:line 126
         at Admin.NET.Core.SqlSugarCache.GetAllKey[V]() in D:\work\juai\api\Admin.NET.Core\Cache\SqlSugarCache.cs:line 44
         at SqlSugar.CacheSchemeMain.RemoveCache(ICacheService cacheService, String tableName)
         at SqlSugar.UpdateableProvider`1.<RemoveDataCache>b__139_0()
         at SqlSugar.UpdateableProvider`1.After(String sql)
         at SqlSugar.UpdateableProvider`1.ExecuteCommand()
         at Admin.NET.Core.Service.DbJobPersistence.OnTriggerChanged(PersistenceTriggerContext context) in D:\work\juai\api\Admin.NET.Core\Service\Job\DbJobPersistence.cs:line 177
         at Furion.Schedule.SchedulerFactory.ProcessQueue() in D:\work\juai\api\Plugins\Furion.Pure\Schedule\Factories\SchedulerFactory.Internal.cs:line 445
      ++++++++++++++++++++++++++++++++++++++++++++++++++++++++
fail: 2024-08-17 20:38:34.8632134 +08:00 星期六 L Admin.NET.Core.JuAI.OssAsyncJob[0] #21
      [Admin.NET.Core.JuAI.dll] async Task Admin.NET.Core.JuAI.RealtimeJob.ExecuteAsync(JobExecutingContext context, CancellationToken stoppingToken)
      实时任务出错连接[tcp://guxin.link:6379][3000ms]超时！      
      ++++++++++++++++++++++++++++++++++++++++++++++++++++++++
      System.TimeoutException: 连接[tcp://guxin.link:6379][3000ms]超时！
         at NewLife.Caching.RedisClient.GetStream(Boolean create)
         at NewLife.Caching.RedisClient.ExecuteCommand(String cmd, Packet[] args, Object[] oriArgs)
         at NewLife.Caching.RedisClient.Execute(String cmd, Object[] args)
         at NewLife.Caching.Redis.<>c.<GetInfo>b__101_1(RedisClient rds)
         at NewLife.Caching.Redis.Execute[TResult](Func`2 func)
         at NewLife.Caching.Redis.GetInfo(Boolean all)
         at NewLife.Caching.Redis.get_Info()
         at NewLife.Caching.FullRedis.InitCluster()
         at NewLife.Caching.FullRedis.Execute[T](String key, Func`3 func, Boolean write)
         at NewLife.Caching.RedisBase.Execute[T](Func`3 func, Boolean write)
         at NewLife.Caching.RedisHash`2.GetAll()
         at Admin.NET.Core.Service.SysCacheService.HashGetAll[T](String key) in D:\work\juai\api\Admin.NET.Core\Service\Cache\SysCacheService.cs:line 234
         at Admin.NET.Core.JuAI.Service.DrawingAlibabaService.AlibabaTaskFetchTask() in D:\work\juai\api\Admin.NET.Core.JuAi\Service\AIDrawing\DrawingAlibabaService.cs:line 55
         at Admin.NET.Core.JuAI.RealtimeJob.ExecuteAsync(JobExecutingContext context, CancellationToken stoppingToken) in D:\work\juai\api\Admin.NET.Core.JuAi\Job\RealtimeJob.cs:line 32
      ++++++++++++++++++++++++++++++++++++++++++++++++++++++++
fail: 2024-08-17 20:38:37.0033894 +08:00 星期六 L System.Logging.ScheduleService[0] #20
      [Furion.Pure.dll] void Furion.Schedule.ScheduleLogger.Log(LogLevel logLevel, string message, object[] args, Exception ex)
      Persistence of <trigger_realtime> trigger of <job_realtime> job failed.      
      ++++++++++++++++++++++++++++++++++++++++++++++++++++++++
      System.TimeoutException: 连接[tcp://guxin.link:6379][3000ms]超时！
         at NewLife.Caching.RedisClient.GetStream(Boolean create)
         at NewLife.Caching.RedisClient.ExecuteCommand(String cmd, Packet[] args, Object[] oriArgs)
         at NewLife.Caching.RedisClient.Execute(String cmd, Object[] args)
         at NewLife.Caching.RedisClient.Execute[TResult](String cmd, Object[] args)
         at NewLife.Caching.FullRedis.<>c__DisplayClass41_1.<Search>b__0(RedisClient r)
         at NewLife.Caching.Redis.Execute[TResult](Func`2 func)
         at NewLife.Caching.FullRedis.Search(SearchModel model)+MoveNext()
         at System.Linq.Enumerable.SelectEnumerableIterator`2.ToList()
         at Admin.NET.Core.Service.SysCacheService.GetKeysByPrefixKey(String prefixKey) in D:\work\juai\api\Admin.NET.Core\Service\Cache\SysCacheService.cs:line 126
         at Admin.NET.Core.SqlSugarCache.GetAllKey[V]() in D:\work\juai\api\Admin.NET.Core\Cache\SqlSugarCache.cs:line 44
         at SqlSugar.CacheSchemeMain.RemoveCache(ICacheService cacheService, String tableName)
         at SqlSugar.UpdateableProvider`1.<RemoveDataCache>b__139_0()
         at SqlSugar.UpdateableProvider`1.After(String sql)
         at SqlSugar.UpdateableProvider`1.ExecuteCommand()
         at Admin.NET.Core.Service.DbJobPersistence.OnTriggerChanged(PersistenceTriggerContext context) in D:\work\juai\api\Admin.NET.Core\Service\Job\DbJobPersistence.cs:line 177
         at Furion.Schedule.SchedulerFactory.ProcessQueue() in D:\work\juai\api\Plugins\Furion.Pure\Schedule\Factories\SchedulerFactory.Internal.cs:line 445
      ++++++++++++++++++++++++++++++++++++++++++++++++++++++++
fail: 2024-08-17 20:38:39.8512088 +08:00 星期六 L Admin.NET.Core.JuAI.OssAsyncJob[0] #22
      [Admin.NET.Core.JuAI.dll] async Task Admin.NET.Core.JuAI.RealtimeJob.ExecuteAsync(JobExecutingContext context, CancellationToken stoppingToken)
      实时任务出错连接[tcp://guxin.link:6379][3000ms]超时！      
      ++++++++++++++++++++++++++++++++++++++++++++++++++++++++
      System.TimeoutException: 连接[tcp://guxin.link:6379][3000ms]超时！
         at NewLife.Caching.RedisClient.GetStream(Boolean create)
         at NewLife.Caching.RedisClient.ExecuteCommand(String cmd, Packet[] args, Object[] oriArgs)
         at NewLife.Caching.RedisClient.Execute(String cmd, Object[] args)
         at NewLife.Caching.Redis.<>c.<GetInfo>b__101_1(RedisClient rds)
         at NewLife.Caching.Redis.Execute[TResult](Func`2 func)
         at NewLife.Caching.Redis.GetInfo(Boolean all)
         at NewLife.Caching.Redis.get_Info()
         at NewLife.Caching.FullRedis.InitCluster()
         at NewLife.Caching.FullRedis.Execute[T](String key, Func`3 func, Boolean write)
         at NewLife.Caching.RedisBase.Execute[T](Func`3 func, Boolean write)
         at NewLife.Caching.RedisHash`2.GetAll()
         at Admin.NET.Core.Service.SysCacheService.HashGetAll[T](String key) in D:\work\juai\api\Admin.NET.Core\Service\Cache\SysCacheService.cs:line 234
         at Admin.NET.Core.JuAI.Service.DrawingAlibabaService.AlibabaTaskFetchTask() in D:\work\juai\api\Admin.NET.Core.JuAi\Service\AIDrawing\DrawingAlibabaService.cs:line 55
         at Admin.NET.Core.JuAI.RealtimeJob.ExecuteAsync(JobExecutingContext context, CancellationToken stoppingToken) in D:\work\juai\api\Admin.NET.Core.JuAi\Job\RealtimeJob.cs:line 32
      ++++++++++++++++++++++++++++++++++++++++++++++++++++++++
fail: 2024-08-17 20:38:40.0790552 +08:00 星期六 L System.Logging.ScheduleService[0] #20
      [Furion.Pure.dll] void Furion.Schedule.ScheduleLogger.Log(LogLevel logLevel, string message, object[] args, Exception ex)
      Persistence of <trigger_onlineUser> trigger of <job_onlineUser> job failed.      
      ++++++++++++++++++++++++++++++++++++++++++++++++++++++++
      System.TimeoutException: 连接[tcp://guxin.link:6379][3000ms]超时！
         at NewLife.Caching.RedisClient.GetStream(Boolean create)
         at NewLife.Caching.RedisClient.ExecuteCommand(String cmd, Packet[] args, Object[] oriArgs)
         at NewLife.Caching.RedisClient.Execute(String cmd, Object[] args)
         at NewLife.Caching.RedisClient.Execute[TResult](String cmd, Object[] args)
         at NewLife.Caching.FullRedis.<>c__DisplayClass41_1.<Search>b__0(RedisClient r)
         at NewLife.Caching.Redis.Execute[TResult](Func`2 func)
         at NewLife.Caching.FullRedis.Search(SearchModel model)+MoveNext()
         at System.Linq.Enumerable.SelectEnumerableIterator`2.ToList()
         at Admin.NET.Core.Service.SysCacheService.GetKeysByPrefixKey(String prefixKey) in D:\work\juai\api\Admin.NET.Core\Service\Cache\SysCacheService.cs:line 126
         at Admin.NET.Core.SqlSugarCache.GetAllKey[V]() in D:\work\juai\api\Admin.NET.Core\Cache\SqlSugarCache.cs:line 44
         at SqlSugar.CacheSchemeMain.RemoveCache(ICacheService cacheService, String tableName)
         at SqlSugar.UpdateableProvider`1.<RemoveDataCache>b__139_0()
         at SqlSugar.UpdateableProvider`1.After(String sql)
         at SqlSugar.UpdateableProvider`1.ExecuteCommand()
         at Admin.NET.Core.Service.DbJobPersistence.OnTriggerChanged(PersistenceTriggerContext context) in D:\work\juai\api\Admin.NET.Core\Service\Job\DbJobPersistence.cs:line 177
         at Furion.Schedule.SchedulerFactory.ProcessQueue() in D:\work\juai\api\Plugins\Furion.Pure\Schedule\Factories\SchedulerFactory.Internal.cs:line 445
      ++++++++++++++++++++++++++++++++++++++++++++++++++++++++
fail: 2024-08-17 20:38:43.1510245 +08:00 星期六 L System.Logging.ScheduleService[0] #20
      [Furion.Pure.dll] void Furion.Schedule.ScheduleLogger.Log(LogLevel logLevel, string message, object[] args, Exception ex)
      Persistence of <trigger_ossAsync> trigger of <job_ossAsync> job failed.      
      ++++++++++++++++++++++++++++++++++++++++++++++++++++++++
      System.TimeoutException: 连接[tcp://guxin.link:6379][3000ms]超时！
         at NewLife.Caching.RedisClient.GetStream(Boolean create)
         at NewLife.Caching.RedisClient.ExecuteCommand(String cmd, Packet[] args, Object[] oriArgs)
         at NewLife.Caching.RedisClient.Execute(String cmd, Object[] args)
         at NewLife.Caching.RedisClient.Execute[TResult](String cmd, Object[] args)
         at NewLife.Caching.FullRedis.<>c__DisplayClass41_1.<Search>b__0(RedisClient r)
         at NewLife.Caching.Redis.Execute[TResult](Func`2 func)
         at NewLife.Caching.FullRedis.Search(SearchModel model)+MoveNext()
         at System.Linq.Enumerable.SelectEnumerableIterator`2.ToList()
         at Admin.NET.Core.Service.SysCacheService.GetKeysByPrefixKey(String prefixKey) in D:\work\juai\api\Admin.NET.Core\Service\Cache\SysCacheService.cs:line 126
         at Admin.NET.Core.SqlSugarCache.GetAllKey[V]() in D:\work\juai\api\Admin.NET.Core\Cache\SqlSugarCache.cs:line 44
         at SqlSugar.CacheSchemeMain.RemoveCache(ICacheService cacheService, String tableName)
         at SqlSugar.UpdateableProvider`1.<RemoveDataCache>b__139_0()
         at SqlSugar.UpdateableProvider`1.After(String sql)
         at SqlSugar.UpdateableProvider`1.ExecuteCommand()
         at Admin.NET.Core.Service.DbJobPersistence.OnTriggerChanged(PersistenceTriggerContext context) in D:\work\juai\api\Admin.NET.Core\Service\Job\DbJobPersistence.cs:line 177
         at Furion.Schedule.SchedulerFactory.ProcessQueue() in D:\work\juai\api\Plugins\Furion.Pure\Schedule\Factories\SchedulerFactory.Internal.cs:line 445
      ++++++++++++++++++++++++++++++++++++++++++++++++++++++++
fail: 2024-08-17 20:38:44.8158974 +08:00 星期六 L Admin.NET.Core.JuAI.OssAsyncJob[0] #22
      [Admin.NET.Core.JuAI.dll] async Task Admin.NET.Core.JuAI.RealtimeJob.ExecuteAsync(JobExecutingContext context, CancellationToken stoppingToken)
      实时任务出错连接[tcp://guxin.link:6379][3000ms]超时！      
      ++++++++++++++++++++++++++++++++++++++++++++++++++++++++
      System.TimeoutException: 连接[tcp://guxin.link:6379][3000ms]超时！
         at NewLife.Caching.RedisClient.GetStream(Boolean create)
         at NewLife.Caching.RedisClient.ExecuteCommand(String cmd, Packet[] args, Object[] oriArgs)
         at NewLife.Caching.RedisClient.Execute(String cmd, Object[] args)
         at NewLife.Caching.Redis.<>c.<GetInfo>b__101_1(RedisClient rds)
         at NewLife.Caching.Redis.Execute[TResult](Func`2 func)
         at NewLife.Caching.Redis.GetInfo(Boolean all)
         at NewLife.Caching.Redis.get_Info()
         at NewLife.Caching.FullRedis.InitCluster()
         at NewLife.Caching.FullRedis.Execute[T](String key, Func`3 func, Boolean write)
         at NewLife.Caching.RedisBase.Execute[T](Func`3 func, Boolean write)
         at NewLife.Caching.RedisHash`2.GetAll()
         at Admin.NET.Core.Service.SysCacheService.HashGetAll[T](String key) in D:\work\juai\api\Admin.NET.Core\Service\Cache\SysCacheService.cs:line 234
         at Admin.NET.Core.JuAI.Service.DrawingAlibabaService.AlibabaTaskFetchTask() in D:\work\juai\api\Admin.NET.Core.JuAi\Service\AIDrawing\DrawingAlibabaService.cs:line 55
         at Admin.NET.Core.JuAI.RealtimeJob.ExecuteAsync(JobExecutingContext context, CancellationToken stoppingToken) in D:\work\juai\api\Admin.NET.Core.JuAi\Job\RealtimeJob.cs:line 32
      ++++++++++++++++++++++++++++++++++++++++++++++++++++++++
fail: 2024-08-17 20:38:46.2114615 +08:00 星期六 L System.Logging.ScheduleService[0] #20
      [Furion.Pure.dll] void Furion.Schedule.ScheduleLogger.Log(LogLevel logLevel, string message, object[] args, Exception ex)
      The JobDetail of <job_ossAsync> persist failed.      
      ++++++++++++++++++++++++++++++++++++++++++++++++++++++++
      System.TimeoutException: 连接[tcp://guxin.link:6379][3000ms]超时！
         at NewLife.Caching.RedisClient.GetStream(Boolean create)
         at NewLife.Caching.RedisClient.ExecuteCommand(String cmd, Packet[] args, Object[] oriArgs)
         at NewLife.Caching.RedisClient.Execute(String cmd, Object[] args)
         at NewLife.Caching.RedisClient.Execute[TResult](String cmd, Object[] args)
         at NewLife.Caching.FullRedis.<>c__DisplayClass41_1.<Search>b__0(RedisClient r)
         at NewLife.Caching.Redis.Execute[TResult](Func`2 func)
         at NewLife.Caching.FullRedis.Search(SearchModel model)+MoveNext()
         at System.Linq.Enumerable.SelectEnumerableIterator`2.ToList()
         at Admin.NET.Core.Service.SysCacheService.GetKeysByPrefixKey(String prefixKey) in D:\work\juai\api\Admin.NET.Core\Service\Cache\SysCacheService.cs:line 126
         at Admin.NET.Core.SqlSugarCache.GetAllKey[V]() in D:\work\juai\api\Admin.NET.Core\Cache\SqlSugarCache.cs:line 44
         at SqlSugar.CacheSchemeMain.RemoveCache(ICacheService cacheService, String tableName)
         at SqlSugar.UpdateableProvider`1.<RemoveDataCache>b__139_0()
         at SqlSugar.UpdateableProvider`1.After(String sql)
         at SqlSugar.UpdateableProvider`1.ExecuteCommand()
         at Admin.NET.Core.Service.DbJobPersistence.OnChanged(PersistenceContext context) in D:\work\juai\api\Admin.NET.Core\Service\Job\DbJobPersistence.cs:line 146
         at Furion.Schedule.SchedulerFactory.ProcessQueue() in D:\work\juai\api\Plugins\Furion.Pure\Schedule\Factories\SchedulerFactory.Internal.cs:line 448
      ++++++++++++++++++++++++++++++++++++++++++++++++++++++++
fail: 2024-08-17 20:38:49.2747476 +08:00 星期六 L System.Logging.ScheduleService[0] #20
      [Furion.Pure.dll] void Furion.Schedule.ScheduleLogger.Log(LogLevel logLevel, string message, object[] args, Exception ex)
      Persistence of <trigger_onlineUser> trigger of <job_onlineUser> job failed.      
      ++++++++++++++++++++++++++++++++++++++++++++++++++++++++
      System.TimeoutException: 连接[tcp://guxin.link:6379][3000ms]超时！
         at NewLife.Caching.RedisClient.GetStream(Boolean create)
         at NewLife.Caching.RedisClient.ExecuteCommand(String cmd, Packet[] args, Object[] oriArgs)
         at NewLife.Caching.RedisClient.Execute(String cmd, Object[] args)
         at NewLife.Caching.RedisClient.Execute[TResult](String cmd, Object[] args)
         at NewLife.Caching.FullRedis.<>c__DisplayClass41_1.<Search>b__0(RedisClient r)
         at NewLife.Caching.Redis.Execute[TResult](Func`2 func)
         at NewLife.Caching.FullRedis.Search(SearchModel model)+MoveNext()
         at System.Linq.Enumerable.SelectEnumerableIterator`2.ToList()
         at Admin.NET.Core.Service.SysCacheService.GetKeysByPrefixKey(String prefixKey) in D:\work\juai\api\Admin.NET.Core\Service\Cache\SysCacheService.cs:line 126
         at Admin.NET.Core.SqlSugarCache.GetAllKey[V]() in D:\work\juai\api\Admin.NET.Core\Cache\SqlSugarCache.cs:line 44
         at SqlSugar.CacheSchemeMain.RemoveCache(ICacheService cacheService, String tableName)
         at SqlSugar.UpdateableProvider`1.<RemoveDataCache>b__139_0()
         at SqlSugar.UpdateableProvider`1.After(String sql)
         at SqlSugar.UpdateableProvider`1.ExecuteCommand()
         at Admin.NET.Core.Service.DbJobPersistence.OnTriggerChanged(PersistenceTriggerContext context) in D:\work\juai\api\Admin.NET.Core\Service\Job\DbJobPersistence.cs:line 177
         at Furion.Schedule.SchedulerFactory.ProcessQueue() in D:\work\juai\api\Plugins\Furion.Pure\Schedule\Factories\SchedulerFactory.Internal.cs:line 445
      ++++++++++++++++++++++++++++++++++++++++++++++++++++++++
fail: 2024-08-17 20:38:49.7943635 +08:00 星期六 L Admin.NET.Core.JuAI.OssAsyncJob[0] #28
      [Admin.NET.Core.JuAI.dll] async Task Admin.NET.Core.JuAI.RealtimeJob.ExecuteAsync(JobExecutingContext context, CancellationToken stoppingToken)
      实时任务出错连接[tcp://guxin.link:6379][3000ms]超时！      
      ++++++++++++++++++++++++++++++++++++++++++++++++++++++++
      System.TimeoutException: 连接[tcp://guxin.link:6379][3000ms]超时！
         at NewLife.Caching.RedisClient.GetStream(Boolean create)
         at NewLife.Caching.RedisClient.ExecuteCommand(String cmd, Packet[] args, Object[] oriArgs)
         at NewLife.Caching.RedisClient.Execute(String cmd, Object[] args)
         at NewLife.Caching.Redis.<>c.<GetInfo>b__101_1(RedisClient rds)
         at NewLife.Caching.Redis.Execute[TResult](Func`2 func)
         at NewLife.Caching.Redis.GetInfo(Boolean all)
         at NewLife.Caching.Redis.get_Info()
         at NewLife.Caching.FullRedis.InitCluster()
         at NewLife.Caching.FullRedis.Execute[T](String key, Func`3 func, Boolean write)
         at NewLife.Caching.RedisBase.Execute[T](Func`3 func, Boolean write)
         at NewLife.Caching.RedisHash`2.GetAll()
         at Admin.NET.Core.Service.SysCacheService.HashGetAll[T](String key) in D:\work\juai\api\Admin.NET.Core\Service\Cache\SysCacheService.cs:line 234
         at Admin.NET.Core.JuAI.Service.DrawingAlibabaService.AlibabaTaskFetchTask() in D:\work\juai\api\Admin.NET.Core.JuAi\Service\AIDrawing\DrawingAlibabaService.cs:line 55
         at Admin.NET.Core.JuAI.RealtimeJob.ExecuteAsync(JobExecutingContext context, CancellationToken stoppingToken) in D:\work\juai\api\Admin.NET.Core.JuAi\Job\RealtimeJob.cs:line 32
      ++++++++++++++++++++++++++++++++++++++++++++++++++++++++
fail: 2024-08-17 20:38:52.3452680 +08:00 星期六 L System.Logging.ScheduleService[0] #20
      [Furion.Pure.dll] void Furion.Schedule.ScheduleLogger.Log(LogLevel logLevel, string message, object[] args, Exception ex)
      The JobDetail of <job_onlineUser> persist failed.      
      ++++++++++++++++++++++++++++++++++++++++++++++++++++++++
      System.TimeoutException: 连接[tcp://guxin.link:6379][3000ms]超时！
         at NewLife.Caching.RedisClient.GetStream(Boolean create)
         at NewLife.Caching.RedisClient.ExecuteCommand(String cmd, Packet[] args, Object[] oriArgs)
         at NewLife.Caching.RedisClient.Execute(String cmd, Object[] args)
         at NewLife.Caching.RedisClient.Execute[TResult](String cmd, Object[] args)
         at NewLife.Caching.FullRedis.<>c__DisplayClass41_1.<Search>b__0(RedisClient r)
         at NewLife.Caching.Redis.Execute[TResult](Func`2 func)
         at NewLife.Caching.FullRedis.Search(SearchModel model)+MoveNext()
         at System.Linq.Enumerable.SelectEnumerableIterator`2.ToList()
         at Admin.NET.Core.Service.SysCacheService.GetKeysByPrefixKey(String prefixKey) in D:\work\juai\api\Admin.NET.Core\Service\Cache\SysCacheService.cs:line 126
         at Admin.NET.Core.SqlSugarCache.GetAllKey[V]() in D:\work\juai\api\Admin.NET.Core\Cache\SqlSugarCache.cs:line 44
         at SqlSugar.CacheSchemeMain.RemoveCache(ICacheService cacheService, String tableName)
         at SqlSugar.UpdateableProvider`1.<RemoveDataCache>b__139_0()
         at SqlSugar.UpdateableProvider`1.After(String sql)
         at SqlSugar.UpdateableProvider`1.ExecuteCommand()
         at Admin.NET.Core.Service.DbJobPersistence.OnChanged(PersistenceContext context) in D:\work\juai\api\Admin.NET.Core\Service\Job\DbJobPersistence.cs:line 146
         at Furion.Schedule.SchedulerFactory.ProcessQueue() in D:\work\juai\api\Plugins\Furion.Pure\Schedule\Factories\SchedulerFactory.Internal.cs:line 448
      ++++++++++++++++++++++++++++++++++++++++++++++++++++++++
fail: 2024-08-17 20:38:54.7698424 +08:00 星期六 L Admin.NET.Core.JuAI.OssAsyncJob[0] #25
      [Admin.NET.Core.JuAI.dll] async Task Admin.NET.Core.JuAI.RealtimeJob.ExecuteAsync(JobExecutingContext context, CancellationToken stoppingToken)
      实时任务出错连接[tcp://guxin.link:6379][3000ms]超时！      
      ++++++++++++++++++++++++++++++++++++++++++++++++++++++++
      System.TimeoutException: 连接[tcp://guxin.link:6379][3000ms]超时！
         at NewLife.Caching.RedisClient.GetStream(Boolean create)
         at NewLife.Caching.RedisClient.ExecuteCommand(String cmd, Packet[] args, Object[] oriArgs)
         at NewLife.Caching.RedisClient.Execute(String cmd, Object[] args)
         at NewLife.Caching.Redis.<>c.<GetInfo>b__101_1(RedisClient rds)
         at NewLife.Caching.Redis.Execute[TResult](Func`2 func)
         at NewLife.Caching.Redis.GetInfo(Boolean all)
         at NewLife.Caching.Redis.get_Info()
         at NewLife.Caching.FullRedis.InitCluster()
         at NewLife.Caching.FullRedis.Execute[T](String key, Func`3 func, Boolean write)
         at NewLife.Caching.RedisBase.Execute[T](Func`3 func, Boolean write)
         at NewLife.Caching.RedisHash`2.GetAll()
         at Admin.NET.Core.Service.SysCacheService.HashGetAll[T](String key) in D:\work\juai\api\Admin.NET.Core\Service\Cache\SysCacheService.cs:line 234
         at Admin.NET.Core.JuAI.Service.DrawingAlibabaService.AlibabaTaskFetchTask() in D:\work\juai\api\Admin.NET.Core.JuAi\Service\AIDrawing\DrawingAlibabaService.cs:line 55
         at Admin.NET.Core.JuAI.RealtimeJob.ExecuteAsync(JobExecutingContext context, CancellationToken stoppingToken) in D:\work\juai\api\Admin.NET.Core.JuAi\Job\RealtimeJob.cs:line 32
      ++++++++++++++++++++++++++++++++++++++++++++++++++++++++
fail: 2024-08-17 20:38:55.4198234 +08:00 星期六 L System.Logging.ScheduleService[0] #20
      [Furion.Pure.dll] void Furion.Schedule.ScheduleLogger.Log(LogLevel logLevel, string message, object[] args, Exception ex)
      Persistence of <trigger_realtime> trigger of <job_realtime> job failed.      
      ++++++++++++++++++++++++++++++++++++++++++++++++++++++++
      System.TimeoutException: 连接[tcp://guxin.link:6379][3000ms]超时！
         at NewLife.Caching.RedisClient.GetStream(Boolean create)
         at NewLife.Caching.RedisClient.ExecuteCommand(String cmd, Packet[] args, Object[] oriArgs)
         at NewLife.Caching.RedisClient.Execute(String cmd, Object[] args)
         at NewLife.Caching.RedisClient.Execute[TResult](String cmd, Object[] args)
         at NewLife.Caching.FullRedis.<>c__DisplayClass41_1.<Search>b__0(RedisClient r)
         at NewLife.Caching.Redis.Execute[TResult](Func`2 func)
         at NewLife.Caching.FullRedis.Search(SearchModel model)+MoveNext()
         at System.Linq.Enumerable.SelectEnumerableIterator`2.ToList()
         at Admin.NET.Core.Service.SysCacheService.GetKeysByPrefixKey(String prefixKey) in D:\work\juai\api\Admin.NET.Core\Service\Cache\SysCacheService.cs:line 126
         at Admin.NET.Core.SqlSugarCache.GetAllKey[V]() in D:\work\juai\api\Admin.NET.Core\Cache\SqlSugarCache.cs:line 44
         at SqlSugar.CacheSchemeMain.RemoveCache(ICacheService cacheService, String tableName)
         at SqlSugar.UpdateableProvider`1.<RemoveDataCache>b__139_0()
         at SqlSugar.UpdateableProvider`1.After(String sql)
         at SqlSugar.UpdateableProvider`1.ExecuteCommand()
         at Admin.NET.Core.Service.DbJobPersistence.OnTriggerChanged(PersistenceTriggerContext context) in D:\work\juai\api\Admin.NET.Core\Service\Job\DbJobPersistence.cs:line 177
         at Furion.Schedule.SchedulerFactory.ProcessQueue() in D:\work\juai\api\Plugins\Furion.Pure\Schedule\Factories\SchedulerFactory.Internal.cs:line 445
      ++++++++++++++++++++++++++++++++++++++++++++++++++++++++
fail: 2024-08-17 20:38:58.4841980 +08:00 星期六 L System.Logging.ScheduleService[0] #20
      [Furion.Pure.dll] void Furion.Schedule.ScheduleLogger.Log(LogLevel logLevel, string message, object[] args, Exception ex)
      Persistence of <trigger_realtime> trigger of <job_realtime> job failed.      
      ++++++++++++++++++++++++++++++++++++++++++++++++++++++++
      System.TimeoutException: 连接[tcp://guxin.link:6379][3000ms]超时！
         at NewLife.Caching.RedisClient.GetStream(Boolean create)
         at NewLife.Caching.RedisClient.ExecuteCommand(String cmd, Packet[] args, Object[] oriArgs)
         at NewLife.Caching.RedisClient.Execute(String cmd, Object[] args)
         at NewLife.Caching.RedisClient.Execute[TResult](String cmd, Object[] args)
         at NewLife.Caching.FullRedis.<>c__DisplayClass41_1.<Search>b__0(RedisClient r)
         at NewLife.Caching.Redis.Execute[TResult](Func`2 func)
         at NewLife.Caching.FullRedis.Search(SearchModel model)+MoveNext()
         at System.Linq.Enumerable.SelectEnumerableIterator`2.ToList()
         at Admin.NET.Core.Service.SysCacheService.GetKeysByPrefixKey(String prefixKey) in D:\work\juai\api\Admin.NET.Core\Service\Cache\SysCacheService.cs:line 126
         at Admin.NET.Core.SqlSugarCache.GetAllKey[V]() in D:\work\juai\api\Admin.NET.Core\Cache\SqlSugarCache.cs:line 44
         at SqlSugar.CacheSchemeMain.RemoveCache(ICacheService cacheService, String tableName)
         at SqlSugar.UpdateableProvider`1.<RemoveDataCache>b__139_0()
         at SqlSugar.UpdateableProvider`1.After(String sql)
         at SqlSugar.UpdateableProvider`1.ExecuteCommand()
         at Admin.NET.Core.Service.DbJobPersistence.OnTriggerChanged(PersistenceTriggerContext context) in D:\work\juai\api\Admin.NET.Core\Service\Job\DbJobPersistence.cs:line 177
         at Furion.Schedule.SchedulerFactory.ProcessQueue() in D:\work\juai\api\Plugins\Furion.Pure\Schedule\Factories\SchedulerFactory.Internal.cs:line 445
      ++++++++++++++++++++++++++++++++++++++++++++++++++++++++
fail: 2024-08-17 20:38:59.7579146 +08:00 星期六 L Admin.NET.Core.JuAI.OssAsyncJob[0] #25
      [Admin.NET.Core.JuAI.dll] async Task Admin.NET.Core.JuAI.RealtimeJob.ExecuteAsync(JobExecutingContext context, CancellationToken stoppingToken)
      实时任务出错连接[tcp://guxin.link:6379][3000ms]超时！      
      ++++++++++++++++++++++++++++++++++++++++++++++++++++++++
      System.TimeoutException: 连接[tcp://guxin.link:6379][3000ms]超时！
         at NewLife.Caching.RedisClient.GetStream(Boolean create)
         at NewLife.Caching.RedisClient.ExecuteCommand(String cmd, Packet[] args, Object[] oriArgs)
         at NewLife.Caching.RedisClient.Execute(String cmd, Object[] args)
         at NewLife.Caching.Redis.<>c.<GetInfo>b__101_1(RedisClient rds)
         at NewLife.Caching.Redis.Execute[TResult](Func`2 func)
         at NewLife.Caching.Redis.GetInfo(Boolean all)
         at NewLife.Caching.Redis.get_Info()
         at NewLife.Caching.FullRedis.InitCluster()
         at NewLife.Caching.FullRedis.Execute[T](String key, Func`3 func, Boolean write)
         at NewLife.Caching.RedisBase.Execute[T](Func`3 func, Boolean write)
         at NewLife.Caching.RedisHash`2.GetAll()
         at Admin.NET.Core.Service.SysCacheService.HashGetAll[T](String key) in D:\work\juai\api\Admin.NET.Core\Service\Cache\SysCacheService.cs:line 234
         at Admin.NET.Core.JuAI.Service.DrawingAlibabaService.AlibabaTaskFetchTask() in D:\work\juai\api\Admin.NET.Core.JuAi\Service\AIDrawing\DrawingAlibabaService.cs:line 55
         at Admin.NET.Core.JuAI.RealtimeJob.ExecuteAsync(JobExecutingContext context, CancellationToken stoppingToken) in D:\work\juai\api\Admin.NET.Core.JuAi\Job\RealtimeJob.cs:line 32
      ++++++++++++++++++++++++++++++++++++++++++++++++++++++++
fail: 2024-08-17 20:39:01.5498127 +08:00 星期六 L System.Logging.ScheduleService[0] #20
      [Furion.Pure.dll] void Furion.Schedule.ScheduleLogger.Log(LogLevel logLevel, string message, object[] args, Exception ex)
      The JobDetail of <job_realtime> persist failed.      
      ++++++++++++++++++++++++++++++++++++++++++++++++++++++++
      System.TimeoutException: 连接[tcp://guxin.link:6379][3000ms]超时！
         at NewLife.Caching.RedisClient.GetStream(Boolean create)
         at NewLife.Caching.RedisClient.ExecuteCommand(String cmd, Packet[] args, Object[] oriArgs)
         at NewLife.Caching.RedisClient.Execute(String cmd, Object[] args)
         at NewLife.Caching.RedisClient.Execute[TResult](String cmd, Object[] args)
         at NewLife.Caching.FullRedis.<>c__DisplayClass41_1.<Search>b__0(RedisClient r)
         at NewLife.Caching.Redis.Execute[TResult](Func`2 func)
         at NewLife.Caching.FullRedis.Search(SearchModel model)+MoveNext()
         at System.Linq.Enumerable.SelectEnumerableIterator`2.ToList()
         at Admin.NET.Core.Service.SysCacheService.GetKeysByPrefixKey(String prefixKey) in D:\work\juai\api\Admin.NET.Core\Service\Cache\SysCacheService.cs:line 126
         at Admin.NET.Core.SqlSugarCache.GetAllKey[V]() in D:\work\juai\api\Admin.NET.Core\Cache\SqlSugarCache.cs:line 44
         at SqlSugar.CacheSchemeMain.RemoveCache(ICacheService cacheService, String tableName)
         at SqlSugar.UpdateableProvider`1.<RemoveDataCache>b__139_0()
         at SqlSugar.UpdateableProvider`1.After(String sql)
         at SqlSugar.UpdateableProvider`1.ExecuteCommand()
         at Admin.NET.Core.Service.DbJobPersistence.OnChanged(PersistenceContext context) in D:\work\juai\api\Admin.NET.Core\Service\Job\DbJobPersistence.cs:line 146
         at Furion.Schedule.SchedulerFactory.ProcessQueue() in D:\work\juai\api\Plugins\Furion.Pure\Schedule\Factories\SchedulerFactory.Internal.cs:line 448
      ++++++++++++++++++++++++++++++++++++++++++++++++++++++++
fail: 2024-08-17 20:39:04.6208681 +08:00 星期六 L System.Logging.ScheduleService[0] #20
      [Furion.Pure.dll] void Furion.Schedule.ScheduleLogger.Log(LogLevel logLevel, string message, object[] args, Exception ex)
      The JobDetail of <job_realtime> persist failed.      
      ++++++++++++++++++++++++++++++++++++++++++++++++++++++++
      System.TimeoutException: 连接[tcp://guxin.link:6379][3000ms]超时！
         at NewLife.Caching.RedisClient.GetStream(Boolean create)
         at NewLife.Caching.RedisClient.ExecuteCommand(String cmd, Packet[] args, Object[] oriArgs)
         at NewLife.Caching.RedisClient.Execute(String cmd, Object[] args)
         at NewLife.Caching.RedisClient.Execute[TResult](String cmd, Object[] args)
         at NewLife.Caching.FullRedis.<>c__DisplayClass41_1.<Search>b__0(RedisClient r)
         at NewLife.Caching.Redis.Execute[TResult](Func`2 func)
         at NewLife.Caching.FullRedis.Search(SearchModel model)+MoveNext()
         at System.Linq.Enumerable.SelectEnumerableIterator`2.ToList()
         at Admin.NET.Core.Service.SysCacheService.GetKeysByPrefixKey(String prefixKey) in D:\work\juai\api\Admin.NET.Core\Service\Cache\SysCacheService.cs:line 126
         at Admin.NET.Core.SqlSugarCache.GetAllKey[V]() in D:\work\juai\api\Admin.NET.Core\Cache\SqlSugarCache.cs:line 44
         at SqlSugar.CacheSchemeMain.RemoveCache(ICacheService cacheService, String tableName)
         at SqlSugar.UpdateableProvider`1.<RemoveDataCache>b__139_0()
         at SqlSugar.UpdateableProvider`1.After(String sql)
         at SqlSugar.UpdateableProvider`1.ExecuteCommand()
         at Admin.NET.Core.Service.DbJobPersistence.OnChanged(PersistenceContext context) in D:\work\juai\api\Admin.NET.Core\Service\Job\DbJobPersistence.cs:line 146
         at Furion.Schedule.SchedulerFactory.ProcessQueue() in D:\work\juai\api\Plugins\Furion.Pure\Schedule\Factories\SchedulerFactory.Internal.cs:line 448
      ++++++++++++++++++++++++++++++++++++++++++++++++++++++++
fail: 2024-08-17 20:39:04.7425623 +08:00 星期六 L Admin.NET.Core.JuAI.OssAsyncJob[0] #25
      [Admin.NET.Core.JuAI.dll] async Task Admin.NET.Core.JuAI.RealtimeJob.ExecuteAsync(JobExecutingContext context, CancellationToken stoppingToken)
      实时任务出错连接[tcp://guxin.link:6379][3000ms]超时！      
      ++++++++++++++++++++++++++++++++++++++++++++++++++++++++
      System.TimeoutException: 连接[tcp://guxin.link:6379][3000ms]超时！
         at NewLife.Caching.RedisClient.GetStream(Boolean create)
         at NewLife.Caching.RedisClient.ExecuteCommand(String cmd, Packet[] args, Object[] oriArgs)
         at NewLife.Caching.RedisClient.Execute(String cmd, Object[] args)
         at NewLife.Caching.Redis.<>c.<GetInfo>b__101_1(RedisClient rds)
         at NewLife.Caching.Redis.Execute[TResult](Func`2 func)
         at NewLife.Caching.Redis.GetInfo(Boolean all)
         at NewLife.Caching.Redis.get_Info()
         at NewLife.Caching.FullRedis.InitCluster()
         at NewLife.Caching.FullRedis.Execute[T](String key, Func`3 func, Boolean write)
         at NewLife.Caching.RedisBase.Execute[T](Func`3 func, Boolean write)
         at NewLife.Caching.RedisHash`2.GetAll()
         at Admin.NET.Core.Service.SysCacheService.HashGetAll[T](String key) in D:\work\juai\api\Admin.NET.Core\Service\Cache\SysCacheService.cs:line 234
         at Admin.NET.Core.JuAI.Service.DrawingAlibabaService.AlibabaTaskFetchTask() in D:\work\juai\api\Admin.NET.Core.JuAi\Service\AIDrawing\DrawingAlibabaService.cs:line 55
         at Admin.NET.Core.JuAI.RealtimeJob.ExecuteAsync(JobExecutingContext context, CancellationToken stoppingToken) in D:\work\juai\api\Admin.NET.Core.JuAi\Job\RealtimeJob.cs:line 32
      ++++++++++++++++++++++++++++++++++++++++++++++++++++++++
fail: 2024-08-17 20:39:07.6883213 +08:00 星期六 L System.Logging.ScheduleService[0] #20
      [Furion.Pure.dll] void Furion.Schedule.ScheduleLogger.Log(LogLevel logLevel, string message, object[] args, Exception ex)
      Persistence of <trigger_realtime> trigger of <job_realtime> job failed.      
      ++++++++++++++++++++++++++++++++++++++++++++++++++++++++
      System.TimeoutException: 连接[tcp://guxin.link:6379][3000ms]超时！
         at NewLife.Caching.RedisClient.GetStream(Boolean create)
         at NewLife.Caching.RedisClient.ExecuteCommand(String cmd, Packet[] args, Object[] oriArgs)
         at NewLife.Caching.RedisClient.Execute(String cmd, Object[] args)
         at NewLife.Caching.RedisClient.Execute[TResult](String cmd, Object[] args)
         at NewLife.Caching.FullRedis.<>c__DisplayClass41_1.<Search>b__0(RedisClient r)
         at NewLife.Caching.Redis.Execute[TResult](Func`2 func)
         at NewLife.Caching.FullRedis.Search(SearchModel model)+MoveNext()
         at System.Linq.Enumerable.SelectEnumerableIterator`2.ToList()
         at Admin.NET.Core.Service.SysCacheService.GetKeysByPrefixKey(String prefixKey) in D:\work\juai\api\Admin.NET.Core\Service\Cache\SysCacheService.cs:line 126
         at Admin.NET.Core.SqlSugarCache.GetAllKey[V]() in D:\work\juai\api\Admin.NET.Core\Cache\SqlSugarCache.cs:line 44
         at SqlSugar.CacheSchemeMain.RemoveCache(ICacheService cacheService, String tableName)
         at SqlSugar.UpdateableProvider`1.<RemoveDataCache>b__139_0()
         at SqlSugar.UpdateableProvider`1.After(String sql)
         at SqlSugar.UpdateableProvider`1.ExecuteCommand()
         at Admin.NET.Core.Service.DbJobPersistence.OnTriggerChanged(PersistenceTriggerContext context) in D:\work\juai\api\Admin.NET.Core\Service\Job\DbJobPersistence.cs:line 177
         at Furion.Schedule.SchedulerFactory.ProcessQueue() in D:\work\juai\api\Plugins\Furion.Pure\Schedule\Factories\SchedulerFactory.Internal.cs:line 445
      ++++++++++++++++++++++++++++++++++++++++++++++++++++++++
fail: 2024-08-17 20:39:09.7152452 +08:00 星期六 L Admin.NET.Core.JuAI.OssAsyncJob[0] #21
      [Admin.NET.Core.JuAI.dll] async Task Admin.NET.Core.JuAI.RealtimeJob.ExecuteAsync(JobExecutingContext context, CancellationToken stoppingToken)
      实时任务出错连接[tcp://guxin.link:6379][3000ms]超时！      
      ++++++++++++++++++++++++++++++++++++++++++++++++++++++++
      System.TimeoutException: 连接[tcp://guxin.link:6379][3000ms]超时！
         at NewLife.Caching.RedisClient.GetStream(Boolean create)
         at NewLife.Caching.RedisClient.ExecuteCommand(String cmd, Packet[] args, Object[] oriArgs)
         at NewLife.Caching.RedisClient.Execute(String cmd, Object[] args)
         at NewLife.Caching.Redis.<>c.<GetInfo>b__101_1(RedisClient rds)
         at NewLife.Caching.Redis.Execute[TResult](Func`2 func)
         at NewLife.Caching.Redis.GetInfo(Boolean all)
         at NewLife.Caching.Redis.get_Info()
         at NewLife.Caching.FullRedis.InitCluster()
         at NewLife.Caching.FullRedis.Execute[T](String key, Func`3 func, Boolean write)
         at NewLife.Caching.RedisBase.Execute[T](Func`3 func, Boolean write)
         at NewLife.Caching.RedisHash`2.GetAll()
         at Admin.NET.Core.Service.SysCacheService.HashGetAll[T](String key) in D:\work\juai\api\Admin.NET.Core\Service\Cache\SysCacheService.cs:line 234
         at Admin.NET.Core.JuAI.Service.DrawingAlibabaService.AlibabaTaskFetchTask() in D:\work\juai\api\Admin.NET.Core.JuAi\Service\AIDrawing\DrawingAlibabaService.cs:line 55
         at Admin.NET.Core.JuAI.RealtimeJob.ExecuteAsync(JobExecutingContext context, CancellationToken stoppingToken) in D:\work\juai\api\Admin.NET.Core.JuAi\Job\RealtimeJob.cs:line 32
      ++++++++++++++++++++++++++++++++++++++++++++++++++++++++
fail: 2024-08-17 20:39:10.7456158 +08:00 星期六 L System.Logging.ScheduleService[0] #20
      [Furion.Pure.dll] void Furion.Schedule.ScheduleLogger.Log(LogLevel logLevel, string message, object[] args, Exception ex)
      Persistence of <trigger_realtime> trigger of <job_realtime> job failed.      
      ++++++++++++++++++++++++++++++++++++++++++++++++++++++++
      System.TimeoutException: 连接[tcp://guxin.link:6379][3000ms]超时！
         at NewLife.Caching.RedisClient.GetStream(Boolean create)
         at NewLife.Caching.RedisClient.ExecuteCommand(String cmd, Packet[] args, Object[] oriArgs)
         at NewLife.Caching.RedisClient.Execute(String cmd, Object[] args)
         at NewLife.Caching.RedisClient.Execute[TResult](String cmd, Object[] args)
         at NewLife.Caching.FullRedis.<>c__DisplayClass41_1.<Search>b__0(RedisClient r)
         at NewLife.Caching.Redis.Execute[TResult](Func`2 func)
         at NewLife.Caching.FullRedis.Search(SearchModel model)+MoveNext()
         at System.Linq.Enumerable.SelectEnumerableIterator`2.ToList()
         at Admin.NET.Core.Service.SysCacheService.GetKeysByPrefixKey(String prefixKey) in D:\work\juai\api\Admin.NET.Core\Service\Cache\SysCacheService.cs:line 126
         at Admin.NET.Core.SqlSugarCache.GetAllKey[V]() in D:\work\juai\api\Admin.NET.Core\Cache\SqlSugarCache.cs:line 44
         at SqlSugar.CacheSchemeMain.RemoveCache(ICacheService cacheService, String tableName)
         at SqlSugar.UpdateableProvider`1.<RemoveDataCache>b__139_0()
         at SqlSugar.UpdateableProvider`1.After(String sql)
         at SqlSugar.UpdateableProvider`1.ExecuteCommand()
         at Admin.NET.Core.Service.DbJobPersistence.OnTriggerChanged(PersistenceTriggerContext context) in D:\work\juai\api\Admin.NET.Core\Service\Job\DbJobPersistence.cs:line 177
         at Furion.Schedule.SchedulerFactory.ProcessQueue() in D:\work\juai\api\Plugins\Furion.Pure\Schedule\Factories\SchedulerFactory.Internal.cs:line 445
      ++++++++++++++++++++++++++++++++++++++++++++++++++++++++
fail: 2024-08-17 20:39:13.8281391 +08:00 星期六 L System.Logging.ScheduleService[0] #20
      [Furion.Pure.dll] void Furion.Schedule.ScheduleLogger.Log(LogLevel logLevel, string message, object[] args, Exception ex)
      The JobDetail of <job_realtime> persist failed.      
      ++++++++++++++++++++++++++++++++++++++++++++++++++++++++
      System.TimeoutException: 连接[tcp://guxin.link:6379][3000ms]超时！
         at NewLife.Caching.RedisClient.GetStream(Boolean create)
         at NewLife.Caching.RedisClient.ExecuteCommand(String cmd, Packet[] args, Object[] oriArgs)
         at NewLife.Caching.RedisClient.Execute(String cmd, Object[] args)
         at NewLife.Caching.RedisClient.Execute[TResult](String cmd, Object[] args)
         at NewLife.Caching.FullRedis.<>c__DisplayClass41_1.<Search>b__0(RedisClient r)
         at NewLife.Caching.Redis.Execute[TResult](Func`2 func)
         at NewLife.Caching.FullRedis.Search(SearchModel model)+MoveNext()
         at System.Linq.Enumerable.SelectEnumerableIterator`2.ToList()
         at Admin.NET.Core.Service.SysCacheService.GetKeysByPrefixKey(String prefixKey) in D:\work\juai\api\Admin.NET.Core\Service\Cache\SysCacheService.cs:line 126
         at Admin.NET.Core.SqlSugarCache.GetAllKey[V]() in D:\work\juai\api\Admin.NET.Core\Cache\SqlSugarCache.cs:line 44
         at SqlSugar.CacheSchemeMain.RemoveCache(ICacheService cacheService, String tableName)
         at SqlSugar.UpdateableProvider`1.<RemoveDataCache>b__139_0()
         at SqlSugar.UpdateableProvider`1.After(String sql)
         at SqlSugar.UpdateableProvider`1.ExecuteCommand()
         at Admin.NET.Core.Service.DbJobPersistence.OnChanged(PersistenceContext context) in D:\work\juai\api\Admin.NET.Core\Service\Job\DbJobPersistence.cs:line 146
         at Furion.Schedule.SchedulerFactory.ProcessQueue() in D:\work\juai\api\Plugins\Furion.Pure\Schedule\Factories\SchedulerFactory.Internal.cs:line 448
      ++++++++++++++++++++++++++++++++++++++++++++++++++++++++
fail: 2024-08-17 20:39:14.6991095 +08:00 星期六 L Admin.NET.Core.JuAI.OssAsyncJob[0] #28
      [Admin.NET.Core.JuAI.dll] async Task Admin.NET.Core.JuAI.RealtimeJob.ExecuteAsync(JobExecutingContext context, CancellationToken stoppingToken)
      实时任务出错连接[tcp://guxin.link:6379][3000ms]超时！      
      ++++++++++++++++++++++++++++++++++++++++++++++++++++++++
      System.TimeoutException: 连接[tcp://guxin.link:6379][3000ms]超时！
         at NewLife.Caching.RedisClient.GetStream(Boolean create)
         at NewLife.Caching.RedisClient.ExecuteCommand(String cmd, Packet[] args, Object[] oriArgs)
         at NewLife.Caching.RedisClient.Execute(String cmd, Object[] args)
         at NewLife.Caching.Redis.<>c.<GetInfo>b__101_1(RedisClient rds)
         at NewLife.Caching.Redis.Execute[TResult](Func`2 func)
         at NewLife.Caching.Redis.GetInfo(Boolean all)
         at NewLife.Caching.Redis.get_Info()
         at NewLife.Caching.FullRedis.InitCluster()
         at NewLife.Caching.FullRedis.Execute[T](String key, Func`3 func, Boolean write)
         at NewLife.Caching.RedisBase.Execute[T](Func`3 func, Boolean write)
         at NewLife.Caching.RedisHash`2.GetAll()
         at Admin.NET.Core.Service.SysCacheService.HashGetAll[T](String key) in D:\work\juai\api\Admin.NET.Core\Service\Cache\SysCacheService.cs:line 234
         at Admin.NET.Core.JuAI.Service.DrawingAlibabaService.AlibabaTaskFetchTask() in D:\work\juai\api\Admin.NET.Core.JuAi\Service\AIDrawing\DrawingAlibabaService.cs:line 55
         at Admin.NET.Core.JuAI.RealtimeJob.ExecuteAsync(JobExecutingContext context, CancellationToken stoppingToken) in D:\work\juai\api\Admin.NET.Core.JuAi\Job\RealtimeJob.cs:line 32
      ++++++++++++++++++++++++++++++++++++++++++++++++++++++++
fail: 2024-08-17 20:39:16.8961768 +08:00 星期六 L System.Logging.ScheduleService[0] #20
      [Furion.Pure.dll] void Furion.Schedule.ScheduleLogger.Log(LogLevel logLevel, string message, object[] args, Exception ex)
      The JobDetail of <job_realtime> persist failed.      
      ++++++++++++++++++++++++++++++++++++++++++++++++++++++++
      System.TimeoutException: 连接[tcp://guxin.link:6379][3000ms]超时！
         at NewLife.Caching.RedisClient.GetStream(Boolean create)
         at NewLife.Caching.RedisClient.ExecuteCommand(String cmd, Packet[] args, Object[] oriArgs)
         at NewLife.Caching.RedisClient.Execute(String cmd, Object[] args)
         at NewLife.Caching.RedisClient.Execute[TResult](String cmd, Object[] args)
         at NewLife.Caching.FullRedis.<>c__DisplayClass41_1.<Search>b__0(RedisClient r)
         at NewLife.Caching.Redis.Execute[TResult](Func`2 func)
         at NewLife.Caching.FullRedis.Search(SearchModel model)+MoveNext()
         at System.Linq.Enumerable.SelectEnumerableIterator`2.ToList()
         at Admin.NET.Core.Service.SysCacheService.GetKeysByPrefixKey(String prefixKey) in D:\work\juai\api\Admin.NET.Core\Service\Cache\SysCacheService.cs:line 126
         at Admin.NET.Core.SqlSugarCache.GetAllKey[V]() in D:\work\juai\api\Admin.NET.Core\Cache\SqlSugarCache.cs:line 44
         at SqlSugar.CacheSchemeMain.RemoveCache(ICacheService cacheService, String tableName)
         at SqlSugar.UpdateableProvider`1.<RemoveDataCache>b__139_0()
         at SqlSugar.UpdateableProvider`1.After(String sql)
         at SqlSugar.UpdateableProvider`1.ExecuteCommand()
         at Admin.NET.Core.Service.DbJobPersistence.OnChanged(PersistenceContext context) in D:\work\juai\api\Admin.NET.Core\Service\Job\DbJobPersistence.cs:line 146
         at Furion.Schedule.SchedulerFactory.ProcessQueue() in D:\work\juai\api\Plugins\Furion.Pure\Schedule\Factories\SchedulerFactory.Internal.cs:line 448
      ++++++++++++++++++++++++++++++++++++++++++++++++++++++++
fail: 2024-08-17 20:39:19.6764231 +08:00 星期六 L Admin.NET.Core.JuAI.OssAsyncJob[0] #21
      [Admin.NET.Core.JuAI.dll] async Task Admin.NET.Core.JuAI.RealtimeJob.ExecuteAsync(JobExecutingContext context, CancellationToken stoppingToken)
      实时任务出错连接[tcp://guxin.link:6379][3000ms]超时！      
      ++++++++++++++++++++++++++++++++++++++++++++++++++++++++
      System.TimeoutException: 连接[tcp://guxin.link:6379][3000ms]超时！
         at NewLife.Caching.RedisClient.GetStream(Boolean create)
         at NewLife.Caching.RedisClient.ExecuteCommand(String cmd, Packet[] args, Object[] oriArgs)
         at NewLife.Caching.RedisClient.Execute(String cmd, Object[] args)
         at NewLife.Caching.Redis.<>c.<GetInfo>b__101_1(RedisClient rds)
         at NewLife.Caching.Redis.Execute[TResult](Func`2 func)
         at NewLife.Caching.Redis.GetInfo(Boolean all)
         at NewLife.Caching.Redis.get_Info()
         at NewLife.Caching.FullRedis.InitCluster()
         at NewLife.Caching.FullRedis.Execute[T](String key, Func`3 func, Boolean write)
         at NewLife.Caching.RedisBase.Execute[T](Func`3 func, Boolean write)
         at NewLife.Caching.RedisHash`2.GetAll()
         at Admin.NET.Core.Service.SysCacheService.HashGetAll[T](String key) in D:\work\juai\api\Admin.NET.Core\Service\Cache\SysCacheService.cs:line 234
         at Admin.NET.Core.JuAI.Service.DrawingAlibabaService.AlibabaTaskFetchTask() in D:\work\juai\api\Admin.NET.Core.JuAi\Service\AIDrawing\DrawingAlibabaService.cs:line 55
         at Admin.NET.Core.JuAI.RealtimeJob.ExecuteAsync(JobExecutingContext context, CancellationToken stoppingToken) in D:\work\juai\api\Admin.NET.Core.JuAi\Job\RealtimeJob.cs:line 32
      ++++++++++++++++++++++++++++++++++++++++++++++++++++++++
fail: 2024-08-17 20:39:19.9746707 +08:00 星期六 L System.Logging.ScheduleService[0] #20
      [Furion.Pure.dll] void Furion.Schedule.ScheduleLogger.Log(LogLevel logLevel, string message, object[] args, Exception ex)
      Persistence of <trigger_realtime> trigger of <job_realtime> job failed.      
      ++++++++++++++++++++++++++++++++++++++++++++++++++++++++
      System.TimeoutException: 连接[tcp://guxin.link:6379][3000ms]超时！
         at NewLife.Caching.RedisClient.GetStream(Boolean create)
         at NewLife.Caching.RedisClient.ExecuteCommand(String cmd, Packet[] args, Object[] oriArgs)
         at NewLife.Caching.RedisClient.Execute(String cmd, Object[] args)
         at NewLife.Caching.RedisClient.Execute[TResult](String cmd, Object[] args)
         at NewLife.Caching.FullRedis.<>c__DisplayClass41_1.<Search>b__0(RedisClient r)
         at NewLife.Caching.Redis.Execute[TResult](Func`2 func)
         at NewLife.Caching.FullRedis.Search(SearchModel model)+MoveNext()
         at System.Linq.Enumerable.SelectEnumerableIterator`2.ToList()
         at Admin.NET.Core.Service.SysCacheService.GetKeysByPrefixKey(String prefixKey) in D:\work\juai\api\Admin.NET.Core\Service\Cache\SysCacheService.cs:line 126
         at Admin.NET.Core.SqlSugarCache.GetAllKey[V]() in D:\work\juai\api\Admin.NET.Core\Cache\SqlSugarCache.cs:line 44
         at SqlSugar.CacheSchemeMain.RemoveCache(ICacheService cacheService, String tableName)
         at SqlSugar.UpdateableProvider`1.<RemoveDataCache>b__139_0()
         at SqlSugar.UpdateableProvider`1.After(String sql)
         at SqlSugar.UpdateableProvider`1.ExecuteCommand()
         at Admin.NET.Core.Service.DbJobPersistence.OnTriggerChanged(PersistenceTriggerContext context) in D:\work\juai\api\Admin.NET.Core\Service\Job\DbJobPersistence.cs:line 177
         at Furion.Schedule.SchedulerFactory.ProcessQueue() in D:\work\juai\api\Plugins\Furion.Pure\Schedule\Factories\SchedulerFactory.Internal.cs:line 445
      ++++++++++++++++++++++++++++++++++++++++++++++++++++++++
fail: 2024-08-17 20:39:23.0502060 +08:00 星期六 L System.Logging.ScheduleService[0] #20
      [Furion.Pure.dll] void Furion.Schedule.ScheduleLogger.Log(LogLevel logLevel, string message, object[] args, Exception ex)
      Persistence of <trigger_realtime> trigger of <job_realtime> job failed.      
      ++++++++++++++++++++++++++++++++++++++++++++++++++++++++
      System.TimeoutException: 连接[tcp://guxin.link:6379][3000ms]超时！
         at NewLife.Caching.RedisClient.GetStream(Boolean create)
         at NewLife.Caching.RedisClient.ExecuteCommand(String cmd, Packet[] args, Object[] oriArgs)
         at NewLife.Caching.RedisClient.Execute(String cmd, Object[] args)
         at NewLife.Caching.RedisClient.Execute[TResult](String cmd, Object[] args)
         at NewLife.Caching.FullRedis.<>c__DisplayClass41_1.<Search>b__0(RedisClient r)
         at NewLife.Caching.Redis.Execute[TResult](Func`2 func)
         at NewLife.Caching.FullRedis.Search(SearchModel model)+MoveNext()
         at System.Linq.Enumerable.SelectEnumerableIterator`2.ToList()
         at Admin.NET.Core.Service.SysCacheService.GetKeysByPrefixKey(String prefixKey) in D:\work\juai\api\Admin.NET.Core\Service\Cache\SysCacheService.cs:line 126
         at Admin.NET.Core.SqlSugarCache.GetAllKey[V]() in D:\work\juai\api\Admin.NET.Core\Cache\SqlSugarCache.cs:line 44
         at SqlSugar.CacheSchemeMain.RemoveCache(ICacheService cacheService, String tableName)
         at SqlSugar.UpdateableProvider`1.<RemoveDataCache>b__139_0()
         at SqlSugar.UpdateableProvider`1.After(String sql)
         at SqlSugar.UpdateableProvider`1.ExecuteCommand()
         at Admin.NET.Core.Service.DbJobPersistence.OnTriggerChanged(PersistenceTriggerContext context) in D:\work\juai\api\Admin.NET.Core\Service\Job\DbJobPersistence.cs:line 177
         at Furion.Schedule.SchedulerFactory.ProcessQueue() in D:\work\juai\api\Plugins\Furion.Pure\Schedule\Factories\SchedulerFactory.Internal.cs:line 445
      ++++++++++++++++++++++++++++++++++++++++++++++++++++++++
fail: 2024-08-17 20:39:24.6708650 +08:00 星期六 L Admin.NET.Core.JuAI.OssAsyncJob[0] #28
      [Admin.NET.Core.JuAI.dll] async Task Admin.NET.Core.JuAI.RealtimeJob.ExecuteAsync(JobExecutingContext context, CancellationToken stoppingToken)
      实时任务出错连接[tcp://guxin.link:6379][3000ms]超时！      
      ++++++++++++++++++++++++++++++++++++++++++++++++++++++++
      System.TimeoutException: 连接[tcp://guxin.link:6379][3000ms]超时！
         at NewLife.Caching.RedisClient.GetStream(Boolean create)
         at NewLife.Caching.RedisClient.ExecuteCommand(String cmd, Packet[] args, Object[] oriArgs)
         at NewLife.Caching.RedisClient.Execute(String cmd, Object[] args)
         at NewLife.Caching.Redis.<>c.<GetInfo>b__101_1(RedisClient rds)
         at NewLife.Caching.Redis.Execute[TResult](Func`2 func)
         at NewLife.Caching.Redis.GetInfo(Boolean all)
         at NewLife.Caching.Redis.get_Info()
         at NewLife.Caching.FullRedis.InitCluster()
         at NewLife.Caching.FullRedis.Execute[T](String key, Func`3 func, Boolean write)
         at NewLife.Caching.RedisBase.Execute[T](Func`3 func, Boolean write)
         at NewLife.Caching.RedisHash`2.GetAll()
         at Admin.NET.Core.Service.SysCacheService.HashGetAll[T](String key) in D:\work\juai\api\Admin.NET.Core\Service\Cache\SysCacheService.cs:line 234
         at Admin.NET.Core.JuAI.Service.DrawingAlibabaService.AlibabaTaskFetchTask() in D:\work\juai\api\Admin.NET.Core.JuAi\Service\AIDrawing\DrawingAlibabaService.cs:line 55
         at Admin.NET.Core.JuAI.RealtimeJob.ExecuteAsync(JobExecutingContext context, CancellationToken stoppingToken) in D:\work\juai\api\Admin.NET.Core.JuAi\Job\RealtimeJob.cs:line 32
      ++++++++++++++++++++++++++++++++++++++++++++++++++++++++
fail: 2024-08-17 20:39:26.1143896 +08:00 星期六 L System.Logging.ScheduleService[0] #20
      [Furion.Pure.dll] void Furion.Schedule.ScheduleLogger.Log(LogLevel logLevel, string message, object[] args, Exception ex)
      The JobDetail of <job_realtime> persist failed.      
      ++++++++++++++++++++++++++++++++++++++++++++++++++++++++
      System.TimeoutException: 连接[tcp://guxin.link:6379][3000ms]超时！
         at NewLife.Caching.RedisClient.GetStream(Boolean create)
         at NewLife.Caching.RedisClient.ExecuteCommand(String cmd, Packet[] args, Object[] oriArgs)
         at NewLife.Caching.RedisClient.Execute(String cmd, Object[] args)
         at NewLife.Caching.RedisClient.Execute[TResult](String cmd, Object[] args)
         at NewLife.Caching.FullRedis.<>c__DisplayClass41_1.<Search>b__0(RedisClient r)
         at NewLife.Caching.Redis.Execute[TResult](Func`2 func)
         at NewLife.Caching.FullRedis.Search(SearchModel model)+MoveNext()
         at System.Linq.Enumerable.SelectEnumerableIterator`2.ToList()
         at Admin.NET.Core.Service.SysCacheService.GetKeysByPrefixKey(String prefixKey) in D:\work\juai\api\Admin.NET.Core\Service\Cache\SysCacheService.cs:line 126
         at Admin.NET.Core.SqlSugarCache.GetAllKey[V]() in D:\work\juai\api\Admin.NET.Core\Cache\SqlSugarCache.cs:line 44
         at SqlSugar.CacheSchemeMain.RemoveCache(ICacheService cacheService, String tableName)
         at SqlSugar.UpdateableProvider`1.<RemoveDataCache>b__139_0()
         at SqlSugar.UpdateableProvider`1.After(String sql)
         at SqlSugar.UpdateableProvider`1.ExecuteCommand()
         at Admin.NET.Core.Service.DbJobPersistence.OnChanged(PersistenceContext context) in D:\work\juai\api\Admin.NET.Core\Service\Job\DbJobPersistence.cs:line 146
         at Furion.Schedule.SchedulerFactory.ProcessQueue() in D:\work\juai\api\Plugins\Furion.Pure\Schedule\Factories\SchedulerFactory.Internal.cs:line 448
      ++++++++++++++++++++++++++++++++++++++++++++++++++++++++
fail: 2024-08-17 20:39:29.1797949 +08:00 星期六 L System.Logging.ScheduleService[0] #20
      [Furion.Pure.dll] void Furion.Schedule.ScheduleLogger.Log(LogLevel logLevel, string message, object[] args, Exception ex)
      The JobDetail of <job_realtime> persist failed.      
      ++++++++++++++++++++++++++++++++++++++++++++++++++++++++
      System.TimeoutException: 连接[tcp://guxin.link:6379][3000ms]超时！
         at NewLife.Caching.RedisClient.GetStream(Boolean create)
         at NewLife.Caching.RedisClient.ExecuteCommand(String cmd, Packet[] args, Object[] oriArgs)
         at NewLife.Caching.RedisClient.Execute(String cmd, Object[] args)
         at NewLife.Caching.RedisClient.Execute[TResult](String cmd, Object[] args)
         at NewLife.Caching.FullRedis.<>c__DisplayClass41_1.<Search>b__0(RedisClient r)
         at NewLife.Caching.Redis.Execute[TResult](Func`2 func)
         at NewLife.Caching.FullRedis.Search(SearchModel model)+MoveNext()
         at System.Linq.Enumerable.SelectEnumerableIterator`2.ToList()
         at Admin.NET.Core.Service.SysCacheService.GetKeysByPrefixKey(String prefixKey) in D:\work\juai\api\Admin.NET.Core\Service\Cache\SysCacheService.cs:line 126
         at Admin.NET.Core.SqlSugarCache.GetAllKey[V]() in D:\work\juai\api\Admin.NET.Core\Cache\SqlSugarCache.cs:line 44
         at SqlSugar.CacheSchemeMain.RemoveCache(ICacheService cacheService, String tableName)
         at SqlSugar.UpdateableProvider`1.<RemoveDataCache>b__139_0()
         at SqlSugar.UpdateableProvider`1.After(String sql)
         at SqlSugar.UpdateableProvider`1.ExecuteCommand()
         at Admin.NET.Core.Service.DbJobPersistence.OnChanged(PersistenceContext context) in D:\work\juai\api\Admin.NET.Core\Service\Job\DbJobPersistence.cs:line 146
         at Furion.Schedule.SchedulerFactory.ProcessQueue() in D:\work\juai\api\Plugins\Furion.Pure\Schedule\Factories\SchedulerFactory.Internal.cs:line 448
      ++++++++++++++++++++++++++++++++++++++++++++++++++++++++
fail: 2024-08-17 20:39:29.6391716 +08:00 星期六 L Admin.NET.Core.JuAI.OssAsyncJob[0] #28
      [Admin.NET.Core.JuAI.dll] async Task Admin.NET.Core.JuAI.RealtimeJob.ExecuteAsync(JobExecutingContext context, CancellationToken stoppingToken)
      实时任务出错连接[tcp://guxin.link:6379][3000ms]超时！      
      ++++++++++++++++++++++++++++++++++++++++++++++++++++++++
      System.TimeoutException: 连接[tcp://guxin.link:6379][3000ms]超时！
         at NewLife.Caching.RedisClient.GetStream(Boolean create)
         at NewLife.Caching.RedisClient.ExecuteCommand(String cmd, Packet[] args, Object[] oriArgs)
         at NewLife.Caching.RedisClient.Execute(String cmd, Object[] args)
         at NewLife.Caching.Redis.<>c.<GetInfo>b__101_1(RedisClient rds)
         at NewLife.Caching.Redis.Execute[TResult](Func`2 func)
         at NewLife.Caching.Redis.GetInfo(Boolean all)
         at NewLife.Caching.Redis.get_Info()
         at NewLife.Caching.FullRedis.InitCluster()
         at NewLife.Caching.FullRedis.Execute[T](String key, Func`3 func, Boolean write)
         at NewLife.Caching.RedisBase.Execute[T](Func`3 func, Boolean write)
         at NewLife.Caching.RedisHash`2.GetAll()
         at Admin.NET.Core.Service.SysCacheService.HashGetAll[T](String key) in D:\work\juai\api\Admin.NET.Core\Service\Cache\SysCacheService.cs:line 234
         at Admin.NET.Core.JuAI.Service.DrawingAlibabaService.AlibabaTaskFetchTask() in D:\work\juai\api\Admin.NET.Core.JuAi\Service\AIDrawing\DrawingAlibabaService.cs:line 55
         at Admin.NET.Core.JuAI.RealtimeJob.ExecuteAsync(JobExecutingContext context, CancellationToken stoppingToken) in D:\work\juai\api\Admin.NET.Core.JuAi\Job\RealtimeJob.cs:line 32
      ++++++++++++++++++++++++++++++++++++++++++++++++++++++++
fail: 2024-08-17 20:39:32.2581809 +08:00 星期六 L System.Logging.ScheduleService[0] #20
      [Furion.Pure.dll] void Furion.Schedule.ScheduleLogger.Log(LogLevel logLevel, string message, object[] args, Exception ex)
      Persistence of <trigger_realtime> trigger of <job_realtime> job failed.      
      ++++++++++++++++++++++++++++++++++++++++++++++++++++++++
      System.TimeoutException: 连接[tcp://guxin.link:6379][3000ms]超时！
         at NewLife.Caching.RedisClient.GetStream(Boolean create)
         at NewLife.Caching.RedisClient.ExecuteCommand(String cmd, Packet[] args, Object[] oriArgs)
         at NewLife.Caching.RedisClient.Execute(String cmd, Object[] args)
         at NewLife.Caching.RedisClient.Execute[TResult](String cmd, Object[] args)
         at NewLife.Caching.FullRedis.<>c__DisplayClass41_1.<Search>b__0(RedisClient r)
         at NewLife.Caching.Redis.Execute[TResult](Func`2 func)
         at NewLife.Caching.FullRedis.Search(SearchModel model)+MoveNext()
         at System.Linq.Enumerable.SelectEnumerableIterator`2.ToList()
         at Admin.NET.Core.Service.SysCacheService.GetKeysByPrefixKey(String prefixKey) in D:\work\juai\api\Admin.NET.Core\Service\Cache\SysCacheService.cs:line 126
         at Admin.NET.Core.SqlSugarCache.GetAllKey[V]() in D:\work\juai\api\Admin.NET.Core\Cache\SqlSugarCache.cs:line 44
         at SqlSugar.CacheSchemeMain.RemoveCache(ICacheService cacheService, String tableName)
         at SqlSugar.UpdateableProvider`1.<RemoveDataCache>b__139_0()
         at SqlSugar.UpdateableProvider`1.After(String sql)
         at SqlSugar.UpdateableProvider`1.ExecuteCommand()
         at Admin.NET.Core.Service.DbJobPersistence.OnTriggerChanged(PersistenceTriggerContext context) in D:\work\juai\api\Admin.NET.Core\Service\Job\DbJobPersistence.cs:line 177
         at Furion.Schedule.SchedulerFactory.ProcessQueue() in D:\work\juai\api\Plugins\Furion.Pure\Schedule\Factories\SchedulerFactory.Internal.cs:line 445
      ++++++++++++++++++++++++++++++++++++++++++++++++++++++++
fail: 2024-08-17 20:39:34.6265013 +08:00 星期六 L Admin.NET.Core.JuAI.OssAsyncJob[0] #21
      [Admin.NET.Core.JuAI.dll] async Task Admin.NET.Core.JuAI.RealtimeJob.ExecuteAsync(JobExecutingContext context, CancellationToken stoppingToken)
      实时任务出错连接[tcp://guxin.link:6379][3000ms]超时！      
      ++++++++++++++++++++++++++++++++++++++++++++++++++++++++
      System.TimeoutException: 连接[tcp://guxin.link:6379][3000ms]超时！
         at NewLife.Caching.RedisClient.GetStream(Boolean create)
         at NewLife.Caching.RedisClient.ExecuteCommand(String cmd, Packet[] args, Object[] oriArgs)
         at NewLife.Caching.RedisClient.Execute(String cmd, Object[] args)
         at NewLife.Caching.Redis.<>c.<GetInfo>b__101_1(RedisClient rds)
         at NewLife.Caching.Redis.Execute[TResult](Func`2 func)
         at NewLife.Caching.Redis.GetInfo(Boolean all)
         at NewLife.Caching.Redis.get_Info()
         at NewLife.Caching.FullRedis.InitCluster()
         at NewLife.Caching.FullRedis.Execute[T](String key, Func`3 func, Boolean write)
         at NewLife.Caching.RedisBase.Execute[T](Func`3 func, Boolean write)
         at NewLife.Caching.RedisHash`2.GetAll()
         at Admin.NET.Core.Service.SysCacheService.HashGetAll[T](String key) in D:\work\juai\api\Admin.NET.Core\Service\Cache\SysCacheService.cs:line 234
         at Admin.NET.Core.JuAI.Service.DrawingAlibabaService.AlibabaTaskFetchTask() in D:\work\juai\api\Admin.NET.Core.JuAi\Service\AIDrawing\DrawingAlibabaService.cs:line 55
         at Admin.NET.Core.JuAI.RealtimeJob.ExecuteAsync(JobExecutingContext context, CancellationToken stoppingToken) in D:\work\juai\api\Admin.NET.Core.JuAi\Job\RealtimeJob.cs:line 32
      ++++++++++++++++++++++++++++++++++++++++++++++++++++++++
fail: 2024-08-17 20:39:35.3211009 +08:00 星期六 L System.Logging.ScheduleService[0] #20
      [Furion.Pure.dll] void Furion.Schedule.ScheduleLogger.Log(LogLevel logLevel, string message, object[] args, Exception ex)
      Persistence of <trigger_realtime> trigger of <job_realtime> job failed.      
      ++++++++++++++++++++++++++++++++++++++++++++++++++++++++
      System.TimeoutException: 连接[tcp://guxin.link:6379][3000ms]超时！
         at NewLife.Caching.RedisClient.GetStream(Boolean create)
         at NewLife.Caching.RedisClient.ExecuteCommand(String cmd, Packet[] args, Object[] oriArgs)
         at NewLife.Caching.RedisClient.Execute(String cmd, Object[] args)
         at NewLife.Caching.RedisClient.Execute[TResult](String cmd, Object[] args)
         at NewLife.Caching.FullRedis.<>c__DisplayClass41_1.<Search>b__0(RedisClient r)
         at NewLife.Caching.Redis.Execute[TResult](Func`2 func)
         at NewLife.Caching.FullRedis.Search(SearchModel model)+MoveNext()
         at System.Linq.Enumerable.SelectEnumerableIterator`2.ToList()
         at Admin.NET.Core.Service.SysCacheService.GetKeysByPrefixKey(String prefixKey) in D:\work\juai\api\Admin.NET.Core\Service\Cache\SysCacheService.cs:line 126
         at Admin.NET.Core.SqlSugarCache.GetAllKey[V]() in D:\work\juai\api\Admin.NET.Core\Cache\SqlSugarCache.cs:line 44
         at SqlSugar.CacheSchemeMain.RemoveCache(ICacheService cacheService, String tableName)
         at SqlSugar.UpdateableProvider`1.<RemoveDataCache>b__139_0()
         at SqlSugar.UpdateableProvider`1.After(String sql)
         at SqlSugar.UpdateableProvider`1.ExecuteCommand()
         at Admin.NET.Core.Service.DbJobPersistence.OnTriggerChanged(PersistenceTriggerContext context) in D:\work\juai\api\Admin.NET.Core\Service\Job\DbJobPersistence.cs:line 177
         at Furion.Schedule.SchedulerFactory.ProcessQueue() in D:\work\juai\api\Plugins\Furion.Pure\Schedule\Factories\SchedulerFactory.Internal.cs:line 445
      ++++++++++++++++++++++++++++++++++++++++++++++++++++++++
fail: 2024-08-17 20:39:38.3918847 +08:00 星期六 L System.Logging.ScheduleService[0] #20
      [Furion.Pure.dll] void Furion.Schedule.ScheduleLogger.Log(LogLevel logLevel, string message, object[] args, Exception ex)
      The JobDetail of <job_realtime> persist failed.      
      ++++++++++++++++++++++++++++++++++++++++++++++++++++++++
      System.TimeoutException: 连接[tcp://guxin.link:6379][3000ms]超时！
         at NewLife.Caching.RedisClient.GetStream(Boolean create)
         at NewLife.Caching.RedisClient.ExecuteCommand(String cmd, Packet[] args, Object[] oriArgs)
         at NewLife.Caching.RedisClient.Execute(String cmd, Object[] args)
         at NewLife.Caching.RedisClient.Execute[TResult](String cmd, Object[] args)
         at NewLife.Caching.FullRedis.<>c__DisplayClass41_1.<Search>b__0(RedisClient r)
         at NewLife.Caching.Redis.Execute[TResult](Func`2 func)
         at NewLife.Caching.FullRedis.Search(SearchModel model)+MoveNext()
         at System.Linq.Enumerable.SelectEnumerableIterator`2.ToList()
         at Admin.NET.Core.Service.SysCacheService.GetKeysByPrefixKey(String prefixKey) in D:\work\juai\api\Admin.NET.Core\Service\Cache\SysCacheService.cs:line 126
         at Admin.NET.Core.SqlSugarCache.GetAllKey[V]() in D:\work\juai\api\Admin.NET.Core\Cache\SqlSugarCache.cs:line 44
         at SqlSugar.CacheSchemeMain.RemoveCache(ICacheService cacheService, String tableName)
         at SqlSugar.UpdateableProvider`1.<RemoveDataCache>b__139_0()
         at SqlSugar.UpdateableProvider`1.After(String sql)
         at SqlSugar.UpdateableProvider`1.ExecuteCommand()
         at Admin.NET.Core.Service.DbJobPersistence.OnChanged(PersistenceContext context) in D:\work\juai\api\Admin.NET.Core\Service\Job\DbJobPersistence.cs:line 146
         at Furion.Schedule.SchedulerFactory.ProcessQueue() in D:\work\juai\api\Plugins\Furion.Pure\Schedule\Factories\SchedulerFactory.Internal.cs:line 448
      ++++++++++++++++++++++++++++++++++++++++++++++++++++++++
fail: 2024-08-17 20:39:39.6093989 +08:00 星期六 L Admin.NET.Core.JuAI.OssAsyncJob[0] #21
      [Admin.NET.Core.JuAI.dll] async Task Admin.NET.Core.JuAI.RealtimeJob.ExecuteAsync(JobExecutingContext context, CancellationToken stoppingToken)
      实时任务出错连接[tcp://guxin.link:6379][3000ms]超时！      
      ++++++++++++++++++++++++++++++++++++++++++++++++++++++++
      System.TimeoutException: 连接[tcp://guxin.link:6379][3000ms]超时！
         at NewLife.Caching.RedisClient.GetStream(Boolean create)
         at NewLife.Caching.RedisClient.ExecuteCommand(String cmd, Packet[] args, Object[] oriArgs)
         at NewLife.Caching.RedisClient.Execute(String cmd, Object[] args)
         at NewLife.Caching.Redis.<>c.<GetInfo>b__101_1(RedisClient rds)
         at NewLife.Caching.Redis.Execute[TResult](Func`2 func)
         at NewLife.Caching.Redis.GetInfo(Boolean all)
         at NewLife.Caching.Redis.get_Info()
         at NewLife.Caching.FullRedis.InitCluster()
         at NewLife.Caching.FullRedis.Execute[T](String key, Func`3 func, Boolean write)
         at NewLife.Caching.RedisBase.Execute[T](Func`3 func, Boolean write)
         at NewLife.Caching.RedisHash`2.GetAll()
         at Admin.NET.Core.Service.SysCacheService.HashGetAll[T](String key) in D:\work\juai\api\Admin.NET.Core\Service\Cache\SysCacheService.cs:line 234
         at Admin.NET.Core.JuAI.Service.DrawingAlibabaService.AlibabaTaskFetchTask() in D:\work\juai\api\Admin.NET.Core.JuAi\Service\AIDrawing\DrawingAlibabaService.cs:line 55
         at Admin.NET.Core.JuAI.RealtimeJob.ExecuteAsync(JobExecutingContext context, CancellationToken stoppingToken) in D:\work\juai\api\Admin.NET.Core.JuAi\Job\RealtimeJob.cs:line 32
      ++++++++++++++++++++++++++++++++++++++++++++++++++++++++
fail: 2024-08-17 20:39:41.4635815 +08:00 星期六 L System.Logging.ScheduleService[0] #20
      [Furion.Pure.dll] void Furion.Schedule.ScheduleLogger.Log(LogLevel logLevel, string message, object[] args, Exception ex)
      The JobDetail of <job_realtime> persist failed.      
      ++++++++++++++++++++++++++++++++++++++++++++++++++++++++
      System.TimeoutException: 连接[tcp://guxin.link:6379][3000ms]超时！
         at NewLife.Caching.RedisClient.GetStream(Boolean create)
         at NewLife.Caching.RedisClient.ExecuteCommand(String cmd, Packet[] args, Object[] oriArgs)
         at NewLife.Caching.RedisClient.Execute(String cmd, Object[] args)
         at NewLife.Caching.RedisClient.Execute[TResult](String cmd, Object[] args)
         at NewLife.Caching.FullRedis.<>c__DisplayClass41_1.<Search>b__0(RedisClient r)
         at NewLife.Caching.Redis.Execute[TResult](Func`2 func)
         at NewLife.Caching.FullRedis.Search(SearchModel model)+MoveNext()
         at System.Linq.Enumerable.SelectEnumerableIterator`2.ToList()
         at Admin.NET.Core.Service.SysCacheService.GetKeysByPrefixKey(String prefixKey) in D:\work\juai\api\Admin.NET.Core\Service\Cache\SysCacheService.cs:line 126
         at Admin.NET.Core.SqlSugarCache.GetAllKey[V]() in D:\work\juai\api\Admin.NET.Core\Cache\SqlSugarCache.cs:line 44
         at SqlSugar.CacheSchemeMain.RemoveCache(ICacheService cacheService, String tableName)
         at SqlSugar.UpdateableProvider`1.<RemoveDataCache>b__139_0()
         at SqlSugar.UpdateableProvider`1.After(String sql)
         at SqlSugar.UpdateableProvider`1.ExecuteCommand()
         at Admin.NET.Core.Service.DbJobPersistence.OnChanged(PersistenceContext context) in D:\work\juai\api\Admin.NET.Core\Service\Job\DbJobPersistence.cs:line 146
         at Furion.Schedule.SchedulerFactory.ProcessQueue() in D:\work\juai\api\Plugins\Furion.Pure\Schedule\Factories\SchedulerFactory.Internal.cs:line 448
      ++++++++++++++++++++++++++++++++++++++++++++++++++++++++
fail: 2024-08-17 20:39:44.5215531 +08:00 星期六 L System.Logging.ScheduleService[0] #20
      [Furion.Pure.dll] void Furion.Schedule.ScheduleLogger.Log(LogLevel logLevel, string message, object[] args, Exception ex)
      Persistence of <trigger_realtime> trigger of <job_realtime> job failed.      
      ++++++++++++++++++++++++++++++++++++++++++++++++++++++++
      System.TimeoutException: 连接[tcp://guxin.link:6379][3000ms]超时！
         at NewLife.Caching.RedisClient.GetStream(Boolean create)
         at NewLife.Caching.RedisClient.ExecuteCommand(String cmd, Packet[] args, Object[] oriArgs)
         at NewLife.Caching.RedisClient.Execute(String cmd, Object[] args)
         at NewLife.Caching.RedisClient.Execute[TResult](String cmd, Object[] args)
         at NewLife.Caching.FullRedis.<>c__DisplayClass41_1.<Search>b__0(RedisClient r)
         at NewLife.Caching.Redis.Execute[TResult](Func`2 func)
         at NewLife.Caching.FullRedis.Search(SearchModel model)+MoveNext()
         at System.Linq.Enumerable.SelectEnumerableIterator`2.ToList()
         at Admin.NET.Core.Service.SysCacheService.GetKeysByPrefixKey(String prefixKey) in D:\work\juai\api\Admin.NET.Core\Service\Cache\SysCacheService.cs:line 126
         at Admin.NET.Core.SqlSugarCache.GetAllKey[V]() in D:\work\juai\api\Admin.NET.Core\Cache\SqlSugarCache.cs:line 44
         at SqlSugar.CacheSchemeMain.RemoveCache(ICacheService cacheService, String tableName)
         at SqlSugar.UpdateableProvider`1.<RemoveDataCache>b__139_0()
         at SqlSugar.UpdateableProvider`1.After(String sql)
         at SqlSugar.UpdateableProvider`1.ExecuteCommand()
         at Admin.NET.Core.Service.DbJobPersistence.OnTriggerChanged(PersistenceTriggerContext context) in D:\work\juai\api\Admin.NET.Core\Service\Job\DbJobPersistence.cs:line 177
         at Furion.Schedule.SchedulerFactory.ProcessQueue() in D:\work\juai\api\Plugins\Furion.Pure\Schedule\Factories\SchedulerFactory.Internal.cs:line 445
      ++++++++++++++++++++++++++++++++++++++++++++++++++++++++
fail: 2024-08-17 20:39:44.5681300 +08:00 星期六 L Admin.NET.Core.JuAI.OssAsyncJob[0] #25
      [Admin.NET.Core.JuAI.dll] async Task Admin.NET.Core.JuAI.RealtimeJob.ExecuteAsync(JobExecutingContext context, CancellationToken stoppingToken)
      实时任务出错连接[tcp://guxin.link:6379][3000ms]超时！      
      ++++++++++++++++++++++++++++++++++++++++++++++++++++++++
      System.TimeoutException: 连接[tcp://guxin.link:6379][3000ms]超时！
         at NewLife.Caching.RedisClient.GetStream(Boolean create)
         at NewLife.Caching.RedisClient.ExecuteCommand(String cmd, Packet[] args, Object[] oriArgs)
         at NewLife.Caching.RedisClient.Execute(String cmd, Object[] args)
         at NewLife.Caching.Redis.<>c.<GetInfo>b__101_1(RedisClient rds)
         at NewLife.Caching.Redis.Execute[TResult](Func`2 func)
         at NewLife.Caching.Redis.GetInfo(Boolean all)
         at NewLife.Caching.Redis.get_Info()
         at NewLife.Caching.FullRedis.InitCluster()
         at NewLife.Caching.FullRedis.Execute[T](String key, Func`3 func, Boolean write)
         at NewLife.Caching.RedisBase.Execute[T](Func`3 func, Boolean write)
         at NewLife.Caching.RedisHash`2.GetAll()
         at Admin.NET.Core.Service.SysCacheService.HashGetAll[T](String key) in D:\work\juai\api\Admin.NET.Core\Service\Cache\SysCacheService.cs:line 234
         at Admin.NET.Core.JuAI.Service.DrawingAlibabaService.AlibabaTaskFetchTask() in D:\work\juai\api\Admin.NET.Core.JuAi\Service\AIDrawing\DrawingAlibabaService.cs:line 55
         at Admin.NET.Core.JuAI.RealtimeJob.ExecuteAsync(JobExecutingContext context, CancellationToken stoppingToken) in D:\work\juai\api\Admin.NET.Core.JuAi\Job\RealtimeJob.cs:line 32
      ++++++++++++++++++++++++++++++++++++++++++++++++++++++++
fail: 2024-08-17 20:39:47.5780591 +08:00 星期六 L System.Logging.ScheduleService[0] #20
      [Furion.Pure.dll] void Furion.Schedule.ScheduleLogger.Log(LogLevel logLevel, string message, object[] args, Exception ex)
      Persistence of <trigger_realtime> trigger of <job_realtime> job failed.      
      ++++++++++++++++++++++++++++++++++++++++++++++++++++++++
      System.TimeoutException: 连接[tcp://guxin.link:6379][3000ms]超时！
         at NewLife.Caching.RedisClient.GetStream(Boolean create)
         at NewLife.Caching.RedisClient.ExecuteCommand(String cmd, Packet[] args, Object[] oriArgs)
         at NewLife.Caching.RedisClient.Execute(String cmd, Object[] args)
         at NewLife.Caching.RedisClient.Execute[TResult](String cmd, Object[] args)
         at NewLife.Caching.FullRedis.<>c__DisplayClass41_1.<Search>b__0(RedisClient r)
         at NewLife.Caching.Redis.Execute[TResult](Func`2 func)
         at NewLife.Caching.FullRedis.Search(SearchModel model)+MoveNext()
         at System.Linq.Enumerable.SelectEnumerableIterator`2.ToList()
         at Admin.NET.Core.Service.SysCacheService.GetKeysByPrefixKey(String prefixKey) in D:\work\juai\api\Admin.NET.Core\Service\Cache\SysCacheService.cs:line 126
         at Admin.NET.Core.SqlSugarCache.GetAllKey[V]() in D:\work\juai\api\Admin.NET.Core\Cache\SqlSugarCache.cs:line 44
         at SqlSugar.CacheSchemeMain.RemoveCache(ICacheService cacheService, String tableName)
         at SqlSugar.UpdateableProvider`1.<RemoveDataCache>b__139_0()
         at SqlSugar.UpdateableProvider`1.After(String sql)
         at SqlSugar.UpdateableProvider`1.ExecuteCommand()
         at Admin.NET.Core.Service.DbJobPersistence.OnTriggerChanged(PersistenceTriggerContext context) in D:\work\juai\api\Admin.NET.Core\Service\Job\DbJobPersistence.cs:line 177
         at Furion.Schedule.SchedulerFactory.ProcessQueue() in D:\work\juai\api\Plugins\Furion.Pure\Schedule\Factories\SchedulerFactory.Internal.cs:line 445
      ++++++++++++++++++++++++++++++++++++++++++++++++++++++++
fail: 2024-08-17 20:39:49.5563013 +08:00 星期六 L Admin.NET.Core.JuAI.OssAsyncJob[0] #25
      [Admin.NET.Core.JuAI.dll] async Task Admin.NET.Core.JuAI.RealtimeJob.ExecuteAsync(JobExecutingContext context, CancellationToken stoppingToken)
      实时任务出错连接[tcp://guxin.link:6379][3000ms]超时！      
      ++++++++++++++++++++++++++++++++++++++++++++++++++++++++
      System.TimeoutException: 连接[tcp://guxin.link:6379][3000ms]超时！
         at NewLife.Caching.RedisClient.GetStream(Boolean create)
         at NewLife.Caching.RedisClient.ExecuteCommand(String cmd, Packet[] args, Object[] oriArgs)
         at NewLife.Caching.RedisClient.Execute(String cmd, Object[] args)
         at NewLife.Caching.Redis.<>c.<GetInfo>b__101_1(RedisClient rds)
         at NewLife.Caching.Redis.Execute[TResult](Func`2 func)
         at NewLife.Caching.Redis.GetInfo(Boolean all)
         at NewLife.Caching.Redis.get_Info()
         at NewLife.Caching.FullRedis.InitCluster()
         at NewLife.Caching.FullRedis.Execute[T](String key, Func`3 func, Boolean write)
         at NewLife.Caching.RedisBase.Execute[T](Func`3 func, Boolean write)
         at NewLife.Caching.RedisHash`2.GetAll()
         at Admin.NET.Core.Service.SysCacheService.HashGetAll[T](String key) in D:\work\juai\api\Admin.NET.Core\Service\Cache\SysCacheService.cs:line 234
         at Admin.NET.Core.JuAI.Service.DrawingAlibabaService.AlibabaTaskFetchTask() in D:\work\juai\api\Admin.NET.Core.JuAi\Service\AIDrawing\DrawingAlibabaService.cs:line 55
         at Admin.NET.Core.JuAI.RealtimeJob.ExecuteAsync(JobExecutingContext context, CancellationToken stoppingToken) in D:\work\juai\api\Admin.NET.Core.JuAi\Job\RealtimeJob.cs:line 32
      ++++++++++++++++++++++++++++++++++++++++++++++++++++++++
fail: 2024-08-17 20:39:50.6460635 +08:00 星期六 L System.Logging.ScheduleService[0] #20
      [Furion.Pure.dll] void Furion.Schedule.ScheduleLogger.Log(LogLevel logLevel, string message, object[] args, Exception ex)
      The JobDetail of <job_realtime> persist failed.      
      ++++++++++++++++++++++++++++++++++++++++++++++++++++++++
      System.TimeoutException: 连接[tcp://guxin.link:6379][3000ms]超时！
         at NewLife.Caching.RedisClient.GetStream(Boolean create)
         at NewLife.Caching.RedisClient.ExecuteCommand(String cmd, Packet[] args, Object[] oriArgs)
         at NewLife.Caching.RedisClient.Execute(String cmd, Object[] args)
         at NewLife.Caching.RedisClient.Execute[TResult](String cmd, Object[] args)
         at NewLife.Caching.FullRedis.<>c__DisplayClass41_1.<Search>b__0(RedisClient r)
         at NewLife.Caching.Redis.Execute[TResult](Func`2 func)
         at NewLife.Caching.FullRedis.Search(SearchModel model)+MoveNext()
         at System.Linq.Enumerable.SelectEnumerableIterator`2.ToList()
         at Admin.NET.Core.Service.SysCacheService.GetKeysByPrefixKey(String prefixKey) in D:\work\juai\api\Admin.NET.Core\Service\Cache\SysCacheService.cs:line 126
         at Admin.NET.Core.SqlSugarCache.GetAllKey[V]() in D:\work\juai\api\Admin.NET.Core\Cache\SqlSugarCache.cs:line 44
         at SqlSugar.CacheSchemeMain.RemoveCache(ICacheService cacheService, String tableName)
         at SqlSugar.UpdateableProvider`1.<RemoveDataCache>b__139_0()
         at SqlSugar.UpdateableProvider`1.After(String sql)
         at SqlSugar.UpdateableProvider`1.ExecuteCommand()
         at Admin.NET.Core.Service.DbJobPersistence.OnChanged(PersistenceContext context) in D:\work\juai\api\Admin.NET.Core\Service\Job\DbJobPersistence.cs:line 146
         at Furion.Schedule.SchedulerFactory.ProcessQueue() in D:\work\juai\api\Plugins\Furion.Pure\Schedule\Factories\SchedulerFactory.Internal.cs:line 448
      ++++++++++++++++++++++++++++++++++++++++++++++++++++++++
fail: 2024-08-17 20:39:53.7143275 +08:00 星期六 L System.Logging.ScheduleService[0] #20
      [Furion.Pure.dll] void Furion.Schedule.ScheduleLogger.Log(LogLevel logLevel, string message, object[] args, Exception ex)
      The JobDetail of <job_realtime> persist failed.      
      ++++++++++++++++++++++++++++++++++++++++++++++++++++++++
      System.TimeoutException: 连接[tcp://guxin.link:6379][3000ms]超时！
         at NewLife.Caching.RedisClient.GetStream(Boolean create)
         at NewLife.Caching.RedisClient.ExecuteCommand(String cmd, Packet[] args, Object[] oriArgs)
         at NewLife.Caching.RedisClient.Execute(String cmd, Object[] args)
         at NewLife.Caching.RedisClient.Execute[TResult](String cmd, Object[] args)
         at NewLife.Caching.FullRedis.<>c__DisplayClass41_1.<Search>b__0(RedisClient r)
         at NewLife.Caching.Redis.Execute[TResult](Func`2 func)
         at NewLife.Caching.FullRedis.Search(SearchModel model)+MoveNext()
         at System.Linq.Enumerable.SelectEnumerableIterator`2.ToList()
         at Admin.NET.Core.Service.SysCacheService.GetKeysByPrefixKey(String prefixKey) in D:\work\juai\api\Admin.NET.Core\Service\Cache\SysCacheService.cs:line 126
         at Admin.NET.Core.SqlSugarCache.GetAllKey[V]() in D:\work\juai\api\Admin.NET.Core\Cache\SqlSugarCache.cs:line 44
         at SqlSugar.CacheSchemeMain.RemoveCache(ICacheService cacheService, String tableName)
         at SqlSugar.UpdateableProvider`1.<RemoveDataCache>b__139_0()
         at SqlSugar.UpdateableProvider`1.After(String sql)
         at SqlSugar.UpdateableProvider`1.ExecuteCommand()
         at Admin.NET.Core.Service.DbJobPersistence.OnChanged(PersistenceContext context) in D:\work\juai\api\Admin.NET.Core\Service\Job\DbJobPersistence.cs:line 146
         at Furion.Schedule.SchedulerFactory.ProcessQueue() in D:\work\juai\api\Plugins\Furion.Pure\Schedule\Factories\SchedulerFactory.Internal.cs:line 448
      ++++++++++++++++++++++++++++++++++++++++++++++++++++++++
fail: 2024-08-17 20:39:54.5413973 +08:00 星期六 L Admin.NET.Core.JuAI.OssAsyncJob[0] #28
      [Admin.NET.Core.JuAI.dll] async Task Admin.NET.Core.JuAI.RealtimeJob.ExecuteAsync(JobExecutingContext context, CancellationToken stoppingToken)
      实时任务出错连接[tcp://guxin.link:6379][3000ms]超时！      
      ++++++++++++++++++++++++++++++++++++++++++++++++++++++++
      System.TimeoutException: 连接[tcp://guxin.link:6379][3000ms]超时！
         at NewLife.Caching.RedisClient.GetStream(Boolean create)
         at NewLife.Caching.RedisClient.ExecuteCommand(String cmd, Packet[] args, Object[] oriArgs)
         at NewLife.Caching.RedisClient.Execute(String cmd, Object[] args)
         at NewLife.Caching.Redis.<>c.<GetInfo>b__101_1(RedisClient rds)
         at NewLife.Caching.Redis.Execute[TResult](Func`2 func)
         at NewLife.Caching.Redis.GetInfo(Boolean all)
         at NewLife.Caching.Redis.get_Info()
         at NewLife.Caching.FullRedis.InitCluster()
         at NewLife.Caching.FullRedis.Execute[T](String key, Func`3 func, Boolean write)
         at NewLife.Caching.RedisBase.Execute[T](Func`3 func, Boolean write)
         at NewLife.Caching.RedisHash`2.GetAll()
         at Admin.NET.Core.Service.SysCacheService.HashGetAll[T](String key) in D:\work\juai\api\Admin.NET.Core\Service\Cache\SysCacheService.cs:line 234
         at Admin.NET.Core.JuAI.Service.DrawingAlibabaService.AlibabaTaskFetchTask() in D:\work\juai\api\Admin.NET.Core.JuAi\Service\AIDrawing\DrawingAlibabaService.cs:line 55
         at Admin.NET.Core.JuAI.RealtimeJob.ExecuteAsync(JobExecutingContext context, CancellationToken stoppingToken) in D:\work\juai\api\Admin.NET.Core.JuAi\Job\RealtimeJob.cs:line 32
      ++++++++++++++++++++++++++++++++++++++++++++++++++++++++
fail: 2024-08-17 20:39:56.7865487 +08:00 星期六 L System.Logging.ScheduleService[0] #20
      [Furion.Pure.dll] void Furion.Schedule.ScheduleLogger.Log(LogLevel logLevel, string message, object[] args, Exception ex)
      Persistence of <trigger_realtime> trigger of <job_realtime> job failed.      
      ++++++++++++++++++++++++++++++++++++++++++++++++++++++++
      System.TimeoutException: 连接[tcp://guxin.link:6379][3000ms]超时！
         at NewLife.Caching.RedisClient.GetStream(Boolean create)
         at NewLife.Caching.RedisClient.ExecuteCommand(String cmd, Packet[] args, Object[] oriArgs)
         at NewLife.Caching.RedisClient.Execute(String cmd, Object[] args)
         at NewLife.Caching.RedisClient.Execute[TResult](String cmd, Object[] args)
         at NewLife.Caching.FullRedis.<>c__DisplayClass41_1.<Search>b__0(RedisClient r)
         at NewLife.Caching.Redis.Execute[TResult](Func`2 func)
         at NewLife.Caching.FullRedis.Search(SearchModel model)+MoveNext()
         at System.Linq.Enumerable.SelectEnumerableIterator`2.ToList()
         at Admin.NET.Core.Service.SysCacheService.GetKeysByPrefixKey(String prefixKey) in D:\work\juai\api\Admin.NET.Core\Service\Cache\SysCacheService.cs:line 126
         at Admin.NET.Core.SqlSugarCache.GetAllKey[V]() in D:\work\juai\api\Admin.NET.Core\Cache\SqlSugarCache.cs:line 44
         at SqlSugar.CacheSchemeMain.RemoveCache(ICacheService cacheService, String tableName)
         at SqlSugar.UpdateableProvider`1.<RemoveDataCache>b__139_0()
         at SqlSugar.UpdateableProvider`1.After(String sql)
         at SqlSugar.UpdateableProvider`1.ExecuteCommand()
         at Admin.NET.Core.Service.DbJobPersistence.OnTriggerChanged(PersistenceTriggerContext context) in D:\work\juai\api\Admin.NET.Core\Service\Job\DbJobPersistence.cs:line 177
         at Furion.Schedule.SchedulerFactory.ProcessQueue() in D:\work\juai\api\Plugins\Furion.Pure\Schedule\Factories\SchedulerFactory.Internal.cs:line 445
      ++++++++++++++++++++++++++++++++++++++++++++++++++++++++
fail: 2024-08-17 20:39:59.5166433 +08:00 星期六 L Admin.NET.Core.JuAI.OssAsyncJob[0] #21
      [Admin.NET.Core.JuAI.dll] async Task Admin.NET.Core.JuAI.RealtimeJob.ExecuteAsync(JobExecutingContext context, CancellationToken stoppingToken)
      实时任务出错连接[tcp://guxin.link:6379][3000ms]超时！      
      ++++++++++++++++++++++++++++++++++++++++++++++++++++++++
      System.TimeoutException: 连接[tcp://guxin.link:6379][3000ms]超时！
         at NewLife.Caching.RedisClient.GetStream(Boolean create)
         at NewLife.Caching.RedisClient.ExecuteCommand(String cmd, Packet[] args, Object[] oriArgs)
         at NewLife.Caching.RedisClient.Execute(String cmd, Object[] args)
         at NewLife.Caching.Redis.<>c.<GetInfo>b__101_1(RedisClient rds)
         at NewLife.Caching.Redis.Execute[TResult](Func`2 func)
         at NewLife.Caching.Redis.GetInfo(Boolean all)
         at NewLife.Caching.Redis.get_Info()
         at NewLife.Caching.FullRedis.InitCluster()
         at NewLife.Caching.FullRedis.Execute[T](String key, Func`3 func, Boolean write)
         at NewLife.Caching.RedisBase.Execute[T](Func`3 func, Boolean write)
         at NewLife.Caching.RedisHash`2.GetAll()
         at Admin.NET.Core.Service.SysCacheService.HashGetAll[T](String key) in D:\work\juai\api\Admin.NET.Core\Service\Cache\SysCacheService.cs:line 234
         at Admin.NET.Core.JuAI.Service.DrawingAlibabaService.AlibabaTaskFetchTask() in D:\work\juai\api\Admin.NET.Core.JuAi\Service\AIDrawing\DrawingAlibabaService.cs:line 55
         at Admin.NET.Core.JuAI.RealtimeJob.ExecuteAsync(JobExecutingContext context, CancellationToken stoppingToken) in D:\work\juai\api\Admin.NET.Core.JuAi\Job\RealtimeJob.cs:line 32
      ++++++++++++++++++++++++++++++++++++++++++++++++++++++++
fail: 2024-08-17 20:39:59.8598632 +08:00 星期六 L System.Logging.ScheduleService[0] #20
      [Furion.Pure.dll] void Furion.Schedule.ScheduleLogger.Log(LogLevel logLevel, string message, object[] args, Exception ex)
      Persistence of <trigger_realtime> trigger of <job_realtime> job failed.      
      ++++++++++++++++++++++++++++++++++++++++++++++++++++++++
      System.TimeoutException: 连接[tcp://guxin.link:6379][3000ms]超时！
         at NewLife.Caching.RedisClient.GetStream(Boolean create)
         at NewLife.Caching.RedisClient.ExecuteCommand(String cmd, Packet[] args, Object[] oriArgs)
         at NewLife.Caching.RedisClient.Execute(String cmd, Object[] args)
         at NewLife.Caching.RedisClient.Execute[TResult](String cmd, Object[] args)
         at NewLife.Caching.FullRedis.<>c__DisplayClass41_1.<Search>b__0(RedisClient r)
         at NewLife.Caching.Redis.Execute[TResult](Func`2 func)
         at NewLife.Caching.FullRedis.Search(SearchModel model)+MoveNext()
         at System.Linq.Enumerable.SelectEnumerableIterator`2.ToList()
         at Admin.NET.Core.Service.SysCacheService.GetKeysByPrefixKey(String prefixKey) in D:\work\juai\api\Admin.NET.Core\Service\Cache\SysCacheService.cs:line 126
         at Admin.NET.Core.SqlSugarCache.GetAllKey[V]() in D:\work\juai\api\Admin.NET.Core\Cache\SqlSugarCache.cs:line 44
         at SqlSugar.CacheSchemeMain.RemoveCache(ICacheService cacheService, String tableName)
         at SqlSugar.UpdateableProvider`1.<RemoveDataCache>b__139_0()
         at SqlSugar.UpdateableProvider`1.After(String sql)
         at SqlSugar.UpdateableProvider`1.ExecuteCommand()
         at Admin.NET.Core.Service.DbJobPersistence.OnTriggerChanged(PersistenceTriggerContext context) in D:\work\juai\api\Admin.NET.Core\Service\Job\DbJobPersistence.cs:line 177
         at Furion.Schedule.SchedulerFactory.ProcessQueue() in D:\work\juai\api\Plugins\Furion.Pure\Schedule\Factories\SchedulerFactory.Internal.cs:line 445
      ++++++++++++++++++++++++++++++++++++++++++++++++++++++++
fail: 2024-08-17 20:40:02.9313063 +08:00 星期六 L System.Logging.ScheduleService[0] #20
      [Furion.Pure.dll] void Furion.Schedule.ScheduleLogger.Log(LogLevel logLevel, string message, object[] args, Exception ex)
      The JobDetail of <job_realtime> persist failed.      
      ++++++++++++++++++++++++++++++++++++++++++++++++++++++++
      System.TimeoutException: 连接[tcp://guxin.link:6379][3000ms]超时！
         at NewLife.Caching.RedisClient.GetStream(Boolean create)
         at NewLife.Caching.RedisClient.ExecuteCommand(String cmd, Packet[] args, Object[] oriArgs)
         at NewLife.Caching.RedisClient.Execute(String cmd, Object[] args)
         at NewLife.Caching.RedisClient.Execute[TResult](String cmd, Object[] args)
         at NewLife.Caching.FullRedis.<>c__DisplayClass41_1.<Search>b__0(RedisClient r)
         at NewLife.Caching.Redis.Execute[TResult](Func`2 func)
         at NewLife.Caching.FullRedis.Search(SearchModel model)+MoveNext()
         at System.Linq.Enumerable.SelectEnumerableIterator`2.ToList()
         at Admin.NET.Core.Service.SysCacheService.GetKeysByPrefixKey(String prefixKey) in D:\work\juai\api\Admin.NET.Core\Service\Cache\SysCacheService.cs:line 126
         at Admin.NET.Core.SqlSugarCache.GetAllKey[V]() in D:\work\juai\api\Admin.NET.Core\Cache\SqlSugarCache.cs:line 44
         at SqlSugar.CacheSchemeMain.RemoveCache(ICacheService cacheService, String tableName)
         at SqlSugar.UpdateableProvider`1.<RemoveDataCache>b__139_0()
         at SqlSugar.UpdateableProvider`1.After(String sql)
         at SqlSugar.UpdateableProvider`1.ExecuteCommand()
         at Admin.NET.Core.Service.DbJobPersistence.OnChanged(PersistenceContext context) in D:\work\juai\api\Admin.NET.Core\Service\Job\DbJobPersistence.cs:line 146
         at Furion.Schedule.SchedulerFactory.ProcessQueue() in D:\work\juai\api\Plugins\Furion.Pure\Schedule\Factories\SchedulerFactory.Internal.cs:line 448
      ++++++++++++++++++++++++++++++++++++++++++++++++++++++++
fail: 2024-08-17 20:40:04.4859843 +08:00 星期六 L Admin.NET.Core.JuAI.OssAsyncJob[0] #25
      [Admin.NET.Core.JuAI.dll] async Task Admin.NET.Core.JuAI.RealtimeJob.ExecuteAsync(JobExecutingContext context, CancellationToken stoppingToken)
      实时任务出错连接[tcp://guxin.link:6379][3000ms]超时！      
      ++++++++++++++++++++++++++++++++++++++++++++++++++++++++
      System.TimeoutException: 连接[tcp://guxin.link:6379][3000ms]超时！
         at NewLife.Caching.RedisClient.GetStream(Boolean create)
         at NewLife.Caching.RedisClient.ExecuteCommand(String cmd, Packet[] args, Object[] oriArgs)
         at NewLife.Caching.RedisClient.Execute(String cmd, Object[] args)
         at NewLife.Caching.Redis.<>c.<GetInfo>b__101_1(RedisClient rds)
         at NewLife.Caching.Redis.Execute[TResult](Func`2 func)
         at NewLife.Caching.Redis.GetInfo(Boolean all)
         at NewLife.Caching.Redis.get_Info()
         at NewLife.Caching.FullRedis.InitCluster()
         at NewLife.Caching.FullRedis.Execute[T](String key, Func`3 func, Boolean write)
         at NewLife.Caching.RedisBase.Execute[T](Func`3 func, Boolean write)
         at NewLife.Caching.RedisHash`2.GetAll()
         at Admin.NET.Core.Service.SysCacheService.HashGetAll[T](String key) in D:\work\juai\api\Admin.NET.Core\Service\Cache\SysCacheService.cs:line 234
         at Admin.NET.Core.JuAI.Service.DrawingAlibabaService.AlibabaTaskFetchTask() in D:\work\juai\api\Admin.NET.Core.JuAi\Service\AIDrawing\DrawingAlibabaService.cs:line 55
         at Admin.NET.Core.JuAI.RealtimeJob.ExecuteAsync(JobExecutingContext context, CancellationToken stoppingToken) in D:\work\juai\api\Admin.NET.Core.JuAi\Job\RealtimeJob.cs:line 32
      ++++++++++++++++++++++++++++++++++++++++++++++++++++++++
fail: 2024-08-17 20:40:06.0014157 +08:00 星期六 L System.Logging.ScheduleService[0] #20
      [Furion.Pure.dll] void Furion.Schedule.ScheduleLogger.Log(LogLevel logLevel, string message, object[] args, Exception ex)
      The JobDetail of <job_realtime> persist failed.      
      ++++++++++++++++++++++++++++++++++++++++++++++++++++++++
      System.TimeoutException: 连接[tcp://guxin.link:6379][3000ms]超时！
         at NewLife.Caching.RedisClient.GetStream(Boolean create)
         at NewLife.Caching.RedisClient.ExecuteCommand(String cmd, Packet[] args, Object[] oriArgs)
         at NewLife.Caching.RedisClient.Execute(String cmd, Object[] args)
         at NewLife.Caching.RedisClient.Execute[TResult](String cmd, Object[] args)
         at NewLife.Caching.FullRedis.<>c__DisplayClass41_1.<Search>b__0(RedisClient r)
         at NewLife.Caching.Redis.Execute[TResult](Func`2 func)
         at NewLife.Caching.FullRedis.Search(SearchModel model)+MoveNext()
         at System.Linq.Enumerable.SelectEnumerableIterator`2.ToList()
         at Admin.NET.Core.Service.SysCacheService.GetKeysByPrefixKey(String prefixKey) in D:\work\juai\api\Admin.NET.Core\Service\Cache\SysCacheService.cs:line 126
         at Admin.NET.Core.SqlSugarCache.GetAllKey[V]() in D:\work\juai\api\Admin.NET.Core\Cache\SqlSugarCache.cs:line 44
         at SqlSugar.CacheSchemeMain.RemoveCache(ICacheService cacheService, String tableName)
         at SqlSugar.UpdateableProvider`1.<RemoveDataCache>b__139_0()
         at SqlSugar.UpdateableProvider`1.After(String sql)
         at SqlSugar.UpdateableProvider`1.ExecuteCommand()
         at Admin.NET.Core.Service.DbJobPersistence.OnChanged(PersistenceContext context) in D:\work\juai\api\Admin.NET.Core\Service\Job\DbJobPersistence.cs:line 146
         at Furion.Schedule.SchedulerFactory.ProcessQueue() in D:\work\juai\api\Plugins\Furion.Pure\Schedule\Factories\SchedulerFactory.Internal.cs:line 448
      ++++++++++++++++++++++++++++++++++++++++++++++++++++++++
fail: 2024-08-17 20:40:09.0682637 +08:00 星期六 L System.Logging.ScheduleService[0] #20
      [Furion.Pure.dll] void Furion.Schedule.ScheduleLogger.Log(LogLevel logLevel, string message, object[] args, Exception ex)
      Persistence of <trigger_realtime> trigger of <job_realtime> job failed.      
      ++++++++++++++++++++++++++++++++++++++++++++++++++++++++
      System.TimeoutException: 连接[tcp://guxin.link:6379][3000ms]超时！
         at NewLife.Caching.RedisClient.GetStream(Boolean create)
         at NewLife.Caching.RedisClient.ExecuteCommand(String cmd, Packet[] args, Object[] oriArgs)
         at NewLife.Caching.RedisClient.Execute(String cmd, Object[] args)
         at NewLife.Caching.RedisClient.Execute[TResult](String cmd, Object[] args)
         at NewLife.Caching.FullRedis.<>c__DisplayClass41_1.<Search>b__0(RedisClient r)
         at NewLife.Caching.Redis.Execute[TResult](Func`2 func)
         at NewLife.Caching.FullRedis.Search(SearchModel model)+MoveNext()
         at System.Linq.Enumerable.SelectEnumerableIterator`2.ToList()
         at Admin.NET.Core.Service.SysCacheService.GetKeysByPrefixKey(String prefixKey) in D:\work\juai\api\Admin.NET.Core\Service\Cache\SysCacheService.cs:line 126
         at Admin.NET.Core.SqlSugarCache.GetAllKey[V]() in D:\work\juai\api\Admin.NET.Core\Cache\SqlSugarCache.cs:line 44
         at SqlSugar.CacheSchemeMain.RemoveCache(ICacheService cacheService, String tableName)
         at SqlSugar.UpdateableProvider`1.<RemoveDataCache>b__139_0()
         at SqlSugar.UpdateableProvider`1.After(String sql)
         at SqlSugar.UpdateableProvider`1.ExecuteCommand()
         at Admin.NET.Core.Service.DbJobPersistence.OnTriggerChanged(PersistenceTriggerContext context) in D:\work\juai\api\Admin.NET.Core\Service\Job\DbJobPersistence.cs:line 177
         at Furion.Schedule.SchedulerFactory.ProcessQueue() in D:\work\juai\api\Plugins\Furion.Pure\Schedule\Factories\SchedulerFactory.Internal.cs:line 445
      ++++++++++++++++++++++++++++++++++++++++++++++++++++++++
fail: 2024-08-17 20:40:09.4616588 +08:00 星期六 L Admin.NET.Core.JuAI.OssAsyncJob[0] #21
      [Admin.NET.Core.JuAI.dll] async Task Admin.NET.Core.JuAI.RealtimeJob.ExecuteAsync(JobExecutingContext context, CancellationToken stoppingToken)
      实时任务出错连接[tcp://guxin.link:6379][3000ms]超时！      
      ++++++++++++++++++++++++++++++++++++++++++++++++++++++++
      System.TimeoutException: 连接[tcp://guxin.link:6379][3000ms]超时！
         at NewLife.Caching.RedisClient.GetStream(Boolean create)
         at NewLife.Caching.RedisClient.ExecuteCommand(String cmd, Packet[] args, Object[] oriArgs)
         at NewLife.Caching.RedisClient.Execute(String cmd, Object[] args)
         at NewLife.Caching.Redis.<>c.<GetInfo>b__101_1(RedisClient rds)
         at NewLife.Caching.Redis.Execute[TResult](Func`2 func)
         at NewLife.Caching.Redis.GetInfo(Boolean all)
         at NewLife.Caching.Redis.get_Info()
         at NewLife.Caching.FullRedis.InitCluster()
         at NewLife.Caching.FullRedis.Execute[T](String key, Func`3 func, Boolean write)
         at NewLife.Caching.RedisBase.Execute[T](Func`3 func, Boolean write)
         at NewLife.Caching.RedisHash`2.GetAll()
         at Admin.NET.Core.Service.SysCacheService.HashGetAll[T](String key) in D:\work\juai\api\Admin.NET.Core\Service\Cache\SysCacheService.cs:line 234
         at Admin.NET.Core.JuAI.Service.DrawingAlibabaService.AlibabaTaskFetchTask() in D:\work\juai\api\Admin.NET.Core.JuAi\Service\AIDrawing\DrawingAlibabaService.cs:line 55
         at Admin.NET.Core.JuAI.RealtimeJob.ExecuteAsync(JobExecutingContext context, CancellationToken stoppingToken) in D:\work\juai\api\Admin.NET.Core.JuAi\Job\RealtimeJob.cs:line 32
      ++++++++++++++++++++++++++++++++++++++++++++++++++++++++
fail: 2024-08-17 20:40:12.1283652 +08:00 星期六 L System.Logging.ScheduleService[0] #20
      [Furion.Pure.dll] void Furion.Schedule.ScheduleLogger.Log(LogLevel logLevel, string message, object[] args, Exception ex)
      Persistence of <trigger_realtime> trigger of <job_realtime> job failed.      
      ++++++++++++++++++++++++++++++++++++++++++++++++++++++++
      System.TimeoutException: 连接[tcp://guxin.link:6379][3000ms]超时！
         at NewLife.Caching.RedisClient.GetStream(Boolean create)
         at NewLife.Caching.RedisClient.ExecuteCommand(String cmd, Packet[] args, Object[] oriArgs)
         at NewLife.Caching.RedisClient.Execute(String cmd, Object[] args)
         at NewLife.Caching.RedisClient.Execute[TResult](String cmd, Object[] args)
         at NewLife.Caching.FullRedis.<>c__DisplayClass41_1.<Search>b__0(RedisClient r)
         at NewLife.Caching.Redis.Execute[TResult](Func`2 func)
         at NewLife.Caching.FullRedis.Search(SearchModel model)+MoveNext()
         at System.Linq.Enumerable.SelectEnumerableIterator`2.ToList()
         at Admin.NET.Core.Service.SysCacheService.GetKeysByPrefixKey(String prefixKey) in D:\work\juai\api\Admin.NET.Core\Service\Cache\SysCacheService.cs:line 126
         at Admin.NET.Core.SqlSugarCache.GetAllKey[V]() in D:\work\juai\api\Admin.NET.Core\Cache\SqlSugarCache.cs:line 44
         at SqlSugar.CacheSchemeMain.RemoveCache(ICacheService cacheService, String tableName)
         at SqlSugar.UpdateableProvider`1.<RemoveDataCache>b__139_0()
         at SqlSugar.UpdateableProvider`1.After(String sql)
         at SqlSugar.UpdateableProvider`1.ExecuteCommand()
         at Admin.NET.Core.Service.DbJobPersistence.OnTriggerChanged(PersistenceTriggerContext context) in D:\work\juai\api\Admin.NET.Core\Service\Job\DbJobPersistence.cs:line 177
         at Furion.Schedule.SchedulerFactory.ProcessQueue() in D:\work\juai\api\Plugins\Furion.Pure\Schedule\Factories\SchedulerFactory.Internal.cs:line 445
      ++++++++++++++++++++++++++++++++++++++++++++++++++++++++
fail: 2024-08-17 20:40:14.4423783 +08:00 星期六 L Admin.NET.Core.JuAI.OssAsyncJob[0] #28
      [Admin.NET.Core.JuAI.dll] async Task Admin.NET.Core.JuAI.RealtimeJob.ExecuteAsync(JobExecutingContext context, CancellationToken stoppingToken)
      实时任务出错连接[tcp://guxin.link:6379][3000ms]超时！      
      ++++++++++++++++++++++++++++++++++++++++++++++++++++++++
      System.TimeoutException: 连接[tcp://guxin.link:6379][3000ms]超时！
         at NewLife.Caching.RedisClient.GetStream(Boolean create)
         at NewLife.Caching.RedisClient.ExecuteCommand(String cmd, Packet[] args, Object[] oriArgs)
         at NewLife.Caching.RedisClient.Execute(String cmd, Object[] args)
         at NewLife.Caching.Redis.<>c.<GetInfo>b__101_1(RedisClient rds)
         at NewLife.Caching.Redis.Execute[TResult](Func`2 func)
         at NewLife.Caching.Redis.GetInfo(Boolean all)
         at NewLife.Caching.Redis.get_Info()
         at NewLife.Caching.FullRedis.InitCluster()
         at NewLife.Caching.FullRedis.Execute[T](String key, Func`3 func, Boolean write)
         at NewLife.Caching.RedisBase.Execute[T](Func`3 func, Boolean write)
         at NewLife.Caching.RedisHash`2.GetAll()
         at Admin.NET.Core.Service.SysCacheService.HashGetAll[T](String key) in D:\work\juai\api\Admin.NET.Core\Service\Cache\SysCacheService.cs:line 234
         at Admin.NET.Core.JuAI.Service.DrawingAlibabaService.AlibabaTaskFetchTask() in D:\work\juai\api\Admin.NET.Core.JuAi\Service\AIDrawing\DrawingAlibabaService.cs:line 55
         at Admin.NET.Core.JuAI.RealtimeJob.ExecuteAsync(JobExecutingContext context, CancellationToken stoppingToken) in D:\work\juai\api\Admin.NET.Core.JuAi\Job\RealtimeJob.cs:line 32
      ++++++++++++++++++++++++++++++++++++++++++++++++++++++++
fail: 2024-08-17 20:40:15.1953202 +08:00 星期六 L System.Logging.ScheduleService[0] #20
      [Furion.Pure.dll] void Furion.Schedule.ScheduleLogger.Log(LogLevel logLevel, string message, object[] args, Exception ex)
      The JobDetail of <job_realtime> persist failed.      
      ++++++++++++++++++++++++++++++++++++++++++++++++++++++++
      System.TimeoutException: 连接[tcp://guxin.link:6379][3000ms]超时！
         at NewLife.Caching.RedisClient.GetStream(Boolean create)
         at NewLife.Caching.RedisClient.ExecuteCommand(String cmd, Packet[] args, Object[] oriArgs)
         at NewLife.Caching.RedisClient.Execute(String cmd, Object[] args)
         at NewLife.Caching.RedisClient.Execute[TResult](String cmd, Object[] args)
         at NewLife.Caching.FullRedis.<>c__DisplayClass41_1.<Search>b__0(RedisClient r)
         at NewLife.Caching.Redis.Execute[TResult](Func`2 func)
         at NewLife.Caching.FullRedis.Search(SearchModel model)+MoveNext()
         at System.Linq.Enumerable.SelectEnumerableIterator`2.ToList()
         at Admin.NET.Core.Service.SysCacheService.GetKeysByPrefixKey(String prefixKey) in D:\work\juai\api\Admin.NET.Core\Service\Cache\SysCacheService.cs:line 126
         at Admin.NET.Core.SqlSugarCache.GetAllKey[V]() in D:\work\juai\api\Admin.NET.Core\Cache\SqlSugarCache.cs:line 44
         at SqlSugar.CacheSchemeMain.RemoveCache(ICacheService cacheService, String tableName)
         at SqlSugar.UpdateableProvider`1.<RemoveDataCache>b__139_0()
         at SqlSugar.UpdateableProvider`1.After(String sql)
         at SqlSugar.UpdateableProvider`1.ExecuteCommand()
         at Admin.NET.Core.Service.DbJobPersistence.OnChanged(PersistenceContext context) in D:\work\juai\api\Admin.NET.Core\Service\Job\DbJobPersistence.cs:line 146
         at Furion.Schedule.SchedulerFactory.ProcessQueue() in D:\work\juai\api\Plugins\Furion.Pure\Schedule\Factories\SchedulerFactory.Internal.cs:line 448
      ++++++++++++++++++++++++++++++++++++++++++++++++++++++++
fail: 2024-08-17 20:40:18.2684239 +08:00 星期六 L System.Logging.ScheduleService[0] #20
      [Furion.Pure.dll] void Furion.Schedule.ScheduleLogger.Log(LogLevel logLevel, string message, object[] args, Exception ex)
      The JobDetail of <job_realtime> persist failed.      
      ++++++++++++++++++++++++++++++++++++++++++++++++++++++++
      System.TimeoutException: 连接[tcp://guxin.link:6379][3000ms]超时！
         at NewLife.Caching.RedisClient.GetStream(Boolean create)
         at NewLife.Caching.RedisClient.ExecuteCommand(String cmd, Packet[] args, Object[] oriArgs)
         at NewLife.Caching.RedisClient.Execute(String cmd, Object[] args)
         at NewLife.Caching.RedisClient.Execute[TResult](String cmd, Object[] args)
         at NewLife.Caching.FullRedis.<>c__DisplayClass41_1.<Search>b__0(RedisClient r)
         at NewLife.Caching.Redis.Execute[TResult](Func`2 func)
         at NewLife.Caching.FullRedis.Search(SearchModel model)+MoveNext()
         at System.Linq.Enumerable.SelectEnumerableIterator`2.ToList()
         at Admin.NET.Core.Service.SysCacheService.GetKeysByPrefixKey(String prefixKey) in D:\work\juai\api\Admin.NET.Core\Service\Cache\SysCacheService.cs:line 126
         at Admin.NET.Core.SqlSugarCache.GetAllKey[V]() in D:\work\juai\api\Admin.NET.Core\Cache\SqlSugarCache.cs:line 44
         at SqlSugar.CacheSchemeMain.RemoveCache(ICacheService cacheService, String tableName)
         at SqlSugar.UpdateableProvider`1.<RemoveDataCache>b__139_0()
         at SqlSugar.UpdateableProvider`1.After(String sql)
         at SqlSugar.UpdateableProvider`1.ExecuteCommand()
         at Admin.NET.Core.Service.DbJobPersistence.OnChanged(PersistenceContext context) in D:\work\juai\api\Admin.NET.Core\Service\Job\DbJobPersistence.cs:line 146
         at Furion.Schedule.SchedulerFactory.ProcessQueue() in D:\work\juai\api\Plugins\Furion.Pure\Schedule\Factories\SchedulerFactory.Internal.cs:line 448
      ++++++++++++++++++++++++++++++++++++++++++++++++++++++++
fail: 2024-08-17 20:40:19.4246308 +08:00 星期六 L Admin.NET.Core.JuAI.OssAsyncJob[0] #25
      [Admin.NET.Core.JuAI.dll] async Task Admin.NET.Core.JuAI.RealtimeJob.ExecuteAsync(JobExecutingContext context, CancellationToken stoppingToken)
      实时任务出错连接[tcp://guxin.link:6379][3000ms]超时！      
      ++++++++++++++++++++++++++++++++++++++++++++++++++++++++
      System.TimeoutException: 连接[tcp://guxin.link:6379][3000ms]超时！
         at NewLife.Caching.RedisClient.GetStream(Boolean create)
         at NewLife.Caching.RedisClient.ExecuteCommand(String cmd, Packet[] args, Object[] oriArgs)
         at NewLife.Caching.RedisClient.Execute(String cmd, Object[] args)
         at NewLife.Caching.Redis.<>c.<GetInfo>b__101_1(RedisClient rds)
         at NewLife.Caching.Redis.Execute[TResult](Func`2 func)
         at NewLife.Caching.Redis.GetInfo(Boolean all)
         at NewLife.Caching.Redis.get_Info()
         at NewLife.Caching.FullRedis.InitCluster()
         at NewLife.Caching.FullRedis.Execute[T](String key, Func`3 func, Boolean write)
         at NewLife.Caching.RedisBase.Execute[T](Func`3 func, Boolean write)
         at NewLife.Caching.RedisHash`2.GetAll()
         at Admin.NET.Core.Service.SysCacheService.HashGetAll[T](String key) in D:\work\juai\api\Admin.NET.Core\Service\Cache\SysCacheService.cs:line 234
         at Admin.NET.Core.JuAI.Service.DrawingAlibabaService.AlibabaTaskFetchTask() in D:\work\juai\api\Admin.NET.Core.JuAi\Service\AIDrawing\DrawingAlibabaService.cs:line 55
         at Admin.NET.Core.JuAI.RealtimeJob.ExecuteAsync(JobExecutingContext context, CancellationToken stoppingToken) in D:\work\juai\api\Admin.NET.Core.JuAi\Job\RealtimeJob.cs:line 32
      ++++++++++++++++++++++++++++++++++++++++++++++++++++++++
fail: 2024-08-17 20:40:21.3362597 +08:00 星期六 L System.Logging.ScheduleService[0] #20
      [Furion.Pure.dll] void Furion.Schedule.ScheduleLogger.Log(LogLevel logLevel, string message, object[] args, Exception ex)
      Persistence of <trigger_realtime> trigger of <job_realtime> job failed.      
      ++++++++++++++++++++++++++++++++++++++++++++++++++++++++
      System.TimeoutException: 连接[tcp://guxin.link:6379][3000ms]超时！
         at NewLife.Caching.RedisClient.GetStream(Boolean create)
         at NewLife.Caching.RedisClient.ExecuteCommand(String cmd, Packet[] args, Object[] oriArgs)
         at NewLife.Caching.RedisClient.Execute(String cmd, Object[] args)
         at NewLife.Caching.RedisClient.Execute[TResult](String cmd, Object[] args)
         at NewLife.Caching.FullRedis.<>c__DisplayClass41_1.<Search>b__0(RedisClient r)
         at NewLife.Caching.Redis.Execute[TResult](Func`2 func)
         at NewLife.Caching.FullRedis.Search(SearchModel model)+MoveNext()
         at System.Linq.Enumerable.SelectEnumerableIterator`2.ToList()
         at Admin.NET.Core.Service.SysCacheService.GetKeysByPrefixKey(String prefixKey) in D:\work\juai\api\Admin.NET.Core\Service\Cache\SysCacheService.cs:line 126
         at Admin.NET.Core.SqlSugarCache.GetAllKey[V]() in D:\work\juai\api\Admin.NET.Core\Cache\SqlSugarCache.cs:line 44
         at SqlSugar.CacheSchemeMain.RemoveCache(ICacheService cacheService, String tableName)
         at SqlSugar.UpdateableProvider`1.<RemoveDataCache>b__139_0()
         at SqlSugar.UpdateableProvider`1.After(String sql)
         at SqlSugar.UpdateableProvider`1.ExecuteCommand()
         at Admin.NET.Core.Service.DbJobPersistence.OnTriggerChanged(PersistenceTriggerContext context) in D:\work\juai\api\Admin.NET.Core\Service\Job\DbJobPersistence.cs:line 177
         at Furion.Schedule.SchedulerFactory.ProcessQueue() in D:\work\juai\api\Plugins\Furion.Pure\Schedule\Factories\SchedulerFactory.Internal.cs:line 445
      ++++++++++++++++++++++++++++++++++++++++++++++++++++++++
fail: 2024-08-17 20:40:24.3992953 +08:00 星期六 L System.Logging.ScheduleService[0] #20
      [Furion.Pure.dll] void Furion.Schedule.ScheduleLogger.Log(LogLevel logLevel, string message, object[] args, Exception ex)
      Persistence of <trigger_realtime> trigger of <job_realtime> job failed.      
      ++++++++++++++++++++++++++++++++++++++++++++++++++++++++
      System.TimeoutException: 连接[tcp://guxin.link:6379][3000ms]超时！
         at NewLife.Caching.RedisClient.GetStream(Boolean create)
         at NewLife.Caching.RedisClient.ExecuteCommand(String cmd, Packet[] args, Object[] oriArgs)
         at NewLife.Caching.RedisClient.Execute(String cmd, Object[] args)
         at NewLife.Caching.RedisClient.Execute[TResult](String cmd, Object[] args)
         at NewLife.Caching.FullRedis.<>c__DisplayClass41_1.<Search>b__0(RedisClient r)
         at NewLife.Caching.Redis.Execute[TResult](Func`2 func)
         at NewLife.Caching.FullRedis.Search(SearchModel model)+MoveNext()
         at System.Linq.Enumerable.SelectEnumerableIterator`2.ToList()
         at Admin.NET.Core.Service.SysCacheService.GetKeysByPrefixKey(String prefixKey) in D:\work\juai\api\Admin.NET.Core\Service\Cache\SysCacheService.cs:line 126
         at Admin.NET.Core.SqlSugarCache.GetAllKey[V]() in D:\work\juai\api\Admin.NET.Core\Cache\SqlSugarCache.cs:line 44
         at SqlSugar.CacheSchemeMain.RemoveCache(ICacheService cacheService, String tableName)
         at SqlSugar.UpdateableProvider`1.<RemoveDataCache>b__139_0()
         at SqlSugar.UpdateableProvider`1.After(String sql)
         at SqlSugar.UpdateableProvider`1.ExecuteCommand()
         at Admin.NET.Core.Service.DbJobPersistence.OnTriggerChanged(PersistenceTriggerContext context) in D:\work\juai\api\Admin.NET.Core\Service\Job\DbJobPersistence.cs:line 177
         at Furion.Schedule.SchedulerFactory.ProcessQueue() in D:\work\juai\api\Plugins\Furion.Pure\Schedule\Factories\SchedulerFactory.Internal.cs:line 445
      ++++++++++++++++++++++++++++++++++++++++++++++++++++++++
fail: 2024-08-17 20:40:24.4008827 +08:00 星期六 L Admin.NET.Core.JuAI.OssAsyncJob[0] #28
      [Admin.NET.Core.JuAI.dll] async Task Admin.NET.Core.JuAI.RealtimeJob.ExecuteAsync(JobExecutingContext context, CancellationToken stoppingToken)
      实时任务出错连接[tcp://guxin.link:6379][3000ms]超时！      
      ++++++++++++++++++++++++++++++++++++++++++++++++++++++++
      System.TimeoutException: 连接[tcp://guxin.link:6379][3000ms]超时！
         at NewLife.Caching.RedisClient.GetStream(Boolean create)
         at NewLife.Caching.RedisClient.ExecuteCommand(String cmd, Packet[] args, Object[] oriArgs)
         at NewLife.Caching.RedisClient.Execute(String cmd, Object[] args)
         at NewLife.Caching.Redis.<>c.<GetInfo>b__101_1(RedisClient rds)
         at NewLife.Caching.Redis.Execute[TResult](Func`2 func)
         at NewLife.Caching.Redis.GetInfo(Boolean all)
         at NewLife.Caching.Redis.get_Info()
         at NewLife.Caching.FullRedis.InitCluster()
         at NewLife.Caching.FullRedis.Execute[T](String key, Func`3 func, Boolean write)
         at NewLife.Caching.RedisBase.Execute[T](Func`3 func, Boolean write)
         at NewLife.Caching.RedisHash`2.GetAll()
         at Admin.NET.Core.Service.SysCacheService.HashGetAll[T](String key) in D:\work\juai\api\Admin.NET.Core\Service\Cache\SysCacheService.cs:line 234
         at Admin.NET.Core.JuAI.Service.DrawingAlibabaService.AlibabaTaskFetchTask() in D:\work\juai\api\Admin.NET.Core.JuAi\Service\AIDrawing\DrawingAlibabaService.cs:line 55
         at Admin.NET.Core.JuAI.RealtimeJob.ExecuteAsync(JobExecutingContext context, CancellationToken stoppingToken) in D:\work\juai\api\Admin.NET.Core.JuAi\Job\RealtimeJob.cs:line 32
      ++++++++++++++++++++++++++++++++++++++++++++++++++++++++
fail: 2024-08-17 20:40:27.4663709 +08:00 星期六 L System.Logging.ScheduleService[0] #20
      [Furion.Pure.dll] void Furion.Schedule.ScheduleLogger.Log(LogLevel logLevel, string message, object[] args, Exception ex)
      The JobDetail of <job_realtime> persist failed.      
      ++++++++++++++++++++++++++++++++++++++++++++++++++++++++
      System.TimeoutException: 连接[tcp://guxin.link:6379][3000ms]超时！
         at NewLife.Caching.RedisClient.GetStream(Boolean create)
         at NewLife.Caching.RedisClient.ExecuteCommand(String cmd, Packet[] args, Object[] oriArgs)
         at NewLife.Caching.RedisClient.Execute(String cmd, Object[] args)
         at NewLife.Caching.RedisClient.Execute[TResult](String cmd, Object[] args)
         at NewLife.Caching.FullRedis.<>c__DisplayClass41_1.<Search>b__0(RedisClient r)
         at NewLife.Caching.Redis.Execute[TResult](Func`2 func)
         at NewLife.Caching.FullRedis.Search(SearchModel model)+MoveNext()
         at System.Linq.Enumerable.SelectEnumerableIterator`2.ToList()
         at Admin.NET.Core.Service.SysCacheService.GetKeysByPrefixKey(String prefixKey) in D:\work\juai\api\Admin.NET.Core\Service\Cache\SysCacheService.cs:line 126
         at Admin.NET.Core.SqlSugarCache.GetAllKey[V]() in D:\work\juai\api\Admin.NET.Core\Cache\SqlSugarCache.cs:line 44
         at SqlSugar.CacheSchemeMain.RemoveCache(ICacheService cacheService, String tableName)
         at SqlSugar.UpdateableProvider`1.<RemoveDataCache>b__139_0()
         at SqlSugar.UpdateableProvider`1.After(String sql)
         at SqlSugar.UpdateableProvider`1.ExecuteCommand()
         at Admin.NET.Core.Service.DbJobPersistence.OnChanged(PersistenceContext context) in D:\work\juai\api\Admin.NET.Core\Service\Job\DbJobPersistence.cs:line 146
         at Furion.Schedule.SchedulerFactory.ProcessQueue() in D:\work\juai\api\Plugins\Furion.Pure\Schedule\Factories\SchedulerFactory.Internal.cs:line 448
      ++++++++++++++++++++++++++++++++++++++++++++++++++++++++
fail: 2024-08-17 20:40:29.3701343 +08:00 星期六 L Admin.NET.Core.JuAI.OssAsyncJob[0] #28
      [Admin.NET.Core.JuAI.dll] async Task Admin.NET.Core.JuAI.RealtimeJob.ExecuteAsync(JobExecutingContext context, CancellationToken stoppingToken)
      实时任务出错连接[tcp://guxin.link:6379][3000ms]超时！      
      ++++++++++++++++++++++++++++++++++++++++++++++++++++++++
      System.TimeoutException: 连接[tcp://guxin.link:6379][3000ms]超时！
         at NewLife.Caching.RedisClient.GetStream(Boolean create)
         at NewLife.Caching.RedisClient.ExecuteCommand(String cmd, Packet[] args, Object[] oriArgs)
         at NewLife.Caching.RedisClient.Execute(String cmd, Object[] args)
         at NewLife.Caching.Redis.<>c.<GetInfo>b__101_1(RedisClient rds)
         at NewLife.Caching.Redis.Execute[TResult](Func`2 func)
         at NewLife.Caching.Redis.GetInfo(Boolean all)
         at NewLife.Caching.Redis.get_Info()
         at NewLife.Caching.FullRedis.InitCluster()
         at NewLife.Caching.FullRedis.Execute[T](String key, Func`3 func, Boolean write)
         at NewLife.Caching.RedisBase.Execute[T](Func`3 func, Boolean write)
         at NewLife.Caching.RedisHash`2.GetAll()
         at Admin.NET.Core.Service.SysCacheService.HashGetAll[T](String key) in D:\work\juai\api\Admin.NET.Core\Service\Cache\SysCacheService.cs:line 234
         at Admin.NET.Core.JuAI.Service.DrawingAlibabaService.AlibabaTaskFetchTask() in D:\work\juai\api\Admin.NET.Core.JuAi\Service\AIDrawing\DrawingAlibabaService.cs:line 55
         at Admin.NET.Core.JuAI.RealtimeJob.ExecuteAsync(JobExecutingContext context, CancellationToken stoppingToken) in D:\work\juai\api\Admin.NET.Core.JuAi\Job\RealtimeJob.cs:line 32
      ++++++++++++++++++++++++++++++++++++++++++++++++++++++++
fail: 2024-08-17 20:40:30.5241014 +08:00 星期六 L System.Logging.ScheduleService[0] #20
      [Furion.Pure.dll] void Furion.Schedule.ScheduleLogger.Log(LogLevel logLevel, string message, object[] args, Exception ex)
      The JobDetail of <job_realtime> persist failed.      
      ++++++++++++++++++++++++++++++++++++++++++++++++++++++++
      System.TimeoutException: 连接[tcp://guxin.link:6379][3000ms]超时！
         at NewLife.Caching.RedisClient.GetStream(Boolean create)
         at NewLife.Caching.RedisClient.ExecuteCommand(String cmd, Packet[] args, Object[] oriArgs)
         at NewLife.Caching.RedisClient.Execute(String cmd, Object[] args)
         at NewLife.Caching.RedisClient.Execute[TResult](String cmd, Object[] args)
         at NewLife.Caching.FullRedis.<>c__DisplayClass41_1.<Search>b__0(RedisClient r)
         at NewLife.Caching.Redis.Execute[TResult](Func`2 func)
         at NewLife.Caching.FullRedis.Search(SearchModel model)+MoveNext()
         at System.Linq.Enumerable.SelectEnumerableIterator`2.ToList()
         at Admin.NET.Core.Service.SysCacheService.GetKeysByPrefixKey(String prefixKey) in D:\work\juai\api\Admin.NET.Core\Service\Cache\SysCacheService.cs:line 126
         at Admin.NET.Core.SqlSugarCache.GetAllKey[V]() in D:\work\juai\api\Admin.NET.Core\Cache\SqlSugarCache.cs:line 44
         at SqlSugar.CacheSchemeMain.RemoveCache(ICacheService cacheService, String tableName)
         at SqlSugar.UpdateableProvider`1.<RemoveDataCache>b__139_0()
         at SqlSugar.UpdateableProvider`1.After(String sql)
         at SqlSugar.UpdateableProvider`1.ExecuteCommand()
         at Admin.NET.Core.Service.DbJobPersistence.OnChanged(PersistenceContext context) in D:\work\juai\api\Admin.NET.Core\Service\Job\DbJobPersistence.cs:line 146
         at Furion.Schedule.SchedulerFactory.ProcessQueue() in D:\work\juai\api\Plugins\Furion.Pure\Schedule\Factories\SchedulerFactory.Internal.cs:line 448
      ++++++++++++++++++++++++++++++++++++++++++++++++++++++++
fail: 2024-08-17 20:40:33.5876103 +08:00 星期六 L System.Logging.ScheduleService[0] #20
      [Furion.Pure.dll] void Furion.Schedule.ScheduleLogger.Log(LogLevel logLevel, string message, object[] args, Exception ex)
      Persistence of <trigger_realtime> trigger of <job_realtime> job failed.      
      ++++++++++++++++++++++++++++++++++++++++++++++++++++++++
      System.TimeoutException: 连接[tcp://guxin.link:6379][3000ms]超时！
         at NewLife.Caching.RedisClient.GetStream(Boolean create)
         at NewLife.Caching.RedisClient.ExecuteCommand(String cmd, Packet[] args, Object[] oriArgs)
         at NewLife.Caching.RedisClient.Execute(String cmd, Object[] args)
         at NewLife.Caching.RedisClient.Execute[TResult](String cmd, Object[] args)
         at NewLife.Caching.FullRedis.<>c__DisplayClass41_1.<Search>b__0(RedisClient r)
         at NewLife.Caching.Redis.Execute[TResult](Func`2 func)
         at NewLife.Caching.FullRedis.Search(SearchModel model)+MoveNext()
         at System.Linq.Enumerable.SelectEnumerableIterator`2.ToList()
         at Admin.NET.Core.Service.SysCacheService.GetKeysByPrefixKey(String prefixKey) in D:\work\juai\api\Admin.NET.Core\Service\Cache\SysCacheService.cs:line 126
         at Admin.NET.Core.SqlSugarCache.GetAllKey[V]() in D:\work\juai\api\Admin.NET.Core\Cache\SqlSugarCache.cs:line 44
         at SqlSugar.CacheSchemeMain.RemoveCache(ICacheService cacheService, String tableName)
         at SqlSugar.UpdateableProvider`1.<RemoveDataCache>b__139_0()
         at SqlSugar.UpdateableProvider`1.After(String sql)
         at SqlSugar.UpdateableProvider`1.ExecuteCommand()
         at Admin.NET.Core.Service.DbJobPersistence.OnTriggerChanged(PersistenceTriggerContext context) in D:\work\juai\api\Admin.NET.Core\Service\Job\DbJobPersistence.cs:line 177
         at Furion.Schedule.SchedulerFactory.ProcessQueue() in D:\work\juai\api\Plugins\Furion.Pure\Schedule\Factories\SchedulerFactory.Internal.cs:line 445
      ++++++++++++++++++++++++++++++++++++++++++++++++++++++++
fail: 2024-08-17 20:40:34.3542747 +08:00 星期六 L Admin.NET.Core.JuAI.OssAsyncJob[0] #27
      [Admin.NET.Core.JuAI.dll] async Task Admin.NET.Core.JuAI.RealtimeJob.ExecuteAsync(JobExecutingContext context, CancellationToken stoppingToken)
      实时任务出错连接[tcp://guxin.link:6379][3000ms]超时！      
      ++++++++++++++++++++++++++++++++++++++++++++++++++++++++
      System.TimeoutException: 连接[tcp://guxin.link:6379][3000ms]超时！
         at NewLife.Caching.RedisClient.GetStream(Boolean create)
         at NewLife.Caching.RedisClient.ExecuteCommand(String cmd, Packet[] args, Object[] oriArgs)
         at NewLife.Caching.RedisClient.Execute(String cmd, Object[] args)
         at NewLife.Caching.Redis.<>c.<GetInfo>b__101_1(RedisClient rds)
         at NewLife.Caching.Redis.Execute[TResult](Func`2 func)
         at NewLife.Caching.Redis.GetInfo(Boolean all)
         at NewLife.Caching.Redis.get_Info()
         at NewLife.Caching.FullRedis.InitCluster()
         at NewLife.Caching.FullRedis.Execute[T](String key, Func`3 func, Boolean write)
         at NewLife.Caching.RedisBase.Execute[T](Func`3 func, Boolean write)
         at NewLife.Caching.RedisHash`2.GetAll()
         at Admin.NET.Core.Service.SysCacheService.HashGetAll[T](String key) in D:\work\juai\api\Admin.NET.Core\Service\Cache\SysCacheService.cs:line 234
         at Admin.NET.Core.JuAI.Service.DrawingAlibabaService.AlibabaTaskFetchTask() in D:\work\juai\api\Admin.NET.Core.JuAi\Service\AIDrawing\DrawingAlibabaService.cs:line 55
         at Admin.NET.Core.JuAI.RealtimeJob.ExecuteAsync(JobExecutingContext context, CancellationToken stoppingToken) in D:\work\juai\api\Admin.NET.Core.JuAi\Job\RealtimeJob.cs:line 32
      ++++++++++++++++++++++++++++++++++++++++++++++++++++++++
fail: 2024-08-17 20:40:36.6430930 +08:00 星期六 L System.Logging.ScheduleService[0] #20
      [Furion.Pure.dll] void Furion.Schedule.ScheduleLogger.Log(LogLevel logLevel, string message, object[] args, Exception ex)
      Persistence of <trigger_realtime> trigger of <job_realtime> job failed.      
      ++++++++++++++++++++++++++++++++++++++++++++++++++++++++
      System.TimeoutException: 连接[tcp://guxin.link:6379][3000ms]超时！
         at NewLife.Caching.RedisClient.GetStream(Boolean create)
         at NewLife.Caching.RedisClient.ExecuteCommand(String cmd, Packet[] args, Object[] oriArgs)
         at NewLife.Caching.RedisClient.Execute(String cmd, Object[] args)
         at NewLife.Caching.RedisClient.Execute[TResult](String cmd, Object[] args)
         at NewLife.Caching.FullRedis.<>c__DisplayClass41_1.<Search>b__0(RedisClient r)
         at NewLife.Caching.Redis.Execute[TResult](Func`2 func)
         at NewLife.Caching.FullRedis.Search(SearchModel model)+MoveNext()
         at System.Linq.Enumerable.SelectEnumerableIterator`2.ToList()
         at Admin.NET.Core.Service.SysCacheService.GetKeysByPrefixKey(String prefixKey) in D:\work\juai\api\Admin.NET.Core\Service\Cache\SysCacheService.cs:line 126
         at Admin.NET.Core.SqlSugarCache.GetAllKey[V]() in D:\work\juai\api\Admin.NET.Core\Cache\SqlSugarCache.cs:line 44
         at SqlSugar.CacheSchemeMain.RemoveCache(ICacheService cacheService, String tableName)
         at SqlSugar.UpdateableProvider`1.<RemoveDataCache>b__139_0()
         at SqlSugar.UpdateableProvider`1.After(String sql)
         at SqlSugar.UpdateableProvider`1.ExecuteCommand()
         at Admin.NET.Core.Service.DbJobPersistence.OnTriggerChanged(PersistenceTriggerContext context) in D:\work\juai\api\Admin.NET.Core\Service\Job\DbJobPersistence.cs:line 177
         at Furion.Schedule.SchedulerFactory.ProcessQueue() in D:\work\juai\api\Plugins\Furion.Pure\Schedule\Factories\SchedulerFactory.Internal.cs:line 445
      ++++++++++++++++++++++++++++++++++++++++++++++++++++++++
fail: 2024-08-17 20:40:39.3363684 +08:00 星期六 L Admin.NET.Core.JuAI.OssAsyncJob[0] #27
      [Admin.NET.Core.JuAI.dll] async Task Admin.NET.Core.JuAI.RealtimeJob.ExecuteAsync(JobExecutingContext context, CancellationToken stoppingToken)
      实时任务出错连接[tcp://guxin.link:6379][3000ms]超时！      
      ++++++++++++++++++++++++++++++++++++++++++++++++++++++++
      System.TimeoutException: 连接[tcp://guxin.link:6379][3000ms]超时！
         at NewLife.Caching.RedisClient.GetStream(Boolean create)
         at NewLife.Caching.RedisClient.ExecuteCommand(String cmd, Packet[] args, Object[] oriArgs)
         at NewLife.Caching.RedisClient.Execute(String cmd, Object[] args)
         at NewLife.Caching.Redis.<>c.<GetInfo>b__101_1(RedisClient rds)
         at NewLife.Caching.Redis.Execute[TResult](Func`2 func)
         at NewLife.Caching.Redis.GetInfo(Boolean all)
         at NewLife.Caching.Redis.get_Info()
         at NewLife.Caching.FullRedis.InitCluster()
         at NewLife.Caching.FullRedis.Execute[T](String key, Func`3 func, Boolean write)
         at NewLife.Caching.RedisBase.Execute[T](Func`3 func, Boolean write)
         at NewLife.Caching.RedisHash`2.GetAll()
         at Admin.NET.Core.Service.SysCacheService.HashGetAll[T](String key) in D:\work\juai\api\Admin.NET.Core\Service\Cache\SysCacheService.cs:line 234
         at Admin.NET.Core.JuAI.Service.DrawingAlibabaService.AlibabaTaskFetchTask() in D:\work\juai\api\Admin.NET.Core.JuAi\Service\AIDrawing\DrawingAlibabaService.cs:line 55
         at Admin.NET.Core.JuAI.RealtimeJob.ExecuteAsync(JobExecutingContext context, CancellationToken stoppingToken) in D:\work\juai\api\Admin.NET.Core.JuAi\Job\RealtimeJob.cs:line 32
      ++++++++++++++++++++++++++++++++++++++++++++++++++++++++
fail: 2024-08-17 20:40:39.6974592 +08:00 星期六 L System.Logging.ScheduleService[0] #20
      [Furion.Pure.dll] void Furion.Schedule.ScheduleLogger.Log(LogLevel logLevel, string message, object[] args, Exception ex)
      The JobDetail of <job_realtime> persist failed.      
      ++++++++++++++++++++++++++++++++++++++++++++++++++++++++
      System.TimeoutException: 连接[tcp://guxin.link:6379][3000ms]超时！
         at NewLife.Caching.RedisClient.GetStream(Boolean create)
         at NewLife.Caching.RedisClient.ExecuteCommand(String cmd, Packet[] args, Object[] oriArgs)
         at NewLife.Caching.RedisClient.Execute(String cmd, Object[] args)
         at NewLife.Caching.RedisClient.Execute[TResult](String cmd, Object[] args)
         at NewLife.Caching.FullRedis.<>c__DisplayClass41_1.<Search>b__0(RedisClient r)
         at NewLife.Caching.Redis.Execute[TResult](Func`2 func)
         at NewLife.Caching.FullRedis.Search(SearchModel model)+MoveNext()
         at System.Linq.Enumerable.SelectEnumerableIterator`2.ToList()
         at Admin.NET.Core.Service.SysCacheService.GetKeysByPrefixKey(String prefixKey) in D:\work\juai\api\Admin.NET.Core\Service\Cache\SysCacheService.cs:line 126
         at Admin.NET.Core.SqlSugarCache.GetAllKey[V]() in D:\work\juai\api\Admin.NET.Core\Cache\SqlSugarCache.cs:line 44
         at SqlSugar.CacheSchemeMain.RemoveCache(ICacheService cacheService, String tableName)
         at SqlSugar.UpdateableProvider`1.<RemoveDataCache>b__139_0()
         at SqlSugar.UpdateableProvider`1.After(String sql)
         at SqlSugar.UpdateableProvider`1.ExecuteCommand()
         at Admin.NET.Core.Service.DbJobPersistence.OnChanged(PersistenceContext context) in D:\work\juai\api\Admin.NET.Core\Service\Job\DbJobPersistence.cs:line 146
         at Furion.Schedule.SchedulerFactory.ProcessQueue() in D:\work\juai\api\Plugins\Furion.Pure\Schedule\Factories\SchedulerFactory.Internal.cs:line 448
      ++++++++++++++++++++++++++++++++++++++++++++++++++++++++
fail: 2024-08-17 20:40:42.7616562 +08:00 星期六 L System.Logging.ScheduleService[0] #20
      [Furion.Pure.dll] void Furion.Schedule.ScheduleLogger.Log(LogLevel logLevel, string message, object[] args, Exception ex)
      The JobDetail of <job_realtime> persist failed.      
      ++++++++++++++++++++++++++++++++++++++++++++++++++++++++
      System.TimeoutException: 连接[tcp://guxin.link:6379][3000ms]超时！
         at NewLife.Caching.RedisClient.GetStream(Boolean create)
         at NewLife.Caching.RedisClient.ExecuteCommand(String cmd, Packet[] args, Object[] oriArgs)
         at NewLife.Caching.RedisClient.Execute(String cmd, Object[] args)
         at NewLife.Caching.RedisClient.Execute[TResult](String cmd, Object[] args)
         at NewLife.Caching.FullRedis.<>c__DisplayClass41_1.<Search>b__0(RedisClient r)
         at NewLife.Caching.Redis.Execute[TResult](Func`2 func)
         at NewLife.Caching.FullRedis.Search(SearchModel model)+MoveNext()
         at System.Linq.Enumerable.SelectEnumerableIterator`2.ToList()
         at Admin.NET.Core.Service.SysCacheService.GetKeysByPrefixKey(String prefixKey) in D:\work\juai\api\Admin.NET.Core\Service\Cache\SysCacheService.cs:line 126
         at Admin.NET.Core.SqlSugarCache.GetAllKey[V]() in D:\work\juai\api\Admin.NET.Core\Cache\SqlSugarCache.cs:line 44
         at SqlSugar.CacheSchemeMain.RemoveCache(ICacheService cacheService, String tableName)
         at SqlSugar.UpdateableProvider`1.<RemoveDataCache>b__139_0()
         at SqlSugar.UpdateableProvider`1.After(String sql)
         at SqlSugar.UpdateableProvider`1.ExecuteCommand()
         at Admin.NET.Core.Service.DbJobPersistence.OnChanged(PersistenceContext context) in D:\work\juai\api\Admin.NET.Core\Service\Job\DbJobPersistence.cs:line 146
         at Furion.Schedule.SchedulerFactory.ProcessQueue() in D:\work\juai\api\Plugins\Furion.Pure\Schedule\Factories\SchedulerFactory.Internal.cs:line 448
      ++++++++++++++++++++++++++++++++++++++++++++++++++++++++
fail: 2024-08-17 20:40:44.3136722 +08:00 星期六 L Admin.NET.Core.JuAI.OssAsyncJob[0] #25
      [Admin.NET.Core.JuAI.dll] async Task Admin.NET.Core.JuAI.RealtimeJob.ExecuteAsync(JobExecutingContext context, CancellationToken stoppingToken)
      实时任务出错连接[tcp://guxin.link:6379][3000ms]超时！      
      ++++++++++++++++++++++++++++++++++++++++++++++++++++++++
      System.TimeoutException: 连接[tcp://guxin.link:6379][3000ms]超时！
         at NewLife.Caching.RedisClient.GetStream(Boolean create)
         at NewLife.Caching.RedisClient.ExecuteCommand(String cmd, Packet[] args, Object[] oriArgs)
         at NewLife.Caching.RedisClient.Execute(String cmd, Object[] args)
         at NewLife.Caching.Redis.<>c.<GetInfo>b__101_1(RedisClient rds)
         at NewLife.Caching.Redis.Execute[TResult](Func`2 func)
         at NewLife.Caching.Redis.GetInfo(Boolean all)
         at NewLife.Caching.Redis.get_Info()
         at NewLife.Caching.FullRedis.InitCluster()
         at NewLife.Caching.FullRedis.Execute[T](String key, Func`3 func, Boolean write)
         at NewLife.Caching.RedisBase.Execute[T](Func`3 func, Boolean write)
         at NewLife.Caching.RedisHash`2.GetAll()
         at Admin.NET.Core.Service.SysCacheService.HashGetAll[T](String key) in D:\work\juai\api\Admin.NET.Core\Service\Cache\SysCacheService.cs:line 234
         at Admin.NET.Core.JuAI.Service.DrawingAlibabaService.AlibabaTaskFetchTask() in D:\work\juai\api\Admin.NET.Core.JuAi\Service\AIDrawing\DrawingAlibabaService.cs:line 55
         at Admin.NET.Core.JuAI.RealtimeJob.ExecuteAsync(JobExecutingContext context, CancellationToken stoppingToken) in D:\work\juai\api\Admin.NET.Core.JuAi\Job\RealtimeJob.cs:line 32
      ++++++++++++++++++++++++++++++++++++++++++++++++++++++++
fail: 2024-08-17 20:40:45.8346229 +08:00 星期六 L System.Logging.ScheduleService[0] #20
      [Furion.Pure.dll] void Furion.Schedule.ScheduleLogger.Log(LogLevel logLevel, string message, object[] args, Exception ex)
      Persistence of <trigger_realtime> trigger of <job_realtime> job failed.      
      ++++++++++++++++++++++++++++++++++++++++++++++++++++++++
      System.TimeoutException: 连接[tcp://guxin.link:6379][3000ms]超时！
         at NewLife.Caching.RedisClient.GetStream(Boolean create)
         at NewLife.Caching.RedisClient.ExecuteCommand(String cmd, Packet[] args, Object[] oriArgs)
         at NewLife.Caching.RedisClient.Execute(String cmd, Object[] args)
         at NewLife.Caching.RedisClient.Execute[TResult](String cmd, Object[] args)
         at NewLife.Caching.FullRedis.<>c__DisplayClass41_1.<Search>b__0(RedisClient r)
         at NewLife.Caching.Redis.Execute[TResult](Func`2 func)
         at NewLife.Caching.FullRedis.Search(SearchModel model)+MoveNext()
         at System.Linq.Enumerable.SelectEnumerableIterator`2.ToList()
         at Admin.NET.Core.Service.SysCacheService.GetKeysByPrefixKey(String prefixKey) in D:\work\juai\api\Admin.NET.Core\Service\Cache\SysCacheService.cs:line 126
         at Admin.NET.Core.SqlSugarCache.GetAllKey[V]() in D:\work\juai\api\Admin.NET.Core\Cache\SqlSugarCache.cs:line 44
         at SqlSugar.CacheSchemeMain.RemoveCache(ICacheService cacheService, String tableName)
         at SqlSugar.UpdateableProvider`1.<RemoveDataCache>b__139_0()
         at SqlSugar.UpdateableProvider`1.After(String sql)
         at SqlSugar.UpdateableProvider`1.ExecuteCommand()
         at Admin.NET.Core.Service.DbJobPersistence.OnTriggerChanged(PersistenceTriggerContext context) in D:\work\juai\api\Admin.NET.Core\Service\Job\DbJobPersistence.cs:line 177
         at Furion.Schedule.SchedulerFactory.ProcessQueue() in D:\work\juai\api\Plugins\Furion.Pure\Schedule\Factories\SchedulerFactory.Internal.cs:line 445
      ++++++++++++++++++++++++++++++++++++++++++++++++++++++++
fail: 2024-08-17 20:40:48.9087127 +08:00 星期六 L System.Logging.ScheduleService[0] #20
      [Furion.Pure.dll] void Furion.Schedule.ScheduleLogger.Log(LogLevel logLevel, string message, object[] args, Exception ex)
      Persistence of <trigger_realtime> trigger of <job_realtime> job failed.      
      ++++++++++++++++++++++++++++++++++++++++++++++++++++++++
      System.TimeoutException: 连接[tcp://guxin.link:6379][3000ms]超时！
         at NewLife.Caching.RedisClient.GetStream(Boolean create)
         at NewLife.Caching.RedisClient.ExecuteCommand(String cmd, Packet[] args, Object[] oriArgs)
         at NewLife.Caching.RedisClient.Execute(String cmd, Object[] args)
         at NewLife.Caching.RedisClient.Execute[TResult](String cmd, Object[] args)
         at NewLife.Caching.FullRedis.<>c__DisplayClass41_1.<Search>b__0(RedisClient r)
         at NewLife.Caching.Redis.Execute[TResult](Func`2 func)
         at NewLife.Caching.FullRedis.Search(SearchModel model)+MoveNext()
         at System.Linq.Enumerable.SelectEnumerableIterator`2.ToList()
         at Admin.NET.Core.Service.SysCacheService.GetKeysByPrefixKey(String prefixKey) in D:\work\juai\api\Admin.NET.Core\Service\Cache\SysCacheService.cs:line 126
         at Admin.NET.Core.SqlSugarCache.GetAllKey[V]() in D:\work\juai\api\Admin.NET.Core\Cache\SqlSugarCache.cs:line 44
         at SqlSugar.CacheSchemeMain.RemoveCache(ICacheService cacheService, String tableName)
         at SqlSugar.UpdateableProvider`1.<RemoveDataCache>b__139_0()
         at SqlSugar.UpdateableProvider`1.After(String sql)
         at SqlSugar.UpdateableProvider`1.ExecuteCommand()
         at Admin.NET.Core.Service.DbJobPersistence.OnTriggerChanged(PersistenceTriggerContext context) in D:\work\juai\api\Admin.NET.Core\Service\Job\DbJobPersistence.cs:line 177
         at Furion.Schedule.SchedulerFactory.ProcessQueue() in D:\work\juai\api\Plugins\Furion.Pure\Schedule\Factories\SchedulerFactory.Internal.cs:line 445
      ++++++++++++++++++++++++++++++++++++++++++++++++++++++++
fail: 2024-08-17 20:40:49.3081582 +08:00 星期六 L Admin.NET.Core.JuAI.OssAsyncJob[0] #22
      [Admin.NET.Core.JuAI.dll] async Task Admin.NET.Core.JuAI.RealtimeJob.ExecuteAsync(JobExecutingContext context, CancellationToken stoppingToken)
      实时任务出错连接[tcp://guxin.link:6379][3000ms]超时！      
      ++++++++++++++++++++++++++++++++++++++++++++++++++++++++
      System.TimeoutException: 连接[tcp://guxin.link:6379][3000ms]超时！
         at NewLife.Caching.RedisClient.GetStream(Boolean create)
         at NewLife.Caching.RedisClient.ExecuteCommand(String cmd, Packet[] args, Object[] oriArgs)
         at NewLife.Caching.RedisClient.Execute(String cmd, Object[] args)
         at NewLife.Caching.Redis.<>c.<GetInfo>b__101_1(RedisClient rds)
         at NewLife.Caching.Redis.Execute[TResult](Func`2 func)
         at NewLife.Caching.Redis.GetInfo(Boolean all)
         at NewLife.Caching.Redis.get_Info()
         at NewLife.Caching.FullRedis.InitCluster()
         at NewLife.Caching.FullRedis.Execute[T](String key, Func`3 func, Boolean write)
         at NewLife.Caching.RedisBase.Execute[T](Func`3 func, Boolean write)
         at NewLife.Caching.RedisHash`2.GetAll()
         at Admin.NET.Core.Service.SysCacheService.HashGetAll[T](String key) in D:\work\juai\api\Admin.NET.Core\Service\Cache\SysCacheService.cs:line 234
         at Admin.NET.Core.JuAI.Service.DrawingAlibabaService.AlibabaTaskFetchTask() in D:\work\juai\api\Admin.NET.Core.JuAi\Service\AIDrawing\DrawingAlibabaService.cs:line 55
         at Admin.NET.Core.JuAI.RealtimeJob.ExecuteAsync(JobExecutingContext context, CancellationToken stoppingToken) in D:\work\juai\api\Admin.NET.Core.JuAi\Job\RealtimeJob.cs:line 32
      ++++++++++++++++++++++++++++++++++++++++++++++++++++++++
fail: 2024-08-17 20:40:51.9824779 +08:00 星期六 L System.Logging.ScheduleService[0] #20
      [Furion.Pure.dll] void Furion.Schedule.ScheduleLogger.Log(LogLevel logLevel, string message, object[] args, Exception ex)
      The JobDetail of <job_realtime> persist failed.      
      ++++++++++++++++++++++++++++++++++++++++++++++++++++++++
      System.TimeoutException: 连接[tcp://guxin.link:6379][3000ms]超时！
         at NewLife.Caching.RedisClient.GetStream(Boolean create)
         at NewLife.Caching.RedisClient.ExecuteCommand(String cmd, Packet[] args, Object[] oriArgs)
         at NewLife.Caching.RedisClient.Execute(String cmd, Object[] args)
         at NewLife.Caching.RedisClient.Execute[TResult](String cmd, Object[] args)
         at NewLife.Caching.FullRedis.<>c__DisplayClass41_1.<Search>b__0(RedisClient r)
         at NewLife.Caching.Redis.Execute[TResult](Func`2 func)
         at NewLife.Caching.FullRedis.Search(SearchModel model)+MoveNext()
         at System.Linq.Enumerable.SelectEnumerableIterator`2.ToList()
         at Admin.NET.Core.Service.SysCacheService.GetKeysByPrefixKey(String prefixKey) in D:\work\juai\api\Admin.NET.Core\Service\Cache\SysCacheService.cs:line 126
         at Admin.NET.Core.SqlSugarCache.GetAllKey[V]() in D:\work\juai\api\Admin.NET.Core\Cache\SqlSugarCache.cs:line 44
         at SqlSugar.CacheSchemeMain.RemoveCache(ICacheService cacheService, String tableName)
         at SqlSugar.UpdateableProvider`1.<RemoveDataCache>b__139_0()
         at SqlSugar.UpdateableProvider`1.After(String sql)
         at SqlSugar.UpdateableProvider`1.ExecuteCommand()
         at Admin.NET.Core.Service.DbJobPersistence.OnChanged(PersistenceContext context) in D:\work\juai\api\Admin.NET.Core\Service\Job\DbJobPersistence.cs:line 146
         at Furion.Schedule.SchedulerFactory.ProcessQueue() in D:\work\juai\api\Plugins\Furion.Pure\Schedule\Factories\SchedulerFactory.Internal.cs:line 448
      ++++++++++++++++++++++++++++++++++++++++++++++++++++++++
fail: 2024-08-17 20:40:54.2800160 +08:00 星期六 L Admin.NET.Core.JuAI.OssAsyncJob[0] #25
      [Admin.NET.Core.JuAI.dll] async Task Admin.NET.Core.JuAI.RealtimeJob.ExecuteAsync(JobExecutingContext context, CancellationToken stoppingToken)
      实时任务出错连接[tcp://guxin.link:6379][3000ms]超时！      
      ++++++++++++++++++++++++++++++++++++++++++++++++++++++++
      System.TimeoutException: 连接[tcp://guxin.link:6379][3000ms]超时！
         at NewLife.Caching.RedisClient.GetStream(Boolean create)
         at NewLife.Caching.RedisClient.ExecuteCommand(String cmd, Packet[] args, Object[] oriArgs)
         at NewLife.Caching.RedisClient.Execute(String cmd, Object[] args)
         at NewLife.Caching.Redis.<>c.<GetInfo>b__101_1(RedisClient rds)
         at NewLife.Caching.Redis.Execute[TResult](Func`2 func)
         at NewLife.Caching.Redis.GetInfo(Boolean all)
         at NewLife.Caching.Redis.get_Info()
         at NewLife.Caching.FullRedis.InitCluster()
         at NewLife.Caching.FullRedis.Execute[T](String key, Func`3 func, Boolean write)
         at NewLife.Caching.RedisBase.Execute[T](Func`3 func, Boolean write)
         at NewLife.Caching.RedisHash`2.GetAll()
         at Admin.NET.Core.Service.SysCacheService.HashGetAll[T](String key) in D:\work\juai\api\Admin.NET.Core\Service\Cache\SysCacheService.cs:line 234
         at Admin.NET.Core.JuAI.Service.DrawingAlibabaService.AlibabaTaskFetchTask() in D:\work\juai\api\Admin.NET.Core.JuAi\Service\AIDrawing\DrawingAlibabaService.cs:line 55
         at Admin.NET.Core.JuAI.RealtimeJob.ExecuteAsync(JobExecutingContext context, CancellationToken stoppingToken) in D:\work\juai\api\Admin.NET.Core.JuAi\Job\RealtimeJob.cs:line 32
      ++++++++++++++++++++++++++++++++++++++++++++++++++++++++
fail: 2024-08-17 20:40:55.0525426 +08:00 星期六 L System.Logging.ScheduleService[0] #20
      [Furion.Pure.dll] void Furion.Schedule.ScheduleLogger.Log(LogLevel logLevel, string message, object[] args, Exception ex)
      The JobDetail of <job_realtime> persist failed.      
      ++++++++++++++++++++++++++++++++++++++++++++++++++++++++
      System.TimeoutException: 连接[tcp://guxin.link:6379][3000ms]超时！
         at NewLife.Caching.RedisClient.GetStream(Boolean create)
         at NewLife.Caching.RedisClient.ExecuteCommand(String cmd, Packet[] args, Object[] oriArgs)
         at NewLife.Caching.RedisClient.Execute(String cmd, Object[] args)
         at NewLife.Caching.RedisClient.Execute[TResult](String cmd, Object[] args)
         at NewLife.Caching.FullRedis.<>c__DisplayClass41_1.<Search>b__0(RedisClient r)
         at NewLife.Caching.Redis.Execute[TResult](Func`2 func)
         at NewLife.Caching.FullRedis.Search(SearchModel model)+MoveNext()
         at System.Linq.Enumerable.SelectEnumerableIterator`2.ToList()
         at Admin.NET.Core.Service.SysCacheService.GetKeysByPrefixKey(String prefixKey) in D:\work\juai\api\Admin.NET.Core\Service\Cache\SysCacheService.cs:line 126
         at Admin.NET.Core.SqlSugarCache.GetAllKey[V]() in D:\work\juai\api\Admin.NET.Core\Cache\SqlSugarCache.cs:line 44
         at SqlSugar.CacheSchemeMain.RemoveCache(ICacheService cacheService, String tableName)
         at SqlSugar.UpdateableProvider`1.<RemoveDataCache>b__139_0()
         at SqlSugar.UpdateableProvider`1.After(String sql)
         at SqlSugar.UpdateableProvider`1.ExecuteCommand()
         at Admin.NET.Core.Service.DbJobPersistence.OnChanged(PersistenceContext context) in D:\work\juai\api\Admin.NET.Core\Service\Job\DbJobPersistence.cs:line 146
         at Furion.Schedule.SchedulerFactory.ProcessQueue() in D:\work\juai\api\Plugins\Furion.Pure\Schedule\Factories\SchedulerFactory.Internal.cs:line 448
      ++++++++++++++++++++++++++++++++++++++++++++++++++++++++
fail: 2024-08-17 20:40:58.1195315 +08:00 星期六 L System.Logging.ScheduleService[0] #20
      [Furion.Pure.dll] void Furion.Schedule.ScheduleLogger.Log(LogLevel logLevel, string message, object[] args, Exception ex)
      Persistence of <trigger_realtime> trigger of <job_realtime> job failed.      
      ++++++++++++++++++++++++++++++++++++++++++++++++++++++++
      System.TimeoutException: 连接[tcp://guxin.link:6379][3000ms]超时！
         at NewLife.Caching.RedisClient.GetStream(Boolean create)
         at NewLife.Caching.RedisClient.ExecuteCommand(String cmd, Packet[] args, Object[] oriArgs)
         at NewLife.Caching.RedisClient.Execute(String cmd, Object[] args)
         at NewLife.Caching.RedisClient.Execute[TResult](String cmd, Object[] args)
         at NewLife.Caching.FullRedis.<>c__DisplayClass41_1.<Search>b__0(RedisClient r)
         at NewLife.Caching.Redis.Execute[TResult](Func`2 func)
         at NewLife.Caching.FullRedis.Search(SearchModel model)+MoveNext()
         at System.Linq.Enumerable.SelectEnumerableIterator`2.ToList()
         at Admin.NET.Core.Service.SysCacheService.GetKeysByPrefixKey(String prefixKey) in D:\work\juai\api\Admin.NET.Core\Service\Cache\SysCacheService.cs:line 126
         at Admin.NET.Core.SqlSugarCache.GetAllKey[V]() in D:\work\juai\api\Admin.NET.Core\Cache\SqlSugarCache.cs:line 44
         at SqlSugar.CacheSchemeMain.RemoveCache(ICacheService cacheService, String tableName)
         at SqlSugar.UpdateableProvider`1.<RemoveDataCache>b__139_0()
         at SqlSugar.UpdateableProvider`1.After(String sql)
         at SqlSugar.UpdateableProvider`1.ExecuteCommand()
         at Admin.NET.Core.Service.DbJobPersistence.OnTriggerChanged(PersistenceTriggerContext context) in D:\work\juai\api\Admin.NET.Core\Service\Job\DbJobPersistence.cs:line 177
         at Furion.Schedule.SchedulerFactory.ProcessQueue() in D:\work\juai\api\Plugins\Furion.Pure\Schedule\Factories\SchedulerFactory.Internal.cs:line 445
      ++++++++++++++++++++++++++++++++++++++++++++++++++++++++
fail: 2024-08-17 20:40:59.2447355 +08:00 星期六 L Admin.NET.Core.JuAI.OssAsyncJob[0] #22
      [Admin.NET.Core.JuAI.dll] async Task Admin.NET.Core.JuAI.RealtimeJob.ExecuteAsync(JobExecutingContext context, CancellationToken stoppingToken)
      实时任务出错连接[tcp://guxin.link:6379][3000ms]超时！      
      ++++++++++++++++++++++++++++++++++++++++++++++++++++++++
      System.TimeoutException: 连接[tcp://guxin.link:6379][3000ms]超时！
         at NewLife.Caching.RedisClient.GetStream(Boolean create)
         at NewLife.Caching.RedisClient.ExecuteCommand(String cmd, Packet[] args, Object[] oriArgs)
         at NewLife.Caching.RedisClient.Execute(String cmd, Object[] args)
         at NewLife.Caching.Redis.<>c.<GetInfo>b__101_1(RedisClient rds)
         at NewLife.Caching.Redis.Execute[TResult](Func`2 func)
         at NewLife.Caching.Redis.GetInfo(Boolean all)
         at NewLife.Caching.Redis.get_Info()
         at NewLife.Caching.FullRedis.InitCluster()
         at NewLife.Caching.FullRedis.Execute[T](String key, Func`3 func, Boolean write)
         at NewLife.Caching.RedisBase.Execute[T](Func`3 func, Boolean write)
         at NewLife.Caching.RedisHash`2.GetAll()
         at Admin.NET.Core.Service.SysCacheService.HashGetAll[T](String key) in D:\work\juai\api\Admin.NET.Core\Service\Cache\SysCacheService.cs:line 234
         at Admin.NET.Core.JuAI.Service.DrawingAlibabaService.AlibabaTaskFetchTask() in D:\work\juai\api\Admin.NET.Core.JuAi\Service\AIDrawing\DrawingAlibabaService.cs:line 55
         at Admin.NET.Core.JuAI.RealtimeJob.ExecuteAsync(JobExecutingContext context, CancellationToken stoppingToken) in D:\work\juai\api\Admin.NET.Core.JuAi\Job\RealtimeJob.cs:line 32
      ++++++++++++++++++++++++++++++++++++++++++++++++++++++++
fail: 2024-08-17 20:41:01.2044914 +08:00 星期六 L System.Logging.ScheduleService[0] #20
      [Furion.Pure.dll] void Furion.Schedule.ScheduleLogger.Log(LogLevel logLevel, string message, object[] args, Exception ex)
      Persistence of <trigger_realtime> trigger of <job_realtime> job failed.      
      ++++++++++++++++++++++++++++++++++++++++++++++++++++++++
      System.TimeoutException: 连接[tcp://guxin.link:6379][3000ms]超时！
         at NewLife.Caching.RedisClient.GetStream(Boolean create)
         at NewLife.Caching.RedisClient.ExecuteCommand(String cmd, Packet[] args, Object[] oriArgs)
         at NewLife.Caching.RedisClient.Execute(String cmd, Object[] args)
         at NewLife.Caching.RedisClient.Execute[TResult](String cmd, Object[] args)
         at NewLife.Caching.FullRedis.<>c__DisplayClass41_1.<Search>b__0(RedisClient r)
         at NewLife.Caching.Redis.Execute[TResult](Func`2 func)
         at NewLife.Caching.FullRedis.Search(SearchModel model)+MoveNext()
         at System.Linq.Enumerable.SelectEnumerableIterator`2.ToList()
         at Admin.NET.Core.Service.SysCacheService.GetKeysByPrefixKey(String prefixKey) in D:\work\juai\api\Admin.NET.Core\Service\Cache\SysCacheService.cs:line 126
         at Admin.NET.Core.SqlSugarCache.GetAllKey[V]() in D:\work\juai\api\Admin.NET.Core\Cache\SqlSugarCache.cs:line 44
         at SqlSugar.CacheSchemeMain.RemoveCache(ICacheService cacheService, String tableName)
         at SqlSugar.UpdateableProvider`1.<RemoveDataCache>b__139_0()
         at SqlSugar.UpdateableProvider`1.After(String sql)
         at SqlSugar.UpdateableProvider`1.ExecuteCommand()
         at Admin.NET.Core.Service.DbJobPersistence.OnTriggerChanged(PersistenceTriggerContext context) in D:\work\juai\api\Admin.NET.Core\Service\Job\DbJobPersistence.cs:line 177
         at Furion.Schedule.SchedulerFactory.ProcessQueue() in D:\work\juai\api\Plugins\Furion.Pure\Schedule\Factories\SchedulerFactory.Internal.cs:line 445
      ++++++++++++++++++++++++++++++++++++++++++++++++++++++++
fail: 2024-08-17 20:41:04.2269266 +08:00 星期六 L Admin.NET.Core.JuAI.OssAsyncJob[0] #22
      [Admin.NET.Core.JuAI.dll] async Task Admin.NET.Core.JuAI.RealtimeJob.ExecuteAsync(JobExecutingContext context, CancellationToken stoppingToken)
      实时任务出错连接[tcp://guxin.link:6379][3000ms]超时！      
      ++++++++++++++++++++++++++++++++++++++++++++++++++++++++
      System.TimeoutException: 连接[tcp://guxin.link:6379][3000ms]超时！
         at NewLife.Caching.RedisClient.GetStream(Boolean create)
         at NewLife.Caching.RedisClient.ExecuteCommand(String cmd, Packet[] args, Object[] oriArgs)
         at NewLife.Caching.RedisClient.Execute(String cmd, Object[] args)
         at NewLife.Caching.Redis.<>c.<GetInfo>b__101_1(RedisClient rds)
         at NewLife.Caching.Redis.Execute[TResult](Func`2 func)
         at NewLife.Caching.Redis.GetInfo(Boolean all)
         at NewLife.Caching.Redis.get_Info()
         at NewLife.Caching.FullRedis.InitCluster()
         at NewLife.Caching.FullRedis.Execute[T](String key, Func`3 func, Boolean write)
         at NewLife.Caching.RedisBase.Execute[T](Func`3 func, Boolean write)
         at NewLife.Caching.RedisHash`2.GetAll()
         at Admin.NET.Core.Service.SysCacheService.HashGetAll[T](String key) in D:\work\juai\api\Admin.NET.Core\Service\Cache\SysCacheService.cs:line 234
         at Admin.NET.Core.JuAI.Service.DrawingAlibabaService.AlibabaTaskFetchTask() in D:\work\juai\api\Admin.NET.Core.JuAi\Service\AIDrawing\DrawingAlibabaService.cs:line 55
         at Admin.NET.Core.JuAI.RealtimeJob.ExecuteAsync(JobExecutingContext context, CancellationToken stoppingToken) in D:\work\juai\api\Admin.NET.Core.JuAi\Job\RealtimeJob.cs:line 32
      ++++++++++++++++++++++++++++++++++++++++++++++++++++++++
fail: 2024-08-17 20:41:04.2827980 +08:00 星期六 L System.Logging.ScheduleService[0] #20
      [Furion.Pure.dll] void Furion.Schedule.ScheduleLogger.Log(LogLevel logLevel, string message, object[] args, Exception ex)
      The JobDetail of <job_realtime> persist failed.      
      ++++++++++++++++++++++++++++++++++++++++++++++++++++++++
      System.TimeoutException: 连接[tcp://guxin.link:6379][3000ms]超时！
         at NewLife.Caching.RedisClient.GetStream(Boolean create)
         at NewLife.Caching.RedisClient.ExecuteCommand(String cmd, Packet[] args, Object[] oriArgs)
         at NewLife.Caching.RedisClient.Execute(String cmd, Object[] args)
         at NewLife.Caching.RedisClient.Execute[TResult](String cmd, Object[] args)
         at NewLife.Caching.FullRedis.<>c__DisplayClass41_1.<Search>b__0(RedisClient r)
         at NewLife.Caching.Redis.Execute[TResult](Func`2 func)
         at NewLife.Caching.FullRedis.Search(SearchModel model)+MoveNext()
         at System.Linq.Enumerable.SelectEnumerableIterator`2.ToList()
         at Admin.NET.Core.Service.SysCacheService.GetKeysByPrefixKey(String prefixKey) in D:\work\juai\api\Admin.NET.Core\Service\Cache\SysCacheService.cs:line 126
         at Admin.NET.Core.SqlSugarCache.GetAllKey[V]() in D:\work\juai\api\Admin.NET.Core\Cache\SqlSugarCache.cs:line 44
         at SqlSugar.CacheSchemeMain.RemoveCache(ICacheService cacheService, String tableName)
         at SqlSugar.UpdateableProvider`1.<RemoveDataCache>b__139_0()
         at SqlSugar.UpdateableProvider`1.After(String sql)
         at SqlSugar.UpdateableProvider`1.ExecuteCommand()
         at Admin.NET.Core.Service.DbJobPersistence.OnChanged(PersistenceContext context) in D:\work\juai\api\Admin.NET.Core\Service\Job\DbJobPersistence.cs:line 146
         at Furion.Schedule.SchedulerFactory.ProcessQueue() in D:\work\juai\api\Plugins\Furion.Pure\Schedule\Factories\SchedulerFactory.Internal.cs:line 448
      ++++++++++++++++++++++++++++++++++++++++++++++++++++++++
fail: 2024-08-17 20:41:07.3502248 +08:00 星期六 L System.Logging.ScheduleService[0] #20
      [Furion.Pure.dll] void Furion.Schedule.ScheduleLogger.Log(LogLevel logLevel, string message, object[] args, Exception ex)
      The JobDetail of <job_realtime> persist failed.      
      ++++++++++++++++++++++++++++++++++++++++++++++++++++++++
      System.TimeoutException: 连接[tcp://guxin.link:6379][3000ms]超时！
         at NewLife.Caching.RedisClient.GetStream(Boolean create)
         at NewLife.Caching.RedisClient.ExecuteCommand(String cmd, Packet[] args, Object[] oriArgs)
         at NewLife.Caching.RedisClient.Execute(String cmd, Object[] args)
         at NewLife.Caching.RedisClient.Execute[TResult](String cmd, Object[] args)
         at NewLife.Caching.Redis.Execute[TResult](Func`2 func)
         at NewLife.Caching.FullRedis.Search(SearchModel model)+MoveNext()
         at System.Linq.Enumerable.SelectEnumerableIterator`2.ToList()
         at Admin.NET.Core.Service.SysCacheService.GetKeysByPrefixKey(String prefixKey) in D:\work\juai\api\Admin.NET.Core\Service\Cache\SysCacheService.cs:line 126
         at Admin.NET.Core.SqlSugarCache.GetAllKey[V]() in D:\work\juai\api\Admin.NET.Core\Cache\SqlSugarCache.cs:line 44
         at SqlSugar.CacheSchemeMain.RemoveCache(ICacheService cacheService, String tableName)
         at SqlSugar.UpdateableProvider`1.<RemoveDataCache>b__139_0()
         at SqlSugar.UpdateableProvider`1.After(String sql)
         at SqlSugar.UpdateableProvider`1.ExecuteCommand()
         at Admin.NET.Core.Service.DbJobPersistence.OnChanged(PersistenceContext context) in D:\work\juai\api\Admin.NET.Core\Service\Job\DbJobPersistence.cs:line 146
         at Furion.Schedule.SchedulerFactory.ProcessQueue() in D:\work\juai\api\Plugins\Furion.Pure\Schedule\Factories\SchedulerFactory.Internal.cs:line 448
      ++++++++++++++++++++++++++++++++++++++++++++++++++++++++
fail: 2024-08-17 20:41:09.2009550 +08:00 星期六 L Admin.NET.Core.JuAI.OssAsyncJob[0] #22
      [Admin.NET.Core.JuAI.dll] async Task Admin.NET.Core.JuAI.RealtimeJob.ExecuteAsync(JobExecutingContext context, CancellationToken stoppingToken)
      实时任务出错连接[tcp://guxin.link:6379][3000ms]超时！      
      ++++++++++++++++++++++++++++++++++++++++++++++++++++++++
      System.TimeoutException: 连接[tcp://guxin.link:6379][3000ms]超时！
         at NewLife.Caching.RedisClient.GetStream(Boolean create)
         at NewLife.Caching.RedisClient.ExecuteCommand(String cmd, Packet[] args, Object[] oriArgs)
         at NewLife.Caching.RedisClient.Execute(String cmd, Object[] args)
         at NewLife.Caching.Redis.<>c.<GetInfo>b__101_1(RedisClient rds)
         at NewLife.Caching.Redis.Execute[TResult](Func`2 func)
         at NewLife.Caching.Redis.GetInfo(Boolean all)
         at NewLife.Caching.Redis.get_Info()
         at NewLife.Caching.FullRedis.InitCluster()
         at NewLife.Caching.FullRedis.Execute[T](String key, Func`3 func, Boolean write)
         at NewLife.Caching.RedisBase.Execute[T](Func`3 func, Boolean write)
         at NewLife.Caching.RedisHash`2.GetAll()
         at Admin.NET.Core.Service.SysCacheService.HashGetAll[T](String key) in D:\work\juai\api\Admin.NET.Core\Service\Cache\SysCacheService.cs:line 234
         at Admin.NET.Core.JuAI.Service.DrawingAlibabaService.AlibabaTaskFetchTask() in D:\work\juai\api\Admin.NET.Core.JuAi\Service\AIDrawing\DrawingAlibabaService.cs:line 55
         at Admin.NET.Core.JuAI.RealtimeJob.ExecuteAsync(JobExecutingContext context, CancellationToken stoppingToken) in D:\work\juai\api\Admin.NET.Core.JuAi\Job\RealtimeJob.cs:line 32
      ++++++++++++++++++++++++++++++++++++++++++++++++++++++++
fail: 2024-08-17 20:41:10.4159997 +08:00 星期六 L System.Logging.ScheduleService[0] #20
      [Furion.Pure.dll] void Furion.Schedule.ScheduleLogger.Log(LogLevel logLevel, string message, object[] args, Exception ex)
      Persistence of <trigger_realtime> trigger of <job_realtime> job failed.      
      ++++++++++++++++++++++++++++++++++++++++++++++++++++++++
      System.TimeoutException: 连接[tcp://guxin.link:6379][3000ms]超时！
         at NewLife.Caching.RedisClient.GetStream(Boolean create)
         at NewLife.Caching.RedisClient.ExecuteCommand(String cmd, Packet[] args, Object[] oriArgs)
         at NewLife.Caching.RedisClient.Execute(String cmd, Object[] args)
         at NewLife.Caching.RedisClient.Execute[TResult](String cmd, Object[] args)
         at NewLife.Caching.Redis.Execute[TResult](Func`2 func)
         at NewLife.Caching.FullRedis.Search(SearchModel model)+MoveNext()
         at System.Linq.Enumerable.SelectEnumerableIterator`2.ToList()
         at Admin.NET.Core.Service.SysCacheService.GetKeysByPrefixKey(String prefixKey) in D:\work\juai\api\Admin.NET.Core\Service\Cache\SysCacheService.cs:line 126
         at Admin.NET.Core.SqlSugarCache.GetAllKey[V]() in D:\work\juai\api\Admin.NET.Core\Cache\SqlSugarCache.cs:line 44
         at SqlSugar.CacheSchemeMain.RemoveCache(ICacheService cacheService, String tableName)
         at SqlSugar.UpdateableProvider`1.<RemoveDataCache>b__139_0()
         at SqlSugar.UpdateableProvider`1.After(String sql)
         at SqlSugar.UpdateableProvider`1.ExecuteCommand()
         at Admin.NET.Core.Service.DbJobPersistence.OnTriggerChanged(PersistenceTriggerContext context) in D:\work\juai\api\Admin.NET.Core\Service\Job\DbJobPersistence.cs:line 177
         at Furion.Schedule.SchedulerFactory.ProcessQueue() in D:\work\juai\api\Plugins\Furion.Pure\Schedule\Factories\SchedulerFactory.Internal.cs:line 445
      ++++++++++++++++++++++++++++++++++++++++++++++++++++++++
fail: 2024-08-17 20:41:13.4890686 +08:00 星期六 L System.Logging.ScheduleService[0] #20
      [Furion.Pure.dll] void Furion.Schedule.ScheduleLogger.Log(LogLevel logLevel, string message, object[] args, Exception ex)
      Persistence of <trigger_realtime> trigger of <job_realtime> job failed.      
      ++++++++++++++++++++++++++++++++++++++++++++++++++++++++
      System.TimeoutException: 连接[tcp://guxin.link:6379][3000ms]超时！
         at NewLife.Caching.RedisClient.GetStream(Boolean create)
         at NewLife.Caching.RedisClient.ExecuteCommand(String cmd, Packet[] args, Object[] oriArgs)
         at NewLife.Caching.RedisClient.Execute(String cmd, Object[] args)
         at NewLife.Caching.RedisClient.Execute[TResult](String cmd, Object[] args)
         at NewLife.Caching.Redis.Execute[TResult](Func`2 func)
         at NewLife.Caching.FullRedis.Search(SearchModel model)+MoveNext()
         at System.Linq.Enumerable.SelectEnumerableIterator`2.ToList()
         at Admin.NET.Core.Service.SysCacheService.GetKeysByPrefixKey(String prefixKey) in D:\work\juai\api\Admin.NET.Core\Service\Cache\SysCacheService.cs:line 126
         at Admin.NET.Core.SqlSugarCache.GetAllKey[V]() in D:\work\juai\api\Admin.NET.Core\Cache\SqlSugarCache.cs:line 44
         at SqlSugar.CacheSchemeMain.RemoveCache(ICacheService cacheService, String tableName)
         at SqlSugar.UpdateableProvider`1.<RemoveDataCache>b__139_0()
         at SqlSugar.UpdateableProvider`1.After(String sql)
         at SqlSugar.UpdateableProvider`1.ExecuteCommand()
         at Admin.NET.Core.Service.DbJobPersistence.OnTriggerChanged(PersistenceTriggerContext context) in D:\work\juai\api\Admin.NET.Core\Service\Job\DbJobPersistence.cs:line 177
         at Furion.Schedule.SchedulerFactory.ProcessQueue() in D:\work\juai\api\Plugins\Furion.Pure\Schedule\Factories\SchedulerFactory.Internal.cs:line 445
      ++++++++++++++++++++++++++++++++++++++++++++++++++++++++
fail: 2024-08-17 20:41:14.1929267 +08:00 星期六 L Admin.NET.Core.JuAI.OssAsyncJob[0] #28
      [Admin.NET.Core.JuAI.dll] async Task Admin.NET.Core.JuAI.RealtimeJob.ExecuteAsync(JobExecutingContext context, CancellationToken stoppingToken)
      实时任务出错连接[tcp://guxin.link:6379][3000ms]超时！      
      ++++++++++++++++++++++++++++++++++++++++++++++++++++++++
      System.TimeoutException: 连接[tcp://guxin.link:6379][3000ms]超时！
         at NewLife.Caching.RedisClient.GetStream(Boolean create)
         at NewLife.Caching.RedisClient.ExecuteCommand(String cmd, Packet[] args, Object[] oriArgs)
         at NewLife.Caching.RedisClient.Execute(String cmd, Object[] args)
         at NewLife.Caching.Redis.<>c.<GetInfo>b__101_1(RedisClient rds)
         at NewLife.Caching.Redis.Execute[TResult](Func`2 func)
         at NewLife.Caching.Redis.GetInfo(Boolean all)
         at NewLife.Caching.Redis.get_Info()
         at NewLife.Caching.FullRedis.InitCluster()
         at NewLife.Caching.FullRedis.Execute[T](String key, Func`3 func, Boolean write)
         at NewLife.Caching.RedisBase.Execute[T](Func`3 func, Boolean write)
         at NewLife.Caching.RedisHash`2.GetAll()
         at Admin.NET.Core.Service.SysCacheService.HashGetAll[T](String key) in D:\work\juai\api\Admin.NET.Core\Service\Cache\SysCacheService.cs:line 234
         at Admin.NET.Core.JuAI.Service.DrawingAlibabaService.AlibabaTaskFetchTask() in D:\work\juai\api\Admin.NET.Core.JuAi\Service\AIDrawing\DrawingAlibabaService.cs:line 55
         at Admin.NET.Core.JuAI.RealtimeJob.ExecuteAsync(JobExecutingContext context, CancellationToken stoppingToken) in D:\work\juai\api\Admin.NET.Core.JuAi\Job\RealtimeJob.cs:line 32
      ++++++++++++++++++++++++++++++++++++++++++++++++++++++++
fail: 2024-08-17 20:41:16.5528047 +08:00 星期六 L System.Logging.ScheduleService[0] #20
      [Furion.Pure.dll] void Furion.Schedule.ScheduleLogger.Log(LogLevel logLevel, string message, object[] args, Exception ex)
      The JobDetail of <job_realtime> persist failed.      
      ++++++++++++++++++++++++++++++++++++++++++++++++++++++++
      System.TimeoutException: 连接[tcp://guxin.link:6379][3000ms]超时！
         at NewLife.Caching.RedisClient.GetStream(Boolean create)
         at NewLife.Caching.RedisClient.ExecuteCommand(String cmd, Packet[] args, Object[] oriArgs)
         at NewLife.Caching.RedisClient.Execute(String cmd, Object[] args)
         at NewLife.Caching.RedisClient.Execute[TResult](String cmd, Object[] args)
         at NewLife.Caching.Redis.Execute[TResult](Func`2 func)
         at NewLife.Caching.FullRedis.Search(SearchModel model)+MoveNext()
         at System.Linq.Enumerable.SelectEnumerableIterator`2.ToList()
         at Admin.NET.Core.Service.SysCacheService.GetKeysByPrefixKey(String prefixKey) in D:\work\juai\api\Admin.NET.Core\Service\Cache\SysCacheService.cs:line 126
         at Admin.NET.Core.SqlSugarCache.GetAllKey[V]() in D:\work\juai\api\Admin.NET.Core\Cache\SqlSugarCache.cs:line 44
         at SqlSugar.CacheSchemeMain.RemoveCache(ICacheService cacheService, String tableName)
         at SqlSugar.UpdateableProvider`1.<RemoveDataCache>b__139_0()
         at SqlSugar.UpdateableProvider`1.After(String sql)
         at SqlSugar.UpdateableProvider`1.ExecuteCommand()
         at Admin.NET.Core.Service.DbJobPersistence.OnChanged(PersistenceContext context) in D:\work\juai\api\Admin.NET.Core\Service\Job\DbJobPersistence.cs:line 146
         at Furion.Schedule.SchedulerFactory.ProcessQueue() in D:\work\juai\api\Plugins\Furion.Pure\Schedule\Factories\SchedulerFactory.Internal.cs:line 448
      ++++++++++++++++++++++++++++++++++++++++++++++++++++++++
fail: 2024-08-17 20:41:19.1624577 +08:00 星期六 L Admin.NET.Core.JuAI.OssAsyncJob[0] #27
      [Admin.NET.Core.JuAI.dll] async Task Admin.NET.Core.JuAI.RealtimeJob.ExecuteAsync(JobExecutingContext context, CancellationToken stoppingToken)
      实时任务出错连接[tcp://guxin.link:6379][3000ms]超时！      
      ++++++++++++++++++++++++++++++++++++++++++++++++++++++++
      System.TimeoutException: 连接[tcp://guxin.link:6379][3000ms]超时！
         at NewLife.Caching.RedisClient.GetStream(Boolean create)
         at NewLife.Caching.RedisClient.ExecuteCommand(String cmd, Packet[] args, Object[] oriArgs)
         at NewLife.Caching.RedisClient.Execute(String cmd, Object[] args)
         at NewLife.Caching.Redis.<>c.<GetInfo>b__101_1(RedisClient rds)
         at NewLife.Caching.Redis.Execute[TResult](Func`2 func)
         at NewLife.Caching.Redis.GetInfo(Boolean all)
         at NewLife.Caching.Redis.get_Info()
         at NewLife.Caching.FullRedis.InitCluster()
         at NewLife.Caching.FullRedis.Execute[T](String key, Func`3 func, Boolean write)
         at NewLife.Caching.RedisBase.Execute[T](Func`3 func, Boolean write)
         at NewLife.Caching.RedisHash`2.GetAll()
         at Admin.NET.Core.Service.SysCacheService.HashGetAll[T](String key) in D:\work\juai\api\Admin.NET.Core\Service\Cache\SysCacheService.cs:line 234
         at Admin.NET.Core.JuAI.Service.DrawingAlibabaService.AlibabaTaskFetchTask() in D:\work\juai\api\Admin.NET.Core.JuAi\Service\AIDrawing\DrawingAlibabaService.cs:line 55
         at Admin.NET.Core.JuAI.RealtimeJob.ExecuteAsync(JobExecutingContext context, CancellationToken stoppingToken) in D:\work\juai\api\Admin.NET.Core.JuAi\Job\RealtimeJob.cs:line 32
      ++++++++++++++++++++++++++++++++++++++++++++++++++++++++
fail: 2024-08-17 20:41:19.6329946 +08:00 星期六 L System.Logging.ScheduleService[0] #20
      [Furion.Pure.dll] void Furion.Schedule.ScheduleLogger.Log(LogLevel logLevel, string message, object[] args, Exception ex)
      The JobDetail of <job_realtime> persist failed.      
      ++++++++++++++++++++++++++++++++++++++++++++++++++++++++
      System.TimeoutException: 连接[tcp://guxin.link:6379][3000ms]超时！
         at NewLife.Caching.RedisClient.GetStream(Boolean create)
         at NewLife.Caching.RedisClient.ExecuteCommand(String cmd, Packet[] args, Object[] oriArgs)
         at NewLife.Caching.RedisClient.Execute(String cmd, Object[] args)
         at NewLife.Caching.RedisClient.Execute[TResult](String cmd, Object[] args)
         at NewLife.Caching.Redis.Execute[TResult](Func`2 func)
         at NewLife.Caching.FullRedis.Search(SearchModel model)+MoveNext()
         at System.Linq.Enumerable.SelectEnumerableIterator`2.ToList()
         at Admin.NET.Core.Service.SysCacheService.GetKeysByPrefixKey(String prefixKey) in D:\work\juai\api\Admin.NET.Core\Service\Cache\SysCacheService.cs:line 126
         at Admin.NET.Core.SqlSugarCache.GetAllKey[V]() in D:\work\juai\api\Admin.NET.Core\Cache\SqlSugarCache.cs:line 44
         at SqlSugar.CacheSchemeMain.RemoveCache(ICacheService cacheService, String tableName)
         at SqlSugar.UpdateableProvider`1.<RemoveDataCache>b__139_0()
         at SqlSugar.UpdateableProvider`1.After(String sql)
         at SqlSugar.UpdateableProvider`1.ExecuteCommand()
         at Admin.NET.Core.Service.DbJobPersistence.OnChanged(PersistenceContext context) in D:\work\juai\api\Admin.NET.Core\Service\Job\DbJobPersistence.cs:line 146
         at Furion.Schedule.SchedulerFactory.ProcessQueue() in D:\work\juai\api\Plugins\Furion.Pure\Schedule\Factories\SchedulerFactory.Internal.cs:line 448
      ++++++++++++++++++++++++++++++++++++++++++++++++++++++++
fail: 2024-08-17 20:41:22.7033298 +08:00 星期六 L System.Logging.ScheduleService[0] #20
      [Furion.Pure.dll] void Furion.Schedule.ScheduleLogger.Log(LogLevel logLevel, string message, object[] args, Exception ex)
      Persistence of <trigger_realtime> trigger of <job_realtime> job failed.      
      ++++++++++++++++++++++++++++++++++++++++++++++++++++++++
      System.TimeoutException: 连接[tcp://guxin.link:6379][3000ms]超时！
         at NewLife.Caching.RedisClient.GetStream(Boolean create)
         at NewLife.Caching.RedisClient.ExecuteCommand(String cmd, Packet[] args, Object[] oriArgs)
         at NewLife.Caching.RedisClient.Execute(String cmd, Object[] args)
         at NewLife.Caching.RedisClient.Execute[TResult](String cmd, Object[] args)
         at NewLife.Caching.Redis.Execute[TResult](Func`2 func)
         at NewLife.Caching.FullRedis.Search(SearchModel model)+MoveNext()
         at System.Linq.Enumerable.SelectEnumerableIterator`2.ToList()
         at Admin.NET.Core.Service.SysCacheService.GetKeysByPrefixKey(String prefixKey) in D:\work\juai\api\Admin.NET.Core\Service\Cache\SysCacheService.cs:line 126
         at Admin.NET.Core.SqlSugarCache.GetAllKey[V]() in D:\work\juai\api\Admin.NET.Core\Cache\SqlSugarCache.cs:line 44
         at SqlSugar.CacheSchemeMain.RemoveCache(ICacheService cacheService, String tableName)
         at SqlSugar.UpdateableProvider`1.<RemoveDataCache>b__139_0()
         at SqlSugar.UpdateableProvider`1.After(String sql)
         at SqlSugar.UpdateableProvider`1.ExecuteCommand()
         at Admin.NET.Core.Service.DbJobPersistence.OnTriggerChanged(PersistenceTriggerContext context) in D:\work\juai\api\Admin.NET.Core\Service\Job\DbJobPersistence.cs:line 177
         at Furion.Schedule.SchedulerFactory.ProcessQueue() in D:\work\juai\api\Plugins\Furion.Pure\Schedule\Factories\SchedulerFactory.Internal.cs:line 445
      ++++++++++++++++++++++++++++++++++++++++++++++++++++++++
fail: 2024-08-17 20:41:24.1508412 +08:00 星期六 L Admin.NET.Core.JuAI.OssAsyncJob[0] #22
      [Admin.NET.Core.JuAI.dll] async Task Admin.NET.Core.JuAI.RealtimeJob.ExecuteAsync(JobExecutingContext context, CancellationToken stoppingToken)
      实时任务出错连接[tcp://guxin.link:6379][3000ms]超时！      
      ++++++++++++++++++++++++++++++++++++++++++++++++++++++++
      System.TimeoutException: 连接[tcp://guxin.link:6379][3000ms]超时！
         at NewLife.Caching.RedisClient.GetStream(Boolean create)
         at NewLife.Caching.RedisClient.ExecuteCommand(String cmd, Packet[] args, Object[] oriArgs)
         at NewLife.Caching.RedisClient.Execute(String cmd, Object[] args)
         at NewLife.Caching.Redis.<>c.<GetInfo>b__101_1(RedisClient rds)
         at NewLife.Caching.Redis.Execute[TResult](Func`2 func)
         at NewLife.Caching.Redis.GetInfo(Boolean all)
         at NewLife.Caching.Redis.get_Info()
         at NewLife.Caching.FullRedis.InitCluster()
         at NewLife.Caching.FullRedis.Execute[T](String key, Func`3 func, Boolean write)
         at NewLife.Caching.RedisBase.Execute[T](Func`3 func, Boolean write)
         at NewLife.Caching.RedisHash`2.GetAll()
         at Admin.NET.Core.Service.SysCacheService.HashGetAll[T](String key) in D:\work\juai\api\Admin.NET.Core\Service\Cache\SysCacheService.cs:line 234
         at Admin.NET.Core.JuAI.Service.DrawingAlibabaService.AlibabaTaskFetchTask() in D:\work\juai\api\Admin.NET.Core.JuAi\Service\AIDrawing\DrawingAlibabaService.cs:line 55
         at Admin.NET.Core.JuAI.RealtimeJob.ExecuteAsync(JobExecutingContext context, CancellationToken stoppingToken) in D:\work\juai\api\Admin.NET.Core.JuAi\Job\RealtimeJob.cs:line 32
      ++++++++++++++++++++++++++++++++++++++++++++++++++++++++
fail: 2024-08-17 20:41:25.7684833 +08:00 星期六 L System.Logging.ScheduleService[0] #20
      [Furion.Pure.dll] void Furion.Schedule.ScheduleLogger.Log(LogLevel logLevel, string message, object[] args, Exception ex)
      Persistence of <trigger_realtime> trigger of <job_realtime> job failed.      
      ++++++++++++++++++++++++++++++++++++++++++++++++++++++++
      System.TimeoutException: 连接[tcp://guxin.link:6379][3000ms]超时！
         at NewLife.Caching.RedisClient.GetStream(Boolean create)
         at NewLife.Caching.RedisClient.ExecuteCommand(String cmd, Packet[] args, Object[] oriArgs)
         at NewLife.Caching.RedisClient.Execute(String cmd, Object[] args)
         at NewLife.Caching.RedisClient.Execute[TResult](String cmd, Object[] args)
         at NewLife.Caching.Redis.Execute[TResult](Func`2 func)
         at NewLife.Caching.FullRedis.Search(SearchModel model)+MoveNext()
         at System.Linq.Enumerable.SelectEnumerableIterator`2.ToList()
         at Admin.NET.Core.Service.SysCacheService.GetKeysByPrefixKey(String prefixKey) in D:\work\juai\api\Admin.NET.Core\Service\Cache\SysCacheService.cs:line 126
         at Admin.NET.Core.SqlSugarCache.GetAllKey[V]() in D:\work\juai\api\Admin.NET.Core\Cache\SqlSugarCache.cs:line 44
         at SqlSugar.CacheSchemeMain.RemoveCache(ICacheService cacheService, String tableName)
         at SqlSugar.UpdateableProvider`1.<RemoveDataCache>b__139_0()
         at SqlSugar.UpdateableProvider`1.After(String sql)
         at SqlSugar.UpdateableProvider`1.ExecuteCommand()
         at Admin.NET.Core.Service.DbJobPersistence.OnTriggerChanged(PersistenceTriggerContext context) in D:\work\juai\api\Admin.NET.Core\Service\Job\DbJobPersistence.cs:line 177
         at Furion.Schedule.SchedulerFactory.ProcessQueue() in D:\work\juai\api\Plugins\Furion.Pure\Schedule\Factories\SchedulerFactory.Internal.cs:line 445
      ++++++++++++++++++++++++++++++++++++++++++++++++++++++++
fail: 2024-08-17 20:41:28.8273392 +08:00 星期六 L System.Logging.ScheduleService[0] #20
      [Furion.Pure.dll] void Furion.Schedule.ScheduleLogger.Log(LogLevel logLevel, string message, object[] args, Exception ex)
      The JobDetail of <job_realtime> persist failed.      
      ++++++++++++++++++++++++++++++++++++++++++++++++++++++++
      System.TimeoutException: 连接[tcp://guxin.link:6379][3000ms]超时！
         at NewLife.Caching.RedisClient.GetStream(Boolean create)
         at NewLife.Caching.RedisClient.ExecuteCommand(String cmd, Packet[] args, Object[] oriArgs)
         at NewLife.Caching.RedisClient.Execute(String cmd, Object[] args)
         at NewLife.Caching.RedisClient.Execute[TResult](String cmd, Object[] args)
         at NewLife.Caching.Redis.Execute[TResult](Func`2 func)
         at NewLife.Caching.FullRedis.Search(SearchModel model)+MoveNext()
         at System.Linq.Enumerable.SelectEnumerableIterator`2.ToList()
         at Admin.NET.Core.Service.SysCacheService.GetKeysByPrefixKey(String prefixKey) in D:\work\juai\api\Admin.NET.Core\Service\Cache\SysCacheService.cs:line 126
         at Admin.NET.Core.SqlSugarCache.GetAllKey[V]() in D:\work\juai\api\Admin.NET.Core\Cache\SqlSugarCache.cs:line 44
         at SqlSugar.CacheSchemeMain.RemoveCache(ICacheService cacheService, String tableName)
         at SqlSugar.UpdateableProvider`1.<RemoveDataCache>b__139_0()
         at SqlSugar.UpdateableProvider`1.After(String sql)
         at SqlSugar.UpdateableProvider`1.ExecuteCommand()
         at Admin.NET.Core.Service.DbJobPersistence.OnChanged(PersistenceContext context) in D:\work\juai\api\Admin.NET.Core\Service\Job\DbJobPersistence.cs:line 146
         at Furion.Schedule.SchedulerFactory.ProcessQueue() in D:\work\juai\api\Plugins\Furion.Pure\Schedule\Factories\SchedulerFactory.Internal.cs:line 448
      ++++++++++++++++++++++++++++++++++++++++++++++++++++++++
fail: 2024-08-17 20:41:29.1355915 +08:00 星期六 L Admin.NET.Core.JuAI.OssAsyncJob[0] #27
      [Admin.NET.Core.JuAI.dll] async Task Admin.NET.Core.JuAI.RealtimeJob.ExecuteAsync(JobExecutingContext context, CancellationToken stoppingToken)
      实时任务出错连接[tcp://guxin.link:6379][3000ms]超时！      
      ++++++++++++++++++++++++++++++++++++++++++++++++++++++++
      System.TimeoutException: 连接[tcp://guxin.link:6379][3000ms]超时！
         at NewLife.Caching.RedisClient.GetStream(Boolean create)
         at NewLife.Caching.RedisClient.ExecuteCommand(String cmd, Packet[] args, Object[] oriArgs)
         at NewLife.Caching.RedisClient.Execute(String cmd, Object[] args)
         at NewLife.Caching.Redis.<>c.<GetInfo>b__101_1(RedisClient rds)
         at NewLife.Caching.Redis.Execute[TResult](Func`2 func)
         at NewLife.Caching.Redis.GetInfo(Boolean all)
         at NewLife.Caching.Redis.get_Info()
         at NewLife.Caching.FullRedis.InitCluster()
         at NewLife.Caching.FullRedis.Execute[T](String key, Func`3 func, Boolean write)
         at NewLife.Caching.RedisBase.Execute[T](Func`3 func, Boolean write)
         at NewLife.Caching.RedisHash`2.GetAll()
         at Admin.NET.Core.Service.SysCacheService.HashGetAll[T](String key) in D:\work\juai\api\Admin.NET.Core\Service\Cache\SysCacheService.cs:line 234
         at Admin.NET.Core.JuAI.Service.DrawingAlibabaService.AlibabaTaskFetchTask() in D:\work\juai\api\Admin.NET.Core.JuAi\Service\AIDrawing\DrawingAlibabaService.cs:line 55
         at Admin.NET.Core.JuAI.RealtimeJob.ExecuteAsync(JobExecutingContext context, CancellationToken stoppingToken) in D:\work\juai\api\Admin.NET.Core.JuAi\Job\RealtimeJob.cs:line 32
      ++++++++++++++++++++++++++++++++++++++++++++++++++++++++
fail: 2024-08-17 20:41:31.8982274 +08:00 星期六 L System.Logging.ScheduleService[0] #20
      [Furion.Pure.dll] void Furion.Schedule.ScheduleLogger.Log(LogLevel logLevel, string message, object[] args, Exception ex)
      The JobDetail of <job_realtime> persist failed.      
      ++++++++++++++++++++++++++++++++++++++++++++++++++++++++
      System.TimeoutException: 连接[tcp://guxin.link:6379][3000ms]超时！
         at NewLife.Caching.RedisClient.GetStream(Boolean create)
         at NewLife.Caching.RedisClient.ExecuteCommand(String cmd, Packet[] args, Object[] oriArgs)
         at NewLife.Caching.RedisClient.Execute(String cmd, Object[] args)
         at NewLife.Caching.RedisClient.Execute[TResult](String cmd, Object[] args)
         at NewLife.Caching.Redis.Execute[TResult](Func`2 func)
         at NewLife.Caching.FullRedis.Search(SearchModel model)+MoveNext()
         at System.Linq.Enumerable.SelectEnumerableIterator`2.ToList()
         at Admin.NET.Core.Service.SysCacheService.GetKeysByPrefixKey(String prefixKey) in D:\work\juai\api\Admin.NET.Core\Service\Cache\SysCacheService.cs:line 126
         at Admin.NET.Core.SqlSugarCache.GetAllKey[V]() in D:\work\juai\api\Admin.NET.Core\Cache\SqlSugarCache.cs:line 44
         at SqlSugar.CacheSchemeMain.RemoveCache(ICacheService cacheService, String tableName)
         at SqlSugar.UpdateableProvider`1.<RemoveDataCache>b__139_0()
         at SqlSugar.UpdateableProvider`1.After(String sql)
         at SqlSugar.UpdateableProvider`1.ExecuteCommand()
         at Admin.NET.Core.Service.DbJobPersistence.OnChanged(PersistenceContext context) in D:\work\juai\api\Admin.NET.Core\Service\Job\DbJobPersistence.cs:line 146
         at Furion.Schedule.SchedulerFactory.ProcessQueue() in D:\work\juai\api\Plugins\Furion.Pure\Schedule\Factories\SchedulerFactory.Internal.cs:line 448
      ++++++++++++++++++++++++++++++++++++++++++++++++++++++++
fail: 2024-08-17 20:41:34.1061788 +08:00 星期六 L Admin.NET.Core.JuAI.OssAsyncJob[0] #25
      [Admin.NET.Core.JuAI.dll] async Task Admin.NET.Core.JuAI.RealtimeJob.ExecuteAsync(JobExecutingContext context, CancellationToken stoppingToken)
      实时任务出错连接[tcp://guxin.link:6379][3000ms]超时！      
      ++++++++++++++++++++++++++++++++++++++++++++++++++++++++
      System.TimeoutException: 连接[tcp://guxin.link:6379][3000ms]超时！
         at NewLife.Caching.RedisClient.GetStream(Boolean create)
         at NewLife.Caching.RedisClient.ExecuteCommand(String cmd, Packet[] args, Object[] oriArgs)
         at NewLife.Caching.RedisClient.Execute(String cmd, Object[] args)
         at NewLife.Caching.Redis.<>c.<GetInfo>b__101_1(RedisClient rds)
         at NewLife.Caching.Redis.Execute[TResult](Func`2 func)
         at NewLife.Caching.Redis.GetInfo(Boolean all)
         at NewLife.Caching.Redis.get_Info()
         at NewLife.Caching.FullRedis.InitCluster()
         at NewLife.Caching.FullRedis.Execute[T](String key, Func`3 func, Boolean write)
         at NewLife.Caching.RedisBase.Execute[T](Func`3 func, Boolean write)
         at NewLife.Caching.RedisHash`2.GetAll()
         at Admin.NET.Core.Service.SysCacheService.HashGetAll[T](String key) in D:\work\juai\api\Admin.NET.Core\Service\Cache\SysCacheService.cs:line 234
         at Admin.NET.Core.JuAI.Service.DrawingAlibabaService.AlibabaTaskFetchTask() in D:\work\juai\api\Admin.NET.Core.JuAi\Service\AIDrawing\DrawingAlibabaService.cs:line 55
         at Admin.NET.Core.JuAI.RealtimeJob.ExecuteAsync(JobExecutingContext context, CancellationToken stoppingToken) in D:\work\juai\api\Admin.NET.Core.JuAi\Job\RealtimeJob.cs:line 32
      ++++++++++++++++++++++++++++++++++++++++++++++++++++++++
fail: 2024-08-17 20:41:34.9666982 +08:00 星期六 L System.Logging.ScheduleService[0] #20
      [Furion.Pure.dll] void Furion.Schedule.ScheduleLogger.Log(LogLevel logLevel, string message, object[] args, Exception ex)
      Persistence of <trigger_realtime> trigger of <job_realtime> job failed.      
      ++++++++++++++++++++++++++++++++++++++++++++++++++++++++
      System.TimeoutException: 连接[tcp://guxin.link:6379][3000ms]超时！
         at NewLife.Caching.RedisClient.GetStream(Boolean create)
         at NewLife.Caching.RedisClient.ExecuteCommand(String cmd, Packet[] args, Object[] oriArgs)
         at NewLife.Caching.RedisClient.Execute(String cmd, Object[] args)
         at NewLife.Caching.RedisClient.Execute[TResult](String cmd, Object[] args)
         at NewLife.Caching.Redis.Execute[TResult](Func`2 func)
         at NewLife.Caching.FullRedis.Search(SearchModel model)+MoveNext()
         at System.Linq.Enumerable.SelectEnumerableIterator`2.ToList()
         at Admin.NET.Core.Service.SysCacheService.GetKeysByPrefixKey(String prefixKey) in D:\work\juai\api\Admin.NET.Core\Service\Cache\SysCacheService.cs:line 126
         at Admin.NET.Core.SqlSugarCache.GetAllKey[V]() in D:\work\juai\api\Admin.NET.Core\Cache\SqlSugarCache.cs:line 44
         at SqlSugar.CacheSchemeMain.RemoveCache(ICacheService cacheService, String tableName)
         at SqlSugar.UpdateableProvider`1.<RemoveDataCache>b__139_0()
         at SqlSugar.UpdateableProvider`1.After(String sql)
         at SqlSugar.UpdateableProvider`1.ExecuteCommand()
         at Admin.NET.Core.Service.DbJobPersistence.OnTriggerChanged(PersistenceTriggerContext context) in D:\work\juai\api\Admin.NET.Core\Service\Job\DbJobPersistence.cs:line 177
         at Furion.Schedule.SchedulerFactory.ProcessQueue() in D:\work\juai\api\Plugins\Furion.Pure\Schedule\Factories\SchedulerFactory.Internal.cs:line 445
      ++++++++++++++++++++++++++++++++++++++++++++++++++++++++
fail: 2024-08-17 20:41:38.0349448 +08:00 星期六 L System.Logging.ScheduleService[0] #20
      [Furion.Pure.dll] void Furion.Schedule.ScheduleLogger.Log(LogLevel logLevel, string message, object[] args, Exception ex)
      Persistence of <trigger_realtime> trigger of <job_realtime> job failed.      
      ++++++++++++++++++++++++++++++++++++++++++++++++++++++++
      System.TimeoutException: 连接[tcp://guxin.link:6379][3000ms]超时！
         at NewLife.Caching.RedisClient.GetStream(Boolean create)
         at NewLife.Caching.RedisClient.ExecuteCommand(String cmd, Packet[] args, Object[] oriArgs)
         at NewLife.Caching.RedisClient.Execute(String cmd, Object[] args)
         at NewLife.Caching.RedisClient.Execute[TResult](String cmd, Object[] args)
         at NewLife.Caching.Redis.Execute[TResult](Func`2 func)
         at NewLife.Caching.FullRedis.Search(SearchModel model)+MoveNext()
         at System.Linq.Enumerable.SelectEnumerableIterator`2.ToList()
         at Admin.NET.Core.Service.SysCacheService.GetKeysByPrefixKey(String prefixKey) in D:\work\juai\api\Admin.NET.Core\Service\Cache\SysCacheService.cs:line 126
         at Admin.NET.Core.SqlSugarCache.GetAllKey[V]() in D:\work\juai\api\Admin.NET.Core\Cache\SqlSugarCache.cs:line 44
         at SqlSugar.CacheSchemeMain.RemoveCache(ICacheService cacheService, String tableName)
         at SqlSugar.UpdateableProvider`1.<RemoveDataCache>b__139_0()
         at SqlSugar.UpdateableProvider`1.After(String sql)
         at SqlSugar.UpdateableProvider`1.ExecuteCommand()
         at Admin.NET.Core.Service.DbJobPersistence.OnTriggerChanged(PersistenceTriggerContext context) in D:\work\juai\api\Admin.NET.Core\Service\Job\DbJobPersistence.cs:line 177
         at Furion.Schedule.SchedulerFactory.ProcessQueue() in D:\work\juai\api\Plugins\Furion.Pure\Schedule\Factories\SchedulerFactory.Internal.cs:line 445
      ++++++++++++++++++++++++++++++++++++++++++++++++++++++++
fail: 2024-08-17 20:41:39.1022001 +08:00 星期六 L Admin.NET.Core.JuAI.OssAsyncJob[0] #27
      [Admin.NET.Core.JuAI.dll] async Task Admin.NET.Core.JuAI.RealtimeJob.ExecuteAsync(JobExecutingContext context, CancellationToken stoppingToken)
      实时任务出错连接[tcp://guxin.link:6379][3000ms]超时！      
      ++++++++++++++++++++++++++++++++++++++++++++++++++++++++
      System.TimeoutException: 连接[tcp://guxin.link:6379][3000ms]超时！
         at NewLife.Caching.RedisClient.GetStream(Boolean create)
         at NewLife.Caching.RedisClient.ExecuteCommand(String cmd, Packet[] args, Object[] oriArgs)
         at NewLife.Caching.RedisClient.Execute(String cmd, Object[] args)
         at NewLife.Caching.Redis.<>c.<GetInfo>b__101_1(RedisClient rds)
         at NewLife.Caching.Redis.Execute[TResult](Func`2 func)
         at NewLife.Caching.Redis.GetInfo(Boolean all)
         at NewLife.Caching.Redis.get_Info()
         at NewLife.Caching.FullRedis.InitCluster()
         at NewLife.Caching.FullRedis.Execute[T](String key, Func`3 func, Boolean write)
         at NewLife.Caching.RedisBase.Execute[T](Func`3 func, Boolean write)
         at NewLife.Caching.RedisHash`2.GetAll()
         at Admin.NET.Core.Service.SysCacheService.HashGetAll[T](String key) in D:\work\juai\api\Admin.NET.Core\Service\Cache\SysCacheService.cs:line 234
         at Admin.NET.Core.JuAI.Service.DrawingAlibabaService.AlibabaTaskFetchTask() in D:\work\juai\api\Admin.NET.Core.JuAi\Service\AIDrawing\DrawingAlibabaService.cs:line 55
         at Admin.NET.Core.JuAI.RealtimeJob.ExecuteAsync(JobExecutingContext context, CancellationToken stoppingToken) in D:\work\juai\api\Admin.NET.Core.JuAi\Job\RealtimeJob.cs:line 32
      ++++++++++++++++++++++++++++++++++++++++++++++++++++++++
fail: 2024-08-17 20:41:41.1041441 +08:00 星期六 L System.Logging.ScheduleService[0] #20
      [Furion.Pure.dll] void Furion.Schedule.ScheduleLogger.Log(LogLevel logLevel, string message, object[] args, Exception ex)
      The JobDetail of <job_realtime> persist failed.      
      ++++++++++++++++++++++++++++++++++++++++++++++++++++++++
      System.TimeoutException: 连接[tcp://guxin.link:6379][3000ms]超时！
         at NewLife.Caching.RedisClient.GetStream(Boolean create)
         at NewLife.Caching.RedisClient.ExecuteCommand(String cmd, Packet[] args, Object[] oriArgs)
         at NewLife.Caching.RedisClient.Execute(String cmd, Object[] args)
         at NewLife.Caching.RedisClient.Execute[TResult](String cmd, Object[] args)
         at NewLife.Caching.Redis.Execute[TResult](Func`2 func)
         at NewLife.Caching.FullRedis.Search(SearchModel model)+MoveNext()
         at System.Linq.Enumerable.SelectEnumerableIterator`2.ToList()
         at Admin.NET.Core.Service.SysCacheService.GetKeysByPrefixKey(String prefixKey) in D:\work\juai\api\Admin.NET.Core\Service\Cache\SysCacheService.cs:line 126
         at Admin.NET.Core.SqlSugarCache.GetAllKey[V]() in D:\work\juai\api\Admin.NET.Core\Cache\SqlSugarCache.cs:line 44
         at SqlSugar.CacheSchemeMain.RemoveCache(ICacheService cacheService, String tableName)
         at SqlSugar.UpdateableProvider`1.<RemoveDataCache>b__139_0()
         at SqlSugar.UpdateableProvider`1.After(String sql)
         at SqlSugar.UpdateableProvider`1.ExecuteCommand()
         at Admin.NET.Core.Service.DbJobPersistence.OnChanged(PersistenceContext context) in D:\work\juai\api\Admin.NET.Core\Service\Job\DbJobPersistence.cs:line 146
         at Furion.Schedule.SchedulerFactory.ProcessQueue() in D:\work\juai\api\Plugins\Furion.Pure\Schedule\Factories\SchedulerFactory.Internal.cs:line 448
      ++++++++++++++++++++++++++++++++++++++++++++++++++++++++
fail: 2024-08-17 20:41:44.0652211 +08:00 星期六 L Admin.NET.Core.JuAI.OssAsyncJob[0] #22
      [Admin.NET.Core.JuAI.dll] async Task Admin.NET.Core.JuAI.RealtimeJob.ExecuteAsync(JobExecutingContext context, CancellationToken stoppingToken)
      实时任务出错连接[tcp://guxin.link:6379][3000ms]超时！      
      ++++++++++++++++++++++++++++++++++++++++++++++++++++++++
      System.TimeoutException: 连接[tcp://guxin.link:6379][3000ms]超时！
         at NewLife.Caching.RedisClient.GetStream(Boolean create)
         at NewLife.Caching.RedisClient.ExecuteCommand(String cmd, Packet[] args, Object[] oriArgs)
         at NewLife.Caching.RedisClient.Execute(String cmd, Object[] args)
         at NewLife.Caching.Redis.<>c.<GetInfo>b__101_1(RedisClient rds)
         at NewLife.Caching.Redis.Execute[TResult](Func`2 func)
         at NewLife.Caching.Redis.GetInfo(Boolean all)
         at NewLife.Caching.Redis.get_Info()
         at NewLife.Caching.FullRedis.InitCluster()
         at NewLife.Caching.FullRedis.Execute[T](String key, Func`3 func, Boolean write)
         at NewLife.Caching.RedisBase.Execute[T](Func`3 func, Boolean write)
         at NewLife.Caching.RedisHash`2.GetAll()
         at Admin.NET.Core.Service.SysCacheService.HashGetAll[T](String key) in D:\work\juai\api\Admin.NET.Core\Service\Cache\SysCacheService.cs:line 234
         at Admin.NET.Core.JuAI.Service.DrawingAlibabaService.AlibabaTaskFetchTask() in D:\work\juai\api\Admin.NET.Core.JuAi\Service\AIDrawing\DrawingAlibabaService.cs:line 55
         at Admin.NET.Core.JuAI.RealtimeJob.ExecuteAsync(JobExecutingContext context, CancellationToken stoppingToken) in D:\work\juai\api\Admin.NET.Core.JuAi\Job\RealtimeJob.cs:line 32
      ++++++++++++++++++++++++++++++++++++++++++++++++++++++++
fail: 2024-08-17 20:41:44.1698162 +08:00 星期六 L System.Logging.ScheduleService[0] #20
      [Furion.Pure.dll] void Furion.Schedule.ScheduleLogger.Log(LogLevel logLevel, string message, object[] args, Exception ex)
      The JobDetail of <job_realtime> persist failed.      
      ++++++++++++++++++++++++++++++++++++++++++++++++++++++++
      System.TimeoutException: 连接[tcp://guxin.link:6379][3000ms]超时！
         at NewLife.Caching.RedisClient.GetStream(Boolean create)
         at NewLife.Caching.RedisClient.ExecuteCommand(String cmd, Packet[] args, Object[] oriArgs)
         at NewLife.Caching.RedisClient.Execute(String cmd, Object[] args)
         at NewLife.Caching.RedisClient.Execute[TResult](String cmd, Object[] args)
         at NewLife.Caching.Redis.Execute[TResult](Func`2 func)
         at NewLife.Caching.FullRedis.Search(SearchModel model)+MoveNext()
         at System.Linq.Enumerable.SelectEnumerableIterator`2.ToList()
         at Admin.NET.Core.Service.SysCacheService.GetKeysByPrefixKey(String prefixKey) in D:\work\juai\api\Admin.NET.Core\Service\Cache\SysCacheService.cs:line 126
         at Admin.NET.Core.SqlSugarCache.GetAllKey[V]() in D:\work\juai\api\Admin.NET.Core\Cache\SqlSugarCache.cs:line 44
         at SqlSugar.CacheSchemeMain.RemoveCache(ICacheService cacheService, String tableName)
         at SqlSugar.UpdateableProvider`1.<RemoveDataCache>b__139_0()
         at SqlSugar.UpdateableProvider`1.After(String sql)
         at SqlSugar.UpdateableProvider`1.ExecuteCommand()
         at Admin.NET.Core.Service.DbJobPersistence.OnChanged(PersistenceContext context) in D:\work\juai\api\Admin.NET.Core\Service\Job\DbJobPersistence.cs:line 146
         at Furion.Schedule.SchedulerFactory.ProcessQueue() in D:\work\juai\api\Plugins\Furion.Pure\Schedule\Factories\SchedulerFactory.Internal.cs:line 448
      ++++++++++++++++++++++++++++++++++++++++++++++++++++++++
fail: 2024-08-17 20:41:47.2393885 +08:00 星期六 L System.Logging.ScheduleService[0] #20
      [Furion.Pure.dll] void Furion.Schedule.ScheduleLogger.Log(LogLevel logLevel, string message, object[] args, Exception ex)
      Persistence of <trigger_realtime> trigger of <job_realtime> job failed.      
      ++++++++++++++++++++++++++++++++++++++++++++++++++++++++
      System.TimeoutException: 连接[tcp://guxin.link:6379][3000ms]超时！
         at NewLife.Caching.RedisClient.GetStream(Boolean create)
         at NewLife.Caching.RedisClient.ExecuteCommand(String cmd, Packet[] args, Object[] oriArgs)
         at NewLife.Caching.RedisClient.Execute(String cmd, Object[] args)
         at NewLife.Caching.RedisClient.Execute[TResult](String cmd, Object[] args)
         at NewLife.Caching.Redis.Execute[TResult](Func`2 func)
         at NewLife.Caching.FullRedis.Search(SearchModel model)+MoveNext()
         at System.Linq.Enumerable.SelectEnumerableIterator`2.ToList()
         at Admin.NET.Core.Service.SysCacheService.GetKeysByPrefixKey(String prefixKey) in D:\work\juai\api\Admin.NET.Core\Service\Cache\SysCacheService.cs:line 126
         at Admin.NET.Core.SqlSugarCache.GetAllKey[V]() in D:\work\juai\api\Admin.NET.Core\Cache\SqlSugarCache.cs:line 44
         at SqlSugar.CacheSchemeMain.RemoveCache(ICacheService cacheService, String tableName)
         at SqlSugar.UpdateableProvider`1.<RemoveDataCache>b__139_0()
         at SqlSugar.UpdateableProvider`1.After(String sql)
         at SqlSugar.UpdateableProvider`1.ExecuteCommand()
         at Admin.NET.Core.Service.DbJobPersistence.OnTriggerChanged(PersistenceTriggerContext context) in D:\work\juai\api\Admin.NET.Core\Service\Job\DbJobPersistence.cs:line 177
         at Furion.Schedule.SchedulerFactory.ProcessQueue() in D:\work\juai\api\Plugins\Furion.Pure\Schedule\Factories\SchedulerFactory.Internal.cs:line 445
      ++++++++++++++++++++++++++++++++++++++++++++++++++++++++
fail: 2024-08-17 20:41:49.0486696 +08:00 星期六 L Admin.NET.Core.JuAI.OssAsyncJob[0] #22
      [Admin.NET.Core.JuAI.dll] async Task Admin.NET.Core.JuAI.RealtimeJob.ExecuteAsync(JobExecutingContext context, CancellationToken stoppingToken)
      实时任务出错连接[tcp://guxin.link:6379][3000ms]超时！      
      ++++++++++++++++++++++++++++++++++++++++++++++++++++++++
      System.TimeoutException: 连接[tcp://guxin.link:6379][3000ms]超时！
         at NewLife.Caching.RedisClient.GetStream(Boolean create)
         at NewLife.Caching.RedisClient.ExecuteCommand(String cmd, Packet[] args, Object[] oriArgs)
         at NewLife.Caching.RedisClient.Execute(String cmd, Object[] args)
         at NewLife.Caching.Redis.<>c.<GetInfo>b__101_1(RedisClient rds)
         at NewLife.Caching.Redis.Execute[TResult](Func`2 func)
         at NewLife.Caching.Redis.GetInfo(Boolean all)
         at NewLife.Caching.Redis.get_Info()
         at NewLife.Caching.FullRedis.InitCluster()
         at NewLife.Caching.FullRedis.Execute[T](String key, Func`3 func, Boolean write)
         at NewLife.Caching.RedisBase.Execute[T](Func`3 func, Boolean write)
         at NewLife.Caching.RedisHash`2.GetAll()
         at Admin.NET.Core.Service.SysCacheService.HashGetAll[T](String key) in D:\work\juai\api\Admin.NET.Core\Service\Cache\SysCacheService.cs:line 234
         at Admin.NET.Core.JuAI.Service.DrawingAlibabaService.AlibabaTaskFetchTask() in D:\work\juai\api\Admin.NET.Core.JuAi\Service\AIDrawing\DrawingAlibabaService.cs:line 55
         at Admin.NET.Core.JuAI.RealtimeJob.ExecuteAsync(JobExecutingContext context, CancellationToken stoppingToken) in D:\work\juai\api\Admin.NET.Core.JuAi\Job\RealtimeJob.cs:line 32
      ++++++++++++++++++++++++++++++++++++++++++++++++++++++++
fail: 2024-08-17 20:41:50.3067006 +08:00 星期六 L System.Logging.ScheduleService[0] #20
      [Furion.Pure.dll] void Furion.Schedule.ScheduleLogger.Log(LogLevel logLevel, string message, object[] args, Exception ex)
      Persistence of <trigger_realtime> trigger of <job_realtime> job failed.      
      ++++++++++++++++++++++++++++++++++++++++++++++++++++++++
      System.TimeoutException: 连接[tcp://guxin.link:6379][3000ms]超时！
         at NewLife.Caching.RedisClient.GetStream(Boolean create)
         at NewLife.Caching.RedisClient.ExecuteCommand(String cmd, Packet[] args, Object[] oriArgs)
         at NewLife.Caching.RedisClient.Execute(String cmd, Object[] args)
         at NewLife.Caching.RedisClient.Execute[TResult](String cmd, Object[] args)
         at NewLife.Caching.Redis.Execute[TResult](Func`2 func)
         at NewLife.Caching.FullRedis.Search(SearchModel model)+MoveNext()
         at System.Linq.Enumerable.SelectEnumerableIterator`2.ToList()
         at Admin.NET.Core.Service.SysCacheService.GetKeysByPrefixKey(String prefixKey) in D:\work\juai\api\Admin.NET.Core\Service\Cache\SysCacheService.cs:line 126
         at Admin.NET.Core.SqlSugarCache.GetAllKey[V]() in D:\work\juai\api\Admin.NET.Core\Cache\SqlSugarCache.cs:line 44
         at SqlSugar.CacheSchemeMain.RemoveCache(ICacheService cacheService, String tableName)
         at SqlSugar.UpdateableProvider`1.<RemoveDataCache>b__139_0()
         at SqlSugar.UpdateableProvider`1.After(String sql)
         at SqlSugar.UpdateableProvider`1.ExecuteCommand()
         at Admin.NET.Core.Service.DbJobPersistence.OnTriggerChanged(PersistenceTriggerContext context) in D:\work\juai\api\Admin.NET.Core\Service\Job\DbJobPersistence.cs:line 177
         at Furion.Schedule.SchedulerFactory.ProcessQueue() in D:\work\juai\api\Plugins\Furion.Pure\Schedule\Factories\SchedulerFactory.Internal.cs:line 445
      ++++++++++++++++++++++++++++++++++++++++++++++++++++++++
fail: 2024-08-17 20:41:53.3754944 +08:00 星期六 L System.Logging.ScheduleService[0] #20
      [Furion.Pure.dll] void Furion.Schedule.ScheduleLogger.Log(LogLevel logLevel, string message, object[] args, Exception ex)
      The JobDetail of <job_realtime> persist failed.      
      ++++++++++++++++++++++++++++++++++++++++++++++++++++++++
      System.TimeoutException: 连接[tcp://guxin.link:6379][3000ms]超时！
         at NewLife.Caching.RedisClient.GetStream(Boolean create)
         at NewLife.Caching.RedisClient.ExecuteCommand(String cmd, Packet[] args, Object[] oriArgs)
         at NewLife.Caching.RedisClient.Execute(String cmd, Object[] args)
         at NewLife.Caching.RedisClient.Execute[TResult](String cmd, Object[] args)
         at NewLife.Caching.Redis.Execute[TResult](Func`2 func)
         at NewLife.Caching.FullRedis.Search(SearchModel model)+MoveNext()
         at System.Linq.Enumerable.SelectEnumerableIterator`2.ToList()
         at Admin.NET.Core.Service.SysCacheService.GetKeysByPrefixKey(String prefixKey) in D:\work\juai\api\Admin.NET.Core\Service\Cache\SysCacheService.cs:line 126
         at Admin.NET.Core.SqlSugarCache.GetAllKey[V]() in D:\work\juai\api\Admin.NET.Core\Cache\SqlSugarCache.cs:line 44
         at SqlSugar.CacheSchemeMain.RemoveCache(ICacheService cacheService, String tableName)
         at SqlSugar.UpdateableProvider`1.<RemoveDataCache>b__139_0()
         at SqlSugar.UpdateableProvider`1.After(String sql)
         at SqlSugar.UpdateableProvider`1.ExecuteCommand()
         at Admin.NET.Core.Service.DbJobPersistence.OnChanged(PersistenceContext context) in D:\work\juai\api\Admin.NET.Core\Service\Job\DbJobPersistence.cs:line 146
         at Furion.Schedule.SchedulerFactory.ProcessQueue() in D:\work\juai\api\Plugins\Furion.Pure\Schedule\Factories\SchedulerFactory.Internal.cs:line 448
      ++++++++++++++++++++++++++++++++++++++++++++++++++++++++
fail: 2024-08-17 20:41:54.0691464 +08:00 星期六 L Admin.NET.Core.JuAI.OssAsyncJob[0] #22
      [Admin.NET.Core.JuAI.dll] async Task Admin.NET.Core.JuAI.RealtimeJob.ExecuteAsync(JobExecutingContext context, CancellationToken stoppingToken)
      实时任务出错连接[tcp://guxin.link:6379][3000ms]超时！      
      ++++++++++++++++++++++++++++++++++++++++++++++++++++++++
      System.TimeoutException: 连接[tcp://guxin.link:6379][3000ms]超时！
         at NewLife.Caching.RedisClient.GetStream(Boolean create)
         at NewLife.Caching.RedisClient.ExecuteCommand(String cmd, Packet[] args, Object[] oriArgs)
         at NewLife.Caching.RedisClient.Execute(String cmd, Object[] args)
         at NewLife.Caching.Redis.<>c.<GetInfo>b__101_1(RedisClient rds)
         at NewLife.Caching.Redis.Execute[TResult](Func`2 func)
         at NewLife.Caching.Redis.GetInfo(Boolean all)
         at NewLife.Caching.Redis.get_Info()
         at NewLife.Caching.FullRedis.InitCluster()
         at NewLife.Caching.FullRedis.Execute[T](String key, Func`3 func, Boolean write)
         at NewLife.Caching.RedisBase.Execute[T](Func`3 func, Boolean write)
         at NewLife.Caching.RedisHash`2.GetAll()
         at Admin.NET.Core.Service.SysCacheService.HashGetAll[T](String key) in D:\work\juai\api\Admin.NET.Core\Service\Cache\SysCacheService.cs:line 234
         at Admin.NET.Core.JuAI.Service.DrawingAlibabaService.AlibabaTaskFetchTask() in D:\work\juai\api\Admin.NET.Core.JuAi\Service\AIDrawing\DrawingAlibabaService.cs:line 55
         at Admin.NET.Core.JuAI.RealtimeJob.ExecuteAsync(JobExecutingContext context, CancellationToken stoppingToken) in D:\work\juai\api\Admin.NET.Core.JuAi\Job\RealtimeJob.cs:line 32
      ++++++++++++++++++++++++++++++++++++++++++++++++++++++++
fail: 2024-08-17 20:41:56.4482014 +08:00 星期六 L System.Logging.ScheduleService[0] #20
      [Furion.Pure.dll] void Furion.Schedule.ScheduleLogger.Log(LogLevel logLevel, string message, object[] args, Exception ex)
      The JobDetail of <job_realtime> persist failed.      
      ++++++++++++++++++++++++++++++++++++++++++++++++++++++++
      System.TimeoutException: 连接[tcp://guxin.link:6379][3000ms]超时！
         at NewLife.Caching.RedisClient.GetStream(Boolean create)
         at NewLife.Caching.RedisClient.ExecuteCommand(String cmd, Packet[] args, Object[] oriArgs)
         at NewLife.Caching.RedisClient.Execute(String cmd, Object[] args)
         at NewLife.Caching.RedisClient.Execute[TResult](String cmd, Object[] args)
         at NewLife.Caching.Redis.Execute[TResult](Func`2 func)
         at NewLife.Caching.FullRedis.Search(SearchModel model)+MoveNext()
         at System.Linq.Enumerable.SelectEnumerableIterator`2.ToList()
         at Admin.NET.Core.Service.SysCacheService.GetKeysByPrefixKey(String prefixKey) in D:\work\juai\api\Admin.NET.Core\Service\Cache\SysCacheService.cs:line 126
         at Admin.NET.Core.SqlSugarCache.GetAllKey[V]() in D:\work\juai\api\Admin.NET.Core\Cache\SqlSugarCache.cs:line 44
         at SqlSugar.CacheSchemeMain.RemoveCache(ICacheService cacheService, String tableName)
         at SqlSugar.UpdateableProvider`1.<RemoveDataCache>b__139_0()
         at SqlSugar.UpdateableProvider`1.After(String sql)
         at SqlSugar.UpdateableProvider`1.ExecuteCommand()
         at Admin.NET.Core.Service.DbJobPersistence.OnChanged(PersistenceContext context) in D:\work\juai\api\Admin.NET.Core\Service\Job\DbJobPersistence.cs:line 146
         at Furion.Schedule.SchedulerFactory.ProcessQueue() in D:\work\juai\api\Plugins\Furion.Pure\Schedule\Factories\SchedulerFactory.Internal.cs:line 448
      ++++++++++++++++++++++++++++++++++++++++++++++++++++++++
fail: 2024-08-17 20:41:59.0364203 +08:00 星期六 L Admin.NET.Core.JuAI.OssAsyncJob[0] #28
      [Admin.NET.Core.JuAI.dll] async Task Admin.NET.Core.JuAI.RealtimeJob.ExecuteAsync(JobExecutingContext context, CancellationToken stoppingToken)
      实时任务出错连接[tcp://guxin.link:6379][3000ms]超时！      
      ++++++++++++++++++++++++++++++++++++++++++++++++++++++++
      System.TimeoutException: 连接[tcp://guxin.link:6379][3000ms]超时！
         at NewLife.Caching.RedisClient.GetStream(Boolean create)
         at NewLife.Caching.RedisClient.ExecuteCommand(String cmd, Packet[] args, Object[] oriArgs)
         at NewLife.Caching.RedisClient.Execute(String cmd, Object[] args)
         at NewLife.Caching.Redis.<>c.<GetInfo>b__101_1(RedisClient rds)
         at NewLife.Caching.Redis.Execute[TResult](Func`2 func)
         at NewLife.Caching.Redis.GetInfo(Boolean all)
         at NewLife.Caching.Redis.get_Info()
         at NewLife.Caching.FullRedis.InitCluster()
         at NewLife.Caching.FullRedis.Execute[T](String key, Func`3 func, Boolean write)
         at NewLife.Caching.RedisBase.Execute[T](Func`3 func, Boolean write)
         at NewLife.Caching.RedisHash`2.GetAll()
         at Admin.NET.Core.Service.SysCacheService.HashGetAll[T](String key) in D:\work\juai\api\Admin.NET.Core\Service\Cache\SysCacheService.cs:line 234
         at Admin.NET.Core.JuAI.Service.DrawingAlibabaService.AlibabaTaskFetchTask() in D:\work\juai\api\Admin.NET.Core.JuAi\Service\AIDrawing\DrawingAlibabaService.cs:line 55
         at Admin.NET.Core.JuAI.RealtimeJob.ExecuteAsync(JobExecutingContext context, CancellationToken stoppingToken) in D:\work\juai\api\Admin.NET.Core.JuAi\Job\RealtimeJob.cs:line 32
      ++++++++++++++++++++++++++++++++++++++++++++++++++++++++
fail: 2024-08-17 20:41:59.5040898 +08:00 星期六 L System.Logging.ScheduleService[0] #20
      [Furion.Pure.dll] void Furion.Schedule.ScheduleLogger.Log(LogLevel logLevel, string message, object[] args, Exception ex)
      Persistence of <trigger_realtime> trigger of <job_realtime> job failed.      
      ++++++++++++++++++++++++++++++++++++++++++++++++++++++++
      System.TimeoutException: 连接[tcp://guxin.link:6379][3000ms]超时！
         at NewLife.Caching.RedisClient.GetStream(Boolean create)
         at NewLife.Caching.RedisClient.ExecuteCommand(String cmd, Packet[] args, Object[] oriArgs)
         at NewLife.Caching.RedisClient.Execute(String cmd, Object[] args)
         at NewLife.Caching.RedisClient.Execute[TResult](String cmd, Object[] args)
         at NewLife.Caching.Redis.Execute[TResult](Func`2 func)
         at NewLife.Caching.FullRedis.Search(SearchModel model)+MoveNext()
         at System.Linq.Enumerable.SelectEnumerableIterator`2.ToList()
         at Admin.NET.Core.Service.SysCacheService.GetKeysByPrefixKey(String prefixKey) in D:\work\juai\api\Admin.NET.Core\Service\Cache\SysCacheService.cs:line 126
         at Admin.NET.Core.SqlSugarCache.GetAllKey[V]() in D:\work\juai\api\Admin.NET.Core\Cache\SqlSugarCache.cs:line 44
         at SqlSugar.CacheSchemeMain.RemoveCache(ICacheService cacheService, String tableName)
         at SqlSugar.UpdateableProvider`1.<RemoveDataCache>b__139_0()
         at SqlSugar.UpdateableProvider`1.After(String sql)
         at SqlSugar.UpdateableProvider`1.ExecuteCommand()
         at Admin.NET.Core.Service.DbJobPersistence.OnTriggerChanged(PersistenceTriggerContext context) in D:\work\juai\api\Admin.NET.Core\Service\Job\DbJobPersistence.cs:line 177
         at Furion.Schedule.SchedulerFactory.ProcessQueue() in D:\work\juai\api\Plugins\Furion.Pure\Schedule\Factories\SchedulerFactory.Internal.cs:line 445
      ++++++++++++++++++++++++++++++++++++++++++++++++++++++++
fail: 2024-08-17 20:42:02.5622088 +08:00 星期六 L System.Logging.ScheduleService[0] #20
      [Furion.Pure.dll] void Furion.Schedule.ScheduleLogger.Log(LogLevel logLevel, string message, object[] args, Exception ex)
      Persistence of <trigger_realtime> trigger of <job_realtime> job failed.      
      ++++++++++++++++++++++++++++++++++++++++++++++++++++++++
      System.TimeoutException: 连接[tcp://guxin.link:6379][3000ms]超时！
         at NewLife.Caching.RedisClient.GetStream(Boolean create)
         at NewLife.Caching.RedisClient.ExecuteCommand(String cmd, Packet[] args, Object[] oriArgs)
         at NewLife.Caching.RedisClient.Execute(String cmd, Object[] args)
         at NewLife.Caching.RedisClient.Execute[TResult](String cmd, Object[] args)
         at NewLife.Caching.Redis.Execute[TResult](Func`2 func)
         at NewLife.Caching.FullRedis.Search(SearchModel model)+MoveNext()
         at System.Linq.Enumerable.SelectEnumerableIterator`2.ToList()
         at Admin.NET.Core.Service.SysCacheService.GetKeysByPrefixKey(String prefixKey) in D:\work\juai\api\Admin.NET.Core\Service\Cache\SysCacheService.cs:line 126
         at Admin.NET.Core.SqlSugarCache.GetAllKey[V]() in D:\work\juai\api\Admin.NET.Core\Cache\SqlSugarCache.cs:line 44
         at SqlSugar.CacheSchemeMain.RemoveCache(ICacheService cacheService, String tableName)
         at SqlSugar.UpdateableProvider`1.<RemoveDataCache>b__139_0()
         at SqlSugar.UpdateableProvider`1.After(String sql)
         at SqlSugar.UpdateableProvider`1.ExecuteCommand()
         at Admin.NET.Core.Service.DbJobPersistence.OnTriggerChanged(PersistenceTriggerContext context) in D:\work\juai\api\Admin.NET.Core\Service\Job\DbJobPersistence.cs:line 177
         at Furion.Schedule.SchedulerFactory.ProcessQueue() in D:\work\juai\api\Plugins\Furion.Pure\Schedule\Factories\SchedulerFactory.Internal.cs:line 445
      ++++++++++++++++++++++++++++++++++++++++++++++++++++++++
fail: 2024-08-17 20:42:04.0641550 +08:00 星期六 L Admin.NET.Core.JuAI.OssAsyncJob[0] #28
      [Admin.NET.Core.JuAI.dll] async Task Admin.NET.Core.JuAI.RealtimeJob.ExecuteAsync(JobExecutingContext context, CancellationToken stoppingToken)
      实时任务出错连接[tcp://guxin.link:6379][3000ms]超时！      
      ++++++++++++++++++++++++++++++++++++++++++++++++++++++++
      System.TimeoutException: 连接[tcp://guxin.link:6379][3000ms]超时！
         at NewLife.Caching.RedisClient.GetStream(Boolean create)
         at NewLife.Caching.RedisClient.ExecuteCommand(String cmd, Packet[] args, Object[] oriArgs)
         at NewLife.Caching.RedisClient.Execute(String cmd, Object[] args)
         at NewLife.Caching.Redis.<>c.<GetInfo>b__101_1(RedisClient rds)
         at NewLife.Caching.Redis.Execute[TResult](Func`2 func)
         at NewLife.Caching.Redis.GetInfo(Boolean all)
         at NewLife.Caching.Redis.get_Info()
         at NewLife.Caching.FullRedis.InitCluster()
         at NewLife.Caching.FullRedis.Execute[T](String key, Func`3 func, Boolean write)
         at NewLife.Caching.RedisBase.Execute[T](Func`3 func, Boolean write)
         at NewLife.Caching.RedisHash`2.GetAll()
         at Admin.NET.Core.Service.SysCacheService.HashGetAll[T](String key) in D:\work\juai\api\Admin.NET.Core\Service\Cache\SysCacheService.cs:line 234
         at Admin.NET.Core.JuAI.Service.DrawingAlibabaService.AlibabaTaskFetchTask() in D:\work\juai\api\Admin.NET.Core.JuAi\Service\AIDrawing\DrawingAlibabaService.cs:line 55
         at Admin.NET.Core.JuAI.RealtimeJob.ExecuteAsync(JobExecutingContext context, CancellationToken stoppingToken) in D:\work\juai\api\Admin.NET.Core.JuAi\Job\RealtimeJob.cs:line 32
      ++++++++++++++++++++++++++++++++++++++++++++++++++++++++
fail: 2024-08-17 20:42:05.6297617 +08:00 星期六 L System.Logging.ScheduleService[0] #20
      [Furion.Pure.dll] void Furion.Schedule.ScheduleLogger.Log(LogLevel logLevel, string message, object[] args, Exception ex)
      The JobDetail of <job_realtime> persist failed.      
      ++++++++++++++++++++++++++++++++++++++++++++++++++++++++
      System.TimeoutException: 连接[tcp://guxin.link:6379][3000ms]超时！
         at NewLife.Caching.RedisClient.GetStream(Boolean create)
         at NewLife.Caching.RedisClient.ExecuteCommand(String cmd, Packet[] args, Object[] oriArgs)
         at NewLife.Caching.RedisClient.Execute(String cmd, Object[] args)
         at NewLife.Caching.RedisClient.Execute[TResult](String cmd, Object[] args)
         at NewLife.Caching.Redis.Execute[TResult](Func`2 func)
         at NewLife.Caching.FullRedis.Search(SearchModel model)+MoveNext()
         at System.Linq.Enumerable.SelectEnumerableIterator`2.ToList()
         at Admin.NET.Core.Service.SysCacheService.GetKeysByPrefixKey(String prefixKey) in D:\work\juai\api\Admin.NET.Core\Service\Cache\SysCacheService.cs:line 126
         at Admin.NET.Core.SqlSugarCache.GetAllKey[V]() in D:\work\juai\api\Admin.NET.Core\Cache\SqlSugarCache.cs:line 44
         at SqlSugar.CacheSchemeMain.RemoveCache(ICacheService cacheService, String tableName)
         at SqlSugar.UpdateableProvider`1.<RemoveDataCache>b__139_0()
         at SqlSugar.UpdateableProvider`1.After(String sql)
         at SqlSugar.UpdateableProvider`1.ExecuteCommand()
         at Admin.NET.Core.Service.DbJobPersistence.OnChanged(PersistenceContext context) in D:\work\juai\api\Admin.NET.Core\Service\Job\DbJobPersistence.cs:line 146
         at Furion.Schedule.SchedulerFactory.ProcessQueue() in D:\work\juai\api\Plugins\Furion.Pure\Schedule\Factories\SchedulerFactory.Internal.cs:line 448
      ++++++++++++++++++++++++++++++++++++++++++++++++++++++++
fail: 2024-08-17 20:42:08.6953482 +08:00 星期六 L System.Logging.ScheduleService[0] #20
      [Furion.Pure.dll] void Furion.Schedule.ScheduleLogger.Log(LogLevel logLevel, string message, object[] args, Exception ex)
      The JobDetail of <job_realtime> persist failed.      
      ++++++++++++++++++++++++++++++++++++++++++++++++++++++++
      System.TimeoutException: 连接[tcp://guxin.link:6379][3000ms]超时！
         at NewLife.Caching.RedisClient.GetStream(Boolean create)
         at NewLife.Caching.RedisClient.ExecuteCommand(String cmd, Packet[] args, Object[] oriArgs)
         at NewLife.Caching.RedisClient.Execute(String cmd, Object[] args)
         at NewLife.Caching.RedisClient.Execute[TResult](String cmd, Object[] args)
         at NewLife.Caching.Redis.Execute[TResult](Func`2 func)
         at NewLife.Caching.FullRedis.Search(SearchModel model)+MoveNext()
         at System.Linq.Enumerable.SelectEnumerableIterator`2.ToList()
         at Admin.NET.Core.Service.SysCacheService.GetKeysByPrefixKey(String prefixKey) in D:\work\juai\api\Admin.NET.Core\Service\Cache\SysCacheService.cs:line 126
         at Admin.NET.Core.SqlSugarCache.GetAllKey[V]() in D:\work\juai\api\Admin.NET.Core\Cache\SqlSugarCache.cs:line 44
         at SqlSugar.CacheSchemeMain.RemoveCache(ICacheService cacheService, String tableName)
         at SqlSugar.UpdateableProvider`1.<RemoveDataCache>b__139_0()
         at SqlSugar.UpdateableProvider`1.After(String sql)
         at SqlSugar.UpdateableProvider`1.ExecuteCommand()
         at Admin.NET.Core.Service.DbJobPersistence.OnChanged(PersistenceContext context) in D:\work\juai\api\Admin.NET.Core\Service\Job\DbJobPersistence.cs:line 146
         at Furion.Schedule.SchedulerFactory.ProcessQueue() in D:\work\juai\api\Plugins\Furion.Pure\Schedule\Factories\SchedulerFactory.Internal.cs:line 448
      ++++++++++++++++++++++++++++++++++++++++++++++++++++++++
fail: 2024-08-17 20:42:09.0620380 +08:00 星期六 L Admin.NET.Core.JuAI.OssAsyncJob[0] #25
      [Admin.NET.Core.JuAI.dll] async Task Admin.NET.Core.JuAI.RealtimeJob.ExecuteAsync(JobExecutingContext context, CancellationToken stoppingToken)
      实时任务出错连接[tcp://guxin.link:6379][3000ms]超时！      
      ++++++++++++++++++++++++++++++++++++++++++++++++++++++++
      System.TimeoutException: 连接[tcp://guxin.link:6379][3000ms]超时！
         at NewLife.Caching.RedisClient.GetStream(Boolean create)
         at NewLife.Caching.RedisClient.ExecuteCommand(String cmd, Packet[] args, Object[] oriArgs)
         at NewLife.Caching.RedisClient.Execute(String cmd, Object[] args)
         at NewLife.Caching.Redis.<>c.<GetInfo>b__101_1(RedisClient rds)
         at NewLife.Caching.Redis.Execute[TResult](Func`2 func)
         at NewLife.Caching.Redis.GetInfo(Boolean all)
         at NewLife.Caching.Redis.get_Info()
         at NewLife.Caching.FullRedis.InitCluster()
         at NewLife.Caching.FullRedis.Execute[T](String key, Func`3 func, Boolean write)
         at NewLife.Caching.RedisBase.Execute[T](Func`3 func, Boolean write)
         at NewLife.Caching.RedisHash`2.GetAll()
         at Admin.NET.Core.Service.SysCacheService.HashGetAll[T](String key) in D:\work\juai\api\Admin.NET.Core\Service\Cache\SysCacheService.cs:line 234
         at Admin.NET.Core.JuAI.Service.DrawingAlibabaService.AlibabaTaskFetchTask() in D:\work\juai\api\Admin.NET.Core.JuAi\Service\AIDrawing\DrawingAlibabaService.cs:line 55
         at Admin.NET.Core.JuAI.RealtimeJob.ExecuteAsync(JobExecutingContext context, CancellationToken stoppingToken) in D:\work\juai\api\Admin.NET.Core.JuAi\Job\RealtimeJob.cs:line 32
      ++++++++++++++++++++++++++++++++++++++++++++++++++++++++
fail: 2024-08-17 20:42:11.7560657 +08:00 星期六 L System.Logging.ScheduleService[0] #20
      [Furion.Pure.dll] void Furion.Schedule.ScheduleLogger.Log(LogLevel logLevel, string message, object[] args, Exception ex)
      Persistence of <trigger_realtime> trigger of <job_realtime> job failed.      
      ++++++++++++++++++++++++++++++++++++++++++++++++++++++++
      System.TimeoutException: 连接[tcp://guxin.link:6379][3000ms]超时！
         at NewLife.Caching.RedisClient.GetStream(Boolean create)
         at NewLife.Caching.RedisClient.ExecuteCommand(String cmd, Packet[] args, Object[] oriArgs)
         at NewLife.Caching.RedisClient.Execute(String cmd, Object[] args)
         at NewLife.Caching.RedisClient.Execute[TResult](String cmd, Object[] args)
         at NewLife.Caching.Redis.Execute[TResult](Func`2 func)
         at NewLife.Caching.FullRedis.Search(SearchModel model)+MoveNext()
         at System.Linq.Enumerable.SelectEnumerableIterator`2.ToList()
         at Admin.NET.Core.Service.SysCacheService.GetKeysByPrefixKey(String prefixKey) in D:\work\juai\api\Admin.NET.Core\Service\Cache\SysCacheService.cs:line 126
         at Admin.NET.Core.SqlSugarCache.GetAllKey[V]() in D:\work\juai\api\Admin.NET.Core\Cache\SqlSugarCache.cs:line 44
         at SqlSugar.CacheSchemeMain.RemoveCache(ICacheService cacheService, String tableName)
         at SqlSugar.UpdateableProvider`1.<RemoveDataCache>b__139_0()
         at SqlSugar.UpdateableProvider`1.After(String sql)
         at SqlSugar.UpdateableProvider`1.ExecuteCommand()
         at Admin.NET.Core.Service.DbJobPersistence.OnTriggerChanged(PersistenceTriggerContext context) in D:\work\juai\api\Admin.NET.Core\Service\Job\DbJobPersistence.cs:line 177
         at Furion.Schedule.SchedulerFactory.ProcessQueue() in D:\work\juai\api\Plugins\Furion.Pure\Schedule\Factories\SchedulerFactory.Internal.cs:line 445
      ++++++++++++++++++++++++++++++++++++++++++++++++++++++++
fail: 2024-08-17 20:42:14.0252450 +08:00 星期六 L Admin.NET.Core.JuAI.OssAsyncJob[0] #25
      [Admin.NET.Core.JuAI.dll] async Task Admin.NET.Core.JuAI.RealtimeJob.ExecuteAsync(JobExecutingContext context, CancellationToken stoppingToken)
      实时任务出错连接[tcp://guxin.link:6379][3000ms]超时！      
      ++++++++++++++++++++++++++++++++++++++++++++++++++++++++
      System.TimeoutException: 连接[tcp://guxin.link:6379][3000ms]超时！
         at NewLife.Caching.RedisClient.GetStream(Boolean create)
         at NewLife.Caching.RedisClient.ExecuteCommand(String cmd, Packet[] args, Object[] oriArgs)
         at NewLife.Caching.RedisClient.Execute(String cmd, Object[] args)
         at NewLife.Caching.Redis.<>c.<GetInfo>b__101_1(RedisClient rds)
         at NewLife.Caching.Redis.Execute[TResult](Func`2 func)
         at NewLife.Caching.Redis.GetInfo(Boolean all)
         at NewLife.Caching.Redis.get_Info()
         at NewLife.Caching.FullRedis.InitCluster()
         at NewLife.Caching.FullRedis.Execute[T](String key, Func`3 func, Boolean write)
         at NewLife.Caching.RedisBase.Execute[T](Func`3 func, Boolean write)
         at NewLife.Caching.RedisHash`2.GetAll()
         at Admin.NET.Core.Service.SysCacheService.HashGetAll[T](String key) in D:\work\juai\api\Admin.NET.Core\Service\Cache\SysCacheService.cs:line 234
         at Admin.NET.Core.JuAI.Service.DrawingAlibabaService.AlibabaTaskFetchTask() in D:\work\juai\api\Admin.NET.Core.JuAi\Service\AIDrawing\DrawingAlibabaService.cs:line 55
         at Admin.NET.Core.JuAI.RealtimeJob.ExecuteAsync(JobExecutingContext context, CancellationToken stoppingToken) in D:\work\juai\api\Admin.NET.Core.JuAi\Job\RealtimeJob.cs:line 32
      ++++++++++++++++++++++++++++++++++++++++++++++++++++++++
fail: 2024-08-17 20:42:14.8266706 +08:00 星期六 L System.Logging.ScheduleService[0] #20
      [Furion.Pure.dll] void Furion.Schedule.ScheduleLogger.Log(LogLevel logLevel, string message, object[] args, Exception ex)
      Persistence of <trigger_realtime> trigger of <job_realtime> job failed.      
      ++++++++++++++++++++++++++++++++++++++++++++++++++++++++
      System.TimeoutException: 连接[tcp://guxin.link:6379][3000ms]超时！
         at NewLife.Caching.RedisClient.GetStream(Boolean create)
         at NewLife.Caching.RedisClient.ExecuteCommand(String cmd, Packet[] args, Object[] oriArgs)
         at NewLife.Caching.RedisClient.Execute(String cmd, Object[] args)
         at NewLife.Caching.RedisClient.Execute[TResult](String cmd, Object[] args)
         at NewLife.Caching.Redis.Execute[TResult](Func`2 func)
         at NewLife.Caching.FullRedis.Search(SearchModel model)+MoveNext()
         at System.Linq.Enumerable.SelectEnumerableIterator`2.ToList()
         at Admin.NET.Core.Service.SysCacheService.GetKeysByPrefixKey(String prefixKey) in D:\work\juai\api\Admin.NET.Core\Service\Cache\SysCacheService.cs:line 126
         at Admin.NET.Core.SqlSugarCache.GetAllKey[V]() in D:\work\juai\api\Admin.NET.Core\Cache\SqlSugarCache.cs:line 44
         at SqlSugar.CacheSchemeMain.RemoveCache(ICacheService cacheService, String tableName)
         at SqlSugar.UpdateableProvider`1.<RemoveDataCache>b__139_0()
         at SqlSugar.UpdateableProvider`1.After(String sql)
         at SqlSugar.UpdateableProvider`1.ExecuteCommand()
         at Admin.NET.Core.Service.DbJobPersistence.OnTriggerChanged(PersistenceTriggerContext context) in D:\work\juai\api\Admin.NET.Core\Service\Job\DbJobPersistence.cs:line 177
         at Furion.Schedule.SchedulerFactory.ProcessQueue() in D:\work\juai\api\Plugins\Furion.Pure\Schedule\Factories\SchedulerFactory.Internal.cs:line 445
      ++++++++++++++++++++++++++++++++++++++++++++++++++++++++
fail: 2024-08-17 20:42:17.8971231 +08:00 星期六 L System.Logging.ScheduleService[0] #20
      [Furion.Pure.dll] void Furion.Schedule.ScheduleLogger.Log(LogLevel logLevel, string message, object[] args, Exception ex)
      The JobDetail of <job_realtime> persist failed.      
      ++++++++++++++++++++++++++++++++++++++++++++++++++++++++
      System.TimeoutException: 连接[tcp://guxin.link:6379][3000ms]超时！
         at NewLife.Caching.RedisClient.GetStream(Boolean create)
         at NewLife.Caching.RedisClient.ExecuteCommand(String cmd, Packet[] args, Object[] oriArgs)
         at NewLife.Caching.RedisClient.Execute(String cmd, Object[] args)
         at NewLife.Caching.RedisClient.Execute[TResult](String cmd, Object[] args)
         at NewLife.Caching.Redis.Execute[TResult](Func`2 func)
         at NewLife.Caching.FullRedis.Search(SearchModel model)+MoveNext()
         at System.Linq.Enumerable.SelectEnumerableIterator`2.ToList()
         at Admin.NET.Core.Service.SysCacheService.GetKeysByPrefixKey(String prefixKey) in D:\work\juai\api\Admin.NET.Core\Service\Cache\SysCacheService.cs:line 126
         at Admin.NET.Core.SqlSugarCache.GetAllKey[V]() in D:\work\juai\api\Admin.NET.Core\Cache\SqlSugarCache.cs:line 44
         at SqlSugar.CacheSchemeMain.RemoveCache(ICacheService cacheService, String tableName)
         at SqlSugar.UpdateableProvider`1.<RemoveDataCache>b__139_0()
         at SqlSugar.UpdateableProvider`1.After(String sql)
         at SqlSugar.UpdateableProvider`1.ExecuteCommand()
         at Admin.NET.Core.Service.DbJobPersistence.OnChanged(PersistenceContext context) in D:\work\juai\api\Admin.NET.Core\Service\Job\DbJobPersistence.cs:line 146
         at Furion.Schedule.SchedulerFactory.ProcessQueue() in D:\work\juai\api\Plugins\Furion.Pure\Schedule\Factories\SchedulerFactory.Internal.cs:line 448
      ++++++++++++++++++++++++++++++++++++++++++++++++++++++++
fail: 2024-08-17 20:42:19.0407749 +08:00 星期六 L Admin.NET.Core.JuAI.OssAsyncJob[0] #25
      [Admin.NET.Core.JuAI.dll] async Task Admin.NET.Core.JuAI.RealtimeJob.ExecuteAsync(JobExecutingContext context, CancellationToken stoppingToken)
      实时任务出错连接[tcp://guxin.link:6379][3000ms]超时！      
      ++++++++++++++++++++++++++++++++++++++++++++++++++++++++
      System.TimeoutException: 连接[tcp://guxin.link:6379][3000ms]超时！
         at NewLife.Caching.RedisClient.GetStream(Boolean create)
         at NewLife.Caching.RedisClient.ExecuteCommand(String cmd, Packet[] args, Object[] oriArgs)
         at NewLife.Caching.RedisClient.Execute(String cmd, Object[] args)
         at NewLife.Caching.Redis.<>c.<GetInfo>b__101_1(RedisClient rds)
         at NewLife.Caching.Redis.Execute[TResult](Func`2 func)
         at NewLife.Caching.Redis.GetInfo(Boolean all)
         at NewLife.Caching.Redis.get_Info()
         at NewLife.Caching.FullRedis.InitCluster()
         at NewLife.Caching.FullRedis.Execute[T](String key, Func`3 func, Boolean write)
         at NewLife.Caching.RedisBase.Execute[T](Func`3 func, Boolean write)
         at NewLife.Caching.RedisHash`2.GetAll()
         at Admin.NET.Core.Service.SysCacheService.HashGetAll[T](String key) in D:\work\juai\api\Admin.NET.Core\Service\Cache\SysCacheService.cs:line 234
         at Admin.NET.Core.JuAI.Service.DrawingAlibabaService.AlibabaTaskFetchTask() in D:\work\juai\api\Admin.NET.Core.JuAi\Service\AIDrawing\DrawingAlibabaService.cs:line 55
         at Admin.NET.Core.JuAI.RealtimeJob.ExecuteAsync(JobExecutingContext context, CancellationToken stoppingToken) in D:\work\juai\api\Admin.NET.Core.JuAi\Job\RealtimeJob.cs:line 32
      ++++++++++++++++++++++++++++++++++++++++++++++++++++++++
fail: 2024-08-17 20:42:20.9547551 +08:00 星期六 L System.Logging.ScheduleService[0] #20
      [Furion.Pure.dll] void Furion.Schedule.ScheduleLogger.Log(LogLevel logLevel, string message, object[] args, Exception ex)
      The JobDetail of <job_realtime> persist failed.      
      ++++++++++++++++++++++++++++++++++++++++++++++++++++++++
      System.TimeoutException: 连接[tcp://guxin.link:6379][3000ms]超时！
         at NewLife.Caching.RedisClient.GetStream(Boolean create)
         at NewLife.Caching.RedisClient.ExecuteCommand(String cmd, Packet[] args, Object[] oriArgs)
         at NewLife.Caching.RedisClient.Execute(String cmd, Object[] args)
         at NewLife.Caching.RedisClient.Execute[TResult](String cmd, Object[] args)
         at NewLife.Caching.Redis.Execute[TResult](Func`2 func)
         at NewLife.Caching.FullRedis.Search(SearchModel model)+MoveNext()
         at System.Linq.Enumerable.SelectEnumerableIterator`2.ToList()
         at Admin.NET.Core.Service.SysCacheService.GetKeysByPrefixKey(String prefixKey) in D:\work\juai\api\Admin.NET.Core\Service\Cache\SysCacheService.cs:line 126
         at Admin.NET.Core.SqlSugarCache.GetAllKey[V]() in D:\work\juai\api\Admin.NET.Core\Cache\SqlSugarCache.cs:line 44
         at SqlSugar.CacheSchemeMain.RemoveCache(ICacheService cacheService, String tableName)
         at SqlSugar.UpdateableProvider`1.<RemoveDataCache>b__139_0()
         at SqlSugar.UpdateableProvider`1.After(String sql)
         at SqlSugar.UpdateableProvider`1.ExecuteCommand()
         at Admin.NET.Core.Service.DbJobPersistence.OnChanged(PersistenceContext context) in D:\work\juai\api\Admin.NET.Core\Service\Job\DbJobPersistence.cs:line 146
         at Furion.Schedule.SchedulerFactory.ProcessQueue() in D:\work\juai\api\Plugins\Furion.Pure\Schedule\Factories\SchedulerFactory.Internal.cs:line 448
      ++++++++++++++++++++++++++++++++++++++++++++++++++++++++
fail: 2024-08-17 20:42:24.0248253 +08:00 星期六 L System.Logging.ScheduleService[0] #20
      [Furion.Pure.dll] void Furion.Schedule.ScheduleLogger.Log(LogLevel logLevel, string message, object[] args, Exception ex)
      Persistence of <trigger_realtime> trigger of <job_realtime> job failed.      
      ++++++++++++++++++++++++++++++++++++++++++++++++++++++++
      System.TimeoutException: 连接[tcp://guxin.link:6379][3000ms]超时！
         at NewLife.Caching.RedisClient.GetStream(Boolean create)
         at NewLife.Caching.RedisClient.ExecuteCommand(String cmd, Packet[] args, Object[] oriArgs)
         at NewLife.Caching.RedisClient.Execute(String cmd, Object[] args)
         at NewLife.Caching.RedisClient.Execute[TResult](String cmd, Object[] args)
         at NewLife.Caching.Redis.Execute[TResult](Func`2 func)
         at NewLife.Caching.FullRedis.Search(SearchModel model)+MoveNext()
         at System.Linq.Enumerable.SelectEnumerableIterator`2.ToList()
         at Admin.NET.Core.Service.SysCacheService.GetKeysByPrefixKey(String prefixKey) in D:\work\juai\api\Admin.NET.Core\Service\Cache\SysCacheService.cs:line 126
         at Admin.NET.Core.SqlSugarCache.GetAllKey[V]() in D:\work\juai\api\Admin.NET.Core\Cache\SqlSugarCache.cs:line 44
         at SqlSugar.CacheSchemeMain.RemoveCache(ICacheService cacheService, String tableName)
         at SqlSugar.UpdateableProvider`1.<RemoveDataCache>b__139_0()
         at SqlSugar.UpdateableProvider`1.After(String sql)
         at SqlSugar.UpdateableProvider`1.ExecuteCommand()
         at Admin.NET.Core.Service.DbJobPersistence.OnTriggerChanged(PersistenceTriggerContext context) in D:\work\juai\api\Admin.NET.Core\Service\Job\DbJobPersistence.cs:line 177
         at Furion.Schedule.SchedulerFactory.ProcessQueue() in D:\work\juai\api\Plugins\Furion.Pure\Schedule\Factories\SchedulerFactory.Internal.cs:line 445
      ++++++++++++++++++++++++++++++++++++++++++++++++++++++++
fail: 2024-08-17 20:42:24.0404877 +08:00 星期六 L Admin.NET.Core.JuAI.OssAsyncJob[0] #22
      [Admin.NET.Core.JuAI.dll] async Task Admin.NET.Core.JuAI.RealtimeJob.ExecuteAsync(JobExecutingContext context, CancellationToken stoppingToken)
      实时任务出错连接[tcp://guxin.link:6379][3000ms]超时！      
      ++++++++++++++++++++++++++++++++++++++++++++++++++++++++
      System.TimeoutException: 连接[tcp://guxin.link:6379][3000ms]超时！
         at NewLife.Caching.RedisClient.GetStream(Boolean create)
         at NewLife.Caching.RedisClient.ExecuteCommand(String cmd, Packet[] args, Object[] oriArgs)
         at NewLife.Caching.RedisClient.Execute(String cmd, Object[] args)
         at NewLife.Caching.Redis.<>c.<GetInfo>b__101_1(RedisClient rds)
         at NewLife.Caching.Redis.Execute[TResult](Func`2 func)
         at NewLife.Caching.Redis.GetInfo(Boolean all)
         at NewLife.Caching.Redis.get_Info()
         at NewLife.Caching.FullRedis.InitCluster()
         at NewLife.Caching.FullRedis.Execute[T](String key, Func`3 func, Boolean write)
         at NewLife.Caching.RedisBase.Execute[T](Func`3 func, Boolean write)
         at NewLife.Caching.RedisHash`2.GetAll()
         at Admin.NET.Core.Service.SysCacheService.HashGetAll[T](String key) in D:\work\juai\api\Admin.NET.Core\Service\Cache\SysCacheService.cs:line 234
         at Admin.NET.Core.JuAI.Service.DrawingAlibabaService.AlibabaTaskFetchTask() in D:\work\juai\api\Admin.NET.Core.JuAi\Service\AIDrawing\DrawingAlibabaService.cs:line 55
         at Admin.NET.Core.JuAI.RealtimeJob.ExecuteAsync(JobExecutingContext context, CancellationToken stoppingToken) in D:\work\juai\api\Admin.NET.Core.JuAi\Job\RealtimeJob.cs:line 32
      ++++++++++++++++++++++++++++++++++++++++++++++++++++++++
fail: 2024-08-17 20:42:27.0843580 +08:00 星期六 L System.Logging.ScheduleService[0] #20
      [Furion.Pure.dll] void Furion.Schedule.ScheduleLogger.Log(LogLevel logLevel, string message, object[] args, Exception ex)
      Persistence of <trigger_realtime> trigger of <job_realtime> job failed.      
      ++++++++++++++++++++++++++++++++++++++++++++++++++++++++
      System.TimeoutException: 连接[tcp://guxin.link:6379][3000ms]超时！
         at NewLife.Caching.RedisClient.GetStream(Boolean create)
         at NewLife.Caching.RedisClient.ExecuteCommand(String cmd, Packet[] args, Object[] oriArgs)
         at NewLife.Caching.RedisClient.Execute(String cmd, Object[] args)
         at NewLife.Caching.RedisClient.Execute[TResult](String cmd, Object[] args)
         at NewLife.Caching.Redis.Execute[TResult](Func`2 func)
         at NewLife.Caching.FullRedis.Search(SearchModel model)+MoveNext()
         at System.Linq.Enumerable.SelectEnumerableIterator`2.ToList()
         at Admin.NET.Core.Service.SysCacheService.GetKeysByPrefixKey(String prefixKey) in D:\work\juai\api\Admin.NET.Core\Service\Cache\SysCacheService.cs:line 126
         at Admin.NET.Core.SqlSugarCache.GetAllKey[V]() in D:\work\juai\api\Admin.NET.Core\Cache\SqlSugarCache.cs:line 44
         at SqlSugar.CacheSchemeMain.RemoveCache(ICacheService cacheService, String tableName)
         at SqlSugar.UpdateableProvider`1.<RemoveDataCache>b__139_0()
         at SqlSugar.UpdateableProvider`1.After(String sql)
         at SqlSugar.UpdateableProvider`1.ExecuteCommand()
         at Admin.NET.Core.Service.DbJobPersistence.OnTriggerChanged(PersistenceTriggerContext context) in D:\work\juai\api\Admin.NET.Core\Service\Job\DbJobPersistence.cs:line 177
         at Furion.Schedule.SchedulerFactory.ProcessQueue() in D:\work\juai\api\Plugins\Furion.Pure\Schedule\Factories\SchedulerFactory.Internal.cs:line 445
      ++++++++++++++++++++++++++++++++++++++++++++++++++++++++
fail: 2024-08-17 20:42:29.0388240 +08:00 星期六 L Admin.NET.Core.JuAI.OssAsyncJob[0] #25
      [Admin.NET.Core.JuAI.dll] async Task Admin.NET.Core.JuAI.RealtimeJob.ExecuteAsync(JobExecutingContext context, CancellationToken stoppingToken)
      实时任务出错连接[tcp://guxin.link:6379][3000ms]超时！      
      ++++++++++++++++++++++++++++++++++++++++++++++++++++++++
      System.TimeoutException: 连接[tcp://guxin.link:6379][3000ms]超时！
         at NewLife.Caching.RedisClient.GetStream(Boolean create)
         at NewLife.Caching.RedisClient.ExecuteCommand(String cmd, Packet[] args, Object[] oriArgs)
         at NewLife.Caching.RedisClient.Execute(String cmd, Object[] args)
         at NewLife.Caching.Redis.<>c.<GetInfo>b__101_1(RedisClient rds)
         at NewLife.Caching.Redis.Execute[TResult](Func`2 func)
         at NewLife.Caching.Redis.GetInfo(Boolean all)
         at NewLife.Caching.Redis.get_Info()
         at NewLife.Caching.FullRedis.InitCluster()
         at NewLife.Caching.FullRedis.Execute[T](String key, Func`3 func, Boolean write)
         at NewLife.Caching.RedisBase.Execute[T](Func`3 func, Boolean write)
         at NewLife.Caching.RedisHash`2.GetAll()
         at Admin.NET.Core.Service.SysCacheService.HashGetAll[T](String key) in D:\work\juai\api\Admin.NET.Core\Service\Cache\SysCacheService.cs:line 234
         at Admin.NET.Core.JuAI.Service.DrawingAlibabaService.AlibabaTaskFetchTask() in D:\work\juai\api\Admin.NET.Core.JuAi\Service\AIDrawing\DrawingAlibabaService.cs:line 55
         at Admin.NET.Core.JuAI.RealtimeJob.ExecuteAsync(JobExecutingContext context, CancellationToken stoppingToken) in D:\work\juai\api\Admin.NET.Core.JuAi\Job\RealtimeJob.cs:line 32
      ++++++++++++++++++++++++++++++++++++++++++++++++++++++++
fail: 2024-08-17 20:42:30.1434031 +08:00 星期六 L System.Logging.ScheduleService[0] #20
      [Furion.Pure.dll] void Furion.Schedule.ScheduleLogger.Log(LogLevel logLevel, string message, object[] args, Exception ex)
      The JobDetail of <job_realtime> persist failed.      
      ++++++++++++++++++++++++++++++++++++++++++++++++++++++++
      System.TimeoutException: 连接[tcp://guxin.link:6379][3000ms]超时！
         at NewLife.Caching.RedisClient.GetStream(Boolean create)
         at NewLife.Caching.RedisClient.ExecuteCommand(String cmd, Packet[] args, Object[] oriArgs)
         at NewLife.Caching.RedisClient.Execute(String cmd, Object[] args)
         at NewLife.Caching.RedisClient.Execute[TResult](String cmd, Object[] args)
         at NewLife.Caching.Redis.Execute[TResult](Func`2 func)
         at NewLife.Caching.FullRedis.Search(SearchModel model)+MoveNext()
         at System.Linq.Enumerable.SelectEnumerableIterator`2.ToList()
         at Admin.NET.Core.Service.SysCacheService.GetKeysByPrefixKey(String prefixKey) in D:\work\juai\api\Admin.NET.Core\Service\Cache\SysCacheService.cs:line 126
         at Admin.NET.Core.SqlSugarCache.GetAllKey[V]() in D:\work\juai\api\Admin.NET.Core\Cache\SqlSugarCache.cs:line 44
         at SqlSugar.CacheSchemeMain.RemoveCache(ICacheService cacheService, String tableName)
         at SqlSugar.UpdateableProvider`1.<RemoveDataCache>b__139_0()
         at SqlSugar.UpdateableProvider`1.After(String sql)
         at SqlSugar.UpdateableProvider`1.ExecuteCommand()
         at Admin.NET.Core.Service.DbJobPersistence.OnChanged(PersistenceContext context) in D:\work\juai\api\Admin.NET.Core\Service\Job\DbJobPersistence.cs:line 146
         at Furion.Schedule.SchedulerFactory.ProcessQueue() in D:\work\juai\api\Plugins\Furion.Pure\Schedule\Factories\SchedulerFactory.Internal.cs:line 448
      ++++++++++++++++++++++++++++++++++++++++++++++++++++++++
fail: 2024-08-17 20:42:33.2065080 +08:00 星期六 L System.Logging.ScheduleService[0] #20
      [Furion.Pure.dll] void Furion.Schedule.ScheduleLogger.Log(LogLevel logLevel, string message, object[] args, Exception ex)
      The JobDetail of <job_realtime> persist failed.      
      ++++++++++++++++++++++++++++++++++++++++++++++++++++++++
      System.TimeoutException: 连接[tcp://guxin.link:6379][3000ms]超时！
         at NewLife.Caching.RedisClient.GetStream(Boolean create)
         at NewLife.Caching.RedisClient.ExecuteCommand(String cmd, Packet[] args, Object[] oriArgs)
         at NewLife.Caching.RedisClient.Execute(String cmd, Object[] args)
         at NewLife.Caching.RedisClient.Execute[TResult](String cmd, Object[] args)
         at NewLife.Caching.Redis.Execute[TResult](Func`2 func)
         at NewLife.Caching.FullRedis.Search(SearchModel model)+MoveNext()
         at System.Linq.Enumerable.SelectEnumerableIterator`2.ToList()
         at Admin.NET.Core.Service.SysCacheService.GetKeysByPrefixKey(String prefixKey) in D:\work\juai\api\Admin.NET.Core\Service\Cache\SysCacheService.cs:line 126
         at Admin.NET.Core.SqlSugarCache.GetAllKey[V]() in D:\work\juai\api\Admin.NET.Core\Cache\SqlSugarCache.cs:line 44
         at SqlSugar.CacheSchemeMain.RemoveCache(ICacheService cacheService, String tableName)
         at SqlSugar.UpdateableProvider`1.<RemoveDataCache>b__139_0()
         at SqlSugar.UpdateableProvider`1.After(String sql)
         at SqlSugar.UpdateableProvider`1.ExecuteCommand()
         at Admin.NET.Core.Service.DbJobPersistence.OnChanged(PersistenceContext context) in D:\work\juai\api\Admin.NET.Core\Service\Job\DbJobPersistence.cs:line 146
         at Furion.Schedule.SchedulerFactory.ProcessQueue() in D:\work\juai\api\Plugins\Furion.Pure\Schedule\Factories\SchedulerFactory.Internal.cs:line 448
      ++++++++++++++++++++++++++++++++++++++++++++++++++++++++
fail: 2024-08-17 20:42:34.0585073 +08:00 星期六 L Admin.NET.Core.JuAI.OssAsyncJob[0] #22
      [Admin.NET.Core.JuAI.dll] async Task Admin.NET.Core.JuAI.RealtimeJob.ExecuteAsync(JobExecutingContext context, CancellationToken stoppingToken)
      实时任务出错连接[tcp://guxin.link:6379][3000ms]超时！      
      ++++++++++++++++++++++++++++++++++++++++++++++++++++++++
      System.TimeoutException: 连接[tcp://guxin.link:6379][3000ms]超时！
         at NewLife.Caching.RedisClient.GetStream(Boolean create)
         at NewLife.Caching.RedisClient.ExecuteCommand(String cmd, Packet[] args, Object[] oriArgs)
         at NewLife.Caching.RedisClient.Execute(String cmd, Object[] args)
         at NewLife.Caching.Redis.<>c.<GetInfo>b__101_1(RedisClient rds)
         at NewLife.Caching.Redis.Execute[TResult](Func`2 func)
         at NewLife.Caching.Redis.GetInfo(Boolean all)
         at NewLife.Caching.Redis.get_Info()
         at NewLife.Caching.FullRedis.InitCluster()
         at NewLife.Caching.FullRedis.Execute[T](String key, Func`3 func, Boolean write)
         at NewLife.Caching.RedisBase.Execute[T](Func`3 func, Boolean write)
         at NewLife.Caching.RedisHash`2.GetAll()
         at Admin.NET.Core.Service.SysCacheService.HashGetAll[T](String key) in D:\work\juai\api\Admin.NET.Core\Service\Cache\SysCacheService.cs:line 234
         at Admin.NET.Core.JuAI.Service.DrawingAlibabaService.AlibabaTaskFetchTask() in D:\work\juai\api\Admin.NET.Core.JuAi\Service\AIDrawing\DrawingAlibabaService.cs:line 55
         at Admin.NET.Core.JuAI.RealtimeJob.ExecuteAsync(JobExecutingContext context, CancellationToken stoppingToken) in D:\work\juai\api\Admin.NET.Core.JuAi\Job\RealtimeJob.cs:line 32
      ++++++++++++++++++++++++++++++++++++++++++++++++++++++++
fail: 2024-08-17 20:42:36.2814806 +08:00 星期六 L System.Logging.ScheduleService[0] #20
      [Furion.Pure.dll] void Furion.Schedule.ScheduleLogger.Log(LogLevel logLevel, string message, object[] args, Exception ex)
      Persistence of <trigger_realtime> trigger of <job_realtime> job failed.      
      ++++++++++++++++++++++++++++++++++++++++++++++++++++++++
      System.TimeoutException: 连接[tcp://guxin.link:6379][3000ms]超时！
         at NewLife.Caching.RedisClient.GetStream(Boolean create)
         at NewLife.Caching.RedisClient.ExecuteCommand(String cmd, Packet[] args, Object[] oriArgs)
         at NewLife.Caching.RedisClient.Execute(String cmd, Object[] args)
         at NewLife.Caching.RedisClient.Execute[TResult](String cmd, Object[] args)
         at NewLife.Caching.Redis.Execute[TResult](Func`2 func)
         at NewLife.Caching.FullRedis.Search(SearchModel model)+MoveNext()
         at System.Linq.Enumerable.SelectEnumerableIterator`2.ToList()
         at Admin.NET.Core.Service.SysCacheService.GetKeysByPrefixKey(String prefixKey) in D:\work\juai\api\Admin.NET.Core\Service\Cache\SysCacheService.cs:line 126
         at Admin.NET.Core.SqlSugarCache.GetAllKey[V]() in D:\work\juai\api\Admin.NET.Core\Cache\SqlSugarCache.cs:line 44
         at SqlSugar.CacheSchemeMain.RemoveCache(ICacheService cacheService, String tableName)
         at SqlSugar.UpdateableProvider`1.<RemoveDataCache>b__139_0()
         at SqlSugar.UpdateableProvider`1.After(String sql)
         at SqlSugar.UpdateableProvider`1.ExecuteCommand()
         at Admin.NET.Core.Service.DbJobPersistence.OnTriggerChanged(PersistenceTriggerContext context) in D:\work\juai\api\Admin.NET.Core\Service\Job\DbJobPersistence.cs:line 177
         at Furion.Schedule.SchedulerFactory.ProcessQueue() in D:\work\juai\api\Plugins\Furion.Pure\Schedule\Factories\SchedulerFactory.Internal.cs:line 445
      ++++++++++++++++++++++++++++++++++++++++++++++++++++++++
fail: 2024-08-17 20:42:39.0641723 +08:00 星期六 L Admin.NET.Core.JuAI.OssAsyncJob[0] #28
      [Admin.NET.Core.JuAI.dll] async Task Admin.NET.Core.JuAI.RealtimeJob.ExecuteAsync(JobExecutingContext context, CancellationToken stoppingToken)
      实时任务出错连接[tcp://guxin.link:6379][3000ms]超时！      
      ++++++++++++++++++++++++++++++++++++++++++++++++++++++++
      System.TimeoutException: 连接[tcp://guxin.link:6379][3000ms]超时！
         at NewLife.Caching.RedisClient.GetStream(Boolean create)
         at NewLife.Caching.RedisClient.ExecuteCommand(String cmd, Packet[] args, Object[] oriArgs)
         at NewLife.Caching.RedisClient.Execute(String cmd, Object[] args)
         at NewLife.Caching.Redis.<>c.<GetInfo>b__101_1(RedisClient rds)
         at NewLife.Caching.Redis.Execute[TResult](Func`2 func)
         at NewLife.Caching.Redis.GetInfo(Boolean all)
         at NewLife.Caching.Redis.get_Info()
         at NewLife.Caching.FullRedis.InitCluster()
         at NewLife.Caching.FullRedis.Execute[T](String key, Func`3 func, Boolean write)
         at NewLife.Caching.RedisBase.Execute[T](Func`3 func, Boolean write)
         at NewLife.Caching.RedisHash`2.GetAll()
         at Admin.NET.Core.Service.SysCacheService.HashGetAll[T](String key) in D:\work\juai\api\Admin.NET.Core\Service\Cache\SysCacheService.cs:line 234
         at Admin.NET.Core.JuAI.Service.DrawingAlibabaService.AlibabaTaskFetchTask() in D:\work\juai\api\Admin.NET.Core.JuAi\Service\AIDrawing\DrawingAlibabaService.cs:line 55
         at Admin.NET.Core.JuAI.RealtimeJob.ExecuteAsync(JobExecutingContext context, CancellationToken stoppingToken) in D:\work\juai\api\Admin.NET.Core.JuAi\Job\RealtimeJob.cs:line 32
      ++++++++++++++++++++++++++++++++++++++++++++++++++++++++
fail: 2024-08-17 20:42:39.3515592 +08:00 星期六 L System.Logging.ScheduleService[0] #20
      [Furion.Pure.dll] void Furion.Schedule.ScheduleLogger.Log(LogLevel logLevel, string message, object[] args, Exception ex)
      Persistence of <trigger_realtime> trigger of <job_realtime> job failed.      
      ++++++++++++++++++++++++++++++++++++++++++++++++++++++++
      System.TimeoutException: 连接[tcp://guxin.link:6379][3000ms]超时！
         at NewLife.Caching.RedisClient.GetStream(Boolean create)
         at NewLife.Caching.RedisClient.ExecuteCommand(String cmd, Packet[] args, Object[] oriArgs)
         at NewLife.Caching.RedisClient.Execute(String cmd, Object[] args)
         at NewLife.Caching.RedisClient.Execute[TResult](String cmd, Object[] args)
         at NewLife.Caching.Redis.Execute[TResult](Func`2 func)
         at NewLife.Caching.FullRedis.Search(SearchModel model)+MoveNext()
         at System.Linq.Enumerable.SelectEnumerableIterator`2.ToList()
         at Admin.NET.Core.Service.SysCacheService.GetKeysByPrefixKey(String prefixKey) in D:\work\juai\api\Admin.NET.Core\Service\Cache\SysCacheService.cs:line 126
         at Admin.NET.Core.SqlSugarCache.GetAllKey[V]() in D:\work\juai\api\Admin.NET.Core\Cache\SqlSugarCache.cs:line 44
         at SqlSugar.CacheSchemeMain.RemoveCache(ICacheService cacheService, String tableName)
         at SqlSugar.UpdateableProvider`1.<RemoveDataCache>b__139_0()
         at SqlSugar.UpdateableProvider`1.After(String sql)
         at SqlSugar.UpdateableProvider`1.ExecuteCommand()
         at Admin.NET.Core.Service.DbJobPersistence.OnTriggerChanged(PersistenceTriggerContext context) in D:\work\juai\api\Admin.NET.Core\Service\Job\DbJobPersistence.cs:line 177
         at Furion.Schedule.SchedulerFactory.ProcessQueue() in D:\work\juai\api\Plugins\Furion.Pure\Schedule\Factories\SchedulerFactory.Internal.cs:line 445
      ++++++++++++++++++++++++++++++++++++++++++++++++++++++++
fail: 2024-08-17 20:42:42.4194758 +08:00 星期六 L System.Logging.ScheduleService[0] #20
      [Furion.Pure.dll] void Furion.Schedule.ScheduleLogger.Log(LogLevel logLevel, string message, object[] args, Exception ex)
      The JobDetail of <job_realtime> persist failed.      
      ++++++++++++++++++++++++++++++++++++++++++++++++++++++++
      System.TimeoutException: 连接[tcp://guxin.link:6379][3000ms]超时！
         at NewLife.Caching.RedisClient.GetStream(Boolean create)
         at NewLife.Caching.RedisClient.ExecuteCommand(String cmd, Packet[] args, Object[] oriArgs)
         at NewLife.Caching.RedisClient.Execute(String cmd, Object[] args)
         at NewLife.Caching.RedisClient.Execute[TResult](String cmd, Object[] args)
         at NewLife.Caching.Redis.Execute[TResult](Func`2 func)
         at NewLife.Caching.FullRedis.Search(SearchModel model)+MoveNext()
         at System.Linq.Enumerable.SelectEnumerableIterator`2.ToList()
         at Admin.NET.Core.Service.SysCacheService.GetKeysByPrefixKey(String prefixKey) in D:\work\juai\api\Admin.NET.Core\Service\Cache\SysCacheService.cs:line 126
         at Admin.NET.Core.SqlSugarCache.GetAllKey[V]() in D:\work\juai\api\Admin.NET.Core\Cache\SqlSugarCache.cs:line 44
         at SqlSugar.CacheSchemeMain.RemoveCache(ICacheService cacheService, String tableName)
         at SqlSugar.UpdateableProvider`1.<RemoveDataCache>b__139_0()
         at SqlSugar.UpdateableProvider`1.After(String sql)
         at SqlSugar.UpdateableProvider`1.ExecuteCommand()
         at Admin.NET.Core.Service.DbJobPersistence.OnChanged(PersistenceContext context) in D:\work\juai\api\Admin.NET.Core\Service\Job\DbJobPersistence.cs:line 146
         at Furion.Schedule.SchedulerFactory.ProcessQueue() in D:\work\juai\api\Plugins\Furion.Pure\Schedule\Factories\SchedulerFactory.Internal.cs:line 448
      ++++++++++++++++++++++++++++++++++++++++++++++++++++++++
fail: 2024-08-17 20:42:44.0349399 +08:00 星期六 L Admin.NET.Core.JuAI.OssAsyncJob[0] #28
      [Admin.NET.Core.JuAI.dll] async Task Admin.NET.Core.JuAI.RealtimeJob.ExecuteAsync(JobExecutingContext context, CancellationToken stoppingToken)
      实时任务出错连接[tcp://guxin.link:6379][3000ms]超时！      
      ++++++++++++++++++++++++++++++++++++++++++++++++++++++++
      System.TimeoutException: 连接[tcp://guxin.link:6379][3000ms]超时！
         at NewLife.Caching.RedisClient.GetStream(Boolean create)
         at NewLife.Caching.RedisClient.ExecuteCommand(String cmd, Packet[] args, Object[] oriArgs)
         at NewLife.Caching.RedisClient.Execute(String cmd, Object[] args)
         at NewLife.Caching.Redis.<>c.<GetInfo>b__101_1(RedisClient rds)
         at NewLife.Caching.Redis.Execute[TResult](Func`2 func)
         at NewLife.Caching.Redis.GetInfo(Boolean all)
         at NewLife.Caching.Redis.get_Info()
         at NewLife.Caching.FullRedis.InitCluster()
         at NewLife.Caching.FullRedis.Execute[T](String key, Func`3 func, Boolean write)
         at NewLife.Caching.RedisBase.Execute[T](Func`3 func, Boolean write)
         at NewLife.Caching.RedisHash`2.GetAll()
         at Admin.NET.Core.Service.SysCacheService.HashGetAll[T](String key) in D:\work\juai\api\Admin.NET.Core\Service\Cache\SysCacheService.cs:line 234
         at Admin.NET.Core.JuAI.Service.DrawingAlibabaService.AlibabaTaskFetchTask() in D:\work\juai\api\Admin.NET.Core.JuAi\Service\AIDrawing\DrawingAlibabaService.cs:line 55
         at Admin.NET.Core.JuAI.RealtimeJob.ExecuteAsync(JobExecutingContext context, CancellationToken stoppingToken) in D:\work\juai\api\Admin.NET.Core.JuAi\Job\RealtimeJob.cs:line 32
      ++++++++++++++++++++++++++++++++++++++++++++++++++++++++
fail: 2024-08-17 20:42:45.6431363 +08:00 星期六 L System.Logging.ScheduleService[0] #20
      [Furion.Pure.dll] void Furion.Schedule.ScheduleLogger.Log(LogLevel logLevel, string message, object[] args, Exception ex)
      The JobDetail of <job_realtime> persist failed.      
      ++++++++++++++++++++++++++++++++++++++++++++++++++++++++
      System.TimeoutException: 连接[tcp://guxin.link:6379][3000ms]超时！
         at NewLife.Caching.RedisClient.GetStream(Boolean create)
         at NewLife.Caching.RedisClient.ExecuteCommand(String cmd, Packet[] args, Object[] oriArgs)
         at NewLife.Caching.RedisClient.Execute(String cmd, Object[] args)
         at NewLife.Caching.RedisClient.Execute[TResult](String cmd, Object[] args)
         at NewLife.Caching.Redis.Execute[TResult](Func`2 func)
         at NewLife.Caching.FullRedis.Search(SearchModel model)+MoveNext()
         at System.Linq.Enumerable.SelectEnumerableIterator`2.ToList()
         at Admin.NET.Core.Service.SysCacheService.GetKeysByPrefixKey(String prefixKey) in D:\work\juai\api\Admin.NET.Core\Service\Cache\SysCacheService.cs:line 126
         at Admin.NET.Core.SqlSugarCache.GetAllKey[V]() in D:\work\juai\api\Admin.NET.Core\Cache\SqlSugarCache.cs:line 44
         at SqlSugar.CacheSchemeMain.RemoveCache(ICacheService cacheService, String tableName)
         at SqlSugar.UpdateableProvider`1.<RemoveDataCache>b__139_0()
         at SqlSugar.UpdateableProvider`1.After(String sql)
         at SqlSugar.UpdateableProvider`1.ExecuteCommand()
         at Admin.NET.Core.Service.DbJobPersistence.OnChanged(PersistenceContext context) in D:\work\juai\api\Admin.NET.Core\Service\Job\DbJobPersistence.cs:line 146
         at Furion.Schedule.SchedulerFactory.ProcessQueue() in D:\work\juai\api\Plugins\Furion.Pure\Schedule\Factories\SchedulerFactory.Internal.cs:line 448
      ++++++++++++++++++++++++++++++++++++++++++++++++++++++++
fail: 2024-08-17 20:42:48.7210237 +08:00 星期六 L System.Logging.ScheduleService[0] #20
      [Furion.Pure.dll] void Furion.Schedule.ScheduleLogger.Log(LogLevel logLevel, string message, object[] args, Exception ex)
      Persistence of <trigger_realtime> trigger of <job_realtime> job failed.      
      ++++++++++++++++++++++++++++++++++++++++++++++++++++++++
      System.TimeoutException: 连接[tcp://guxin.link:6379][3000ms]超时！
         at NewLife.Caching.RedisClient.GetStream(Boolean create)
         at NewLife.Caching.RedisClient.ExecuteCommand(String cmd, Packet[] args, Object[] oriArgs)
         at NewLife.Caching.RedisClient.Execute(String cmd, Object[] args)
         at NewLife.Caching.RedisClient.Execute[TResult](String cmd, Object[] args)
         at NewLife.Caching.Redis.Execute[TResult](Func`2 func)
         at NewLife.Caching.FullRedis.Search(SearchModel model)+MoveNext()
         at System.Linq.Enumerable.SelectEnumerableIterator`2.ToList()
         at Admin.NET.Core.Service.SysCacheService.GetKeysByPrefixKey(String prefixKey) in D:\work\juai\api\Admin.NET.Core\Service\Cache\SysCacheService.cs:line 126
         at Admin.NET.Core.SqlSugarCache.GetAllKey[V]() in D:\work\juai\api\Admin.NET.Core\Cache\SqlSugarCache.cs:line 44
         at SqlSugar.CacheSchemeMain.RemoveCache(ICacheService cacheService, String tableName)
         at SqlSugar.UpdateableProvider`1.<RemoveDataCache>b__139_0()
         at SqlSugar.UpdateableProvider`1.After(String sql)
         at SqlSugar.UpdateableProvider`1.ExecuteCommand()
         at Admin.NET.Core.Service.DbJobPersistence.OnTriggerChanged(PersistenceTriggerContext context) in D:\work\juai\api\Admin.NET.Core\Service\Job\DbJobPersistence.cs:line 177
         at Furion.Schedule.SchedulerFactory.ProcessQueue() in D:\work\juai\api\Plugins\Furion.Pure\Schedule\Factories\SchedulerFactory.Internal.cs:line 445
      ++++++++++++++++++++++++++++++++++++++++++++++++++++++++
fail: 2024-08-17 20:42:49.0427633 +08:00 星期六 L Admin.NET.Core.JuAI.OssAsyncJob[0] #28
      [Admin.NET.Core.JuAI.dll] async Task Admin.NET.Core.JuAI.RealtimeJob.ExecuteAsync(JobExecutingContext context, CancellationToken stoppingToken)
      实时任务出错连接[tcp://guxin.link:6379][3000ms]超时！      
      ++++++++++++++++++++++++++++++++++++++++++++++++++++++++
      System.TimeoutException: 连接[tcp://guxin.link:6379][3000ms]超时！
         at NewLife.Caching.RedisClient.GetStream(Boolean create)
         at NewLife.Caching.RedisClient.ExecuteCommand(String cmd, Packet[] args, Object[] oriArgs)
         at NewLife.Caching.RedisClient.Execute(String cmd, Object[] args)
         at NewLife.Caching.Redis.<>c.<GetInfo>b__101_1(RedisClient rds)
         at NewLife.Caching.Redis.Execute[TResult](Func`2 func)
         at NewLife.Caching.Redis.GetInfo(Boolean all)
         at NewLife.Caching.Redis.get_Info()
         at NewLife.Caching.FullRedis.InitCluster()
         at NewLife.Caching.FullRedis.Execute[T](String key, Func`3 func, Boolean write)
         at NewLife.Caching.RedisBase.Execute[T](Func`3 func, Boolean write)
         at NewLife.Caching.RedisHash`2.GetAll()
         at Admin.NET.Core.Service.SysCacheService.HashGetAll[T](String key) in D:\work\juai\api\Admin.NET.Core\Service\Cache\SysCacheService.cs:line 234
         at Admin.NET.Core.JuAI.Service.DrawingAlibabaService.AlibabaTaskFetchTask() in D:\work\juai\api\Admin.NET.Core.JuAi\Service\AIDrawing\DrawingAlibabaService.cs:line 55
         at Admin.NET.Core.JuAI.RealtimeJob.ExecuteAsync(JobExecutingContext context, CancellationToken stoppingToken) in D:\work\juai\api\Admin.NET.Core.JuAi\Job\RealtimeJob.cs:line 32
      ++++++++++++++++++++++++++++++++++++++++++++++++++++++++
fail: 2024-08-17 20:42:51.7773225 +08:00 星期六 L System.Logging.ScheduleService[0] #20
      [Furion.Pure.dll] void Furion.Schedule.ScheduleLogger.Log(LogLevel logLevel, string message, object[] args, Exception ex)
      Persistence of <trigger_realtime> trigger of <job_realtime> job failed.      
      ++++++++++++++++++++++++++++++++++++++++++++++++++++++++
      System.TimeoutException: 连接[tcp://guxin.link:6379][3000ms]超时！
         at NewLife.Caching.RedisClient.GetStream(Boolean create)
         at NewLife.Caching.RedisClient.ExecuteCommand(String cmd, Packet[] args, Object[] oriArgs)
         at NewLife.Caching.RedisClient.Execute(String cmd, Object[] args)
         at NewLife.Caching.RedisClient.Execute[TResult](String cmd, Object[] args)
         at NewLife.Caching.Redis.Execute[TResult](Func`2 func)
         at NewLife.Caching.FullRedis.Search(SearchModel model)+MoveNext()
         at System.Linq.Enumerable.SelectEnumerableIterator`2.ToList()
         at Admin.NET.Core.Service.SysCacheService.GetKeysByPrefixKey(String prefixKey) in D:\work\juai\api\Admin.NET.Core\Service\Cache\SysCacheService.cs:line 126
         at Admin.NET.Core.SqlSugarCache.GetAllKey[V]() in D:\work\juai\api\Admin.NET.Core\Cache\SqlSugarCache.cs:line 44
         at SqlSugar.CacheSchemeMain.RemoveCache(ICacheService cacheService, String tableName)
         at SqlSugar.UpdateableProvider`1.<RemoveDataCache>b__139_0()
         at SqlSugar.UpdateableProvider`1.After(String sql)
         at SqlSugar.UpdateableProvider`1.ExecuteCommand()
         at Admin.NET.Core.Service.DbJobPersistence.OnTriggerChanged(PersistenceTriggerContext context) in D:\work\juai\api\Admin.NET.Core\Service\Job\DbJobPersistence.cs:line 177
         at Furion.Schedule.SchedulerFactory.ProcessQueue() in D:\work\juai\api\Plugins\Furion.Pure\Schedule\Factories\SchedulerFactory.Internal.cs:line 445
      ++++++++++++++++++++++++++++++++++++++++++++++++++++++++
fail: 2024-08-17 20:42:54.0563026 +08:00 星期六 L Admin.NET.Core.JuAI.OssAsyncJob[0] #25
      [Admin.NET.Core.JuAI.dll] async Task Admin.NET.Core.JuAI.RealtimeJob.ExecuteAsync(JobExecutingContext context, CancellationToken stoppingToken)
      实时任务出错连接[tcp://guxin.link:6379][3000ms]超时！      
      ++++++++++++++++++++++++++++++++++++++++++++++++++++++++
      System.TimeoutException: 连接[tcp://guxin.link:6379][3000ms]超时！
         at NewLife.Caching.RedisClient.GetStream(Boolean create)
         at NewLife.Caching.RedisClient.ExecuteCommand(String cmd, Packet[] args, Object[] oriArgs)
         at NewLife.Caching.RedisClient.Execute(String cmd, Object[] args)
         at NewLife.Caching.Redis.<>c.<GetInfo>b__101_1(RedisClient rds)
         at NewLife.Caching.Redis.Execute[TResult](Func`2 func)
         at NewLife.Caching.Redis.GetInfo(Boolean all)
         at NewLife.Caching.Redis.get_Info()
         at NewLife.Caching.FullRedis.InitCluster()
         at NewLife.Caching.FullRedis.Execute[T](String key, Func`3 func, Boolean write)
         at NewLife.Caching.RedisBase.Execute[T](Func`3 func, Boolean write)
         at NewLife.Caching.RedisHash`2.GetAll()
         at Admin.NET.Core.Service.SysCacheService.HashGetAll[T](String key) in D:\work\juai\api\Admin.NET.Core\Service\Cache\SysCacheService.cs:line 234
         at Admin.NET.Core.JuAI.Service.DrawingAlibabaService.AlibabaTaskFetchTask() in D:\work\juai\api\Admin.NET.Core.JuAi\Service\AIDrawing\DrawingAlibabaService.cs:line 55
         at Admin.NET.Core.JuAI.RealtimeJob.ExecuteAsync(JobExecutingContext context, CancellationToken stoppingToken) in D:\work\juai\api\Admin.NET.Core.JuAi\Job\RealtimeJob.cs:line 32
      ++++++++++++++++++++++++++++++++++++++++++++++++++++++++
fail: 2024-08-17 20:42:54.8466101 +08:00 星期六 L System.Logging.ScheduleService[0] #20
      [Furion.Pure.dll] void Furion.Schedule.ScheduleLogger.Log(LogLevel logLevel, string message, object[] args, Exception ex)
      The JobDetail of <job_realtime> persist failed.      
      ++++++++++++++++++++++++++++++++++++++++++++++++++++++++
      System.TimeoutException: 连接[tcp://guxin.link:6379][3000ms]超时！
         at NewLife.Caching.RedisClient.GetStream(Boolean create)
         at NewLife.Caching.RedisClient.ExecuteCommand(String cmd, Packet[] args, Object[] oriArgs)
         at NewLife.Caching.RedisClient.Execute(String cmd, Object[] args)
         at NewLife.Caching.RedisClient.Execute[TResult](String cmd, Object[] args)
         at NewLife.Caching.Redis.Execute[TResult](Func`2 func)
         at NewLife.Caching.FullRedis.Search(SearchModel model)+MoveNext()
         at System.Linq.Enumerable.SelectEnumerableIterator`2.ToList()
         at Admin.NET.Core.Service.SysCacheService.GetKeysByPrefixKey(String prefixKey) in D:\work\juai\api\Admin.NET.Core\Service\Cache\SysCacheService.cs:line 126
         at Admin.NET.Core.SqlSugarCache.GetAllKey[V]() in D:\work\juai\api\Admin.NET.Core\Cache\SqlSugarCache.cs:line 44
         at SqlSugar.CacheSchemeMain.RemoveCache(ICacheService cacheService, String tableName)
         at SqlSugar.UpdateableProvider`1.<RemoveDataCache>b__139_0()
         at SqlSugar.UpdateableProvider`1.After(String sql)
         at SqlSugar.UpdateableProvider`1.ExecuteCommand()
         at Admin.NET.Core.Service.DbJobPersistence.OnChanged(PersistenceContext context) in D:\work\juai\api\Admin.NET.Core\Service\Job\DbJobPersistence.cs:line 146
         at Furion.Schedule.SchedulerFactory.ProcessQueue() in D:\work\juai\api\Plugins\Furion.Pure\Schedule\Factories\SchedulerFactory.Internal.cs:line 448
      ++++++++++++++++++++++++++++++++++++++++++++++++++++++++
fail: 2024-08-17 20:42:57.9309802 +08:00 星期六 L System.Logging.ScheduleService[0] #20
      [Furion.Pure.dll] void Furion.Schedule.ScheduleLogger.Log(LogLevel logLevel, string message, object[] args, Exception ex)
      The JobDetail of <job_realtime> persist failed.      
      ++++++++++++++++++++++++++++++++++++++++++++++++++++++++
      System.TimeoutException: 连接[tcp://guxin.link:6379][3000ms]超时！
         at NewLife.Caching.RedisClient.GetStream(Boolean create)
         at NewLife.Caching.RedisClient.ExecuteCommand(String cmd, Packet[] args, Object[] oriArgs)
         at NewLife.Caching.RedisClient.Execute(String cmd, Object[] args)
         at NewLife.Caching.RedisClient.Execute[TResult](String cmd, Object[] args)
         at NewLife.Caching.Redis.Execute[TResult](Func`2 func)
         at NewLife.Caching.FullRedis.Search(SearchModel model)+MoveNext()
         at System.Linq.Enumerable.SelectEnumerableIterator`2.ToList()
         at Admin.NET.Core.Service.SysCacheService.GetKeysByPrefixKey(String prefixKey) in D:\work\juai\api\Admin.NET.Core\Service\Cache\SysCacheService.cs:line 126
         at Admin.NET.Core.SqlSugarCache.GetAllKey[V]() in D:\work\juai\api\Admin.NET.Core\Cache\SqlSugarCache.cs:line 44
         at SqlSugar.CacheSchemeMain.RemoveCache(ICacheService cacheService, String tableName)
         at SqlSugar.UpdateableProvider`1.<RemoveDataCache>b__139_0()
         at SqlSugar.UpdateableProvider`1.After(String sql)
         at SqlSugar.UpdateableProvider`1.ExecuteCommand()
         at Admin.NET.Core.Service.DbJobPersistence.OnChanged(PersistenceContext context) in D:\work\juai\api\Admin.NET.Core\Service\Job\DbJobPersistence.cs:line 146
         at Furion.Schedule.SchedulerFactory.ProcessQueue() in D:\work\juai\api\Plugins\Furion.Pure\Schedule\Factories\SchedulerFactory.Internal.cs:line 448
      ++++++++++++++++++++++++++++++++++++++++++++++++++++++++
fail: 2024-08-17 20:42:59.0416265 +08:00 星期六 L Admin.NET.Core.JuAI.OssAsyncJob[0] #28
      [Admin.NET.Core.JuAI.dll] async Task Admin.NET.Core.JuAI.RealtimeJob.ExecuteAsync(JobExecutingContext context, CancellationToken stoppingToken)
      实时任务出错连接[tcp://guxin.link:6379][3000ms]超时！      
      ++++++++++++++++++++++++++++++++++++++++++++++++++++++++
      System.TimeoutException: 连接[tcp://guxin.link:6379][3000ms]超时！
         at NewLife.Caching.RedisClient.GetStream(Boolean create)
         at NewLife.Caching.RedisClient.ExecuteCommand(String cmd, Packet[] args, Object[] oriArgs)
         at NewLife.Caching.RedisClient.Execute(String cmd, Object[] args)
         at NewLife.Caching.Redis.<>c.<GetInfo>b__101_1(RedisClient rds)
         at NewLife.Caching.Redis.Execute[TResult](Func`2 func)
         at NewLife.Caching.Redis.GetInfo(Boolean all)
         at NewLife.Caching.Redis.get_Info()
         at NewLife.Caching.FullRedis.InitCluster()
         at NewLife.Caching.FullRedis.Execute[T](String key, Func`3 func, Boolean write)
         at NewLife.Caching.RedisBase.Execute[T](Func`3 func, Boolean write)
         at NewLife.Caching.RedisHash`2.GetAll()
         at Admin.NET.Core.Service.SysCacheService.HashGetAll[T](String key) in D:\work\juai\api\Admin.NET.Core\Service\Cache\SysCacheService.cs:line 234
         at Admin.NET.Core.JuAI.Service.DrawingAlibabaService.AlibabaTaskFetchTask() in D:\work\juai\api\Admin.NET.Core.JuAi\Service\AIDrawing\DrawingAlibabaService.cs:line 55
         at Admin.NET.Core.JuAI.RealtimeJob.ExecuteAsync(JobExecutingContext context, CancellationToken stoppingToken) in D:\work\juai\api\Admin.NET.Core.JuAi\Job\RealtimeJob.cs:line 32
      ++++++++++++++++++++++++++++++++++++++++++++++++++++++++
fail: 2024-08-17 20:43:01.0118532 +08:00 星期六 L System.Logging.ScheduleService[0] #20
      [Furion.Pure.dll] void Furion.Schedule.ScheduleLogger.Log(LogLevel logLevel, string message, object[] args, Exception ex)
      Persistence of <trigger_realtime> trigger of <job_realtime> job failed.      
      ++++++++++++++++++++++++++++++++++++++++++++++++++++++++
      System.TimeoutException: 连接[tcp://guxin.link:6379][3000ms]超时！
         at NewLife.Caching.RedisClient.GetStream(Boolean create)
         at NewLife.Caching.RedisClient.ExecuteCommand(String cmd, Packet[] args, Object[] oriArgs)
         at NewLife.Caching.RedisClient.Execute(String cmd, Object[] args)
         at NewLife.Caching.RedisClient.Execute[TResult](String cmd, Object[] args)
         at NewLife.Caching.Redis.Execute[TResult](Func`2 func)
         at NewLife.Caching.FullRedis.Search(SearchModel model)+MoveNext()
         at System.Linq.Enumerable.SelectEnumerableIterator`2.ToList()
         at Admin.NET.Core.Service.SysCacheService.GetKeysByPrefixKey(String prefixKey) in D:\work\juai\api\Admin.NET.Core\Service\Cache\SysCacheService.cs:line 126
         at Admin.NET.Core.SqlSugarCache.GetAllKey[V]() in D:\work\juai\api\Admin.NET.Core\Cache\SqlSugarCache.cs:line 44
         at SqlSugar.CacheSchemeMain.RemoveCache(ICacheService cacheService, String tableName)
         at SqlSugar.UpdateableProvider`1.<RemoveDataCache>b__139_0()
         at SqlSugar.UpdateableProvider`1.After(String sql)
         at SqlSugar.UpdateableProvider`1.ExecuteCommand()
         at Admin.NET.Core.Service.DbJobPersistence.OnTriggerChanged(PersistenceTriggerContext context) in D:\work\juai\api\Admin.NET.Core\Service\Job\DbJobPersistence.cs:line 177
         at Furion.Schedule.SchedulerFactory.ProcessQueue() in D:\work\juai\api\Plugins\Furion.Pure\Schedule\Factories\SchedulerFactory.Internal.cs:line 445
      ++++++++++++++++++++++++++++++++++++++++++++++++++++++++
fail: 2024-08-17 20:43:04.0377687 +08:00 星期六 L Admin.NET.Core.JuAI.OssAsyncJob[0] #25
      [Admin.NET.Core.JuAI.dll] async Task Admin.NET.Core.JuAI.RealtimeJob.ExecuteAsync(JobExecutingContext context, CancellationToken stoppingToken)
      实时任务出错连接[tcp://guxin.link:6379][3000ms]超时！      
      ++++++++++++++++++++++++++++++++++++++++++++++++++++++++
      System.TimeoutException: 连接[tcp://guxin.link:6379][3000ms]超时！
         at NewLife.Caching.RedisClient.GetStream(Boolean create)
         at NewLife.Caching.RedisClient.ExecuteCommand(String cmd, Packet[] args, Object[] oriArgs)
         at NewLife.Caching.RedisClient.Execute(String cmd, Object[] args)
         at NewLife.Caching.Redis.<>c.<GetInfo>b__101_1(RedisClient rds)
         at NewLife.Caching.Redis.Execute[TResult](Func`2 func)
         at NewLife.Caching.Redis.GetInfo(Boolean all)
         at NewLife.Caching.Redis.get_Info()
         at NewLife.Caching.FullRedis.InitCluster()
         at NewLife.Caching.FullRedis.Execute[T](String key, Func`3 func, Boolean write)
         at NewLife.Caching.RedisBase.Execute[T](Func`3 func, Boolean write)
         at NewLife.Caching.RedisHash`2.GetAll()
         at Admin.NET.Core.Service.SysCacheService.HashGetAll[T](String key) in D:\work\juai\api\Admin.NET.Core\Service\Cache\SysCacheService.cs:line 234
         at Admin.NET.Core.JuAI.Service.DrawingAlibabaService.AlibabaTaskFetchTask() in D:\work\juai\api\Admin.NET.Core.JuAi\Service\AIDrawing\DrawingAlibabaService.cs:line 55
         at Admin.NET.Core.JuAI.RealtimeJob.ExecuteAsync(JobExecutingContext context, CancellationToken stoppingToken) in D:\work\juai\api\Admin.NET.Core.JuAi\Job\RealtimeJob.cs:line 32
      ++++++++++++++++++++++++++++++++++++++++++++++++++++++++
fail: 2024-08-17 20:43:04.0819945 +08:00 星期六 L System.Logging.ScheduleService[0] #20
      [Furion.Pure.dll] void Furion.Schedule.ScheduleLogger.Log(LogLevel logLevel, string message, object[] args, Exception ex)
      Persistence of <trigger_realtime> trigger of <job_realtime> job failed.      
      ++++++++++++++++++++++++++++++++++++++++++++++++++++++++
      System.TimeoutException: 连接[tcp://guxin.link:6379][3000ms]超时！
         at NewLife.Caching.RedisClient.GetStream(Boolean create)
         at NewLife.Caching.RedisClient.ExecuteCommand(String cmd, Packet[] args, Object[] oriArgs)
         at NewLife.Caching.RedisClient.Execute(String cmd, Object[] args)
         at NewLife.Caching.RedisClient.Execute[TResult](String cmd, Object[] args)
         at NewLife.Caching.Redis.Execute[TResult](Func`2 func)
         at NewLife.Caching.FullRedis.Search(SearchModel model)+MoveNext()
         at System.Linq.Enumerable.SelectEnumerableIterator`2.ToList()
         at Admin.NET.Core.Service.SysCacheService.GetKeysByPrefixKey(String prefixKey) in D:\work\juai\api\Admin.NET.Core\Service\Cache\SysCacheService.cs:line 126
         at Admin.NET.Core.SqlSugarCache.GetAllKey[V]() in D:\work\juai\api\Admin.NET.Core\Cache\SqlSugarCache.cs:line 44
         at SqlSugar.CacheSchemeMain.RemoveCache(ICacheService cacheService, String tableName)
         at SqlSugar.UpdateableProvider`1.<RemoveDataCache>b__139_0()
         at SqlSugar.UpdateableProvider`1.After(String sql)
         at SqlSugar.UpdateableProvider`1.ExecuteCommand()
         at Admin.NET.Core.Service.DbJobPersistence.OnTriggerChanged(PersistenceTriggerContext context) in D:\work\juai\api\Admin.NET.Core\Service\Job\DbJobPersistence.cs:line 177
         at Furion.Schedule.SchedulerFactory.ProcessQueue() in D:\work\juai\api\Plugins\Furion.Pure\Schedule\Factories\SchedulerFactory.Internal.cs:line 445
      ++++++++++++++++++++++++++++++++++++++++++++++++++++++++
fail: 2024-08-17 20:43:07.1423137 +08:00 星期六 L System.Logging.ScheduleService[0] #20
      [Furion.Pure.dll] void Furion.Schedule.ScheduleLogger.Log(LogLevel logLevel, string message, object[] args, Exception ex)
      The JobDetail of <job_realtime> persist failed.      
      ++++++++++++++++++++++++++++++++++++++++++++++++++++++++
      System.TimeoutException: 连接[tcp://guxin.link:6379][3000ms]超时！
         at NewLife.Caching.RedisClient.GetStream(Boolean create)
         at NewLife.Caching.RedisClient.ExecuteCommand(String cmd, Packet[] args, Object[] oriArgs)
         at NewLife.Caching.RedisClient.Execute(String cmd, Object[] args)
         at NewLife.Caching.RedisClient.Execute[TResult](String cmd, Object[] args)
         at NewLife.Caching.Redis.Execute[TResult](Func`2 func)
         at NewLife.Caching.FullRedis.Search(SearchModel model)+MoveNext()
         at System.Linq.Enumerable.SelectEnumerableIterator`2.ToList()
         at Admin.NET.Core.Service.SysCacheService.GetKeysByPrefixKey(String prefixKey) in D:\work\juai\api\Admin.NET.Core\Service\Cache\SysCacheService.cs:line 126
         at Admin.NET.Core.SqlSugarCache.GetAllKey[V]() in D:\work\juai\api\Admin.NET.Core\Cache\SqlSugarCache.cs:line 44
         at SqlSugar.CacheSchemeMain.RemoveCache(ICacheService cacheService, String tableName)
         at SqlSugar.UpdateableProvider`1.<RemoveDataCache>b__139_0()
         at SqlSugar.UpdateableProvider`1.After(String sql)
         at SqlSugar.UpdateableProvider`1.ExecuteCommand()
         at Admin.NET.Core.Service.DbJobPersistence.OnChanged(PersistenceContext context) in D:\work\juai\api\Admin.NET.Core\Service\Job\DbJobPersistence.cs:line 146
         at Furion.Schedule.SchedulerFactory.ProcessQueue() in D:\work\juai\api\Plugins\Furion.Pure\Schedule\Factories\SchedulerFactory.Internal.cs:line 448
      ++++++++++++++++++++++++++++++++++++++++++++++++++++++++
fail: 2024-08-17 20:43:09.0469970 +08:00 星期六 L Admin.NET.Core.JuAI.OssAsyncJob[0] #25
      [Admin.NET.Core.JuAI.dll] async Task Admin.NET.Core.JuAI.RealtimeJob.ExecuteAsync(JobExecutingContext context, CancellationToken stoppingToken)
      实时任务出错连接[tcp://guxin.link:6379][3000ms]超时！      
      ++++++++++++++++++++++++++++++++++++++++++++++++++++++++
      System.TimeoutException: 连接[tcp://guxin.link:6379][3000ms]超时！
         at NewLife.Caching.RedisClient.GetStream(Boolean create)
         at NewLife.Caching.RedisClient.ExecuteCommand(String cmd, Packet[] args, Object[] oriArgs)
         at NewLife.Caching.RedisClient.Execute(String cmd, Object[] args)
         at NewLife.Caching.Redis.<>c.<GetInfo>b__101_1(RedisClient rds)
         at NewLife.Caching.Redis.Execute[TResult](Func`2 func)
         at NewLife.Caching.Redis.GetInfo(Boolean all)
         at NewLife.Caching.FullRedis.InitCluster()
         at NewLife.Caching.FullRedis.Execute[T](String key, Func`3 func, Boolean write)
         at NewLife.Caching.RedisHash`2.GetAll()
         at Admin.NET.Core.Service.SysCacheService.HashGetAll[T](String key) in D:\work\juai\api\Admin.NET.Core\Service\Cache\SysCacheService.cs:line 234
         at Admin.NET.Core.JuAI.Service.DrawingAlibabaService.AlibabaTaskFetchTask() in D:\work\juai\api\Admin.NET.Core.JuAi\Service\AIDrawing\DrawingAlibabaService.cs:line 55
         at Admin.NET.Core.JuAI.RealtimeJob.ExecuteAsync(JobExecutingContext context, CancellationToken stoppingToken) in D:\work\juai\api\Admin.NET.Core.JuAi\Job\RealtimeJob.cs:line 32
      ++++++++++++++++++++++++++++++++++++++++++++++++++++++++
fail: 2024-08-17 20:43:10.2021278 +08:00 星期六 L System.Logging.ScheduleService[0] #20
      [Furion.Pure.dll] void Furion.Schedule.ScheduleLogger.Log(LogLevel logLevel, string message, object[] args, Exception ex)
      The JobDetail of <job_realtime> persist failed.      
      ++++++++++++++++++++++++++++++++++++++++++++++++++++++++
      System.TimeoutException: 连接[tcp://guxin.link:6379][3000ms]超时！
         at NewLife.Caching.RedisClient.GetStream(Boolean create)
         at NewLife.Caching.RedisClient.ExecuteCommand(String cmd, Packet[] args, Object[] oriArgs)
         at NewLife.Caching.RedisClient.Execute(String cmd, Object[] args)
         at NewLife.Caching.RedisClient.Execute[TResult](String cmd, Object[] args)
         at NewLife.Caching.Redis.Execute[TResult](Func`2 func)
         at NewLife.Caching.FullRedis.Search(SearchModel model)+MoveNext()
         at System.Linq.Enumerable.SelectEnumerableIterator`2.ToList()
         at Admin.NET.Core.Service.SysCacheService.GetKeysByPrefixKey(String prefixKey) in D:\work\juai\api\Admin.NET.Core\Service\Cache\SysCacheService.cs:line 126
         at Admin.NET.Core.SqlSugarCache.GetAllKey[V]() in D:\work\juai\api\Admin.NET.Core\Cache\SqlSugarCache.cs:line 44
         at SqlSugar.CacheSchemeMain.RemoveCache(ICacheService cacheService, String tableName)
         at SqlSugar.UpdateableProvider`1.<RemoveDataCache>b__139_0()
         at SqlSugar.UpdateableProvider`1.After(String sql)
         at SqlSugar.UpdateableProvider`1.ExecuteCommand()
         at Admin.NET.Core.Service.DbJobPersistence.OnChanged(PersistenceContext context) in D:\work\juai\api\Admin.NET.Core\Service\Job\DbJobPersistence.cs:line 146
         at Furion.Schedule.SchedulerFactory.ProcessQueue() in D:\work\juai\api\Plugins\Furion.Pure\Schedule\Factories\SchedulerFactory.Internal.cs:line 448
      ++++++++++++++++++++++++++++++++++++++++++++++++++++++++
fail: 2024-08-17 20:43:13.2622608 +08:00 星期六 L System.Logging.ScheduleService[0] #20
      [Furion.Pure.dll] void Furion.Schedule.ScheduleLogger.Log(LogLevel logLevel, string message, object[] args, Exception ex)
      Persistence of <trigger_realtime> trigger of <job_realtime> job failed.      
      ++++++++++++++++++++++++++++++++++++++++++++++++++++++++
      System.TimeoutException: 连接[tcp://guxin.link:6379][3000ms]超时！
         at NewLife.Caching.RedisClient.GetStream(Boolean create)
         at NewLife.Caching.RedisClient.ExecuteCommand(String cmd, Packet[] args, Object[] oriArgs)
         at NewLife.Caching.RedisClient.Execute(String cmd, Object[] args)
         at NewLife.Caching.RedisClient.Execute[TResult](String cmd, Object[] args)
         at NewLife.Caching.Redis.Execute[TResult](Func`2 func)
         at NewLife.Caching.FullRedis.Search(SearchModel model)+MoveNext()
         at System.Linq.Enumerable.SelectEnumerableIterator`2.ToList()
         at Admin.NET.Core.Service.SysCacheService.GetKeysByPrefixKey(String prefixKey) in D:\work\juai\api\Admin.NET.Core\Service\Cache\SysCacheService.cs:line 126
         at Admin.NET.Core.SqlSugarCache.GetAllKey[V]() in D:\work\juai\api\Admin.NET.Core\Cache\SqlSugarCache.cs:line 44
         at SqlSugar.CacheSchemeMain.RemoveCache(ICacheService cacheService, String tableName)
         at SqlSugar.UpdateableProvider`1.<RemoveDataCache>b__139_0()
         at SqlSugar.UpdateableProvider`1.After(String sql)
         at SqlSugar.UpdateableProvider`1.ExecuteCommand()
         at Admin.NET.Core.Service.DbJobPersistence.OnTriggerChanged(PersistenceTriggerContext context) in D:\work\juai\api\Admin.NET.Core\Service\Job\DbJobPersistence.cs:line 177
         at Furion.Schedule.SchedulerFactory.ProcessQueue() in D:\work\juai\api\Plugins\Furion.Pure\Schedule\Factories\SchedulerFactory.Internal.cs:line 445
      ++++++++++++++++++++++++++++++++++++++++++++++++++++++++
fail: 2024-08-17 20:43:14.0690360 +08:00 星期六 L Admin.NET.Core.JuAI.OssAsyncJob[0] #28
      [Admin.NET.Core.JuAI.dll] async Task Admin.NET.Core.JuAI.RealtimeJob.ExecuteAsync(JobExecutingContext context, CancellationToken stoppingToken)
      实时任务出错连接[tcp://guxin.link:6379][3000ms]超时！      
      ++++++++++++++++++++++++++++++++++++++++++++++++++++++++
      System.TimeoutException: 连接[tcp://guxin.link:6379][3000ms]超时！
         at NewLife.Caching.RedisClient.GetStream(Boolean create)
         at NewLife.Caching.RedisClient.ExecuteCommand(String cmd, Packet[] args, Object[] oriArgs)
         at NewLife.Caching.RedisClient.Execute(String cmd, Object[] args)
         at NewLife.Caching.Redis.<>c.<GetInfo>b__101_1(RedisClient rds)
         at NewLife.Caching.Redis.Execute[TResult](Func`2 func)
         at NewLife.Caching.Redis.GetInfo(Boolean all)
         at NewLife.Caching.FullRedis.InitCluster()
         at NewLife.Caching.FullRedis.Execute[T](String key, Func`3 func, Boolean write)
         at NewLife.Caching.RedisHash`2.GetAll()
         at Admin.NET.Core.Service.SysCacheService.HashGetAll[T](String key) in D:\work\juai\api\Admin.NET.Core\Service\Cache\SysCacheService.cs:line 234
         at Admin.NET.Core.JuAI.Service.DrawingAlibabaService.AlibabaTaskFetchTask() in D:\work\juai\api\Admin.NET.Core.JuAi\Service\AIDrawing\DrawingAlibabaService.cs:line 55
         at Admin.NET.Core.JuAI.RealtimeJob.ExecuteAsync(JobExecutingContext context, CancellationToken stoppingToken) in D:\work\juai\api\Admin.NET.Core.JuAi\Job\RealtimeJob.cs:line 32
      ++++++++++++++++++++++++++++++++++++++++++++++++++++++++
fail: 2024-08-17 20:43:16.3287220 +08:00 星期六 L System.Logging.ScheduleService[0] #20
      [Furion.Pure.dll] void Furion.Schedule.ScheduleLogger.Log(LogLevel logLevel, string message, object[] args, Exception ex)
      Persistence of <trigger_realtime> trigger of <job_realtime> job failed.      
      ++++++++++++++++++++++++++++++++++++++++++++++++++++++++
      System.TimeoutException: 连接[tcp://guxin.link:6379][3000ms]超时！
         at NewLife.Caching.RedisClient.GetStream(Boolean create)
         at NewLife.Caching.RedisClient.ExecuteCommand(String cmd, Packet[] args, Object[] oriArgs)
         at NewLife.Caching.RedisClient.Execute(String cmd, Object[] args)
         at NewLife.Caching.RedisClient.Execute[TResult](String cmd, Object[] args)
         at NewLife.Caching.Redis.Execute[TResult](Func`2 func)
         at NewLife.Caching.FullRedis.Search(SearchModel model)+MoveNext()
         at System.Linq.Enumerable.SelectEnumerableIterator`2.ToList()
         at Admin.NET.Core.Service.SysCacheService.GetKeysByPrefixKey(String prefixKey) in D:\work\juai\api\Admin.NET.Core\Service\Cache\SysCacheService.cs:line 126
         at Admin.NET.Core.SqlSugarCache.GetAllKey[V]() in D:\work\juai\api\Admin.NET.Core\Cache\SqlSugarCache.cs:line 44
         at SqlSugar.CacheSchemeMain.RemoveCache(ICacheService cacheService, String tableName)
         at SqlSugar.UpdateableProvider`1.<RemoveDataCache>b__139_0()
         at SqlSugar.UpdateableProvider`1.After(String sql)
         at SqlSugar.UpdateableProvider`1.ExecuteCommand()
         at Admin.NET.Core.Service.DbJobPersistence.OnTriggerChanged(PersistenceTriggerContext context) in D:\work\juai\api\Admin.NET.Core\Service\Job\DbJobPersistence.cs:line 177
         at Furion.Schedule.SchedulerFactory.ProcessQueue() in D:\work\juai\api\Plugins\Furion.Pure\Schedule\Factories\SchedulerFactory.Internal.cs:line 445
      ++++++++++++++++++++++++++++++++++++++++++++++++++++++++
fail: 2024-08-17 20:43:19.0397770 +08:00 星期六 L Admin.NET.Core.JuAI.OssAsyncJob[0] #28
      [Admin.NET.Core.JuAI.dll] async Task Admin.NET.Core.JuAI.RealtimeJob.ExecuteAsync(JobExecutingContext context, CancellationToken stoppingToken)
      实时任务出错连接[tcp://guxin.link:6379][3000ms]超时！      
      ++++++++++++++++++++++++++++++++++++++++++++++++++++++++
      System.TimeoutException: 连接[tcp://guxin.link:6379][3000ms]超时！
         at NewLife.Caching.RedisClient.GetStream(Boolean create)
         at NewLife.Caching.RedisClient.ExecuteCommand(String cmd, Packet[] args, Object[] oriArgs)
         at NewLife.Caching.RedisClient.Execute(String cmd, Object[] args)
         at NewLife.Caching.Redis.<>c.<GetInfo>b__101_1(RedisClient rds)
         at NewLife.Caching.Redis.Execute[TResult](Func`2 func)
         at NewLife.Caching.Redis.GetInfo(Boolean all)
         at NewLife.Caching.FullRedis.InitCluster()
         at NewLife.Caching.FullRedis.Execute[T](String key, Func`3 func, Boolean write)
         at NewLife.Caching.RedisHash`2.GetAll()
         at Admin.NET.Core.Service.SysCacheService.HashGetAll[T](String key) in D:\work\juai\api\Admin.NET.Core\Service\Cache\SysCacheService.cs:line 234
         at Admin.NET.Core.JuAI.Service.DrawingAlibabaService.AlibabaTaskFetchTask() in D:\work\juai\api\Admin.NET.Core.JuAi\Service\AIDrawing\DrawingAlibabaService.cs:line 55
         at Admin.NET.Core.JuAI.RealtimeJob.ExecuteAsync(JobExecutingContext context, CancellationToken stoppingToken) in D:\work\juai\api\Admin.NET.Core.JuAi\Job\RealtimeJob.cs:line 32
      ++++++++++++++++++++++++++++++++++++++++++++++++++++++++
fail: 2024-08-17 20:43:19.3994743 +08:00 星期六 L System.Logging.ScheduleService[0] #20
      [Furion.Pure.dll] void Furion.Schedule.ScheduleLogger.Log(LogLevel logLevel, string message, object[] args, Exception ex)
      The JobDetail of <job_realtime> persist failed.      
      ++++++++++++++++++++++++++++++++++++++++++++++++++++++++
      System.TimeoutException: 连接[tcp://guxin.link:6379][3000ms]超时！
         at NewLife.Caching.RedisClient.GetStream(Boolean create)
         at NewLife.Caching.RedisClient.ExecuteCommand(String cmd, Packet[] args, Object[] oriArgs)
         at NewLife.Caching.RedisClient.Execute(String cmd, Object[] args)
         at NewLife.Caching.RedisClient.Execute[TResult](String cmd, Object[] args)
         at NewLife.Caching.Redis.Execute[TResult](Func`2 func)
         at NewLife.Caching.FullRedis.Search(SearchModel model)+MoveNext()
         at System.Linq.Enumerable.SelectEnumerableIterator`2.ToList()
         at Admin.NET.Core.Service.SysCacheService.GetKeysByPrefixKey(String prefixKey) in D:\work\juai\api\Admin.NET.Core\Service\Cache\SysCacheService.cs:line 126
         at Admin.NET.Core.SqlSugarCache.GetAllKey[V]() in D:\work\juai\api\Admin.NET.Core\Cache\SqlSugarCache.cs:line 44
         at SqlSugar.CacheSchemeMain.RemoveCache(ICacheService cacheService, String tableName)
         at SqlSugar.UpdateableProvider`1.<RemoveDataCache>b__139_0()
         at SqlSugar.UpdateableProvider`1.After(String sql)
         at SqlSugar.UpdateableProvider`1.ExecuteCommand()
         at Admin.NET.Core.Service.DbJobPersistence.OnChanged(PersistenceContext context) in D:\work\juai\api\Admin.NET.Core\Service\Job\DbJobPersistence.cs:line 146
         at Furion.Schedule.SchedulerFactory.ProcessQueue() in D:\work\juai\api\Plugins\Furion.Pure\Schedule\Factories\SchedulerFactory.Internal.cs:line 448
      ++++++++++++++++++++++++++++++++++++++++++++++++++++++++
fail: 2024-08-17 20:43:22.4669130 +08:00 星期六 L System.Logging.ScheduleService[0] #20
      [Furion.Pure.dll] void Furion.Schedule.ScheduleLogger.Log(LogLevel logLevel, string message, object[] args, Exception ex)
      The JobDetail of <job_realtime> persist failed.      
      ++++++++++++++++++++++++++++++++++++++++++++++++++++++++
      System.TimeoutException: 连接[tcp://guxin.link:6379][3000ms]超时！
         at NewLife.Caching.RedisClient.GetStream(Boolean create)
         at NewLife.Caching.RedisClient.ExecuteCommand(String cmd, Packet[] args, Object[] oriArgs)
         at NewLife.Caching.RedisClient.Execute(String cmd, Object[] args)
         at NewLife.Caching.RedisClient.Execute[TResult](String cmd, Object[] args)
         at NewLife.Caching.Redis.Execute[TResult](Func`2 func)
         at NewLife.Caching.FullRedis.Search(SearchModel model)+MoveNext()
         at System.Linq.Enumerable.SelectEnumerableIterator`2.ToList()
         at Admin.NET.Core.Service.SysCacheService.GetKeysByPrefixKey(String prefixKey) in D:\work\juai\api\Admin.NET.Core\Service\Cache\SysCacheService.cs:line 126
         at Admin.NET.Core.SqlSugarCache.GetAllKey[V]() in D:\work\juai\api\Admin.NET.Core\Cache\SqlSugarCache.cs:line 44
         at SqlSugar.CacheSchemeMain.RemoveCache(ICacheService cacheService, String tableName)
         at SqlSugar.UpdateableProvider`1.<RemoveDataCache>b__139_0()
         at SqlSugar.UpdateableProvider`1.After(String sql)
         at SqlSugar.UpdateableProvider`1.ExecuteCommand()
         at Admin.NET.Core.Service.DbJobPersistence.OnChanged(PersistenceContext context) in D:\work\juai\api\Admin.NET.Core\Service\Job\DbJobPersistence.cs:line 146
         at Furion.Schedule.SchedulerFactory.ProcessQueue() in D:\work\juai\api\Plugins\Furion.Pure\Schedule\Factories\SchedulerFactory.Internal.cs:line 448
      ++++++++++++++++++++++++++++++++++++++++++++++++++++++++
fail: 2024-08-17 20:43:24.0491108 +08:00 星期六 L Admin.NET.Core.JuAI.OssAsyncJob[0] #24
      [Admin.NET.Core.JuAI.dll] async Task Admin.NET.Core.JuAI.RealtimeJob.ExecuteAsync(JobExecutingContext context, CancellationToken stoppingToken)
      实时任务出错连接[tcp://guxin.link:6379][3000ms]超时！      
      ++++++++++++++++++++++++++++++++++++++++++++++++++++++++
      System.TimeoutException: 连接[tcp://guxin.link:6379][3000ms]超时！
         at NewLife.Caching.RedisClient.GetStream(Boolean create)
         at NewLife.Caching.RedisClient.ExecuteCommand(String cmd, Packet[] args, Object[] oriArgs)
         at NewLife.Caching.RedisClient.Execute(String cmd, Object[] args)
         at NewLife.Caching.Redis.<>c.<GetInfo>b__101_1(RedisClient rds)
         at NewLife.Caching.Redis.Execute[TResult](Func`2 func)
         at NewLife.Caching.Redis.GetInfo(Boolean all)
         at NewLife.Caching.FullRedis.InitCluster()
         at NewLife.Caching.FullRedis.Execute[T](String key, Func`3 func, Boolean write)
         at NewLife.Caching.RedisHash`2.GetAll()
         at Admin.NET.Core.Service.SysCacheService.HashGetAll[T](String key) in D:\work\juai\api\Admin.NET.Core\Service\Cache\SysCacheService.cs:line 234
         at Admin.NET.Core.JuAI.Service.DrawingAlibabaService.AlibabaTaskFetchTask() in D:\work\juai\api\Admin.NET.Core.JuAi\Service\AIDrawing\DrawingAlibabaService.cs:line 55
         at Admin.NET.Core.JuAI.RealtimeJob.ExecuteAsync(JobExecutingContext context, CancellationToken stoppingToken) in D:\work\juai\api\Admin.NET.Core.JuAi\Job\RealtimeJob.cs:line 32
      ++++++++++++++++++++++++++++++++++++++++++++++++++++++++
fail: 2024-08-17 20:43:25.5315932 +08:00 星期六 L System.Logging.ScheduleService[0] #20
      [Furion.Pure.dll] void Furion.Schedule.ScheduleLogger.Log(LogLevel logLevel, string message, object[] args, Exception ex)
      Persistence of <trigger_realtime> trigger of <job_realtime> job failed.      
      ++++++++++++++++++++++++++++++++++++++++++++++++++++++++
      System.TimeoutException: 连接[tcp://guxin.link:6379][3000ms]超时！
         at NewLife.Caching.RedisClient.GetStream(Boolean create)
         at NewLife.Caching.RedisClient.ExecuteCommand(String cmd, Packet[] args, Object[] oriArgs)
         at NewLife.Caching.RedisClient.Execute(String cmd, Object[] args)
         at NewLife.Caching.RedisClient.Execute[TResult](String cmd, Object[] args)
         at NewLife.Caching.Redis.Execute[TResult](Func`2 func)
         at NewLife.Caching.FullRedis.Search(SearchModel model)+MoveNext()
         at System.Linq.Enumerable.SelectEnumerableIterator`2.ToList()
         at Admin.NET.Core.Service.SysCacheService.GetKeysByPrefixKey(String prefixKey) in D:\work\juai\api\Admin.NET.Core\Service\Cache\SysCacheService.cs:line 126
         at Admin.NET.Core.SqlSugarCache.GetAllKey[V]() in D:\work\juai\api\Admin.NET.Core\Cache\SqlSugarCache.cs:line 44
         at SqlSugar.CacheSchemeMain.RemoveCache(ICacheService cacheService, String tableName)
         at SqlSugar.UpdateableProvider`1.<RemoveDataCache>b__139_0()
         at SqlSugar.UpdateableProvider`1.After(String sql)
         at SqlSugar.UpdateableProvider`1.ExecuteCommand()
         at Admin.NET.Core.Service.DbJobPersistence.OnTriggerChanged(PersistenceTriggerContext context) in D:\work\juai\api\Admin.NET.Core\Service\Job\DbJobPersistence.cs:line 177
         at Furion.Schedule.SchedulerFactory.ProcessQueue() in D:\work\juai\api\Plugins\Furion.Pure\Schedule\Factories\SchedulerFactory.Internal.cs:line 445
      ++++++++++++++++++++++++++++++++++++++++++++++++++++++++
fail: 2024-08-17 20:43:28.6014282 +08:00 星期六 L System.Logging.ScheduleService[0] #20
      [Furion.Pure.dll] void Furion.Schedule.ScheduleLogger.Log(LogLevel logLevel, string message, object[] args, Exception ex)
      Persistence of <trigger_realtime> trigger of <job_realtime> job failed.      
      ++++++++++++++++++++++++++++++++++++++++++++++++++++++++
      System.TimeoutException: 连接[tcp://guxin.link:6379][3000ms]超时！
         at NewLife.Caching.RedisClient.GetStream(Boolean create)
         at NewLife.Caching.RedisClient.ExecuteCommand(String cmd, Packet[] args, Object[] oriArgs)
         at NewLife.Caching.RedisClient.Execute(String cmd, Object[] args)
         at NewLife.Caching.RedisClient.Execute[TResult](String cmd, Object[] args)
         at NewLife.Caching.Redis.Execute[TResult](Func`2 func)
         at NewLife.Caching.FullRedis.Search(SearchModel model)+MoveNext()
         at System.Linq.Enumerable.SelectEnumerableIterator`2.ToList()
         at Admin.NET.Core.Service.SysCacheService.GetKeysByPrefixKey(String prefixKey) in D:\work\juai\api\Admin.NET.Core\Service\Cache\SysCacheService.cs:line 126
         at Admin.NET.Core.SqlSugarCache.GetAllKey[V]() in D:\work\juai\api\Admin.NET.Core\Cache\SqlSugarCache.cs:line 44
         at SqlSugar.CacheSchemeMain.RemoveCache(ICacheService cacheService, String tableName)
         at SqlSugar.UpdateableProvider`1.<RemoveDataCache>b__139_0()
         at SqlSugar.UpdateableProvider`1.After(String sql)
         at SqlSugar.UpdateableProvider`1.ExecuteCommand()
         at Admin.NET.Core.Service.DbJobPersistence.OnTriggerChanged(PersistenceTriggerContext context) in D:\work\juai\api\Admin.NET.Core\Service\Job\DbJobPersistence.cs:line 177
         at Furion.Schedule.SchedulerFactory.ProcessQueue() in D:\work\juai\api\Plugins\Furion.Pure\Schedule\Factories\SchedulerFactory.Internal.cs:line 445
      ++++++++++++++++++++++++++++++++++++++++++++++++++++++++
fail: 2024-08-17 20:43:29.0618876 +08:00 星期六 L Admin.NET.Core.JuAI.OssAsyncJob[0] #24
      [Admin.NET.Core.JuAI.dll] async Task Admin.NET.Core.JuAI.RealtimeJob.ExecuteAsync(JobExecutingContext context, CancellationToken stoppingToken)
      实时任务出错连接[tcp://guxin.link:6379][3000ms]超时！      
      ++++++++++++++++++++++++++++++++++++++++++++++++++++++++
      System.TimeoutException: 连接[tcp://guxin.link:6379][3000ms]超时！
         at NewLife.Caching.RedisClient.GetStream(Boolean create)
         at NewLife.Caching.RedisClient.ExecuteCommand(String cmd, Packet[] args, Object[] oriArgs)
         at NewLife.Caching.RedisClient.Execute(String cmd, Object[] args)
         at NewLife.Caching.Redis.<>c.<GetInfo>b__101_1(RedisClient rds)
         at NewLife.Caching.Redis.Execute[TResult](Func`2 func)
         at NewLife.Caching.Redis.GetInfo(Boolean all)
         at NewLife.Caching.FullRedis.InitCluster()
         at NewLife.Caching.FullRedis.Execute[T](String key, Func`3 func, Boolean write)
         at NewLife.Caching.RedisHash`2.GetAll()
         at Admin.NET.Core.Service.SysCacheService.HashGetAll[T](String key) in D:\work\juai\api\Admin.NET.Core\Service\Cache\SysCacheService.cs:line 234
         at Admin.NET.Core.JuAI.Service.DrawingAlibabaService.AlibabaTaskFetchTask() in D:\work\juai\api\Admin.NET.Core.JuAi\Service\AIDrawing\DrawingAlibabaService.cs:line 55
         at Admin.NET.Core.JuAI.RealtimeJob.ExecuteAsync(JobExecutingContext context, CancellationToken stoppingToken) in D:\work\juai\api\Admin.NET.Core.JuAi\Job\RealtimeJob.cs:line 32
      ++++++++++++++++++++++++++++++++++++++++++++++++++++++++
fail: 2024-08-17 20:43:31.6721867 +08:00 星期六 L System.Logging.ScheduleService[0] #20
      [Furion.Pure.dll] void Furion.Schedule.ScheduleLogger.Log(LogLevel logLevel, string message, object[] args, Exception ex)
      The JobDetail of <job_realtime> persist failed.      
      ++++++++++++++++++++++++++++++++++++++++++++++++++++++++
      System.TimeoutException: 连接[tcp://guxin.link:6379][3000ms]超时！
         at NewLife.Caching.RedisClient.GetStream(Boolean create)
         at NewLife.Caching.RedisClient.ExecuteCommand(String cmd, Packet[] args, Object[] oriArgs)
         at NewLife.Caching.RedisClient.Execute(String cmd, Object[] args)
         at NewLife.Caching.RedisClient.Execute[TResult](String cmd, Object[] args)
         at NewLife.Caching.Redis.Execute[TResult](Func`2 func)
         at NewLife.Caching.FullRedis.Search(SearchModel model)+MoveNext()
         at System.Linq.Enumerable.SelectEnumerableIterator`2.ToList()
         at Admin.NET.Core.Service.SysCacheService.GetKeysByPrefixKey(String prefixKey) in D:\work\juai\api\Admin.NET.Core\Service\Cache\SysCacheService.cs:line 126
         at Admin.NET.Core.SqlSugarCache.GetAllKey[V]() in D:\work\juai\api\Admin.NET.Core\Cache\SqlSugarCache.cs:line 44
         at SqlSugar.CacheSchemeMain.RemoveCache(ICacheService cacheService, String tableName)
         at SqlSugar.UpdateableProvider`1.<RemoveDataCache>b__139_0()
         at SqlSugar.UpdateableProvider`1.After(String sql)
         at SqlSugar.UpdateableProvider`1.ExecuteCommand()
         at Admin.NET.Core.Service.DbJobPersistence.OnChanged(PersistenceContext context) in D:\work\juai\api\Admin.NET.Core\Service\Job\DbJobPersistence.cs:line 146
         at Furion.Schedule.SchedulerFactory.ProcessQueue() in D:\work\juai\api\Plugins\Furion.Pure\Schedule\Factories\SchedulerFactory.Internal.cs:line 448
      ++++++++++++++++++++++++++++++++++++++++++++++++++++++++
fail: 2024-08-17 20:43:34.0401759 +08:00 星期六 L Admin.NET.Core.JuAI.OssAsyncJob[0] #24
      [Admin.NET.Core.JuAI.dll] async Task Admin.NET.Core.JuAI.RealtimeJob.ExecuteAsync(JobExecutingContext context, CancellationToken stoppingToken)
      实时任务出错连接[tcp://guxin.link:6379][3000ms]超时！      
      ++++++++++++++++++++++++++++++++++++++++++++++++++++++++
      System.TimeoutException: 连接[tcp://guxin.link:6379][3000ms]超时！
         at NewLife.Caching.RedisClient.GetStream(Boolean create)
         at NewLife.Caching.RedisClient.ExecuteCommand(String cmd, Packet[] args, Object[] oriArgs)
         at NewLife.Caching.RedisClient.Execute(String cmd, Object[] args)
         at NewLife.Caching.Redis.<>c.<GetInfo>b__101_1(RedisClient rds)
         at NewLife.Caching.Redis.Execute[TResult](Func`2 func)
         at NewLife.Caching.Redis.GetInfo(Boolean all)
         at NewLife.Caching.FullRedis.InitCluster()
         at NewLife.Caching.FullRedis.Execute[T](String key, Func`3 func, Boolean write)
         at NewLife.Caching.RedisHash`2.GetAll()
         at Admin.NET.Core.Service.SysCacheService.HashGetAll[T](String key) in D:\work\juai\api\Admin.NET.Core\Service\Cache\SysCacheService.cs:line 234
         at Admin.NET.Core.JuAI.Service.DrawingAlibabaService.AlibabaTaskFetchTask() in D:\work\juai\api\Admin.NET.Core.JuAi\Service\AIDrawing\DrawingAlibabaService.cs:line 55
         at Admin.NET.Core.JuAI.RealtimeJob.ExecuteAsync(JobExecutingContext context, CancellationToken stoppingToken) in D:\work\juai\api\Admin.NET.Core.JuAi\Job\RealtimeJob.cs:line 32
      ++++++++++++++++++++++++++++++++++++++++++++++++++++++++
fail: 2024-08-17 20:44:00.4966106 +08:00 星期六 L Admin.NET.Core.JuAI.OssAsyncJob[0] #21
      [Admin.NET.Core.JuAI.dll] async Task Admin.NET.Core.JuAI.OssAsyncJob.ExecuteAsync(JobExecutingContext context, CancellationToken stoppingToken)
      图片同步任务出错了连接[tcp://guxin.link:6379][3000ms]超时！      
      ++++++++++++++++++++++++++++++++++++++++++++++++++++++++
      System.TimeoutException: 连接[tcp://guxin.link:6379][3000ms]超时！
         at NewLife.Caching.RedisClient.GetStream(Boolean create)
         at NewLife.Caching.RedisClient.ExecuteCommand(String cmd, Packet[] args, Object[] oriArgs)
         at NewLife.Caching.RedisClient.Execute(String cmd, Object[] args)
         at NewLife.Caching.Redis.<>c.<GetInfo>b__101_1(RedisClient rds)
         at NewLife.Caching.Redis.Execute[TResult](Func`2 func)
         at NewLife.Caching.Redis.GetInfo(Boolean all)
         at NewLife.Caching.Redis.get_Info()
         at NewLife.Caching.FullRedis.InitCluster()
         at NewLife.Caching.FullRedis.Execute[T](String key, Func`3 func, Boolean write)
         at NewLife.Caching.RedisBase.Execute[T](Func`3 func, Boolean write)
         at NewLife.Caching.RedisHash`2.GetAll()
         at Admin.NET.Core.Service.SysCacheService.HashGetAll[T](String key) in D:\work\juai\api\Admin.NET.Core\Service\Cache\SysCacheService.cs:line 234
         at Admin.NET.Core.JuAI.Service.JuFileService.ImageAsyncToOss() in D:\work\juai\api\Admin.NET.Core.JuAi\Service\Files\JuFileService.cs:line 96
         at Admin.NET.Core.JuAI.OssAsyncJob.ExecuteAsync(JobExecutingContext context, CancellationToken stoppingToken) in D:\work\juai\api\Admin.NET.Core.JuAi\Job\OssAsyncJob.cs:line 34
      ++++++++++++++++++++++++++++++++++++++++++++++++++++++++
fail: 2024-08-17 20:44:00.5038089 +08:00 星期六 L System.Logging.ScheduleService[0] #20
      [Furion.Pure.dll] void Furion.Schedule.ScheduleLogger.Log(LogLevel logLevel, string message, object[] args, Exception ex)
      The JobDetail of <job_log> persist failed.      
      ++++++++++++++++++++++++++++++++++++++++++++++++++++++++
      System.TimeoutException: 连接[tcp://guxin.link:6379][3000ms]超时！
         at NewLife.Caching.RedisClient.GetStream(Boolean create)
         at NewLife.Caching.RedisClient.ExecuteCommand(String cmd, Packet[] args, Object[] oriArgs)
         at NewLife.Caching.RedisClient.Execute(String cmd, Object[] args)
         at NewLife.Caching.RedisClient.Execute[TResult](String cmd, Object[] args)
         at NewLife.Caching.FullRedis.<>c__DisplayClass41_1.<Search>b__0(RedisClient r)
         at NewLife.Caching.Redis.Execute[TResult](Func`2 func)
         at NewLife.Caching.FullRedis.Search(SearchModel model)+MoveNext()
         at System.Linq.Enumerable.SelectEnumerableIterator`2.ToList()
         at Admin.NET.Core.Service.SysCacheService.GetKeysByPrefixKey(String prefixKey) in D:\work\juai\api\Admin.NET.Core\Service\Cache\SysCacheService.cs:line 126
         at Admin.NET.Core.SqlSugarCache.GetAllKey[V]() in D:\work\juai\api\Admin.NET.Core\Cache\SqlSugarCache.cs:line 44
         at SqlSugar.CacheSchemeMain.RemoveCache(ICacheService cacheService, String tableName)
         at SqlSugar.UpdateableProvider`1.<RemoveDataCache>b__139_0()
         at SqlSugar.UpdateableProvider`1.After(String sql)
         at SqlSugar.UpdateableProvider`1.ExecuteCommand()
         at Admin.NET.Core.Service.DbJobPersistence.OnChanged(PersistenceContext context) in D:\work\juai\api\Admin.NET.Core\Service\Job\DbJobPersistence.cs:line 146
         at Furion.Schedule.SchedulerFactory.ProcessQueue() in D:\work\juai\api\Plugins\Furion.Pure\Schedule\Factories\SchedulerFactory.Internal.cs:line 448
      ++++++++++++++++++++++++++++++++++++++++++++++++++++++++
fail: 2024-08-17 20:44:00.6474123 +08:00 星期六 L System.Logging.ScheduleService[0] #4
      [Furion.Pure.dll] void Furion.Schedule.ScheduleLogger.Log(LogLevel logLevel, string message, object[] args, Exception ex)
      Error occurred executing in <job_onlineUser> 清理在线用户 [S] <job_onlineUser trigger_onlineUser> 1s 清理在线用户 1ts 2024-08-17 20:43:56.405 [Overrun].      
      ++++++++++++++++++++++++++++++++++++++++++++++++++++++++
      System.TimeoutException: 连接[tcp://guxin.link:6379][3000ms]超时！
         at NewLife.Caching.RedisClient.GetStream(Boolean create)
         at NewLife.Caching.RedisClient.ExecuteCommand(String cmd, Packet[] args, Object[] oriArgs)
         at NewLife.Caching.RedisClient.Execute(String cmd, Object[] args)
         at NewLife.Caching.RedisClient.Execute[TResult](String cmd, Object[] args)
         at NewLife.Caching.FullRedis.<>c__DisplayClass41_1.<Search>b__0(RedisClient r)
         at NewLife.Caching.Redis.Execute[TResult](Func`2 func)
         at NewLife.Caching.FullRedis.Search(SearchModel model)+MoveNext()
         at System.Linq.Enumerable.SelectEnumerableIterator`2.ToList()
         at Admin.NET.Core.Service.SysCacheService.GetKeysByPrefixKey(String prefixKey) in D:\work\juai\api\Admin.NET.Core\Service\Cache\SysCacheService.cs:line 126
         at Admin.NET.Core.SqlSugarCache.GetAllKey[V]() in D:\work\juai\api\Admin.NET.Core\Cache\SqlSugarCache.cs:line 44
         at SqlSugar.CacheSchemeMain.RemoveCache(ICacheService cacheService, String tableName)
         at SqlSugar.DeleteableProvider`1.<RemoveDataCache>b__66_0()
         at SqlSugar.DeleteableProvider`1.After(String sql)
         at SqlSugar.DeleteableProvider`1.ExecuteCommandAsync()
         at Admin.NET.Core.OnlineUserJob.ExecuteAsync(JobExecutingContext context, CancellationToken stoppingToken) in D:\work\juai\api\Admin.NET.Core\Job\OnlineUserJob.cs:line 31
         at Furion.Schedule.ScheduleHostedService.<>c__DisplayClass25_3.<<BackgroundProcessing>b__3>d.MoveNext() in D:\work\juai\api\Plugins\Furion.Pure\Schedule\HostedServices\ScheduleHostedService.cs:line 252
      --- End of stack trace from previous location ---
         at Furion.FriendlyException.Retry.InvokeAsync(Func`1 action, Int32 numRetries, Int32 retryTimeout, Boolean finalThrow, Type[] exceptionTypes, Func`2 fallbackPolicy, Action`2 retryAction) in D:\work\juai\api\Plugins\Furion.Pure\FriendlyException\Retry.cs:line 79
         at Furion.Schedule.ScheduleHostedService.<>c__DisplayClass25_2.<<BackgroundProcessing>b__2>d.MoveNext() in D:\work\juai\api\Plugins\Furion.Pure\Schedule\HostedServices\ScheduleHostedService.cs:line 250
      ++++++++++++++++++++++++++++++++++++++++++++++++++++++++
fail: 2024-08-17 20:44:03.4992351 +08:00 星期六 L Admin.NET.Core.JuAI.OssAsyncJob[0] #23
      [Admin.NET.Core.JuAI.dll] async Task Admin.NET.Core.JuAI.RealtimeJob.ExecuteAsync(JobExecutingContext context, CancellationToken stoppingToken)
      实时任务出错连接[tcp://guxin.link:6379][3000ms]超时！      
      ++++++++++++++++++++++++++++++++++++++++++++++++++++++++
      System.TimeoutException: 连接[tcp://guxin.link:6379][3000ms]超时！
         at NewLife.Caching.RedisClient.GetStream(Boolean create)
         at NewLife.Caching.RedisClient.ExecuteCommand(String cmd, Packet[] args, Object[] oriArgs)
         at NewLife.Caching.RedisClient.Execute(String cmd, Object[] args)
         at NewLife.Caching.Redis.<>c.<GetInfo>b__101_1(RedisClient rds)
         at NewLife.Caching.Redis.Execute[TResult](Func`2 func)
         at NewLife.Caching.Redis.GetInfo(Boolean all)
         at NewLife.Caching.Redis.get_Info()
         at NewLife.Caching.FullRedis.InitCluster()
         at NewLife.Caching.FullRedis.Execute[T](String key, Func`3 func, Boolean write)
         at NewLife.Caching.RedisBase.Execute[T](Func`3 func, Boolean write)
         at NewLife.Caching.RedisHash`2.GetAll()
         at Admin.NET.Core.Service.SysCacheService.HashGetAll[T](String key) in D:\work\juai\api\Admin.NET.Core\Service\Cache\SysCacheService.cs:line 234
         at Admin.NET.Core.JuAI.Service.DrawingAlibabaService.AlibabaTaskFetchTask() in D:\work\juai\api\Admin.NET.Core.JuAi\Service\AIDrawing\DrawingAlibabaService.cs:line 55
         at Admin.NET.Core.JuAI.RealtimeJob.ExecuteAsync(JobExecutingContext context, CancellationToken stoppingToken) in D:\work\juai\api\Admin.NET.Core.JuAi\Job\RealtimeJob.cs:line 32
      ++++++++++++++++++++++++++++++++++++++++++++++++++++++++
fail: 2024-08-17 20:44:03.5759614 +08:00 星期六 L System.Logging.ScheduleService[0] #20
      [Furion.Pure.dll] void Furion.Schedule.ScheduleLogger.Log(LogLevel logLevel, string message, object[] args, Exception ex)
      Persistence of <trigger_log> trigger of <job_log> job failed.      
      ++++++++++++++++++++++++++++++++++++++++++++++++++++++++
      System.TimeoutException: 连接[tcp://guxin.link:6379][3000ms]超时！
         at NewLife.Caching.RedisClient.GetStream(Boolean create)
         at NewLife.Caching.RedisClient.ExecuteCommand(String cmd, Packet[] args, Object[] oriArgs)
         at NewLife.Caching.RedisClient.Execute(String cmd, Object[] args)
         at NewLife.Caching.RedisClient.Execute[TResult](String cmd, Object[] args)
         at NewLife.Caching.FullRedis.<>c__DisplayClass41_1.<Search>b__0(RedisClient r)
         at NewLife.Caching.Redis.Execute[TResult](Func`2 func)
         at NewLife.Caching.FullRedis.Search(SearchModel model)+MoveNext()
         at System.Linq.Enumerable.SelectEnumerableIterator`2.ToList()
         at Admin.NET.Core.Service.SysCacheService.GetKeysByPrefixKey(String prefixKey) in D:\work\juai\api\Admin.NET.Core\Service\Cache\SysCacheService.cs:line 126
         at Admin.NET.Core.SqlSugarCache.GetAllKey[V]() in D:\work\juai\api\Admin.NET.Core\Cache\SqlSugarCache.cs:line 44
         at SqlSugar.CacheSchemeMain.RemoveCache(ICacheService cacheService, String tableName)
         at SqlSugar.UpdateableProvider`1.<RemoveDataCache>b__139_0()
         at SqlSugar.UpdateableProvider`1.After(String sql)
         at SqlSugar.UpdateableProvider`1.ExecuteCommand()
         at Admin.NET.Core.Service.DbJobPersistence.OnTriggerChanged(PersistenceTriggerContext context) in D:\work\juai\api\Admin.NET.Core\Service\Job\DbJobPersistence.cs:line 177
         at Furion.Schedule.SchedulerFactory.ProcessQueue() in D:\work\juai\api\Plugins\Furion.Pure\Schedule\Factories\SchedulerFactory.Internal.cs:line 445
      ++++++++++++++++++++++++++++++++++++++++++++++++++++++++
fail: 2024-08-17 20:44:06.6447550 +08:00 星期六 L System.Logging.ScheduleService[0] #20
      [Furion.Pure.dll] void Furion.Schedule.ScheduleLogger.Log(LogLevel logLevel, string message, object[] args, Exception ex)
      The JobDetail of <job_onlineUser> persist failed.      
      ++++++++++++++++++++++++++++++++++++++++++++++++++++++++
      System.TimeoutException: 连接[tcp://guxin.link:6379][3000ms]超时！
         at NewLife.Caching.RedisClient.GetStream(Boolean create)
         at NewLife.Caching.RedisClient.ExecuteCommand(String cmd, Packet[] args, Object[] oriArgs)
         at NewLife.Caching.RedisClient.Execute(String cmd, Object[] args)
         at NewLife.Caching.RedisClient.Execute[TResult](String cmd, Object[] args)
         at NewLife.Caching.FullRedis.<>c__DisplayClass41_1.<Search>b__0(RedisClient r)
         at NewLife.Caching.Redis.Execute[TResult](Func`2 func)
         at NewLife.Caching.FullRedis.Search(SearchModel model)+MoveNext()
         at System.Linq.Enumerable.SelectEnumerableIterator`2.ToList()
         at Admin.NET.Core.Service.SysCacheService.GetKeysByPrefixKey(String prefixKey) in D:\work\juai\api\Admin.NET.Core\Service\Cache\SysCacheService.cs:line 126
         at Admin.NET.Core.SqlSugarCache.GetAllKey[V]() in D:\work\juai\api\Admin.NET.Core\Cache\SqlSugarCache.cs:line 44
         at SqlSugar.CacheSchemeMain.RemoveCache(ICacheService cacheService, String tableName)
         at SqlSugar.UpdateableProvider`1.<RemoveDataCache>b__139_0()
         at SqlSugar.UpdateableProvider`1.After(String sql)
         at SqlSugar.UpdateableProvider`1.ExecuteCommand()
         at Admin.NET.Core.Service.DbJobPersistence.OnChanged(PersistenceContext context) in D:\work\juai\api\Admin.NET.Core\Service\Job\DbJobPersistence.cs:line 146
         at Furion.Schedule.SchedulerFactory.ProcessQueue() in D:\work\juai\api\Plugins\Furion.Pure\Schedule\Factories\SchedulerFactory.Internal.cs:line 448
      ++++++++++++++++++++++++++++++++++++++++++++++++++++++++
fail: 2024-08-17 20:44:16.7288272 +08:00 星期六 L Admin.NET.Core.JuAI.OssAsyncJob[0] #23
      [Admin.NET.Core.JuAI.dll] async Task Admin.NET.Core.JuAI.RealtimeJob.ExecuteAsync(JobExecutingContext context, CancellationToken stoppingToken)
      实时任务出错连接[tcp://guxin.link:6379][3000ms]超时！      
      ++++++++++++++++++++++++++++++++++++++++++++++++++++++++
      System.TimeoutException: 连接[tcp://guxin.link:6379][3000ms]超时！
         at NewLife.Caching.RedisClient.GetStream(Boolean create)
         at NewLife.Caching.RedisClient.ExecuteCommand(String cmd, Packet[] args, Object[] oriArgs)
         at NewLife.Caching.RedisClient.Execute(String cmd, Object[] args)
         at NewLife.Caching.Redis.<>c.<GetInfo>b__101_1(RedisClient rds)
         at NewLife.Caching.Redis.Execute[TResult](Func`2 func)
         at NewLife.Caching.Redis.GetInfo(Boolean all)
         at NewLife.Caching.Redis.get_Info()
         at NewLife.Caching.FullRedis.InitCluster()
         at NewLife.Caching.FullRedis.Execute[T](String key, Func`3 func, Boolean write)
         at NewLife.Caching.RedisBase.Execute[T](Func`3 func, Boolean write)
         at NewLife.Caching.RedisHash`2.GetAll()
         at Admin.NET.Core.Service.SysCacheService.HashGetAll[T](String key) in D:\work\juai\api\Admin.NET.Core\Service\Cache\SysCacheService.cs:line 234
         at Admin.NET.Core.JuAI.Service.DrawingAlibabaService.AlibabaTaskFetchTask() in D:\work\juai\api\Admin.NET.Core.JuAi\Service\AIDrawing\DrawingAlibabaService.cs:line 55
         at Admin.NET.Core.JuAI.RealtimeJob.ExecuteAsync(JobExecutingContext context, CancellationToken stoppingToken) in D:\work\juai\api\Admin.NET.Core.JuAi\Job\RealtimeJob.cs:line 32
      ++++++++++++++++++++++++++++++++++++++++++++++++++++++++
fail: 2024-08-17 20:44:16.7888878 +08:00 星期六 L System.Logging.ScheduleService[0] #20
      [Furion.Pure.dll] void Furion.Schedule.ScheduleLogger.Log(LogLevel logLevel, string message, object[] args, Exception ex)
      Persistence of <trigger_onlineUser> trigger of <job_onlineUser> job failed.      
      ++++++++++++++++++++++++++++++++++++++++++++++++++++++++
      System.TimeoutException: 连接[tcp://guxin.link:6379][3000ms]超时！
         at NewLife.Caching.RedisClient.GetStream(Boolean create)
         at NewLife.Caching.RedisClient.ExecuteCommand(String cmd, Packet[] args, Object[] oriArgs)
         at NewLife.Caching.RedisClient.Execute(String cmd, Object[] args)
         at NewLife.Caching.RedisClient.Execute[TResult](String cmd, Object[] args)
         at NewLife.Caching.FullRedis.<>c__DisplayClass41_1.<Search>b__0(RedisClient r)
         at NewLife.Caching.Redis.Execute[TResult](Func`2 func)
         at NewLife.Caching.FullRedis.Search(SearchModel model)+MoveNext()
         at System.Linq.Enumerable.SelectEnumerableIterator`2.ToList()
         at Admin.NET.Core.Service.SysCacheService.GetKeysByPrefixKey(String prefixKey) in D:\work\juai\api\Admin.NET.Core\Service\Cache\SysCacheService.cs:line 126
         at Admin.NET.Core.SqlSugarCache.GetAllKey[V]() in D:\work\juai\api\Admin.NET.Core\Cache\SqlSugarCache.cs:line 44
         at SqlSugar.CacheSchemeMain.RemoveCache(ICacheService cacheService, String tableName)
         at SqlSugar.UpdateableProvider`1.<RemoveDataCache>b__139_0()
         at SqlSugar.UpdateableProvider`1.After(String sql)
         at SqlSugar.UpdateableProvider`1.ExecuteCommand()
         at Admin.NET.Core.Service.DbJobPersistence.OnTriggerChanged(PersistenceTriggerContext context) in D:\work\juai\api\Admin.NET.Core\Service\Job\DbJobPersistence.cs:line 177
         at Furion.Schedule.SchedulerFactory.ProcessQueue() in D:\work\juai\api\Plugins\Furion.Pure\Schedule\Factories\SchedulerFactory.Internal.cs:line 445
      ++++++++++++++++++++++++++++++++++++++++++++++++++++++++
fail: 2024-08-17 20:44:19.8767571 +08:00 星期六 L System.Logging.ScheduleService[0] #20
      [Furion.Pure.dll] void Furion.Schedule.ScheduleLogger.Log(LogLevel logLevel, string message, object[] args, Exception ex)
      The JobDetail of <job_ossAsync> persist failed.      
      ++++++++++++++++++++++++++++++++++++++++++++++++++++++++
      System.TimeoutException: 连接[tcp://guxin.link:6379][3000ms]超时！
         at NewLife.Caching.RedisClient.GetStream(Boolean create)
         at NewLife.Caching.RedisClient.ExecuteCommand(String cmd, Packet[] args, Object[] oriArgs)
         at NewLife.Caching.RedisClient.Execute(String cmd, Object[] args)
         at NewLife.Caching.RedisClient.Execute[TResult](String cmd, Object[] args)
         at NewLife.Caching.FullRedis.<>c__DisplayClass41_1.<Search>b__0(RedisClient r)
         at NewLife.Caching.Redis.Execute[TResult](Func`2 func)
         at NewLife.Caching.FullRedis.Search(SearchModel model)+MoveNext()
         at System.Linq.Enumerable.SelectEnumerableIterator`2.ToList()
         at Admin.NET.Core.Service.SysCacheService.GetKeysByPrefixKey(String prefixKey) in D:\work\juai\api\Admin.NET.Core\Service\Cache\SysCacheService.cs:line 126
         at Admin.NET.Core.SqlSugarCache.GetAllKey[V]() in D:\work\juai\api\Admin.NET.Core\Cache\SqlSugarCache.cs:line 44
         at SqlSugar.CacheSchemeMain.RemoveCache(ICacheService cacheService, String tableName)
         at SqlSugar.UpdateableProvider`1.<RemoveDataCache>b__139_0()
         at SqlSugar.UpdateableProvider`1.After(String sql)
         at SqlSugar.UpdateableProvider`1.ExecuteCommand()
         at Admin.NET.Core.Service.DbJobPersistence.OnChanged(PersistenceContext context) in D:\work\juai\api\Admin.NET.Core\Service\Job\DbJobPersistence.cs:line 146
         at Furion.Schedule.SchedulerFactory.ProcessQueue() in D:\work\juai\api\Plugins\Furion.Pure\Schedule\Factories\SchedulerFactory.Internal.cs:line 448
      ++++++++++++++++++++++++++++++++++++++++++++++++++++++++
fail: 2024-08-17 20:44:20.3980216 +08:00 星期六 L Admin.NET.Core.JuAI.OssAsyncJob[0] #9
      [Admin.NET.Core.JuAI.dll] async Task Admin.NET.Core.JuAI.RealtimeJob.ExecuteAsync(JobExecutingContext context, CancellationToken stoppingToken)
      实时任务出错连接[tcp://guxin.link:6379][3000ms]超时！      
      ++++++++++++++++++++++++++++++++++++++++++++++++++++++++
      System.TimeoutException: 连接[tcp://guxin.link:6379][3000ms]超时！
         at NewLife.Caching.RedisClient.GetStream(Boolean create)
         at NewLife.Caching.RedisClient.ExecuteCommand(String cmd, Packet[] args, Object[] oriArgs)
         at NewLife.Caching.RedisClient.Execute(String cmd, Object[] args)
         at NewLife.Caching.Redis.<>c.<GetInfo>b__101_1(RedisClient rds)
         at NewLife.Caching.Redis.Execute[TResult](Func`2 func)
         at NewLife.Caching.Redis.GetInfo(Boolean all)
         at NewLife.Caching.Redis.get_Info()
         at NewLife.Caching.FullRedis.InitCluster()
         at NewLife.Caching.FullRedis.Execute[T](String key, Func`3 func, Boolean write)
         at NewLife.Caching.RedisBase.Execute[T](Func`3 func, Boolean write)
         at NewLife.Caching.RedisHash`2.GetAll()
         at Admin.NET.Core.Service.SysCacheService.HashGetAll[T](String key) in D:\work\juai\api\Admin.NET.Core\Service\Cache\SysCacheService.cs:line 234
         at Admin.NET.Core.JuAI.Service.DrawingAlibabaService.AlibabaTaskFetchTask() in D:\work\juai\api\Admin.NET.Core.JuAi\Service\AIDrawing\DrawingAlibabaService.cs:line 55
         at Admin.NET.Core.JuAI.RealtimeJob.ExecuteAsync(JobExecutingContext context, CancellationToken stoppingToken) in D:\work\juai\api\Admin.NET.Core.JuAi\Job\RealtimeJob.cs:line 32
      ++++++++++++++++++++++++++++++++++++++++++++++++++++++++
fail: 2024-08-17 20:44:22.9529545 +08:00 星期六 L System.Logging.ScheduleService[0] #20
      [Furion.Pure.dll] void Furion.Schedule.ScheduleLogger.Log(LogLevel logLevel, string message, object[] args, Exception ex)
      Persistence of <trigger_ossAsync> trigger of <job_ossAsync> job failed.      
      ++++++++++++++++++++++++++++++++++++++++++++++++++++++++
      System.TimeoutException: 连接[tcp://guxin.link:6379][3000ms]超时！
         at NewLife.Caching.RedisClient.GetStream(Boolean create)
         at NewLife.Caching.RedisClient.ExecuteCommand(String cmd, Packet[] args, Object[] oriArgs)
         at NewLife.Caching.RedisClient.Execute(String cmd, Object[] args)
         at NewLife.Caching.RedisClient.Execute[TResult](String cmd, Object[] args)
         at NewLife.Caching.FullRedis.<>c__DisplayClass41_1.<Search>b__0(RedisClient r)
         at NewLife.Caching.Redis.Execute[TResult](Func`2 func)
         at NewLife.Caching.FullRedis.Search(SearchModel model)+MoveNext()
         at System.Linq.Enumerable.SelectEnumerableIterator`2.ToList()
         at Admin.NET.Core.Service.SysCacheService.GetKeysByPrefixKey(String prefixKey) in D:\work\juai\api\Admin.NET.Core\Service\Cache\SysCacheService.cs:line 126
         at Admin.NET.Core.SqlSugarCache.GetAllKey[V]() in D:\work\juai\api\Admin.NET.Core\Cache\SqlSugarCache.cs:line 44
         at SqlSugar.CacheSchemeMain.RemoveCache(ICacheService cacheService, String tableName)
         at SqlSugar.UpdateableProvider`1.<RemoveDataCache>b__139_0()
         at SqlSugar.UpdateableProvider`1.After(String sql)
         at SqlSugar.UpdateableProvider`1.ExecuteCommand()
         at Admin.NET.Core.Service.DbJobPersistence.OnTriggerChanged(PersistenceTriggerContext context) in D:\work\juai\api\Admin.NET.Core\Service\Job\DbJobPersistence.cs:line 177
         at Furion.Schedule.SchedulerFactory.ProcessQueue() in D:\work\juai\api\Plugins\Furion.Pure\Schedule\Factories\SchedulerFactory.Internal.cs:line 445
      ++++++++++++++++++++++++++++++++++++++++++++++++++++++++
fail: 2024-08-17 20:44:25.3754175 +08:00 星期六 L Admin.NET.Core.JuAI.OssAsyncJob[0] #4
      [Admin.NET.Core.JuAI.dll] async Task Admin.NET.Core.JuAI.RealtimeJob.ExecuteAsync(JobExecutingContext context, CancellationToken stoppingToken)
      实时任务出错连接[tcp://guxin.link:6379][3000ms]超时！      
      ++++++++++++++++++++++++++++++++++++++++++++++++++++++++
      System.TimeoutException: 连接[tcp://guxin.link:6379][3000ms]超时！
         at NewLife.Caching.RedisClient.GetStream(Boolean create)
         at NewLife.Caching.RedisClient.ExecuteCommand(String cmd, Packet[] args, Object[] oriArgs)
         at NewLife.Caching.RedisClient.Execute(String cmd, Object[] args)
         at NewLife.Caching.Redis.<>c.<GetInfo>b__101_1(RedisClient rds)
         at NewLife.Caching.Redis.Execute[TResult](Func`2 func)
         at NewLife.Caching.Redis.GetInfo(Boolean all)
         at NewLife.Caching.Redis.get_Info()
         at NewLife.Caching.FullRedis.InitCluster()
         at NewLife.Caching.FullRedis.Execute[T](String key, Func`3 func, Boolean write)
         at NewLife.Caching.RedisBase.Execute[T](Func`3 func, Boolean write)
         at NewLife.Caching.RedisHash`2.GetAll()
         at Admin.NET.Core.Service.SysCacheService.HashGetAll[T](String key) in D:\work\juai\api\Admin.NET.Core\Service\Cache\SysCacheService.cs:line 234
         at Admin.NET.Core.JuAI.Service.DrawingAlibabaService.AlibabaTaskFetchTask() in D:\work\juai\api\Admin.NET.Core.JuAi\Service\AIDrawing\DrawingAlibabaService.cs:line 55
         at Admin.NET.Core.JuAI.RealtimeJob.ExecuteAsync(JobExecutingContext context, CancellationToken stoppingToken) in D:\work\juai\api\Admin.NET.Core.JuAi\Job\RealtimeJob.cs:line 32
      ++++++++++++++++++++++++++++++++++++++++++++++++++++++++
fail: 2024-08-17 20:44:26.0265806 +08:00 星期六 L System.Logging.ScheduleService[0] #20
      [Furion.Pure.dll] void Furion.Schedule.ScheduleLogger.Log(LogLevel logLevel, string message, object[] args, Exception ex)
      The JobDetail of <job_realtime> persist failed.      
      ++++++++++++++++++++++++++++++++++++++++++++++++++++++++
      System.TimeoutException: 连接[tcp://guxin.link:6379][3000ms]超时！
         at NewLife.Caching.RedisClient.GetStream(Boolean create)
         at NewLife.Caching.RedisClient.ExecuteCommand(String cmd, Packet[] args, Object[] oriArgs)
         at NewLife.Caching.RedisClient.Execute(String cmd, Object[] args)
         at NewLife.Caching.RedisClient.Execute[TResult](String cmd, Object[] args)
         at NewLife.Caching.FullRedis.<>c__DisplayClass41_1.<Search>b__0(RedisClient r)
         at NewLife.Caching.Redis.Execute[TResult](Func`2 func)
         at NewLife.Caching.FullRedis.Search(SearchModel model)+MoveNext()
         at System.Linq.Enumerable.SelectEnumerableIterator`2.ToList()
         at Admin.NET.Core.Service.SysCacheService.GetKeysByPrefixKey(String prefixKey) in D:\work\juai\api\Admin.NET.Core\Service\Cache\SysCacheService.cs:line 126
         at Admin.NET.Core.SqlSugarCache.GetAllKey[V]() in D:\work\juai\api\Admin.NET.Core\Cache\SqlSugarCache.cs:line 44
         at SqlSugar.CacheSchemeMain.RemoveCache(ICacheService cacheService, String tableName)
         at SqlSugar.UpdateableProvider`1.<RemoveDataCache>b__139_0()
         at SqlSugar.UpdateableProvider`1.After(String sql)
         at SqlSugar.UpdateableProvider`1.ExecuteCommand()
         at Admin.NET.Core.Service.DbJobPersistence.OnChanged(PersistenceContext context) in D:\work\juai\api\Admin.NET.Core\Service\Job\DbJobPersistence.cs:line 146
         at Furion.Schedule.SchedulerFactory.ProcessQueue() in D:\work\juai\api\Plugins\Furion.Pure\Schedule\Factories\SchedulerFactory.Internal.cs:line 448
      ++++++++++++++++++++++++++++++++++++++++++++++++++++++++
fail: 2024-08-17 20:44:29.1066280 +08:00 星期六 L System.Logging.ScheduleService[0] #20
      [Furion.Pure.dll] void Furion.Schedule.ScheduleLogger.Log(LogLevel logLevel, string message, object[] args, Exception ex)
      Persistence of <trigger_realtime> trigger of <job_realtime> job failed.      
      ++++++++++++++++++++++++++++++++++++++++++++++++++++++++
      System.TimeoutException: 连接[tcp://guxin.link:6379][3000ms]超时！
         at NewLife.Caching.RedisClient.GetStream(Boolean create)
         at NewLife.Caching.RedisClient.ExecuteCommand(String cmd, Packet[] args, Object[] oriArgs)
         at NewLife.Caching.RedisClient.Execute(String cmd, Object[] args)
         at NewLife.Caching.RedisClient.Execute[TResult](String cmd, Object[] args)
         at NewLife.Caching.FullRedis.<>c__DisplayClass41_1.<Search>b__0(RedisClient r)
         at NewLife.Caching.Redis.Execute[TResult](Func`2 func)
         at NewLife.Caching.FullRedis.Search(SearchModel model)+MoveNext()
         at System.Linq.Enumerable.SelectEnumerableIterator`2.ToList()
         at Admin.NET.Core.Service.SysCacheService.GetKeysByPrefixKey(String prefixKey) in D:\work\juai\api\Admin.NET.Core\Service\Cache\SysCacheService.cs:line 126
         at Admin.NET.Core.SqlSugarCache.GetAllKey[V]() in D:\work\juai\api\Admin.NET.Core\Cache\SqlSugarCache.cs:line 44
         at SqlSugar.CacheSchemeMain.RemoveCache(ICacheService cacheService, String tableName)
         at SqlSugar.UpdateableProvider`1.<RemoveDataCache>b__139_0()
         at SqlSugar.UpdateableProvider`1.After(String sql)
         at SqlSugar.UpdateableProvider`1.ExecuteCommand()
         at Admin.NET.Core.Service.DbJobPersistence.OnTriggerChanged(PersistenceTriggerContext context) in D:\work\juai\api\Admin.NET.Core\Service\Job\DbJobPersistence.cs:line 177
         at Furion.Schedule.SchedulerFactory.ProcessQueue() in D:\work\juai\api\Plugins\Furion.Pure\Schedule\Factories\SchedulerFactory.Internal.cs:line 445
      ++++++++++++++++++++++++++++++++++++++++++++++++++++++++
fail: 2024-08-17 20:44:30.3359588 +08:00 星期六 L Admin.NET.Core.JuAI.OssAsyncJob[0] #23
      [Admin.NET.Core.JuAI.dll] async Task Admin.NET.Core.JuAI.RealtimeJob.ExecuteAsync(JobExecutingContext context, CancellationToken stoppingToken)
      实时任务出错连接[tcp://guxin.link:6379][3000ms]超时！      
      ++++++++++++++++++++++++++++++++++++++++++++++++++++++++
      System.TimeoutException: 连接[tcp://guxin.link:6379][3000ms]超时！
         at NewLife.Caching.RedisClient.GetStream(Boolean create)
         at NewLife.Caching.RedisClient.ExecuteCommand(String cmd, Packet[] args, Object[] oriArgs)
         at NewLife.Caching.RedisClient.Execute(String cmd, Object[] args)
         at NewLife.Caching.Redis.<>c.<GetInfo>b__101_1(RedisClient rds)
         at NewLife.Caching.Redis.Execute[TResult](Func`2 func)
         at NewLife.Caching.Redis.GetInfo(Boolean all)
         at NewLife.Caching.Redis.get_Info()
         at NewLife.Caching.FullRedis.InitCluster()
         at NewLife.Caching.FullRedis.Execute[T](String key, Func`3 func, Boolean write)
         at NewLife.Caching.RedisBase.Execute[T](Func`3 func, Boolean write)
         at NewLife.Caching.RedisHash`2.GetAll()
         at Admin.NET.Core.Service.SysCacheService.HashGetAll[T](String key) in D:\work\juai\api\Admin.NET.Core\Service\Cache\SysCacheService.cs:line 234
         at Admin.NET.Core.JuAI.Service.DrawingAlibabaService.AlibabaTaskFetchTask() in D:\work\juai\api\Admin.NET.Core.JuAi\Service\AIDrawing\DrawingAlibabaService.cs:line 55
         at Admin.NET.Core.JuAI.RealtimeJob.ExecuteAsync(JobExecutingContext context, CancellationToken stoppingToken) in D:\work\juai\api\Admin.NET.Core.JuAi\Job\RealtimeJob.cs:line 32
      ++++++++++++++++++++++++++++++++++++++++++++++++++++++++
fail: 2024-08-17 20:44:32.1752186 +08:00 星期六 L System.Logging.ScheduleService[0] #20
      [Furion.Pure.dll] void Furion.Schedule.ScheduleLogger.Log(LogLevel logLevel, string message, object[] args, Exception ex)
      The JobDetail of <job_realtime> persist failed.      
      ++++++++++++++++++++++++++++++++++++++++++++++++++++++++
      System.TimeoutException: 连接[tcp://guxin.link:6379][3000ms]超时！
         at NewLife.Caching.RedisClient.GetStream(Boolean create)
         at NewLife.Caching.RedisClient.ExecuteCommand(String cmd, Packet[] args, Object[] oriArgs)
         at NewLife.Caching.RedisClient.Execute(String cmd, Object[] args)
         at NewLife.Caching.RedisClient.Execute[TResult](String cmd, Object[] args)
         at NewLife.Caching.FullRedis.<>c__DisplayClass41_1.<Search>b__0(RedisClient r)
         at NewLife.Caching.Redis.Execute[TResult](Func`2 func)
         at NewLife.Caching.FullRedis.Search(SearchModel model)+MoveNext()
         at System.Linq.Enumerable.SelectEnumerableIterator`2.ToList()
         at Admin.NET.Core.Service.SysCacheService.GetKeysByPrefixKey(String prefixKey) in D:\work\juai\api\Admin.NET.Core\Service\Cache\SysCacheService.cs:line 126
         at Admin.NET.Core.SqlSugarCache.GetAllKey[V]() in D:\work\juai\api\Admin.NET.Core\Cache\SqlSugarCache.cs:line 44
         at SqlSugar.CacheSchemeMain.RemoveCache(ICacheService cacheService, String tableName)
         at SqlSugar.UpdateableProvider`1.<RemoveDataCache>b__139_0()
         at SqlSugar.UpdateableProvider`1.After(String sql)
         at SqlSugar.UpdateableProvider`1.ExecuteCommand()
         at Admin.NET.Core.Service.DbJobPersistence.OnChanged(PersistenceContext context) in D:\work\juai\api\Admin.NET.Core\Service\Job\DbJobPersistence.cs:line 146
         at Furion.Schedule.SchedulerFactory.ProcessQueue() in D:\work\juai\api\Plugins\Furion.Pure\Schedule\Factories\SchedulerFactory.Internal.cs:line 448
      ++++++++++++++++++++++++++++++++++++++++++++++++++++++++
fail: 2024-08-17 20:44:35.2458710 +08:00 星期六 L System.Logging.ScheduleService[0] #20
      [Furion.Pure.dll] void Furion.Schedule.ScheduleLogger.Log(LogLevel logLevel, string message, object[] args, Exception ex)
      The JobDetail of <job_onlineUser> persist failed.      
      ++++++++++++++++++++++++++++++++++++++++++++++++++++++++
      System.TimeoutException: 连接[tcp://guxin.link:6379][3000ms]超时！
         at NewLife.Caching.RedisClient.GetStream(Boolean create)
         at NewLife.Caching.RedisClient.ExecuteCommand(String cmd, Packet[] args, Object[] oriArgs)
         at NewLife.Caching.RedisClient.Execute(String cmd, Object[] args)
         at NewLife.Caching.RedisClient.Execute[TResult](String cmd, Object[] args)
         at NewLife.Caching.FullRedis.<>c__DisplayClass41_1.<Search>b__0(RedisClient r)
         at NewLife.Caching.Redis.Execute[TResult](Func`2 func)
         at NewLife.Caching.FullRedis.Search(SearchModel model)+MoveNext()
         at System.Linq.Enumerable.SelectEnumerableIterator`2.ToList()
         at Admin.NET.Core.Service.SysCacheService.GetKeysByPrefixKey(String prefixKey) in D:\work\juai\api\Admin.NET.Core\Service\Cache\SysCacheService.cs:line 126
         at Admin.NET.Core.SqlSugarCache.GetAllKey[V]() in D:\work\juai\api\Admin.NET.Core\Cache\SqlSugarCache.cs:line 44
         at SqlSugar.CacheSchemeMain.RemoveCache(ICacheService cacheService, String tableName)
         at SqlSugar.UpdateableProvider`1.<RemoveDataCache>b__139_0()
         at SqlSugar.UpdateableProvider`1.After(String sql)
         at SqlSugar.UpdateableProvider`1.ExecuteCommand()
         at Admin.NET.Core.Service.DbJobPersistence.OnChanged(PersistenceContext context) in D:\work\juai\api\Admin.NET.Core\Service\Job\DbJobPersistence.cs:line 146
         at Furion.Schedule.SchedulerFactory.ProcessQueue() in D:\work\juai\api\Plugins\Furion.Pure\Schedule\Factories\SchedulerFactory.Internal.cs:line 448
      ++++++++++++++++++++++++++++++++++++++++++++++++++++++++
fail: 2024-08-17 20:44:35.3222890 +08:00 星期六 L Admin.NET.Core.JuAI.OssAsyncJob[0] #24
      [Admin.NET.Core.JuAI.dll] async Task Admin.NET.Core.JuAI.RealtimeJob.ExecuteAsync(JobExecutingContext context, CancellationToken stoppingToken)
      实时任务出错连接[tcp://guxin.link:6379][3000ms]超时！      
      ++++++++++++++++++++++++++++++++++++++++++++++++++++++++
      System.TimeoutException: 连接[tcp://guxin.link:6379][3000ms]超时！
         at NewLife.Caching.RedisClient.GetStream(Boolean create)
         at NewLife.Caching.RedisClient.ExecuteCommand(String cmd, Packet[] args, Object[] oriArgs)
         at NewLife.Caching.RedisClient.Execute(String cmd, Object[] args)
         at NewLife.Caching.Redis.<>c.<GetInfo>b__101_1(RedisClient rds)
         at NewLife.Caching.Redis.Execute[TResult](Func`2 func)
         at NewLife.Caching.Redis.GetInfo(Boolean all)
         at NewLife.Caching.Redis.get_Info()
         at NewLife.Caching.FullRedis.InitCluster()
         at NewLife.Caching.FullRedis.Execute[T](String key, Func`3 func, Boolean write)
         at NewLife.Caching.RedisBase.Execute[T](Func`3 func, Boolean write)
         at NewLife.Caching.RedisHash`2.GetAll()
         at Admin.NET.Core.Service.SysCacheService.HashGetAll[T](String key) in D:\work\juai\api\Admin.NET.Core\Service\Cache\SysCacheService.cs:line 234
         at Admin.NET.Core.JuAI.Service.DrawingAlibabaService.AlibabaTaskFetchTask() in D:\work\juai\api\Admin.NET.Core.JuAi\Service\AIDrawing\DrawingAlibabaService.cs:line 55
         at Admin.NET.Core.JuAI.RealtimeJob.ExecuteAsync(JobExecutingContext context, CancellationToken stoppingToken) in D:\work\juai\api\Admin.NET.Core.JuAi\Job\RealtimeJob.cs:line 32
      ++++++++++++++++++++++++++++++++++++++++++++++++++++++++
fail: 2024-08-17 20:44:38.3282626 +08:00 星期六 L System.Logging.ScheduleService[0] #20
      [Furion.Pure.dll] void Furion.Schedule.ScheduleLogger.Log(LogLevel logLevel, string message, object[] args, Exception ex)
      The JobDetail of <job_ossAsync> persist failed.      
      ++++++++++++++++++++++++++++++++++++++++++++++++++++++++
      System.TimeoutException: 连接[tcp://guxin.link:6379][3000ms]超时！
         at NewLife.Caching.RedisClient.GetStream(Boolean create)
         at NewLife.Caching.RedisClient.ExecuteCommand(String cmd, Packet[] args, Object[] oriArgs)
         at NewLife.Caching.RedisClient.Execute(String cmd, Object[] args)
         at NewLife.Caching.RedisClient.Execute[TResult](String cmd, Object[] args)
         at NewLife.Caching.FullRedis.<>c__DisplayClass41_1.<Search>b__0(RedisClient r)
         at NewLife.Caching.Redis.Execute[TResult](Func`2 func)
         at NewLife.Caching.FullRedis.Search(SearchModel model)+MoveNext()
         at System.Linq.Enumerable.SelectEnumerableIterator`2.ToList()
         at Admin.NET.Core.Service.SysCacheService.GetKeysByPrefixKey(String prefixKey) in D:\work\juai\api\Admin.NET.Core\Service\Cache\SysCacheService.cs:line 126
         at Admin.NET.Core.SqlSugarCache.GetAllKey[V]() in D:\work\juai\api\Admin.NET.Core\Cache\SqlSugarCache.cs:line 44
         at SqlSugar.CacheSchemeMain.RemoveCache(ICacheService cacheService, String tableName)
         at SqlSugar.UpdateableProvider`1.<RemoveDataCache>b__139_0()
         at SqlSugar.UpdateableProvider`1.After(String sql)
         at SqlSugar.UpdateableProvider`1.ExecuteCommand()
         at Admin.NET.Core.Service.DbJobPersistence.OnChanged(PersistenceContext context) in D:\work\juai\api\Admin.NET.Core\Service\Job\DbJobPersistence.cs:line 146
         at Furion.Schedule.SchedulerFactory.ProcessQueue() in D:\work\juai\api\Plugins\Furion.Pure\Schedule\Factories\SchedulerFactory.Internal.cs:line 448
      ++++++++++++++++++++++++++++++++++++++++++++++++++++++++
fail: 2024-08-17 20:44:40.3095895 +08:00 星期六 L Admin.NET.Core.JuAI.OssAsyncJob[0] #23
      [Admin.NET.Core.JuAI.dll] async Task Admin.NET.Core.JuAI.RealtimeJob.ExecuteAsync(JobExecutingContext context, CancellationToken stoppingToken)
      实时任务出错连接[tcp://guxin.link:6379][3000ms]超时！      
      ++++++++++++++++++++++++++++++++++++++++++++++++++++++++
      System.TimeoutException: 连接[tcp://guxin.link:6379][3000ms]超时！
         at NewLife.Caching.RedisClient.GetStream(Boolean create)
         at NewLife.Caching.RedisClient.ExecuteCommand(String cmd, Packet[] args, Object[] oriArgs)
         at NewLife.Caching.RedisClient.Execute(String cmd, Object[] args)
         at NewLife.Caching.Redis.<>c.<GetInfo>b__101_1(RedisClient rds)
         at NewLife.Caching.Redis.Execute[TResult](Func`2 func)
         at NewLife.Caching.Redis.GetInfo(Boolean all)
         at NewLife.Caching.Redis.get_Info()
         at NewLife.Caching.FullRedis.InitCluster()
         at NewLife.Caching.FullRedis.Execute[T](String key, Func`3 func, Boolean write)
         at NewLife.Caching.RedisBase.Execute[T](Func`3 func, Boolean write)
         at NewLife.Caching.RedisHash`2.GetAll()
         at Admin.NET.Core.Service.SysCacheService.HashGetAll[T](String key) in D:\work\juai\api\Admin.NET.Core\Service\Cache\SysCacheService.cs:line 234
         at Admin.NET.Core.JuAI.Service.DrawingAlibabaService.AlibabaTaskFetchTask() in D:\work\juai\api\Admin.NET.Core.JuAi\Service\AIDrawing\DrawingAlibabaService.cs:line 55
         at Admin.NET.Core.JuAI.RealtimeJob.ExecuteAsync(JobExecutingContext context, CancellationToken stoppingToken) in D:\work\juai\api\Admin.NET.Core.JuAi\Job\RealtimeJob.cs:line 32
      ++++++++++++++++++++++++++++++++++++++++++++++++++++++++
fail: 2024-08-17 20:44:41.4166511 +08:00 星期六 L System.Logging.ScheduleService[0] #20
      [Furion.Pure.dll] void Furion.Schedule.ScheduleLogger.Log(LogLevel logLevel, string message, object[] args, Exception ex)
      Persistence of <trigger_realtime> trigger of <job_realtime> job failed.      
      ++++++++++++++++++++++++++++++++++++++++++++++++++++++++
      System.TimeoutException: 连接[tcp://guxin.link:6379][3000ms]超时！
         at NewLife.Caching.RedisClient.GetStream(Boolean create)
         at NewLife.Caching.RedisClient.ExecuteCommand(String cmd, Packet[] args, Object[] oriArgs)
         at NewLife.Caching.RedisClient.Execute(String cmd, Object[] args)
         at NewLife.Caching.RedisClient.Execute[TResult](String cmd, Object[] args)
         at NewLife.Caching.FullRedis.<>c__DisplayClass41_1.<Search>b__0(RedisClient r)
         at NewLife.Caching.Redis.Execute[TResult](Func`2 func)
         at NewLife.Caching.FullRedis.Search(SearchModel model)+MoveNext()
         at System.Linq.Enumerable.SelectEnumerableIterator`2.ToList()
         at Admin.NET.Core.Service.SysCacheService.GetKeysByPrefixKey(String prefixKey) in D:\work\juai\api\Admin.NET.Core\Service\Cache\SysCacheService.cs:line 126
         at Admin.NET.Core.SqlSugarCache.GetAllKey[V]() in D:\work\juai\api\Admin.NET.Core\Cache\SqlSugarCache.cs:line 44
         at SqlSugar.CacheSchemeMain.RemoveCache(ICacheService cacheService, String tableName)
         at SqlSugar.UpdateableProvider`1.<RemoveDataCache>b__139_0()
         at SqlSugar.UpdateableProvider`1.After(String sql)
         at SqlSugar.UpdateableProvider`1.ExecuteCommand()
         at Admin.NET.Core.Service.DbJobPersistence.OnTriggerChanged(PersistenceTriggerContext context) in D:\work\juai\api\Admin.NET.Core\Service\Job\DbJobPersistence.cs:line 177
         at Furion.Schedule.SchedulerFactory.ProcessQueue() in D:\work\juai\api\Plugins\Furion.Pure\Schedule\Factories\SchedulerFactory.Internal.cs:line 445
      ++++++++++++++++++++++++++++++++++++++++++++++++++++++++
fail: 2024-08-17 20:44:44.4995001 +08:00 星期六 L System.Logging.ScheduleService[0] #20
      [Furion.Pure.dll] void Furion.Schedule.ScheduleLogger.Log(LogLevel logLevel, string message, object[] args, Exception ex)
      Persistence of <trigger_onlineUser> trigger of <job_onlineUser> job failed.      
      ++++++++++++++++++++++++++++++++++++++++++++++++++++++++
      System.TimeoutException: 连接[tcp://guxin.link:6379][3000ms]超时！
         at NewLife.Caching.RedisClient.GetStream(Boolean create)
         at NewLife.Caching.RedisClient.ExecuteCommand(String cmd, Packet[] args, Object[] oriArgs)
         at NewLife.Caching.RedisClient.Execute(String cmd, Object[] args)
         at NewLife.Caching.RedisClient.Execute[TResult](String cmd, Object[] args)
         at NewLife.Caching.FullRedis.<>c__DisplayClass41_1.<Search>b__0(RedisClient r)
         at NewLife.Caching.Redis.Execute[TResult](Func`2 func)
         at NewLife.Caching.FullRedis.Search(SearchModel model)+MoveNext()
         at System.Linq.Enumerable.SelectEnumerableIterator`2.ToList()
         at Admin.NET.Core.Service.SysCacheService.GetKeysByPrefixKey(String prefixKey) in D:\work\juai\api\Admin.NET.Core\Service\Cache\SysCacheService.cs:line 126
         at Admin.NET.Core.SqlSugarCache.GetAllKey[V]() in D:\work\juai\api\Admin.NET.Core\Cache\SqlSugarCache.cs:line 44
         at SqlSugar.CacheSchemeMain.RemoveCache(ICacheService cacheService, String tableName)
         at SqlSugar.UpdateableProvider`1.<RemoveDataCache>b__139_0()
         at SqlSugar.UpdateableProvider`1.After(String sql)
         at SqlSugar.UpdateableProvider`1.ExecuteCommand()
         at Admin.NET.Core.Service.DbJobPersistence.OnTriggerChanged(PersistenceTriggerContext context) in D:\work\juai\api\Admin.NET.Core\Service\Job\DbJobPersistence.cs:line 177
         at Furion.Schedule.SchedulerFactory.ProcessQueue() in D:\work\juai\api\Plugins\Furion.Pure\Schedule\Factories\SchedulerFactory.Internal.cs:line 445
      ++++++++++++++++++++++++++++++++++++++++++++++++++++++++
fail: 2024-08-17 20:44:45.2716256 +08:00 星期六 L Admin.NET.Core.JuAI.OssAsyncJob[0] #24
      [Admin.NET.Core.JuAI.dll] async Task Admin.NET.Core.JuAI.RealtimeJob.ExecuteAsync(JobExecutingContext context, CancellationToken stoppingToken)
      实时任务出错连接[tcp://guxin.link:6379][3000ms]超时！      
      ++++++++++++++++++++++++++++++++++++++++++++++++++++++++
      System.TimeoutException: 连接[tcp://guxin.link:6379][3000ms]超时！
         at NewLife.Caching.RedisClient.GetStream(Boolean create)
         at NewLife.Caching.RedisClient.ExecuteCommand(String cmd, Packet[] args, Object[] oriArgs)
         at NewLife.Caching.RedisClient.Execute(String cmd, Object[] args)
         at NewLife.Caching.Redis.<>c.<GetInfo>b__101_1(RedisClient rds)
         at NewLife.Caching.Redis.Execute[TResult](Func`2 func)
         at NewLife.Caching.Redis.GetInfo(Boolean all)
         at NewLife.Caching.Redis.get_Info()
         at NewLife.Caching.FullRedis.InitCluster()
         at NewLife.Caching.FullRedis.Execute[T](String key, Func`3 func, Boolean write)
         at NewLife.Caching.RedisBase.Execute[T](Func`3 func, Boolean write)
         at NewLife.Caching.RedisHash`2.GetAll()
         at Admin.NET.Core.Service.SysCacheService.HashGetAll[T](String key) in D:\work\juai\api\Admin.NET.Core\Service\Cache\SysCacheService.cs:line 234
         at Admin.NET.Core.JuAI.Service.DrawingAlibabaService.AlibabaTaskFetchTask() in D:\work\juai\api\Admin.NET.Core.JuAi\Service\AIDrawing\DrawingAlibabaService.cs:line 55
         at Admin.NET.Core.JuAI.RealtimeJob.ExecuteAsync(JobExecutingContext context, CancellationToken stoppingToken) in D:\work\juai\api\Admin.NET.Core.JuAi\Job\RealtimeJob.cs:line 32
      ++++++++++++++++++++++++++++++++++++++++++++++++++++++++
fail: 2024-08-17 20:44:47.5774056 +08:00 星期六 L System.Logging.ScheduleService[0] #20
      [Furion.Pure.dll] void Furion.Schedule.ScheduleLogger.Log(LogLevel logLevel, string message, object[] args, Exception ex)
      Persistence of <trigger_ossAsync> trigger of <job_ossAsync> job failed.      
      ++++++++++++++++++++++++++++++++++++++++++++++++++++++++
      System.TimeoutException: 连接[tcp://guxin.link:6379][3000ms]超时！
         at NewLife.Caching.RedisClient.GetStream(Boolean create)
         at NewLife.Caching.RedisClient.ExecuteCommand(String cmd, Packet[] args, Object[] oriArgs)
         at NewLife.Caching.RedisClient.Execute(String cmd, Object[] args)
         at NewLife.Caching.RedisClient.Execute[TResult](String cmd, Object[] args)
         at NewLife.Caching.FullRedis.<>c__DisplayClass41_1.<Search>b__0(RedisClient r)
         at NewLife.Caching.Redis.Execute[TResult](Func`2 func)
         at NewLife.Caching.FullRedis.Search(SearchModel model)+MoveNext()
         at System.Linq.Enumerable.SelectEnumerableIterator`2.ToList()
         at Admin.NET.Core.Service.SysCacheService.GetKeysByPrefixKey(String prefixKey) in D:\work\juai\api\Admin.NET.Core\Service\Cache\SysCacheService.cs:line 126
         at Admin.NET.Core.SqlSugarCache.GetAllKey[V]() in D:\work\juai\api\Admin.NET.Core\Cache\SqlSugarCache.cs:line 44
         at SqlSugar.CacheSchemeMain.RemoveCache(ICacheService cacheService, String tableName)
         at SqlSugar.UpdateableProvider`1.<RemoveDataCache>b__139_0()
         at SqlSugar.UpdateableProvider`1.After(String sql)
         at SqlSugar.UpdateableProvider`1.ExecuteCommand()
         at Admin.NET.Core.Service.DbJobPersistence.OnTriggerChanged(PersistenceTriggerContext context) in D:\work\juai\api\Admin.NET.Core\Service\Job\DbJobPersistence.cs:line 177
         at Furion.Schedule.SchedulerFactory.ProcessQueue() in D:\work\juai\api\Plugins\Furion.Pure\Schedule\Factories\SchedulerFactory.Internal.cs:line 445
      ++++++++++++++++++++++++++++++++++++++++++++++++++++++++
fail: 2024-08-17 20:44:50.2663365 +08:00 星期六 L Admin.NET.Core.JuAI.OssAsyncJob[0] #23
      [Admin.NET.Core.JuAI.dll] async Task Admin.NET.Core.JuAI.RealtimeJob.ExecuteAsync(JobExecutingContext context, CancellationToken stoppingToken)
      实时任务出错连接[tcp://guxin.link:6379][3000ms]超时！      
      ++++++++++++++++++++++++++++++++++++++++++++++++++++++++
      System.TimeoutException: 连接[tcp://guxin.link:6379][3000ms]超时！
         at NewLife.Caching.RedisClient.GetStream(Boolean create)
         at NewLife.Caching.RedisClient.ExecuteCommand(String cmd, Packet[] args, Object[] oriArgs)
         at NewLife.Caching.RedisClient.Execute(String cmd, Object[] args)
         at NewLife.Caching.Redis.<>c.<GetInfo>b__101_1(RedisClient rds)
         at NewLife.Caching.Redis.Execute[TResult](Func`2 func)
         at NewLife.Caching.Redis.GetInfo(Boolean all)
         at NewLife.Caching.Redis.get_Info()
         at NewLife.Caching.FullRedis.InitCluster()
         at NewLife.Caching.FullRedis.Execute[T](String key, Func`3 func, Boolean write)
         at NewLife.Caching.RedisBase.Execute[T](Func`3 func, Boolean write)
         at NewLife.Caching.RedisHash`2.GetAll()
         at Admin.NET.Core.Service.SysCacheService.HashGetAll[T](String key) in D:\work\juai\api\Admin.NET.Core\Service\Cache\SysCacheService.cs:line 234
         at Admin.NET.Core.JuAI.Service.DrawingAlibabaService.AlibabaTaskFetchTask() in D:\work\juai\api\Admin.NET.Core.JuAi\Service\AIDrawing\DrawingAlibabaService.cs:line 55
         at Admin.NET.Core.JuAI.RealtimeJob.ExecuteAsync(JobExecutingContext context, CancellationToken stoppingToken) in D:\work\juai\api\Admin.NET.Core.JuAi\Job\RealtimeJob.cs:line 32
      ++++++++++++++++++++++++++++++++++++++++++++++++++++++++
fail: 2024-08-17 20:44:50.6621023 +08:00 星期六 L System.Logging.ScheduleService[0] #20
      [Furion.Pure.dll] void Furion.Schedule.ScheduleLogger.Log(LogLevel logLevel, string message, object[] args, Exception ex)
      Persistence of <trigger_ossAsync> trigger of <job_ossAsync> job failed.      
      ++++++++++++++++++++++++++++++++++++++++++++++++++++++++
      System.TimeoutException: 连接[tcp://guxin.link:6379][3000ms]超时！
         at NewLife.Caching.RedisClient.GetStream(Boolean create)
         at NewLife.Caching.RedisClient.ExecuteCommand(String cmd, Packet[] args, Object[] oriArgs)
         at NewLife.Caching.RedisClient.Execute(String cmd, Object[] args)
         at NewLife.Caching.RedisClient.Execute[TResult](String cmd, Object[] args)
         at NewLife.Caching.FullRedis.<>c__DisplayClass41_1.<Search>b__0(RedisClient r)
         at NewLife.Caching.Redis.Execute[TResult](Func`2 func)
         at NewLife.Caching.FullRedis.Search(SearchModel model)+MoveNext()
         at System.Linq.Enumerable.SelectEnumerableIterator`2.ToList()
         at Admin.NET.Core.Service.SysCacheService.GetKeysByPrefixKey(String prefixKey) in D:\work\juai\api\Admin.NET.Core\Service\Cache\SysCacheService.cs:line 126
         at Admin.NET.Core.SqlSugarCache.GetAllKey[V]() in D:\work\juai\api\Admin.NET.Core\Cache\SqlSugarCache.cs:line 44
         at SqlSugar.CacheSchemeMain.RemoveCache(ICacheService cacheService, String tableName)
         at SqlSugar.UpdateableProvider`1.<RemoveDataCache>b__139_0()
         at SqlSugar.UpdateableProvider`1.After(String sql)
         at SqlSugar.UpdateableProvider`1.ExecuteCommand()
         at Admin.NET.Core.Service.DbJobPersistence.OnTriggerChanged(PersistenceTriggerContext context) in D:\work\juai\api\Admin.NET.Core\Service\Job\DbJobPersistence.cs:line 177
         at Furion.Schedule.SchedulerFactory.ProcessQueue() in D:\work\juai\api\Plugins\Furion.Pure\Schedule\Factories\SchedulerFactory.Internal.cs:line 445
      ++++++++++++++++++++++++++++++++++++++++++++++++++++++++
fail: 2024-08-17 20:44:53.7443091 +08:00 星期六 L System.Logging.ScheduleService[0] #20
      [Furion.Pure.dll] void Furion.Schedule.ScheduleLogger.Log(LogLevel logLevel, string message, object[] args, Exception ex)
      The JobDetail of <job_ossAsync> persist failed.      
      ++++++++++++++++++++++++++++++++++++++++++++++++++++++++
      System.TimeoutException: 连接[tcp://guxin.link:6379][3000ms]超时！
         at NewLife.Caching.RedisClient.GetStream(Boolean create)
         at NewLife.Caching.RedisClient.ExecuteCommand(String cmd, Packet[] args, Object[] oriArgs)
         at NewLife.Caching.RedisClient.Execute(String cmd, Object[] args)
         at NewLife.Caching.RedisClient.Execute[TResult](String cmd, Object[] args)
         at NewLife.Caching.FullRedis.<>c__DisplayClass41_1.<Search>b__0(RedisClient r)
         at NewLife.Caching.Redis.Execute[TResult](Func`2 func)
         at NewLife.Caching.FullRedis.Search(SearchModel model)+MoveNext()
         at System.Linq.Enumerable.SelectEnumerableIterator`2.ToList()
         at Admin.NET.Core.Service.SysCacheService.GetKeysByPrefixKey(String prefixKey) in D:\work\juai\api\Admin.NET.Core\Service\Cache\SysCacheService.cs:line 126
         at Admin.NET.Core.SqlSugarCache.GetAllKey[V]() in D:\work\juai\api\Admin.NET.Core\Cache\SqlSugarCache.cs:line 44
         at SqlSugar.CacheSchemeMain.RemoveCache(ICacheService cacheService, String tableName)
         at SqlSugar.UpdateableProvider`1.<RemoveDataCache>b__139_0()
         at SqlSugar.UpdateableProvider`1.After(String sql)
         at SqlSugar.UpdateableProvider`1.ExecuteCommand()
         at Admin.NET.Core.Service.DbJobPersistence.OnChanged(PersistenceContext context) in D:\work\juai\api\Admin.NET.Core\Service\Job\DbJobPersistence.cs:line 146
         at Furion.Schedule.SchedulerFactory.ProcessQueue() in D:\work\juai\api\Plugins\Furion.Pure\Schedule\Factories\SchedulerFactory.Internal.cs:line 448
      ++++++++++++++++++++++++++++++++++++++++++++++++++++++++
fail: 2024-08-17 20:44:55.2362506 +08:00 星期六 L Admin.NET.Core.JuAI.OssAsyncJob[0] #9
      [Admin.NET.Core.JuAI.dll] async Task Admin.NET.Core.JuAI.RealtimeJob.ExecuteAsync(JobExecutingContext context, CancellationToken stoppingToken)
      实时任务出错连接[tcp://guxin.link:6379][3000ms]超时！      
      ++++++++++++++++++++++++++++++++++++++++++++++++++++++++
      System.TimeoutException: 连接[tcp://guxin.link:6379][3000ms]超时！
         at NewLife.Caching.RedisClient.GetStream(Boolean create)
         at NewLife.Caching.RedisClient.ExecuteCommand(String cmd, Packet[] args, Object[] oriArgs)
         at NewLife.Caching.RedisClient.Execute(String cmd, Object[] args)
         at NewLife.Caching.Redis.<>c.<GetInfo>b__101_1(RedisClient rds)
         at NewLife.Caching.Redis.Execute[TResult](Func`2 func)
         at NewLife.Caching.Redis.GetInfo(Boolean all)
         at NewLife.Caching.Redis.get_Info()
         at NewLife.Caching.FullRedis.InitCluster()
         at NewLife.Caching.FullRedis.Execute[T](String key, Func`3 func, Boolean write)
         at NewLife.Caching.RedisBase.Execute[T](Func`3 func, Boolean write)
         at NewLife.Caching.RedisHash`2.GetAll()
         at Admin.NET.Core.Service.SysCacheService.HashGetAll[T](String key) in D:\work\juai\api\Admin.NET.Core\Service\Cache\SysCacheService.cs:line 234
         at Admin.NET.Core.JuAI.Service.DrawingAlibabaService.AlibabaTaskFetchTask() in D:\work\juai\api\Admin.NET.Core.JuAi\Service\AIDrawing\DrawingAlibabaService.cs:line 55
         at Admin.NET.Core.JuAI.RealtimeJob.ExecuteAsync(JobExecutingContext context, CancellationToken stoppingToken) in D:\work\juai\api\Admin.NET.Core.JuAi\Job\RealtimeJob.cs:line 32
      ++++++++++++++++++++++++++++++++++++++++++++++++++++++++
fail: 2024-08-17 20:44:56.8104309 +08:00 星期六 L System.Logging.ScheduleService[0] #20
      [Furion.Pure.dll] void Furion.Schedule.ScheduleLogger.Log(LogLevel logLevel, string message, object[] args, Exception ex)
      Persistence of <trigger_onlineUser> trigger of <job_onlineUser> job failed.      
      ++++++++++++++++++++++++++++++++++++++++++++++++++++++++
      System.TimeoutException: 连接[tcp://guxin.link:6379][3000ms]超时！
         at NewLife.Caching.RedisClient.GetStream(Boolean create)
         at NewLife.Caching.RedisClient.ExecuteCommand(String cmd, Packet[] args, Object[] oriArgs)
         at NewLife.Caching.RedisClient.Execute(String cmd, Object[] args)
         at NewLife.Caching.RedisClient.Execute[TResult](String cmd, Object[] args)
         at NewLife.Caching.FullRedis.<>c__DisplayClass41_1.<Search>b__0(RedisClient r)
         at NewLife.Caching.Redis.Execute[TResult](Func`2 func)
         at NewLife.Caching.FullRedis.Search(SearchModel model)+MoveNext()
         at System.Linq.Enumerable.SelectEnumerableIterator`2.ToList()
         at Admin.NET.Core.Service.SysCacheService.GetKeysByPrefixKey(String prefixKey) in D:\work\juai\api\Admin.NET.Core\Service\Cache\SysCacheService.cs:line 126
         at Admin.NET.Core.SqlSugarCache.GetAllKey[V]() in D:\work\juai\api\Admin.NET.Core\Cache\SqlSugarCache.cs:line 44
         at SqlSugar.CacheSchemeMain.RemoveCache(ICacheService cacheService, String tableName)
         at SqlSugar.UpdateableProvider`1.<RemoveDataCache>b__139_0()
         at SqlSugar.UpdateableProvider`1.After(String sql)
         at SqlSugar.UpdateableProvider`1.ExecuteCommand()
         at Admin.NET.Core.Service.DbJobPersistence.OnTriggerChanged(PersistenceTriggerContext context) in D:\work\juai\api\Admin.NET.Core\Service\Job\DbJobPersistence.cs:line 177
         at Furion.Schedule.SchedulerFactory.ProcessQueue() in D:\work\juai\api\Plugins\Furion.Pure\Schedule\Factories\SchedulerFactory.Internal.cs:line 445
      ++++++++++++++++++++++++++++++++++++++++++++++++++++++++
fail: 2024-08-17 20:44:59.9875574 +08:00 星期六 L System.Logging.ScheduleService[0] #20
      [Furion.Pure.dll] void Furion.Schedule.ScheduleLogger.Log(LogLevel logLevel, string message, object[] args, Exception ex)
      The JobDetail of <job_onlineUser> persist failed.      
      ++++++++++++++++++++++++++++++++++++++++++++++++++++++++
      System.TimeoutException: 连接[tcp://guxin.link:6379][3000ms]超时！
         at NewLife.Caching.RedisClient.GetStream(Boolean create)
         at NewLife.Caching.RedisClient.ExecuteCommand(String cmd, Packet[] args, Object[] oriArgs)
         at NewLife.Caching.RedisClient.Execute(String cmd, Object[] args)
         at NewLife.Caching.RedisClient.Execute[TResult](String cmd, Object[] args)
         at NewLife.Caching.FullRedis.<>c__DisplayClass41_1.<Search>b__0(RedisClient r)
         at NewLife.Caching.Redis.Execute[TResult](Func`2 func)
         at NewLife.Caching.FullRedis.Search(SearchModel model)+MoveNext()
         at System.Linq.Enumerable.SelectEnumerableIterator`2.ToList()
         at Admin.NET.Core.Service.SysCacheService.GetKeysByPrefixKey(String prefixKey) in D:\work\juai\api\Admin.NET.Core\Service\Cache\SysCacheService.cs:line 126
         at Admin.NET.Core.SqlSugarCache.GetAllKey[V]() in D:\work\juai\api\Admin.NET.Core\Cache\SqlSugarCache.cs:line 44
         at SqlSugar.CacheSchemeMain.RemoveCache(ICacheService cacheService, String tableName)
         at SqlSugar.UpdateableProvider`1.<RemoveDataCache>b__139_0()
         at SqlSugar.UpdateableProvider`1.After(String sql)
         at SqlSugar.UpdateableProvider`1.ExecuteCommand()
         at Admin.NET.Core.Service.DbJobPersistence.OnChanged(PersistenceContext context) in D:\work\juai\api\Admin.NET.Core\Service\Job\DbJobPersistence.cs:line 146
         at Furion.Schedule.SchedulerFactory.ProcessQueue() in D:\work\juai\api\Plugins\Furion.Pure\Schedule\Factories\SchedulerFactory.Internal.cs:line 448
      ++++++++++++++++++++++++++++++++++++++++++++++++++++++++
fail: 2024-08-17 20:45:00.2185565 +08:00 星期六 L Admin.NET.Core.JuAI.OssAsyncJob[0] #23
      [Admin.NET.Core.JuAI.dll] async Task Admin.NET.Core.JuAI.RealtimeJob.ExecuteAsync(JobExecutingContext context, CancellationToken stoppingToken)
      实时任务出错连接[tcp://guxin.link:6379][3000ms]超时！      
      ++++++++++++++++++++++++++++++++++++++++++++++++++++++++
      System.TimeoutException: 连接[tcp://guxin.link:6379][3000ms]超时！
         at NewLife.Caching.RedisClient.GetStream(Boolean create)
         at NewLife.Caching.RedisClient.ExecuteCommand(String cmd, Packet[] args, Object[] oriArgs)
         at NewLife.Caching.RedisClient.Execute(String cmd, Object[] args)
         at NewLife.Caching.Redis.<>c.<GetInfo>b__101_1(RedisClient rds)
         at NewLife.Caching.Redis.Execute[TResult](Func`2 func)
         at NewLife.Caching.Redis.GetInfo(Boolean all)
         at NewLife.Caching.Redis.get_Info()
         at NewLife.Caching.FullRedis.InitCluster()
         at NewLife.Caching.FullRedis.Execute[T](String key, Func`3 func, Boolean write)
         at NewLife.Caching.RedisBase.Execute[T](Func`3 func, Boolean write)
         at NewLife.Caching.RedisHash`2.GetAll()
         at Admin.NET.Core.Service.SysCacheService.HashGetAll[T](String key) in D:\work\juai\api\Admin.NET.Core\Service\Cache\SysCacheService.cs:line 234
         at Admin.NET.Core.JuAI.Service.DrawingAlibabaService.AlibabaTaskFetchTask() in D:\work\juai\api\Admin.NET.Core.JuAi\Service\AIDrawing\DrawingAlibabaService.cs:line 55
         at Admin.NET.Core.JuAI.RealtimeJob.ExecuteAsync(JobExecutingContext context, CancellationToken stoppingToken) in D:\work\juai\api\Admin.NET.Core.JuAi\Job\RealtimeJob.cs:line 32
      ++++++++++++++++++++++++++++++++++++++++++++++++++++++++
fail: 2024-08-17 20:45:03.0587945 +08:00 星期六 L System.Logging.ScheduleService[0] #20
      [Furion.Pure.dll] void Furion.Schedule.ScheduleLogger.Log(LogLevel logLevel, string message, object[] args, Exception ex)
      Persistence of <trigger_realtime> trigger of <job_realtime> job failed.      
      ++++++++++++++++++++++++++++++++++++++++++++++++++++++++
      System.TimeoutException: 连接[tcp://guxin.link:6379][3000ms]超时！
         at NewLife.Caching.RedisClient.GetStream(Boolean create)
         at NewLife.Caching.RedisClient.ExecuteCommand(String cmd, Packet[] args, Object[] oriArgs)
         at NewLife.Caching.RedisClient.Execute(String cmd, Object[] args)
         at NewLife.Caching.RedisClient.Execute[TResult](String cmd, Object[] args)
         at NewLife.Caching.FullRedis.<>c__DisplayClass41_1.<Search>b__0(RedisClient r)
         at NewLife.Caching.Redis.Execute[TResult](Func`2 func)
         at NewLife.Caching.FullRedis.Search(SearchModel model)+MoveNext()
         at System.Linq.Enumerable.SelectEnumerableIterator`2.ToList()
         at Admin.NET.Core.Service.SysCacheService.GetKeysByPrefixKey(String prefixKey) in D:\work\juai\api\Admin.NET.Core\Service\Cache\SysCacheService.cs:line 126
         at Admin.NET.Core.SqlSugarCache.GetAllKey[V]() in D:\work\juai\api\Admin.NET.Core\Cache\SqlSugarCache.cs:line 44
         at SqlSugar.CacheSchemeMain.RemoveCache(ICacheService cacheService, String tableName)
         at SqlSugar.UpdateableProvider`1.<RemoveDataCache>b__139_0()
         at SqlSugar.UpdateableProvider`1.After(String sql)
         at SqlSugar.UpdateableProvider`1.ExecuteCommand()
         at Admin.NET.Core.Service.DbJobPersistence.OnTriggerChanged(PersistenceTriggerContext context) in D:\work\juai\api\Admin.NET.Core\Service\Job\DbJobPersistence.cs:line 177
         at Furion.Schedule.SchedulerFactory.ProcessQueue() in D:\work\juai\api\Plugins\Furion.Pure\Schedule\Factories\SchedulerFactory.Internal.cs:line 445
      ++++++++++++++++++++++++++++++++++++++++++++++++++++++++
fail: 2024-08-17 20:45:05.1863761 +08:00 星期六 L Admin.NET.Core.JuAI.OssAsyncJob[0] #4
      [Admin.NET.Core.JuAI.dll] async Task Admin.NET.Core.JuAI.RealtimeJob.ExecuteAsync(JobExecutingContext context, CancellationToken stoppingToken)
      实时任务出错连接[tcp://guxin.link:6379][3000ms]超时！      
      ++++++++++++++++++++++++++++++++++++++++++++++++++++++++
      System.TimeoutException: 连接[tcp://guxin.link:6379][3000ms]超时！
         at NewLife.Caching.RedisClient.GetStream(Boolean create)
         at NewLife.Caching.RedisClient.ExecuteCommand(String cmd, Packet[] args, Object[] oriArgs)
         at NewLife.Caching.RedisClient.Execute(String cmd, Object[] args)
         at NewLife.Caching.Redis.<>c.<GetInfo>b__101_1(RedisClient rds)
         at NewLife.Caching.Redis.Execute[TResult](Func`2 func)
         at NewLife.Caching.Redis.GetInfo(Boolean all)
         at NewLife.Caching.Redis.get_Info()
         at NewLife.Caching.FullRedis.InitCluster()
         at NewLife.Caching.FullRedis.Execute[T](String key, Func`3 func, Boolean write)
         at NewLife.Caching.RedisBase.Execute[T](Func`3 func, Boolean write)
         at NewLife.Caching.RedisHash`2.GetAll()
         at Admin.NET.Core.Service.SysCacheService.HashGetAll[T](String key) in D:\work\juai\api\Admin.NET.Core\Service\Cache\SysCacheService.cs:line 234
         at Admin.NET.Core.JuAI.Service.DrawingAlibabaService.AlibabaTaskFetchTask() in D:\work\juai\api\Admin.NET.Core.JuAi\Service\AIDrawing\DrawingAlibabaService.cs:line 55
         at Admin.NET.Core.JuAI.RealtimeJob.ExecuteAsync(JobExecutingContext context, CancellationToken stoppingToken) in D:\work\juai\api\Admin.NET.Core.JuAi\Job\RealtimeJob.cs:line 32
      ++++++++++++++++++++++++++++++++++++++++++++++++++++++++
fail: 2024-08-17 20:45:06.1428665 +08:00 星期六 L System.Logging.ScheduleService[0] #20
      [Furion.Pure.dll] void Furion.Schedule.ScheduleLogger.Log(LogLevel logLevel, string message, object[] args, Exception ex)
      Persistence of <trigger_realtime> trigger of <job_realtime> job failed.      
      ++++++++++++++++++++++++++++++++++++++++++++++++++++++++
      System.TimeoutException: 连接[tcp://guxin.link:6379][3000ms]超时！
         at NewLife.Caching.RedisClient.GetStream(Boolean create)
         at NewLife.Caching.RedisClient.ExecuteCommand(String cmd, Packet[] args, Object[] oriArgs)
         at NewLife.Caching.RedisClient.Execute(String cmd, Object[] args)
         at NewLife.Caching.RedisClient.Execute[TResult](String cmd, Object[] args)
         at NewLife.Caching.FullRedis.<>c__DisplayClass41_1.<Search>b__0(RedisClient r)
         at NewLife.Caching.Redis.Execute[TResult](Func`2 func)
         at NewLife.Caching.FullRedis.Search(SearchModel model)+MoveNext()
         at System.Linq.Enumerable.SelectEnumerableIterator`2.ToList()
         at Admin.NET.Core.Service.SysCacheService.GetKeysByPrefixKey(String prefixKey) in D:\work\juai\api\Admin.NET.Core\Service\Cache\SysCacheService.cs:line 126
         at Admin.NET.Core.SqlSugarCache.GetAllKey[V]() in D:\work\juai\api\Admin.NET.Core\Cache\SqlSugarCache.cs:line 44
         at SqlSugar.CacheSchemeMain.RemoveCache(ICacheService cacheService, String tableName)
         at SqlSugar.UpdateableProvider`1.<RemoveDataCache>b__139_0()
         at SqlSugar.UpdateableProvider`1.After(String sql)
         at SqlSugar.UpdateableProvider`1.ExecuteCommand()
         at Admin.NET.Core.Service.DbJobPersistence.OnTriggerChanged(PersistenceTriggerContext context) in D:\work\juai\api\Admin.NET.Core\Service\Job\DbJobPersistence.cs:line 177
         at Furion.Schedule.SchedulerFactory.ProcessQueue() in D:\work\juai\api\Plugins\Furion.Pure\Schedule\Factories\SchedulerFactory.Internal.cs:line 445
      ++++++++++++++++++++++++++++++++++++++++++++++++++++++++
fail: 2024-08-17 20:45:09.2109138 +08:00 星期六 L System.Logging.ScheduleService[0] #20
      [Furion.Pure.dll] void Furion.Schedule.ScheduleLogger.Log(LogLevel logLevel, string message, object[] args, Exception ex)
      The JobDetail of <job_realtime> persist failed.      
      ++++++++++++++++++++++++++++++++++++++++++++++++++++++++
      System.TimeoutException: 连接[tcp://guxin.link:6379][3000ms]超时！
         at NewLife.Caching.RedisClient.GetStream(Boolean create)
         at NewLife.Caching.RedisClient.ExecuteCommand(String cmd, Packet[] args, Object[] oriArgs)
         at NewLife.Caching.RedisClient.Execute(String cmd, Object[] args)
         at NewLife.Caching.RedisClient.Execute[TResult](String cmd, Object[] args)
         at NewLife.Caching.FullRedis.<>c__DisplayClass41_1.<Search>b__0(RedisClient r)
         at NewLife.Caching.Redis.Execute[TResult](Func`2 func)
         at NewLife.Caching.FullRedis.Search(SearchModel model)+MoveNext()
         at System.Linq.Enumerable.SelectEnumerableIterator`2.ToList()
         at Admin.NET.Core.Service.SysCacheService.GetKeysByPrefixKey(String prefixKey) in D:\work\juai\api\Admin.NET.Core\Service\Cache\SysCacheService.cs:line 126
         at Admin.NET.Core.SqlSugarCache.GetAllKey[V]() in D:\work\juai\api\Admin.NET.Core\Cache\SqlSugarCache.cs:line 44
         at SqlSugar.CacheSchemeMain.RemoveCache(ICacheService cacheService, String tableName)
         at SqlSugar.UpdateableProvider`1.<RemoveDataCache>b__139_0()
         at SqlSugar.UpdateableProvider`1.After(String sql)
         at SqlSugar.UpdateableProvider`1.ExecuteCommand()
         at Admin.NET.Core.Service.DbJobPersistence.OnChanged(PersistenceContext context) in D:\work\juai\api\Admin.NET.Core\Service\Job\DbJobPersistence.cs:line 146
         at Furion.Schedule.SchedulerFactory.ProcessQueue() in D:\work\juai\api\Plugins\Furion.Pure\Schedule\Factories\SchedulerFactory.Internal.cs:line 448
      ++++++++++++++++++++++++++++++++++++++++++++++++++++++++
fail: 2024-08-17 20:45:10.1718206 +08:00 星期六 L Admin.NET.Core.JuAI.OssAsyncJob[0] #4
      [Admin.NET.Core.JuAI.dll] async Task Admin.NET.Core.JuAI.RealtimeJob.ExecuteAsync(JobExecutingContext context, CancellationToken stoppingToken)
      实时任务出错连接[tcp://guxin.link:6379][3000ms]超时！      
      ++++++++++++++++++++++++++++++++++++++++++++++++++++++++
      System.TimeoutException: 连接[tcp://guxin.link:6379][3000ms]超时！
         at NewLife.Caching.RedisClient.GetStream(Boolean create)
         at NewLife.Caching.RedisClient.ExecuteCommand(String cmd, Packet[] args, Object[] oriArgs)
         at NewLife.Caching.RedisClient.Execute(String cmd, Object[] args)
         at NewLife.Caching.Redis.<>c.<GetInfo>b__101_1(RedisClient rds)
         at NewLife.Caching.Redis.Execute[TResult](Func`2 func)
         at NewLife.Caching.Redis.GetInfo(Boolean all)
         at NewLife.Caching.Redis.get_Info()
         at NewLife.Caching.FullRedis.InitCluster()
         at NewLife.Caching.FullRedis.Execute[T](String key, Func`3 func, Boolean write)
         at NewLife.Caching.RedisBase.Execute[T](Func`3 func, Boolean write)
         at NewLife.Caching.RedisHash`2.GetAll()
         at Admin.NET.Core.Service.SysCacheService.HashGetAll[T](String key) in D:\work\juai\api\Admin.NET.Core\Service\Cache\SysCacheService.cs:line 234
         at Admin.NET.Core.JuAI.Service.DrawingAlibabaService.AlibabaTaskFetchTask() in D:\work\juai\api\Admin.NET.Core.JuAi\Service\AIDrawing\DrawingAlibabaService.cs:line 55
         at Admin.NET.Core.JuAI.RealtimeJob.ExecuteAsync(JobExecutingContext context, CancellationToken stoppingToken) in D:\work\juai\api\Admin.NET.Core.JuAi\Job\RealtimeJob.cs:line 32
      ++++++++++++++++++++++++++++++++++++++++++++++++++++++++
fail: 2024-08-17 20:45:12.2903001 +08:00 星期六 L System.Logging.ScheduleService[0] #20
      [Furion.Pure.dll] void Furion.Schedule.ScheduleLogger.Log(LogLevel logLevel, string message, object[] args, Exception ex)
      The JobDetail of <job_realtime> persist failed.      
      ++++++++++++++++++++++++++++++++++++++++++++++++++++++++
      System.TimeoutException: 连接[tcp://guxin.link:6379][3000ms]超时！
         at NewLife.Caching.RedisClient.GetStream(Boolean create)
         at NewLife.Caching.RedisClient.ExecuteCommand(String cmd, Packet[] args, Object[] oriArgs)
         at NewLife.Caching.RedisClient.Execute(String cmd, Object[] args)
         at NewLife.Caching.RedisClient.Execute[TResult](String cmd, Object[] args)
         at NewLife.Caching.FullRedis.<>c__DisplayClass41_1.<Search>b__0(RedisClient r)
         at NewLife.Caching.Redis.Execute[TResult](Func`2 func)
         at NewLife.Caching.FullRedis.Search(SearchModel model)+MoveNext()
         at System.Linq.Enumerable.SelectEnumerableIterator`2.ToList()
         at Admin.NET.Core.Service.SysCacheService.GetKeysByPrefixKey(String prefixKey) in D:\work\juai\api\Admin.NET.Core\Service\Cache\SysCacheService.cs:line 126
         at Admin.NET.Core.SqlSugarCache.GetAllKey[V]() in D:\work\juai\api\Admin.NET.Core\Cache\SqlSugarCache.cs:line 44
         at SqlSugar.CacheSchemeMain.RemoveCache(ICacheService cacheService, String tableName)
         at SqlSugar.UpdateableProvider`1.<RemoveDataCache>b__139_0()
         at SqlSugar.UpdateableProvider`1.After(String sql)
         at SqlSugar.UpdateableProvider`1.ExecuteCommand()
         at Admin.NET.Core.Service.DbJobPersistence.OnChanged(PersistenceContext context) in D:\work\juai\api\Admin.NET.Core\Service\Job\DbJobPersistence.cs:line 146
         at Furion.Schedule.SchedulerFactory.ProcessQueue() in D:\work\juai\api\Plugins\Furion.Pure\Schedule\Factories\SchedulerFactory.Internal.cs:line 448
      ++++++++++++++++++++++++++++++++++++++++++++++++++++++++
fail: 2024-08-17 20:45:15.1480674 +08:00 星期六 L Admin.NET.Core.JuAI.OssAsyncJob[0] #24
      [Admin.NET.Core.JuAI.dll] async Task Admin.NET.Core.JuAI.RealtimeJob.ExecuteAsync(JobExecutingContext context, CancellationToken stoppingToken)
      实时任务出错连接[tcp://guxin.link:6379][3000ms]超时！      
      ++++++++++++++++++++++++++++++++++++++++++++++++++++++++
      System.TimeoutException: 连接[tcp://guxin.link:6379][3000ms]超时！
         at NewLife.Caching.RedisClient.GetStream(Boolean create)
         at NewLife.Caching.RedisClient.ExecuteCommand(String cmd, Packet[] args, Object[] oriArgs)
         at NewLife.Caching.RedisClient.Execute(String cmd, Object[] args)
         at NewLife.Caching.Redis.<>c.<GetInfo>b__101_1(RedisClient rds)
         at NewLife.Caching.Redis.Execute[TResult](Func`2 func)
         at NewLife.Caching.Redis.GetInfo(Boolean all)
         at NewLife.Caching.Redis.get_Info()
         at NewLife.Caching.FullRedis.InitCluster()
         at NewLife.Caching.FullRedis.Execute[T](String key, Func`3 func, Boolean write)
         at NewLife.Caching.RedisBase.Execute[T](Func`3 func, Boolean write)
         at NewLife.Caching.RedisHash`2.GetAll()
         at Admin.NET.Core.Service.SysCacheService.HashGetAll[T](String key) in D:\work\juai\api\Admin.NET.Core\Service\Cache\SysCacheService.cs:line 234
         at Admin.NET.Core.JuAI.Service.DrawingAlibabaService.AlibabaTaskFetchTask() in D:\work\juai\api\Admin.NET.Core.JuAi\Service\AIDrawing\DrawingAlibabaService.cs:line 55
         at Admin.NET.Core.JuAI.RealtimeJob.ExecuteAsync(JobExecutingContext context, CancellationToken stoppingToken) in D:\work\juai\api\Admin.NET.Core.JuAi\Job\RealtimeJob.cs:line 32
      ++++++++++++++++++++++++++++++++++++++++++++++++++++++++
fail: 2024-08-17 20:45:15.3766419 +08:00 星期六 L System.Logging.ScheduleService[0] #20
      [Furion.Pure.dll] void Furion.Schedule.ScheduleLogger.Log(LogLevel logLevel, string message, object[] args, Exception ex)
      Persistence of <trigger_realtime> trigger of <job_realtime> job failed.      
      ++++++++++++++++++++++++++++++++++++++++++++++++++++++++
      System.TimeoutException: 连接[tcp://guxin.link:6379][3000ms]超时！
         at NewLife.Caching.RedisClient.GetStream(Boolean create)
         at NewLife.Caching.RedisClient.ExecuteCommand(String cmd, Packet[] args, Object[] oriArgs)
         at NewLife.Caching.RedisClient.Execute(String cmd, Object[] args)
         at NewLife.Caching.RedisClient.Execute[TResult](String cmd, Object[] args)
         at NewLife.Caching.FullRedis.<>c__DisplayClass41_1.<Search>b__0(RedisClient r)
         at NewLife.Caching.Redis.Execute[TResult](Func`2 func)
         at NewLife.Caching.FullRedis.Search(SearchModel model)+MoveNext()
         at System.Linq.Enumerable.SelectEnumerableIterator`2.ToList()
         at Admin.NET.Core.Service.SysCacheService.GetKeysByPrefixKey(String prefixKey) in D:\work\juai\api\Admin.NET.Core\Service\Cache\SysCacheService.cs:line 126
         at Admin.NET.Core.SqlSugarCache.GetAllKey[V]() in D:\work\juai\api\Admin.NET.Core\Cache\SqlSugarCache.cs:line 44
         at SqlSugar.CacheSchemeMain.RemoveCache(ICacheService cacheService, String tableName)
         at SqlSugar.UpdateableProvider`1.<RemoveDataCache>b__139_0()
         at SqlSugar.UpdateableProvider`1.After(String sql)
         at SqlSugar.UpdateableProvider`1.ExecuteCommand()
         at Admin.NET.Core.Service.DbJobPersistence.OnTriggerChanged(PersistenceTriggerContext context) in D:\work\juai\api\Admin.NET.Core\Service\Job\DbJobPersistence.cs:line 177
         at Furion.Schedule.SchedulerFactory.ProcessQueue() in D:\work\juai\api\Plugins\Furion.Pure\Schedule\Factories\SchedulerFactory.Internal.cs:line 445
      ++++++++++++++++++++++++++++++++++++++++++++++++++++++++
fail: 2024-08-17 20:45:34.3041768 +08:00 星期六 L Admin.NET.Core.JuAI.Service.JuFileService[0] #23
      [Admin.NET.Core.JuAI.dll] async Task Admin.NET.Core.JuAI.Service.JuFileService.ImageAsyncToOss()
      同步ChatgptImage任务出错,Call failed with status code 403 (Forbidden): GET https://dashscope-result-bj.oss-cn-beijing.aliyuncs.com/viapi-video/2024-06-09/de21161e-98ca-44f5-98cb-f544b0829f92/20240609233755274209_1_xb1wuhvdyj.jpg?Expires=1718033882&OSSAccessKeyId=LTAI5tQZd8AEcZX6KZV4G8qL&Signature=vpVFECottTyillB9f3qkjYskkzw%3D      
      ++++++++++++++++++++++++++++++++++++++++++++++++++++++++
      Flurl.Http.FlurlHttpException: Call failed with status code 403 (Forbidden): GET https://dashscope-result-bj.oss-cn-beijing.aliyuncs.com/viapi-video/2024-06-09/de21161e-98ca-44f5-98cb-f544b0829f92/20240609233755274209_1_xb1wuhvdyj.jpg?Expires=1718033882&OSSAccessKeyId=LTAI5tQZd8AEcZX6KZV4G8qL&Signature=vpVFECottTyillB9f3qkjYskkzw%3D
         at Flurl.Http.FlurlRequest.HandleExceptionAsync(FlurlCall call, Exception ex, CancellationToken token)
         at Flurl.Http.FlurlRequest.SendAsync(HttpMethod verb, HttpContent content, CancellationToken cancellationToken, HttpCompletionOption completionOption)
         at Flurl.Http.FlurlRequest.SendAsync(HttpMethod verb, HttpContent content, CancellationToken cancellationToken, HttpCompletionOption completionOption)
         at Flurl.Http.ResponseExtensions.ReceiveStream(Task`1 response)
         at Admin.NET.Core.JuAI.Service.JuFileService.ImageAsyncToOss() in D:\work\juai\api\Admin.NET.Core.JuAi\Service\Files\JuFileService.cs:line 111
      ++++++++++++++++++++++++++++++++++++++++++++++++++++++++
fail: 2024-08-17 20:45:34.5353263 +08:00 星期六 L Admin.NET.Core.JuAI.Service.JuFileService[0] #20
      [Admin.NET.Core.JuAI.dll] async Task Admin.NET.Core.JuAI.Service.JuFileService.ImageAsyncToOss()
      同步ChatgptImage任务出错,Call failed with status code 403 (Forbidden): GET https://dashscope-result-sh.oss-cn-shanghai.aliyuncs.com/1d/12/20240530/1b61f1c0/234120cb-44c4-455f-b81e-ee26ea88d3f4-1.png?Expires=1717168386&OSSAccessKeyId=LTAI5tQZd8AEcZX6KZV4G8qL&Signature=T7Hirrtl%2FQDT21%2BU9tcNPvtTMcQ%3D      
      ++++++++++++++++++++++++++++++++++++++++++++++++++++++++
      Flurl.Http.FlurlHttpException: Call failed with status code 403 (Forbidden): GET https://dashscope-result-sh.oss-cn-shanghai.aliyuncs.com/1d/12/20240530/1b61f1c0/234120cb-44c4-455f-b81e-ee26ea88d3f4-1.png?Expires=1717168386&OSSAccessKeyId=LTAI5tQZd8AEcZX6KZV4G8qL&Signature=T7Hirrtl%2FQDT21%2BU9tcNPvtTMcQ%3D
         at Flurl.Http.FlurlRequest.HandleExceptionAsync(FlurlCall call, Exception ex, CancellationToken token)
         at Flurl.Http.FlurlRequest.SendAsync(HttpMethod verb, HttpContent content, CancellationToken cancellationToken, HttpCompletionOption completionOption)
         at Flurl.Http.FlurlRequest.SendAsync(HttpMethod verb, HttpContent content, CancellationToken cancellationToken, HttpCompletionOption completionOption)
         at Flurl.Http.ResponseExtensions.ReceiveStream(Task`1 response)
         at Admin.NET.Core.JuAI.Service.JuFileService.ImageAsyncToOss() in D:\work\juai\api\Admin.NET.Core.JuAi\Service\Files\JuFileService.cs:line 111
      ++++++++++++++++++++++++++++++++++++++++++++++++++++++++
fail: 2024-08-17 21:01:02.7808196 +08:00 星期六 L Admin.NET.Core.JuAI.Service.JuFileService[0] #46
      [Admin.NET.Core.JuAI.dll] async Task Admin.NET.Core.JuAI.Service.JuFileService.ImageAsyncToOss()
      同步ChatgptImage任务出错,Call failed with status code 403 (Forbidden): GET https://dashscope-result-bj.oss-cn-beijing.aliyuncs.com/viapi-video/2024-06-09/de21161e-98ca-44f5-98cb-f544b0829f92/20240609233755274209_1_xb1wuhvdyj.jpg?Expires=1718033882&OSSAccessKeyId=LTAI5tQZd8AEcZX6KZV4G8qL&Signature=vpVFECottTyillB9f3qkjYskkzw%3D      
      ++++++++++++++++++++++++++++++++++++++++++++++++++++++++
      Flurl.Http.FlurlHttpException: Call failed with status code 403 (Forbidden): GET https://dashscope-result-bj.oss-cn-beijing.aliyuncs.com/viapi-video/2024-06-09/de21161e-98ca-44f5-98cb-f544b0829f92/20240609233755274209_1_xb1wuhvdyj.jpg?Expires=1718033882&OSSAccessKeyId=LTAI5tQZd8AEcZX6KZV4G8qL&Signature=vpVFECottTyillB9f3qkjYskkzw%3D
         at Flurl.Http.FlurlRequest.HandleExceptionAsync(FlurlCall call, Exception ex, CancellationToken token)
         at Flurl.Http.FlurlRequest.SendAsync(HttpMethod verb, HttpContent content, CancellationToken cancellationToken, HttpCompletionOption completionOption)
         at Flurl.Http.FlurlRequest.SendAsync(HttpMethod verb, HttpContent content, CancellationToken cancellationToken, HttpCompletionOption completionOption)
         at Flurl.Http.ResponseExtensions.ReceiveStream(Task`1 response)
         at Admin.NET.Core.JuAI.Service.JuFileService.ImageAsyncToOss() in D:\work\juai\api\Admin.NET.Core.JuAi\Service\Files\JuFileService.cs:line 111
      ++++++++++++++++++++++++++++++++++++++++++++++++++++++++
fail: 2024-08-17 21:01:03.0501223 +08:00 星期六 L Admin.NET.Core.JuAI.Service.JuFileService[0] #47
      [Admin.NET.Core.JuAI.dll] async Task Admin.NET.Core.JuAI.Service.JuFileService.ImageAsyncToOss()
      同步ChatgptImage任务出错,Call failed with status code 403 (Forbidden): GET https://dashscope-result-sh.oss-cn-shanghai.aliyuncs.com/1d/12/20240530/1b61f1c0/234120cb-44c4-455f-b81e-ee26ea88d3f4-1.png?Expires=1717168386&OSSAccessKeyId=LTAI5tQZd8AEcZX6KZV4G8qL&Signature=T7Hirrtl%2FQDT21%2BU9tcNPvtTMcQ%3D      
      ++++++++++++++++++++++++++++++++++++++++++++++++++++++++
      Flurl.Http.FlurlHttpException: Call failed with status code 403 (Forbidden): GET https://dashscope-result-sh.oss-cn-shanghai.aliyuncs.com/1d/12/20240530/1b61f1c0/234120cb-44c4-455f-b81e-ee26ea88d3f4-1.png?Expires=1717168386&OSSAccessKeyId=LTAI5tQZd8AEcZX6KZV4G8qL&Signature=T7Hirrtl%2FQDT21%2BU9tcNPvtTMcQ%3D
         at Flurl.Http.FlurlRequest.HandleExceptionAsync(FlurlCall call, Exception ex, CancellationToken token)
         at Flurl.Http.FlurlRequest.SendAsync(HttpMethod verb, HttpContent content, CancellationToken cancellationToken, HttpCompletionOption completionOption)
         at Flurl.Http.FlurlRequest.SendAsync(HttpMethod verb, HttpContent content, CancellationToken cancellationToken, HttpCompletionOption completionOption)
         at Flurl.Http.ResponseExtensions.ReceiveStream(Task`1 response)
         at Admin.NET.Core.JuAI.Service.JuFileService.ImageAsyncToOss() in D:\work\juai\api\Admin.NET.Core.JuAi\Service\Files\JuFileService.cs:line 111
      ++++++++++++++++++++++++++++++++++++++++++++++++++++++++
fail: 2024-08-17 21:30:00.3154570 +08:00 星期六 L Admin.NET.Core.JuAI.Service.JuFileService[0] #65
      [Admin.NET.Core.JuAI.dll] async Task Admin.NET.Core.JuAI.Service.JuFileService.ImageAsyncToOss()
      同步ChatgptImage任务出错,Call failed with status code 403 (Forbidden): GET https://dashscope-result-bj.oss-cn-beijing.aliyuncs.com/viapi-video/2024-06-09/de21161e-98ca-44f5-98cb-f544b0829f92/20240609233755274209_1_xb1wuhvdyj.jpg?Expires=1718033882&OSSAccessKeyId=LTAI5tQZd8AEcZX6KZV4G8qL&Signature=vpVFECottTyillB9f3qkjYskkzw%3D      
      ++++++++++++++++++++++++++++++++++++++++++++++++++++++++
      Flurl.Http.FlurlHttpException: Call failed with status code 403 (Forbidden): GET https://dashscope-result-bj.oss-cn-beijing.aliyuncs.com/viapi-video/2024-06-09/de21161e-98ca-44f5-98cb-f544b0829f92/20240609233755274209_1_xb1wuhvdyj.jpg?Expires=1718033882&OSSAccessKeyId=LTAI5tQZd8AEcZX6KZV4G8qL&Signature=vpVFECottTyillB9f3qkjYskkzw%3D
         at Flurl.Http.FlurlRequest.HandleExceptionAsync(FlurlCall call, Exception ex, CancellationToken token)
         at Flurl.Http.FlurlRequest.SendAsync(HttpMethod verb, HttpContent content, CancellationToken cancellationToken, HttpCompletionOption completionOption)
         at Flurl.Http.FlurlRequest.SendAsync(HttpMethod verb, HttpContent content, CancellationToken cancellationToken, HttpCompletionOption completionOption)
         at Flurl.Http.ResponseExtensions.ReceiveStream(Task`1 response)
         at Admin.NET.Core.JuAI.Service.JuFileService.ImageAsyncToOss() in D:\work\juai\api\Admin.NET.Core.JuAi\Service\Files\JuFileService.cs:line 111
      ++++++++++++++++++++++++++++++++++++++++++++++++++++++++
fail: 2024-08-17 21:30:00.4823576 +08:00 星期六 L Admin.NET.Core.JuAI.Service.JuFileService[0] #59
      [Admin.NET.Core.JuAI.dll] async Task Admin.NET.Core.JuAI.Service.JuFileService.ImageAsyncToOss()
      同步ChatgptImage任务出错,Call failed with status code 403 (Forbidden): GET https://dashscope-result-sh.oss-cn-shanghai.aliyuncs.com/1d/12/20240530/1b61f1c0/234120cb-44c4-455f-b81e-ee26ea88d3f4-1.png?Expires=1717168386&OSSAccessKeyId=LTAI5tQZd8AEcZX6KZV4G8qL&Signature=T7Hirrtl%2FQDT21%2BU9tcNPvtTMcQ%3D      
      ++++++++++++++++++++++++++++++++++++++++++++++++++++++++
      Flurl.Http.FlurlHttpException: Call failed with status code 403 (Forbidden): GET https://dashscope-result-sh.oss-cn-shanghai.aliyuncs.com/1d/12/20240530/1b61f1c0/234120cb-44c4-455f-b81e-ee26ea88d3f4-1.png?Expires=1717168386&OSSAccessKeyId=LTAI5tQZd8AEcZX6KZV4G8qL&Signature=T7Hirrtl%2FQDT21%2BU9tcNPvtTMcQ%3D
         at Flurl.Http.FlurlRequest.HandleExceptionAsync(FlurlCall call, Exception ex, CancellationToken token)
         at Flurl.Http.FlurlRequest.SendAsync(HttpMethod verb, HttpContent content, CancellationToken cancellationToken, HttpCompletionOption completionOption)
         at Flurl.Http.FlurlRequest.SendAsync(HttpMethod verb, HttpContent content, CancellationToken cancellationToken, HttpCompletionOption completionOption)
         at Flurl.Http.ResponseExtensions.ReceiveStream(Task`1 response)
         at Admin.NET.Core.JuAI.Service.JuFileService.ImageAsyncToOss() in D:\work\juai\api\Admin.NET.Core.JuAi\Service\Files\JuFileService.cs:line 111
      ++++++++++++++++++++++++++++++++++++++++++++++++++++++++
fail: 2024-08-17 22:01:00.3212473 +08:00 星期六 L Admin.NET.Core.JuAI.Service.JuFileService[0] #51
      [Admin.NET.Core.JuAI.dll] async Task Admin.NET.Core.JuAI.Service.JuFileService.ImageAsyncToOss()
      同步ChatgptImage任务出错,Call failed with status code 403 (Forbidden): GET https://dashscope-result-bj.oss-cn-beijing.aliyuncs.com/viapi-video/2024-06-09/de21161e-98ca-44f5-98cb-f544b0829f92/20240609233755274209_1_xb1wuhvdyj.jpg?Expires=1718033882&OSSAccessKeyId=LTAI5tQZd8AEcZX6KZV4G8qL&Signature=vpVFECottTyillB9f3qkjYskkzw%3D      
      ++++++++++++++++++++++++++++++++++++++++++++++++++++++++
      Flurl.Http.FlurlHttpException: Call failed with status code 403 (Forbidden): GET https://dashscope-result-bj.oss-cn-beijing.aliyuncs.com/viapi-video/2024-06-09/de21161e-98ca-44f5-98cb-f544b0829f92/20240609233755274209_1_xb1wuhvdyj.jpg?Expires=1718033882&OSSAccessKeyId=LTAI5tQZd8AEcZX6KZV4G8qL&Signature=vpVFECottTyillB9f3qkjYskkzw%3D
         at Flurl.Http.FlurlRequest.HandleExceptionAsync(FlurlCall call, Exception ex, CancellationToken token)
         at Flurl.Http.FlurlRequest.SendAsync(HttpMethod verb, HttpContent content, CancellationToken cancellationToken, HttpCompletionOption completionOption)
         at Flurl.Http.FlurlRequest.SendAsync(HttpMethod verb, HttpContent content, CancellationToken cancellationToken, HttpCompletionOption completionOption)
         at Flurl.Http.ResponseExtensions.ReceiveStream(Task`1 response)
         at Admin.NET.Core.JuAI.Service.JuFileService.ImageAsyncToOss() in D:\work\juai\api\Admin.NET.Core.JuAi\Service\Files\JuFileService.cs:line 111
      ++++++++++++++++++++++++++++++++++++++++++++++++++++++++
fail: 2024-08-17 22:01:00.4935706 +08:00 星期六 L Admin.NET.Core.JuAI.Service.JuFileService[0] #45
      [Admin.NET.Core.JuAI.dll] async Task Admin.NET.Core.JuAI.Service.JuFileService.ImageAsyncToOss()
      同步ChatgptImage任务出错,Call failed with status code 403 (Forbidden): GET https://dashscope-result-sh.oss-cn-shanghai.aliyuncs.com/1d/12/20240530/1b61f1c0/234120cb-44c4-455f-b81e-ee26ea88d3f4-1.png?Expires=1717168386&OSSAccessKeyId=LTAI5tQZd8AEcZX6KZV4G8qL&Signature=T7Hirrtl%2FQDT21%2BU9tcNPvtTMcQ%3D      
      ++++++++++++++++++++++++++++++++++++++++++++++++++++++++
      Flurl.Http.FlurlHttpException: Call failed with status code 403 (Forbidden): GET https://dashscope-result-sh.oss-cn-shanghai.aliyuncs.com/1d/12/20240530/1b61f1c0/234120cb-44c4-455f-b81e-ee26ea88d3f4-1.png?Expires=1717168386&OSSAccessKeyId=LTAI5tQZd8AEcZX6KZV4G8qL&Signature=T7Hirrtl%2FQDT21%2BU9tcNPvtTMcQ%3D
         at Flurl.Http.FlurlRequest.HandleExceptionAsync(FlurlCall call, Exception ex, CancellationToken token)
         at Flurl.Http.FlurlRequest.SendAsync(HttpMethod verb, HttpContent content, CancellationToken cancellationToken, HttpCompletionOption completionOption)
         at Flurl.Http.FlurlRequest.SendAsync(HttpMethod verb, HttpContent content, CancellationToken cancellationToken, HttpCompletionOption completionOption)
         at Flurl.Http.ResponseExtensions.ReceiveStream(Task`1 response)
         at Admin.NET.Core.JuAI.Service.JuFileService.ImageAsyncToOss() in D:\work\juai\api\Admin.NET.Core.JuAi\Service\Files\JuFileService.cs:line 111
      ++++++++++++++++++++++++++++++++++++++++++++++++++++++++
