info: 2025-01-13 19:14:17.9432304 +08:00 星期一 L System.Logging.TaskQueueService[0] #1
      [Microsoft.Extensions.Logging.Abstractions.dll] void Microsoft.Extensions.Logging.LoggerExtensions.LogInformation(ILogger logger, string message, params object[] args)
      TaskQueue hosted service is running.
info: 2025-01-13 19:14:17.9699123 +08:00 星期一 L System.Logging.ScheduleService[0] #1
      [Furion.Pure.dll] void Furion.Schedule.ScheduleLogger.Log(LogLevel logLevel, string message, object[] args, Exception ex)
      Schedule hosted service is running.
info: 2025-01-13 19:14:17.9719760 +08:00 星期一 L System.Logging.ScheduleService[0] #1
      [Furion.Pure.dll] void Furion.Schedule.ScheduleLogger.Log(LogLevel logLevel, string message, object[] args, Exception ex)
      Schedule hosted service is preloading...
info: 2025-01-13 19:14:20.0537261 +08:00 星期一 L System.Logging.ScheduleService[0] #1
      [Furion.Pure.dll] void Furion.Schedule.ScheduleLogger.Log(LogLevel logLevel, string message, object[] args, Exception ex)
      The <trigger_log> trigger for scheduler of <job_log> successfully appended and updated to the schedule.
info: 2025-01-13 19:14:20.0569164 +08:00 星期一 L System.Logging.ScheduleService[0] #1
      [Furion.Pure.dll] void Furion.Schedule.ScheduleLogger.Log(LogLevel logLevel, string message, object[] args, Exception ex)
      The scheduler of <job_log> successfully appended and updated to the schedule.
info: 2025-01-13 19:14:20.0651804 +08:00 星期一 L System.Logging.ScheduleService[0] #1
      [Furion.Pure.dll] void Furion.Schedule.ScheduleLogger.Log(LogLevel logLevel, string message, object[] args, Exception ex)
      The <trigger_onlineUser> trigger for scheduler of <job_onlineUser> successfully appended and updated to the schedule.
info: 2025-01-13 19:14:20.0666189 +08:00 星期一 L System.Logging.ScheduleService[0] #1
      [Furion.Pure.dll] void Furion.Schedule.ScheduleLogger.Log(LogLevel logLevel, string message, object[] args, Exception ex)
      The scheduler of <job_onlineUser> successfully appended and updated to the schedule.
info: 2025-01-13 21:07:10.6402193 +08:00 星期一 L System.Logging.LoggingMonitor[0] #70 '00-72ae1ecf7d527cc27521f64ae711fcbf-aa3bb0c00b0f7530-00'
      [Furion.Pure.dll] async Task LoggingMonitorAttribute.MonitorAsync(MethodInfo actionMethod, IDictionary<string, object> parameterValues, FilterContext context, dynamic next)
      ┏━━━━━━━━━━━  Logging Monitor ━━━━━━━━━━━
      ┣ Admin.NET.Core.Service.SysAuthService.Login
      ┣ 
      ┣ 控制器名称：                SysAuthService
      ┣ 操作名称：                  Login
      ┣ 显示名称：                  账号密码登录
      ┣ 路由信息：                  [area]: ; [controller]: sysAuth; [action]: login
      ┣ 请求方式：                  POST
      ┣ 请求地址：                  http://localhost:5005/api/sysAuth/login
      ┣ 来源地址：                  http://localhost:8888/
      ┣ 请求端源：                  client
      ┣ 浏览器标识：                Mozilla/5.0 (Windows NT 10.0; Win64; x64) AppleWebKit/537.36 (KHTML, like Gecko) Chrome/131.0.0.0 Safari/537.36
      ┣ 客户端区域语言：            zh-cn
      ┣ 客户端 IP 地址：            127.0.0.1
      ┣ 服务端 IP 地址：            127.0.0.1
      ┣ 客户端连接 ID：             00-72ae1ecf7d527cc27521f64ae711fcbf-aa3bb0c00b0f7530-00
      ┣ 服务线程 ID：               #64
      ┣ 执行耗时：                  1958ms
      ┣ ━━━━━━━━━━━━━━━  Cookies ━━━━━━━━━━━━━━━
      ┣ 请求端：                    
      ┣ 响应端：                    
      ┣ ━━━━━━━━━━━━━━━  系统信息 ━━━━━━━━━━━━━━━
      ┣ 系统名称：                  Microsoft Windows 10.0.19045
      ┣ 系统架构：                  X64
      ┣ 基础框架：                  Furion.Pure v1.0.0.0
      ┣ .NET 架构：                 .NET 8.0.6
      ┣ ━━━━━━━━━━━━━━━  启动信息 ━━━━━━━━━━━━━━━
      ┣ 运行环境：                  Production
      ┣ 启动程序集：                Admin.NET.Web.Entry
      ┣ 进程名称：                  Admin.NET.Web.Entry
      ┣ 托管程序：                  Kestrel
      ┣ ━━━━━━━━━━━━━━━  请求头信息 ━━━━━━━━━━━━━━━
      ┣ 
      ┣ Accept：                    application/json, text/plain, */*
      ┣ Connection：                keep-alive
      ┣ Host：                      localhost:5005
      ┣ User-Agent：                Mozilla/5.0 (Windows NT 10.0; Win64; x64) AppleWebKit/537.36 (KHTML, like Gecko) Chrome/131.0.0.0 Safari/537.36
      ┣ Accept-Encoding：           gzip, deflate, br, zstd
      ┣ Accept-Language：           zh-cn
      ┣ Authorization：             Bearer eyJhbGciOiJIUzI1NiIsInR5cCI6IkpXVCJ9.eyJVc2VySWQiOjEzMDAwMDAwMDAxMDEsIlRlbmFudElkIjoxMzAwMDAwMDAwMDAxLCJBY2NvdW50Ijoic3VwZXJhZG1pbiIsIlJlYWxOYW1lIjoi6LaF57qn566h55CG5ZGYIiwiQWNjb3VudFR5cGUiOjk5OSwiT3JnSWQiOjAsIk9yZ05hbWUiOm51bGwsIk9yZ1R5cGUiOm51bGwsImlhdCI6MTczNjQxMzYyMCwibmJmIjoxNzM2NDEzNjIwLCJleHAiOjE3MzcwMTg0MjAsImlzcyI6Imd1eGluLmxpbmsiLCJhdWQiOiJndXhpbi5saW5rIn0.DNC79BcFIglBhdryMz02l3R1nltufotnXVQ3D8o3FXg
      ┣ Content-Type：              application/json-patch+json
      ┣ Origin：                    http://localhost:8888
      ┣ Referer：                   http://localhost:8888/
      ┣ Content-Length：            280
      ┣ sec-ch-ua-platform：        "Windows"
      ┣ sec-ch-ua：                 "Google Chrome";v="131", "Chromium";v="131", "Not_A Brand";v="24"
      ┣ sec-ch-ua-mobile：          ?0
      ┣ DNT：                       1
      ┣ Sec-Fetch-Site：            same-site
      ┣ Sec-Fetch-Mode：            cors
      ┣ Sec-Fetch-Dest：            empty
      ┣ ━━━━━━━━━━━━━━━  参数列表 ━━━━━━━━━━━━━━━
      ┣ Content-Type：              application/json-patch+json
      ┣ 
      ┣ input (LoginInput)：        {"account":"superadmin","password":"123456","codeId":"39579754702661","code":"59"}
      ┣ ━━━━━━━━━━━━━━━  返回信息 ━━━━━━━━━━━━━━━
      ┣ HTTP响应状态码：            200
      ┣ 原始类型：                  System.Threading.Tasks.Task<Admin.NET.Core.Service.LoginOutput>
      ┣ 最终类型：                  Admin.NET.Core.AdminResult<System.Object>
      ┣ 最终返回值：                {"code":200,"type":"success","message":"","result":{"accessToken":"eyJhbGciOiJIUzI1NiIsInR5cCI6IkpXVCJ9.eyJVc2VySWQiOjEzMDAwMDAwMDAxMDEsIlRlbmFudElkIjoxMzAwMDAwMDAwMDAxLCJBY2NvdW50Ijoic3VwZXJhZG1pbiIsIlJlYWxOYW1lIjoi6LaF57qn566h55CG5ZGYIiwiQWNjb3VudFR5cGUiOjk5OSwiT3JnSWQiOjAsIk9yZ05hbWUiOm51bGwsIk9yZ1R5cGUiOm51bGwsImlhdCI6MTczNjc3MzYzMCwibmJmIjoxNzM2NzczNjMwLCJleHAiOjE3MzczNzg0MzAsImlzcyI6Imd1eGluLmxpbmsiLCJhdWQiOiJndXhpbi5saW5rIn0.7yghNabJaXKI2uA1Ntrw8zMcPGWCeTTjXE-UINFnf5o","refreshToken":"eyJ
      ┗━━━━━━━━━━━  Logging Monitor ━━━━━━━━━━━
info: 2025-01-13 21:07:11.0155216 +08:00 星期一 L System.Logging.LoggingMonitor[0] #66 '00-be649904eb16908b18aaafc9ceef6cfb-2c730b37d9d93a64-00'
      [Furion.Pure.dll] async Task LoggingMonitorAttribute.MonitorAsync(MethodInfo actionMethod, IDictionary<string, object> parameterValues, FilterContext context, dynamic next)
      ┏━━━━━━━━━━━  Logging Monitor ━━━━━━━━━━━
      ┣ Admin.NET.Core.Service.SysAuthService.GetUserInfo
      ┣ 
      ┣ 控制器名称：                     SysAuthService
      ┣ 操作名称：                       GetUserInfo
      ┣ 显示名称：                       获取登录账号
      ┣ 路由信息：                       [area]: ; [controller]: sysAuth; [action]: userInfo
      ┣ 请求方式：                       GET
      ┣ 请求地址：                       http://localhost:5005/api/sysAuth/userInfo
      ┣ 来源地址：                       http://localhost:8888/
      ┣ 请求端源：                       client
      ┣ 浏览器标识：                     Mozilla/5.0 (Windows NT 10.0; Win64; x64) AppleWebKit/537.36 (KHTML, like Gecko) Chrome/131.0.0.0 Safari/537.36
      ┣ 客户端区域语言：                 zh-cn
      ┣ 客户端 IP 地址：                 127.0.0.1
      ┣ 服务端 IP 地址：                 127.0.0.1
      ┣ 客户端连接 ID：                  00-be649904eb16908b18aaafc9ceef6cfb-2c730b37d9d93a64-00
      ┣ 服务线程 ID：                    #65
      ┣ 执行耗时：                       211ms
      ┣ ━━━━━━━━━━━━━━━  Cookies ━━━━━━━━━━━━━━━
      ┣ 请求端：                         
      ┣ 响应端：                         
      ┣ ━━━━━━━━━━━━━━━  系统信息 ━━━━━━━━━━━━━━━
      ┣ 系统名称：                       Microsoft Windows 10.0.19045
      ┣ 系统架构：                       X64
      ┣ 基础框架：                       Furion.Pure v1.0.0.0
      ┣ .NET 架构：                      .NET 8.0.6
      ┣ ━━━━━━━━━━━━━━━  启动信息 ━━━━━━━━━━━━━━━
      ┣ 运行环境：                       Production
      ┣ 启动程序集：                     Admin.NET.Web.Entry
      ┣ 进程名称：                       Admin.NET.Web.Entry
      ┣ 托管程序：                       Kestrel
      ┣ ━━━━━━━━━━━━━━━  授权信息 ━━━━━━━━━━━━━━━
      ┣ JWT Token：                      Bearer eyJhbGciOiJIUzI1NiIsInR5cCI6IkpXVCJ9.eyJVc2VySWQiOjEzMDAwMDAwMDAxMDEsIlRlbmFudElkIjoxMzAwMDAwMDAwMDAxLCJBY2NvdW50Ijoic3VwZXJhZG1pbiIsIlJlYWxOYW1lIjoi6LaF57qn566h55CG5ZGYIiwiQWNjb3VudFR5cGUiOjk5OSwiT3JnSWQiOjAsIk9yZ05hbWUiOm51bGwsIk9yZ1R5cGUiOm51bGwsImlhdCI6MTczNjc3MzYzMCwibmJmIjoxNzM2NzczNjMwLCJleHAiOjE3MzczNzg0MzAsImlzcyI6Imd1eGluLmxpbmsiLCJhdWQiOiJndXhpbi5saW5rIn0.7yghNabJaXKI2uA1Ntrw8zMcPGWCeTTjXE-UINFnf5o
      ┣ 
      ┣ UserId (integer64)：             1300000000101
      ┣ TenantId (integer64)：           1300000000001
      ┣ Account (string)：               superadmin
      ┣ RealName (string)：              超级管理员
      ┣ AccountType (integer32)：        999
      ┣ OrgId (integer32)：              0
      ┣ OrgName (JSON_NULL)：            
      ┣ OrgType (JSON_NULL)：            
      ┣ iat (integer64)：                1736773630 (2025-01-13 21:07:10:0000(+08:00) 星期一 L)
      ┣ nbf (integer64)：                1736773630 (2025-01-13 21:07:10:0000(+08:00) 星期一 L)
      ┣ exp (integer64)：                1737378430 (2025-01-20 21:07:10:0000(+08:00) 星期一 L)
      ┣ iss (string)：                   guxin.link
      ┣ aud (string)：                   guxin.link
      ┣ ━━━━━━━━━━━━━━━  请求头信息 ━━━━━━━━━━━━━━━
      ┣ 
      ┣ Accept：                         application/json, text/plain, */*
      ┣ Connection：                     keep-alive
      ┣ Host：                           localhost:5005
      ┣ User-Agent：                     Mozilla/5.0 (Windows NT 10.0; Win64; x64) AppleWebKit/537.36 (KHTML, like Gecko) Chrome/131.0.0.0 Safari/537.36
      ┣ Accept-Encoding：                gzip, deflate, br, zstd
      ┣ Accept-Language：                zh-cn
      ┣ Authorization：                  Bearer eyJhbGciOiJIUzI1NiIsInR5cCI6IkpXVCJ9.eyJVc2VySWQiOjEzMDAwMDAwMDAxMDEsIlRlbmFudElkIjoxMzAwMDAwMDAwMDAxLCJBY2NvdW50Ijoic3VwZXJhZG1pbiIsIlJlYWxOYW1lIjoi6LaF57qn566h55CG5ZGYIiwiQWNjb3VudFR5cGUiOjk5OSwiT3JnSWQiOjAsIk9yZ05hbWUiOm51bGwsIk9yZ1R5cGUiOm51bGwsImlhdCI6MTczNjc3MzYzMCwibmJmIjoxNzM2NzczNjMwLCJleHAiOjE3MzczNzg0MzAsImlzcyI6Imd1eGluLmxpbmsiLCJhdWQiOiJndXhpbi5saW5rIn0.7yghNabJaXKI2uA1Ntrw8zMcPGWCeTTjXE-UINFnf5o
      ┣ Origin：                         http://localhost:8888
      ┣ Referer：                        http://localhost:8888/
      ┣ sec-ch-ua-platform：             "Windows"
      ┣ sec-ch-ua：                      "Google Chrome";v="131", "Chromium";v="131", "Not_A Brand";v="24"
      ┣ sec-ch-ua-mobile：               ?0
      ┣ DNT：                            1
      ┣ Sec-Fetch-Site：                 same-site
      ┣ Sec-Fetch-Mode：                 cors
      ┣ Sec-Fetch-Dest：                 empty
      ┣ ━━━━━━━━━━━━━━━  返回信息 ━━━━━━━━━━━━━━━
      ┣ HTTP响应状态码：                 200
      ┣ 原始类型：                       System.Threading.Tasks.Task<Admin.NET.Core.Service.LoginUserOutput>
      ┣ 最终类型：                       Admin.NET.Core.AdminResult<System.Object>
      ┣ 最终返回值：                     {"code":200,"type":"success","message":"","result":{"id":"1300000000101","account":"superadmin","realName":"超级管理员","accountType":999,"avatar":null,"introduction":null,"address":null,"signature":null,"orgId":"0","orgName":null,"orgType":null,"posName":null,"buttons":["sysUser:page","sysUser:update","sysUser:add","sysUser:delete","sysUser:detail","sysUser:grantRole","sysUser:resetPwd","sysUser:setStatus","sysOnlineUser:forceOffline","sysRole:page","sysRole:update","sysRole:add","sysRole:delete","s
      ┗━━━━━━━━━━━  Logging Monitor ━━━━━━━━━━━
info: 2025-01-13 21:07:11.3952737 +08:00 星期一 L System.Logging.LoggingMonitor[0] #66 '00-87c2ef6844510f0433b2e95360b78788-09d9f44bd4b66ad1-00'
      [Furion.Pure.dll] async Task LoggingMonitorAttribute.MonitorAsync(MethodInfo actionMethod, IDictionary<string, object> parameterValues, FilterContext context, dynamic next)
      ┏━━━━━━━━━━━  Logging Monitor ━━━━━━━━━━━
      ┣ Admin.NET.Core.Service.SysMenuService.GetLoginMenuTree
      ┣ 
      ┣ 控制器名称：                     SysMenuService
      ┣ 操作名称：                       GetLoginMenuTree
      ┣ 显示名称：                       获取登录菜单树
      ┣ 路由信息：                       [area]: ; [controller]: sysMenu; [action]: loginMenuTree
      ┣ 请求方式：                       GET
      ┣ 请求地址：                       http://localhost:5005/api/sysMenu/loginMenuTree
      ┣ 来源地址：                       http://localhost:8888/
      ┣ 请求端源：                       client
      ┣ 浏览器标识：                     Mozilla/5.0 (Windows NT 10.0; Win64; x64) AppleWebKit/537.36 (KHTML, like Gecko) Chrome/131.0.0.0 Safari/537.36
      ┣ 客户端区域语言：                 zh-cn
      ┣ 客户端 IP 地址：                 127.0.0.1
      ┣ 服务端 IP 地址：                 127.0.0.1
      ┣ 客户端连接 ID：                  00-87c2ef6844510f0433b2e95360b78788-09d9f44bd4b66ad1-00
      ┣ 服务线程 ID：                    #66
      ┣ 执行耗时：                       105ms
      ┣ ━━━━━━━━━━━━━━━  Cookies ━━━━━━━━━━━━━━━
      ┣ 请求端：                         
      ┣ 响应端：                         
      ┣ ━━━━━━━━━━━━━━━  系统信息 ━━━━━━━━━━━━━━━
      ┣ 系统名称：                       Microsoft Windows 10.0.19045
      ┣ 系统架构：                       X64
      ┣ 基础框架：                       Furion.Pure v1.0.0.0
      ┣ .NET 架构：                      .NET 8.0.6
      ┣ ━━━━━━━━━━━━━━━  启动信息 ━━━━━━━━━━━━━━━
      ┣ 运行环境：                       Production
      ┣ 启动程序集：                     Admin.NET.Web.Entry
      ┣ 进程名称：                       Admin.NET.Web.Entry
      ┣ 托管程序：                       Kestrel
      ┣ ━━━━━━━━━━━━━━━  授权信息 ━━━━━━━━━━━━━━━
      ┣ JWT Token：                      Bearer eyJhbGciOiJIUzI1NiIsInR5cCI6IkpXVCJ9.eyJVc2VySWQiOjEzMDAwMDAwMDAxMDEsIlRlbmFudElkIjoxMzAwMDAwMDAwMDAxLCJBY2NvdW50Ijoic3VwZXJhZG1pbiIsIlJlYWxOYW1lIjoi6LaF57qn566h55CG5ZGYIiwiQWNjb3VudFR5cGUiOjk5OSwiT3JnSWQiOjAsIk9yZ05hbWUiOm51bGwsIk9yZ1R5cGUiOm51bGwsImlhdCI6MTczNjc3MzYzMCwibmJmIjoxNzM2NzczNjMwLCJleHAiOjE3MzczNzg0MzAsImlzcyI6Imd1eGluLmxpbmsiLCJhdWQiOiJndXhpbi5saW5rIn0.7yghNabJaXKI2uA1Ntrw8zMcPGWCeTTjXE-UINFnf5o
      ┣ 
      ┣ UserId (integer64)：             1300000000101
      ┣ TenantId (integer64)：           1300000000001
      ┣ Account (string)：               superadmin
      ┣ RealName (string)：              超级管理员
      ┣ AccountType (integer32)：        999
      ┣ OrgId (integer32)：              0
      ┣ OrgName (JSON_NULL)：            
      ┣ OrgType (JSON_NULL)：            
      ┣ iat (integer64)：                1736773630 (2025-01-13 21:07:10:0000(+08:00) 星期一 L)
      ┣ nbf (integer64)：                1736773630 (2025-01-13 21:07:10:0000(+08:00) 星期一 L)
      ┣ exp (integer64)：                1737378430 (2025-01-20 21:07:10:0000(+08:00) 星期一 L)
      ┣ iss (string)：                   guxin.link
      ┣ aud (string)：                   guxin.link
      ┣ ━━━━━━━━━━━━━━━  请求头信息 ━━━━━━━━━━━━━━━
      ┣ 
      ┣ Accept：                         application/json, text/plain, */*
      ┣ Connection：                     keep-alive
      ┣ Host：                           localhost:5005
      ┣ User-Agent：                     Mozilla/5.0 (Windows NT 10.0; Win64; x64) AppleWebKit/537.36 (KHTML, like Gecko) Chrome/131.0.0.0 Safari/537.36
      ┣ Accept-Encoding：                gzip, deflate, br, zstd
      ┣ Accept-Language：                zh-cn
      ┣ Authorization：                  Bearer eyJhbGciOiJIUzI1NiIsInR5cCI6IkpXVCJ9.eyJVc2VySWQiOjEzMDAwMDAwMDAxMDEsIlRlbmFudElkIjoxMzAwMDAwMDAwMDAxLCJBY2NvdW50Ijoic3VwZXJhZG1pbiIsIlJlYWxOYW1lIjoi6LaF57qn566h55CG5ZGYIiwiQWNjb3VudFR5cGUiOjk5OSwiT3JnSWQiOjAsIk9yZ05hbWUiOm51bGwsIk9yZ1R5cGUiOm51bGwsImlhdCI6MTczNjc3MzYzMCwibmJmIjoxNzM2NzczNjMwLCJleHAiOjE3MzczNzg0MzAsImlzcyI6Imd1eGluLmxpbmsiLCJhdWQiOiJndXhpbi5saW5rIn0.7yghNabJaXKI2uA1Ntrw8zMcPGWCeTTjXE-UINFnf5o
      ┣ Origin：                         http://localhost:8888
      ┣ Referer：                        http://localhost:8888/
      ┣ sec-ch-ua-platform：             "Windows"
      ┣ sec-ch-ua：                      "Google Chrome";v="131", "Chromium";v="131", "Not_A Brand";v="24"
      ┣ sec-ch-ua-mobile：               ?0
      ┣ DNT：                            1
      ┣ Sec-Fetch-Site：                 same-site
      ┣ Sec-Fetch-Mode：                 cors
      ┣ Sec-Fetch-Dest：                 empty
      ┣ ━━━━━━━━━━━━━━━  返回信息 ━━━━━━━━━━━━━━━
      ┣ HTTP响应状态码：                 200
      ┣ 原始类型：                       System.Threading.Tasks.Task<System.Collections.Generic.List<Admin.NET.Core.Service.MenuOutput>>
      ┣ 最终类型：                       Admin.NET.Core.AdminResult<System.Object>
      ┣ 最终返回值：                     {"code":200,"type":"success","message":"","result":[{"id":"1300000000101","pid":"0","type":1,"name":"dashboard","path":"/dashboard","component":"Layout","permission":null,"redirect":null,"orderNo":0,"status":1,"remark":null,"createTime":"2023-12-25T01:49:24","updateTime":"2024-09-17T00:41:21","createUserName":null,"updateUserName":null,"meta":{"title":"工作台","icon":"ele-HomeFilled","isIframe":false,"isLink":null,"isHide":false,"isKeepAlive":true,"isAffix":false},"children":[{"id":"1300000000111",
      ┗━━━━━━━━━━━  Logging Monitor ━━━━━━━━━━━
info: 2025-01-13 21:07:12.8844617 +08:00 星期一 L System.Logging.LoggingMonitor[0] #65 '00-c9df6e0f8e9caeb2884542c225cccde4-db5b6e8e076c9066-00'
      [Furion.Pure.dll] async Task LoggingMonitorAttribute.MonitorAsync(MethodInfo actionMethod, IDictionary<string, object> parameterValues, FilterContext context, dynamic next)
      ┏━━━━━━━━━━━  Logging Monitor ━━━━━━━━━━━
      ┣ Admin.NET.Core.Service.SysNoticeService.GetUnReadList
      ┣ 
      ┣ 控制器名称：                     SysNoticeService
      ┣ 操作名称：                       GetUnReadList
      ┣ 显示名称：                       获取未读的通知公告
      ┣ 路由信息：                       [area]: ; [controller]: sysNotice; [action]: unReadList
      ┣ 请求方式：                       GET
      ┣ 请求地址：                       http://localhost:5005/api/sysNotice/unReadList
      ┣ 来源地址：                       http://localhost:8888/
      ┣ 请求端源：                       client
      ┣ 浏览器标识：                     Mozilla/5.0 (Windows NT 10.0; Win64; x64) AppleWebKit/537.36 (KHTML, like Gecko) Chrome/131.0.0.0 Safari/537.36
      ┣ 客户端区域语言：                 zh-cn
      ┣ 客户端 IP 地址：                 127.0.0.1
      ┣ 服务端 IP 地址：                 127.0.0.1
      ┣ 客户端连接 ID：                  00-c9df6e0f8e9caeb2884542c225cccde4-db5b6e8e076c9066-00
      ┣ 服务线程 ID：                    #65
      ┣ 执行耗时：                       59ms
      ┣ ━━━━━━━━━━━━━━━  Cookies ━━━━━━━━━━━━━━━
      ┣ 请求端：                         
      ┣ 响应端：                         
      ┣ ━━━━━━━━━━━━━━━  系统信息 ━━━━━━━━━━━━━━━
      ┣ 系统名称：                       Microsoft Windows 10.0.19045
      ┣ 系统架构：                       X64
      ┣ 基础框架：                       Furion.Pure v1.0.0.0
      ┣ .NET 架构：                      .NET 8.0.6
      ┣ ━━━━━━━━━━━━━━━  启动信息 ━━━━━━━━━━━━━━━
      ┣ 运行环境：                       Production
      ┣ 启动程序集：                     Admin.NET.Web.Entry
      ┣ 进程名称：                       Admin.NET.Web.Entry
      ┣ 托管程序：                       Kestrel
      ┣ ━━━━━━━━━━━━━━━  授权信息 ━━━━━━━━━━━━━━━
      ┣ JWT Token：                      Bearer eyJhbGciOiJIUzI1NiIsInR5cCI6IkpXVCJ9.eyJVc2VySWQiOjEzMDAwMDAwMDAxMDEsIlRlbmFudElkIjoxMzAwMDAwMDAwMDAxLCJBY2NvdW50Ijoic3VwZXJhZG1pbiIsIlJlYWxOYW1lIjoi6LaF57qn566h55CG5ZGYIiwiQWNjb3VudFR5cGUiOjk5OSwiT3JnSWQiOjAsIk9yZ05hbWUiOm51bGwsIk9yZ1R5cGUiOm51bGwsImlhdCI6MTczNjc3MzYzMCwibmJmIjoxNzM2NzczNjMwLCJleHAiOjE3MzczNzg0MzAsImlzcyI6Imd1eGluLmxpbmsiLCJhdWQiOiJndXhpbi5saW5rIn0.7yghNabJaXKI2uA1Ntrw8zMcPGWCeTTjXE-UINFnf5o
      ┣ 
      ┣ UserId (integer64)：             1300000000101
      ┣ TenantId (integer64)：           1300000000001
      ┣ Account (string)：               superadmin
      ┣ RealName (string)：              超级管理员
      ┣ AccountType (integer32)：        999
      ┣ OrgId (integer32)：              0
      ┣ OrgName (JSON_NULL)：            
      ┣ OrgType (JSON_NULL)：            
      ┣ iat (integer64)：                1736773630 (2025-01-13 21:07:10:0000(+08:00) 星期一 L)
      ┣ nbf (integer64)：                1736773630 (2025-01-13 21:07:10:0000(+08:00) 星期一 L)
      ┣ exp (integer64)：                1737378430 (2025-01-20 21:07:10:0000(+08:00) 星期一 L)
      ┣ iss (string)：                   guxin.link
      ┣ aud (string)：                   guxin.link
      ┣ ━━━━━━━━━━━━━━━  请求头信息 ━━━━━━━━━━━━━━━
      ┣ 
      ┣ Accept：                         application/json, text/plain, */*
      ┣ Connection：                     keep-alive
      ┣ Host：                           localhost:5005
      ┣ User-Agent：                     Mozilla/5.0 (Windows NT 10.0; Win64; x64) AppleWebKit/537.36 (KHTML, like Gecko) Chrome/131.0.0.0 Safari/537.36
      ┣ Accept-Encoding：                gzip, deflate, br, zstd
      ┣ Accept-Language：                zh-cn
      ┣ Authorization：                  Bearer eyJhbGciOiJIUzI1NiIsInR5cCI6IkpXVCJ9.eyJVc2VySWQiOjEzMDAwMDAwMDAxMDEsIlRlbmFudElkIjoxMzAwMDAwMDAwMDAxLCJBY2NvdW50Ijoic3VwZXJhZG1pbiIsIlJlYWxOYW1lIjoi6LaF57qn566h55CG5ZGYIiwiQWNjb3VudFR5cGUiOjk5OSwiT3JnSWQiOjAsIk9yZ05hbWUiOm51bGwsIk9yZ1R5cGUiOm51bGwsImlhdCI6MTczNjc3MzYzMCwibmJmIjoxNzM2NzczNjMwLCJleHAiOjE3MzczNzg0MzAsImlzcyI6Imd1eGluLmxpbmsiLCJhdWQiOiJndXhpbi5saW5rIn0.7yghNabJaXKI2uA1Ntrw8zMcPGWCeTTjXE-UINFnf5o
      ┣ Origin：                         http://localhost:8888
      ┣ Referer：                        http://localhost:8888/
      ┣ sec-ch-ua-platform：             "Windows"
      ┣ sec-ch-ua：                      "Google Chrome";v="131", "Chromium";v="131", "Not_A Brand";v="24"
      ┣ sec-ch-ua-mobile：               ?0
      ┣ DNT：                            1
      ┣ Sec-Fetch-Site：                 same-site
      ┣ Sec-Fetch-Mode：                 cors
      ┣ Sec-Fetch-Dest：                 empty
      ┣ ━━━━━━━━━━━━━━━  返回信息 ━━━━━━━━━━━━━━━
      ┣ HTTP响应状态码：                 200
      ┣ 原始类型：                       System.Threading.Tasks.Task<System.Collections.Generic.List<Admin.NET.Core.SysNotice>>
      ┣ 最终类型：                       Admin.NET.Core.AdminResult<System.Object>
      ┣ 最终返回值：                     {"code":200,"type":"success","message":"","result":[],"extras":null,"time":"2025-01-13T21:07:12.8815615+08:00"}
      ┗━━━━━━━━━━━  Logging Monitor ━━━━━━━━━━━
info: 2025-01-13 21:07:22.5143018 +08:00 星期一 L System.Logging.LoggingMonitor[0] #66 '00-77b40b985c6c2191e185aa3dec59c3bc-d5467889f66f4a2c-00'
      [Furion.Pure.dll] async Task LoggingMonitorAttribute.MonitorAsync(MethodInfo actionMethod, IDictionary<string, object> parameterValues, FilterContext context, dynamic next)
      ┏━━━━━━━━━━━  Logging Monitor ━━━━━━━━━━━
      ┣ Admin.NET.Core.Service.SysEnumService.GetEnumDataList
      ┣ 
      ┣ 控制器名称：                SysEnumService
      ┣ 操作名称：                  GetEnumDataList
      ┣ 显示名称：                  通过枚举类型获取枚举值集合
      ┣ 路由信息：                  [area]: ; [controller]: sysEnum; [action]: enumDataList
      ┣ 请求方式：                  GET
      ┣ 请求地址：                  http://localhost:5005/api/sysEnum/enumDataList?EnumName=AIModelEnum
      ┣ 来源地址：                  http://localhost:8888/
      ┣ 请求端源：                  client
      ┣ 浏览器标识：                Mozilla/5.0 (Windows NT 10.0; Win64; x64) AppleWebKit/537.36 (KHTML, like Gecko) Chrome/131.0.0.0 Safari/537.36
      ┣ 客户端区域语言：            zh-cn
      ┣ 客户端 IP 地址：            127.0.0.1
      ┣ 服务端 IP 地址：            127.0.0.1
      ┣ 客户端连接 ID：             00-77b40b985c6c2191e185aa3dec59c3bc-d5467889f66f4a2c-00
      ┣ 服务线程 ID：               #66
      ┣ 执行耗时：                  1ms
      ┣ ━━━━━━━━━━━━━━━  Cookies ━━━━━━━━━━━━━━━
      ┣ 请求端：                    
      ┣ 响应端：                    
      ┣ ━━━━━━━━━━━━━━━  系统信息 ━━━━━━━━━━━━━━━
      ┣ 系统名称：                  Microsoft Windows 10.0.19045
      ┣ 系统架构：                  X64
      ┣ 基础框架：                  Furion.Pure v1.0.0.0
      ┣ .NET 架构：                 .NET 8.0.6
      ┣ ━━━━━━━━━━━━━━━  启动信息 ━━━━━━━━━━━━━━━
      ┣ 运行环境：                  Production
      ┣ 启动程序集：                Admin.NET.Web.Entry
      ┣ 进程名称：                  Admin.NET.Web.Entry
      ┣ 托管程序：                  Kestrel
      ┣ ━━━━━━━━━━━━━━━  请求头信息 ━━━━━━━━━━━━━━━
      ┣ 
      ┣ Accept：                    application/json, text/plain, */*
      ┣ Connection：                keep-alive
      ┣ Host：                      localhost:5005
      ┣ User-Agent：                Mozilla/5.0 (Windows NT 10.0; Win64; x64) AppleWebKit/537.36 (KHTML, like Gecko) Chrome/131.0.0.0 Safari/537.36
      ┣ Accept-Encoding：           gzip, deflate, br, zstd
      ┣ Accept-Language：           zh-cn
      ┣ Authorization：             Bearer eyJhbGciOiJIUzI1NiIsInR5cCI6IkpXVCJ9.eyJVc2VySWQiOjEzMDAwMDAwMDAxMDEsIlRlbmFudElkIjoxMzAwMDAwMDAwMDAxLCJBY2NvdW50Ijoic3VwZXJhZG1pbiIsIlJlYWxOYW1lIjoi6LaF57qn566h55CG5ZGYIiwiQWNjb3VudFR5cGUiOjk5OSwiT3JnSWQiOjAsIk9yZ05hbWUiOm51bGwsIk9yZ1R5cGUiOm51bGwsImlhdCI6MTczNjc3MzYzMCwibmJmIjoxNzM2NzczNjMwLCJleHAiOjE3MzczNzg0MzAsImlzcyI6Imd1eGluLmxpbmsiLCJhdWQiOiJndXhpbi5saW5rIn0.7yghNabJaXKI2uA1Ntrw8zMcPGWCeTTjXE-UINFnf5o
      ┣ Origin：                    http://localhost:8888
      ┣ Referer：                   http://localhost:8888/
      ┣ sec-ch-ua-platform：        "Windows"
      ┣ sec-ch-ua：                 "Google Chrome";v="131", "Chromium";v="131", "Not_A Brand";v="24"
      ┣ sec-ch-ua-mobile：          ?0
      ┣ DNT：                       1
      ┣ Sec-Fetch-Site：            same-site
      ┣ Sec-Fetch-Mode：            cors
      ┣ Sec-Fetch-Dest：            empty
      ┣ ━━━━━━━━━━━━━━━  参数列表 ━━━━━━━━━━━━━━━
      ┣ Content-Type：              
      ┣ 
      ┣ input (EnumInput)：         {"enumName":"AIModelEnum"}
      ┣ ━━━━━━━━━━━━━━━  返回信息 ━━━━━━━━━━━━━━━
      ┣ HTTP响应状态码：            200
      ┣ 原始类型：                  System.Collections.Generic.List<Admin.NET.Core.EnumEntity>
      ┣ 最终类型：                  Admin.NET.Core.AdminResult<System.Object>
      ┣ 最终返回值：                {"code":200,"type":"success","message":"","result":[{"describe":"聊天","name":"Chat","value":0},{"describe":"绘画","name":"Image","value":1},{"describe":"文本","name":"Text","value":2},{"describe":"其他","name":"Other","value":3}],"extras":null,"time":"2025-01-13T21:07:22.5125184+08:00"}
      ┗━━━━━━━━━━━  Logging Monitor ━━━━━━━━━━━
info: 2025-01-13 21:07:24.0618830 +08:00 星期一 L System.Logging.LoggingMonitor[0] #63 '00-0df5f4b155d8f399799e37e3142a4e0d-afed7e5094c05cf3-00'
      [Furion.Pure.dll] async Task LoggingMonitorAttribute.MonitorAsync(MethodInfo actionMethod, IDictionary<string, object> parameterValues, FilterContext context, dynamic next)
      ┏━━━━━━━━━━━  Logging Monitor ━━━━━━━━━━━
      ┣ Admin.NET.Application.ChatModelService.Page
      ┣ 
      ┣ 控制器名称：                     ChatModelService
      ┣ 操作名称：                       Page
      ┣ 显示名称：                       
      ┣ 路由信息：                       [area]: ; [controller]: chatModel; [action]: page
      ┣ 请求方式：                       POST
      ┣ 请求地址：                       http://localhost:5005/api/chatModel/page
      ┣ 来源地址：                       http://localhost:8888/
      ┣ 请求端源：                       client
      ┣ 浏览器标识：                     Mozilla/5.0 (Windows NT 10.0; Win64; x64) AppleWebKit/537.36 (KHTML, like Gecko) Chrome/131.0.0.0 Safari/537.36
      ┣ 客户端区域语言：                 zh-CN,zh;q=0.9
      ┣ 客户端 IP 地址：                 127.0.0.1
      ┣ 服务端 IP 地址：                 127.0.0.1
      ┣ 客户端连接 ID：                  00-0df5f4b155d8f399799e37e3142a4e0d-afed7e5094c05cf3-00
      ┣ 服务线程 ID：                    #70
      ┣ 执行耗时：                       1453ms
      ┣ ━━━━━━━━━━━━━━━  Cookies ━━━━━━━━━━━━━━━
      ┣ 请求端：                         
      ┣ 响应端：                         
      ┣ ━━━━━━━━━━━━━━━  系统信息 ━━━━━━━━━━━━━━━
      ┣ 系统名称：                       Microsoft Windows 10.0.19045
      ┣ 系统架构：                       X64
      ┣ 基础框架：                       Furion.Pure v1.0.0.0
      ┣ .NET 架构：                      .NET 8.0.6
      ┣ ━━━━━━━━━━━━━━━  启动信息 ━━━━━━━━━━━━━━━
      ┣ 运行环境：                       Production
      ┣ 启动程序集：                     Admin.NET.Web.Entry
      ┣ 进程名称：                       Admin.NET.Web.Entry
      ┣ 托管程序：                       Kestrel
      ┣ ━━━━━━━━━━━━━━━  授权信息 ━━━━━━━━━━━━━━━
      ┣ JWT Token：                      Bearer eyJhbGciOiJIUzI1NiIsInR5cCI6IkpXVCJ9.eyJVc2VySWQiOjEzMDAwMDAwMDAxMDEsIlRlbmFudElkIjoxMzAwMDAwMDAwMDAxLCJBY2NvdW50Ijoic3VwZXJhZG1pbiIsIlJlYWxOYW1lIjoi6LaF57qn566h55CG5ZGYIiwiQWNjb3VudFR5cGUiOjk5OSwiT3JnSWQiOjAsIk9yZ05hbWUiOm51bGwsIk9yZ1R5cGUiOm51bGwsImlhdCI6MTczNjc3MzYzMCwibmJmIjoxNzM2NzczNjMwLCJleHAiOjE3MzczNzg0MzAsImlzcyI6Imd1eGluLmxpbmsiLCJhdWQiOiJndXhpbi5saW5rIn0.7yghNabJaXKI2uA1Ntrw8zMcPGWCeTTjXE-UINFnf5o
      ┣ 
      ┣ UserId (integer64)：             1300000000101
      ┣ TenantId (integer64)：           1300000000001
      ┣ Account (string)：               superadmin
      ┣ RealName (string)：              超级管理员
      ┣ AccountType (integer32)：        999
      ┣ OrgId (integer32)：              0
      ┣ OrgName (JSON_NULL)：            
      ┣ OrgType (JSON_NULL)：            
      ┣ iat (integer64)：                1736773630 (2025-01-13 21:07:10:0000(+08:00) 星期一 L)
      ┣ nbf (integer64)：                1736773630 (2025-01-13 21:07:10:0000(+08:00) 星期一 L)
      ┣ exp (integer64)：                1737378430 (2025-01-20 21:07:10:0000(+08:00) 星期一 L)
      ┣ iss (string)：                   guxin.link
      ┣ aud (string)：                   guxin.link
      ┣ ━━━━━━━━━━━━━━━  请求头信息 ━━━━━━━━━━━━━━━
      ┣ 
      ┣ Accept：                         application/json, text/plain, */*
      ┣ Connection：                     keep-alive
      ┣ Host：                           localhost:5005
      ┣ User-Agent：                     Mozilla/5.0 (Windows NT 10.0; Win64; x64) AppleWebKit/537.36 (KHTML, like Gecko) Chrome/131.0.0.0 Safari/537.36
      ┣ Accept-Encoding：                gzip, deflate, br, zstd
      ┣ Accept-Language：                zh-CN,zh;q=0.9
      ┣ Authorization：                  Bearer eyJhbGciOiJIUzI1NiIsInR5cCI6IkpXVCJ9.eyJVc2VySWQiOjEzMDAwMDAwMDAxMDEsIlRlbmFudElkIjoxMzAwMDAwMDAwMDAxLCJBY2NvdW50Ijoic3VwZXJhZG1pbiIsIlJlYWxOYW1lIjoi6LaF57qn566h55CG5ZGYIiwiQWNjb3VudFR5cGUiOjk5OSwiT3JnSWQiOjAsIk9yZ05hbWUiOm51bGwsIk9yZ1R5cGUiOm51bGwsImlhdCI6MTczNjc3MzYzMCwibmJmIjoxNzM2NzczNjMwLCJleHAiOjE3MzczNzg0MzAsImlzcyI6Imd1eGluLmxpbmsiLCJhdWQiOiJndXhpbi5saW5rIn0.7yghNabJaXKI2uA1Ntrw8zMcPGWCeTTjXE-UINFnf5o
      ┣ Content-Type：                   application/json
      ┣ Origin：                         http://localhost:8888
      ┣ Referer：                        http://localhost:8888/
      ┣ Content-Length：                 34
      ┣ sec-ch-ua-platform：             "Windows"
      ┣ sec-ch-ua：                      "Google Chrome";v="131", "Chromium";v="131", "Not_A Brand";v="24"
      ┣ sec-ch-ua-mobile：               ?0
      ┣ DNT：                            1
      ┣ Sec-Fetch-Site：                 same-site
      ┣ Sec-Fetch-Mode：                 cors
      ┣ Sec-Fetch-Dest：                 empty
      ┣ ━━━━━━━━━━━━━━━  参数列表 ━━━━━━━━━━━━━━━
      ┣ Content-Type：                   application/json
      ┣ 
      ┣ input (ChatModelInput)：         {"searchKey":null,"modelId":null,"name":null,"modelType":null,"service":null,"desc":null,"page":1,"pageSize":10,"field":null,"order":null,"descStr":"descending"}
      ┣ ━━━━━━━━━━━━━━━  返回信息 ━━━━━━━━━━━━━━━
      ┣ HTTP响应状态码：                 200
      ┣ 原始类型：                       System.Threading.Tasks.Task<Admin.NET.Core.SqlSugarPagedList<Admin.NET.Application.ChatModelOutput>>
      ┣ 最终类型：                       Admin.NET.Core.AdminResult<System.Object>
      ┣ 最终返回值：                     {"code":200,"type":"success","message":"","result":{"page":1,"pageSize":10,"total":19,"totalPages":2,"items":[{"id":"39492343540293","modelId":"completions_pro","name":"ERNIE-4.0-8K","shortName":"文心一言4.0-8K","avatarUrl":"https://oss.juai.link/juai/juai/prompt/wenxinyiyan-4.png","modelType":0,"url":null,"desc":"百度文心系列中效果最强大的⼤语⾔模型，理解、生成、逻辑、记忆能力达到业界顶尖水平。","createTime":"2025-01-09T22:16:09","updateTime":"2025-01-09T22:31:48","createUserId":"1300000000101","updateUserId":"1300000000101","isDelete":fa
      ┗━━━━━━━━━━━  Logging Monitor ━━━━━━━━━━━
info: 2025-01-13 21:07:24.1660436 +08:00 星期一 L System.Logging.LoggingMonitor[0] #70 '00-c4adfe0c679f34c9032277fef6d3e29f-0732b5dea03355d9-00'
      [Furion.Pure.dll] async Task LoggingMonitorAttribute.MonitorAsync(MethodInfo actionMethod, IDictionary<string, object> parameterValues, FilterContext context, dynamic next)
      ┏━━━━━━━━━━━  Logging Monitor ━━━━━━━━━━━
      ┣ Admin.NET.Core.Service.SysEnumService.GetEnumDataList
      ┣ 
      ┣ 控制器名称：                SysEnumService
      ┣ 操作名称：                  GetEnumDataList
      ┣ 显示名称：                  通过枚举类型获取枚举值集合
      ┣ 路由信息：                  [area]: ; [controller]: sysEnum; [action]: enumDataList
      ┣ 请求方式：                  GET
      ┣ 请求地址：                  http://localhost:5005/api/sysEnum/enumDataList?EnumName=AIModelEnum
      ┣ 来源地址：                  http://localhost:8888/
      ┣ 请求端源：                  client
      ┣ 浏览器标识：                Mozilla/5.0 (Windows NT 10.0; Win64; x64) AppleWebKit/537.36 (KHTML, like Gecko) Chrome/131.0.0.0 Safari/537.36
      ┣ 客户端区域语言：            zh-cn
      ┣ 客户端 IP 地址：            127.0.0.1
      ┣ 服务端 IP 地址：            127.0.0.1
      ┣ 客户端连接 ID：             00-c4adfe0c679f34c9032277fef6d3e29f-0732b5dea03355d9-00
      ┣ 服务线程 ID：               #70
      ┣ 执行耗时：                  3ms
      ┣ ━━━━━━━━━━━━━━━  Cookies ━━━━━━━━━━━━━━━
      ┣ 请求端：                    
      ┣ 响应端：                    
      ┣ ━━━━━━━━━━━━━━━  系统信息 ━━━━━━━━━━━━━━━
      ┣ 系统名称：                  Microsoft Windows 10.0.19045
      ┣ 系统架构：                  X64
      ┣ 基础框架：                  Furion.Pure v1.0.0.0
      ┣ .NET 架构：                 .NET 8.0.6
      ┣ ━━━━━━━━━━━━━━━  启动信息 ━━━━━━━━━━━━━━━
      ┣ 运行环境：                  Production
      ┣ 启动程序集：                Admin.NET.Web.Entry
      ┣ 进程名称：                  Admin.NET.Web.Entry
      ┣ 托管程序：                  Kestrel
      ┣ ━━━━━━━━━━━━━━━  请求头信息 ━━━━━━━━━━━━━━━
      ┣ 
      ┣ Accept：                    application/json, text/plain, */*
      ┣ Connection：                keep-alive
      ┣ Host：                      localhost:5005
      ┣ User-Agent：                Mozilla/5.0 (Windows NT 10.0; Win64; x64) AppleWebKit/537.36 (KHTML, like Gecko) Chrome/131.0.0.0 Safari/537.36
      ┣ Accept-Encoding：           gzip, deflate, br, zstd
      ┣ Accept-Language：           zh-cn
      ┣ Authorization：             Bearer eyJhbGciOiJIUzI1NiIsInR5cCI6IkpXVCJ9.eyJVc2VySWQiOjEzMDAwMDAwMDAxMDEsIlRlbmFudElkIjoxMzAwMDAwMDAwMDAxLCJBY2NvdW50Ijoic3VwZXJhZG1pbiIsIlJlYWxOYW1lIjoi6LaF57qn566h55CG5ZGYIiwiQWNjb3VudFR5cGUiOjk5OSwiT3JnSWQiOjAsIk9yZ05hbWUiOm51bGwsIk9yZ1R5cGUiOm51bGwsImlhdCI6MTczNjc3MzYzMCwibmJmIjoxNzM2NzczNjMwLCJleHAiOjE3MzczNzg0MzAsImlzcyI6Imd1eGluLmxpbmsiLCJhdWQiOiJndXhpbi5saW5rIn0.7yghNabJaXKI2uA1Ntrw8zMcPGWCeTTjXE-UINFnf5o
      ┣ Origin：                    http://localhost:8888
      ┣ Referer：                   http://localhost:8888/
      ┣ sec-ch-ua-platform：        "Windows"
      ┣ sec-ch-ua：                 "Google Chrome";v="131", "Chromium";v="131", "Not_A Brand";v="24"
      ┣ sec-ch-ua-mobile：          ?0
      ┣ DNT：                       1
      ┣ Sec-Fetch-Site：            same-site
      ┣ Sec-Fetch-Mode：            cors
      ┣ Sec-Fetch-Dest：            empty
      ┣ ━━━━━━━━━━━━━━━  参数列表 ━━━━━━━━━━━━━━━
      ┣ Content-Type：              
      ┣ 
      ┣ input (EnumInput)：         {"enumName":"AIModelEnum"}
      ┣ ━━━━━━━━━━━━━━━  返回信息 ━━━━━━━━━━━━━━━
      ┣ HTTP响应状态码：            200
      ┣ 原始类型：                  System.Collections.Generic.List<Admin.NET.Core.EnumEntity>
      ┣ 最终类型：                  Admin.NET.Core.AdminResult<System.Object>
      ┣ 最终返回值：                {"code":200,"type":"success","message":"","result":[{"describe":"聊天","name":"Chat","value":0},{"describe":"绘画","name":"Image","value":1},{"describe":"文本","name":"Text","value":2},{"describe":"其他","name":"Other","value":3}],"extras":null,"time":"2025-01-13T21:07:24.1649304+08:00"}
      ┗━━━━━━━━━━━  Logging Monitor ━━━━━━━━━━━
info: 2025-01-13 21:07:44.1761011 +08:00 星期一 L System.Logging.LoggingMonitor[0] #70 '00-e80e6c5b40b0ce0e5824d39a008369a3-7bfdf5d1e1262324-00'
      [Furion.Pure.dll] async Task LoggingMonitorAttribute.MonitorAsync(MethodInfo actionMethod, IDictionary<string, object> parameterValues, FilterContext context, dynamic next)
      ┏━━━━━━━━━━━  Logging Monitor ━━━━━━━━━━━
      ┣ Admin.NET.Core.Service.SysEnumService.GetEnumDataList
      ┣ 
      ┣ 控制器名称：                SysEnumService
      ┣ 操作名称：                  GetEnumDataList
      ┣ 显示名称：                  通过枚举类型获取枚举值集合
      ┣ 路由信息：                  [area]: ; [controller]: sysEnum; [action]: enumDataList
      ┣ 请求方式：                  GET
      ┣ 请求地址：                  http://localhost:5005/api/sysEnum/enumDataList?EnumName=AIModelOptionEnum
      ┣ 来源地址：                  http://localhost:8888/
      ┣ 请求端源：                  client
      ┣ 浏览器标识：                Mozilla/5.0 (Windows NT 10.0; Win64; x64) AppleWebKit/537.36 (KHTML, like Gecko) Chrome/131.0.0.0 Safari/537.36
      ┣ 客户端区域语言：            zh-cn
      ┣ 客户端 IP 地址：            127.0.0.1
      ┣ 服务端 IP 地址：            127.0.0.1
      ┣ 客户端连接 ID：             00-e80e6c5b40b0ce0e5824d39a008369a3-7bfdf5d1e1262324-00
      ┣ 服务线程 ID：               #70
      ┣ 执行耗时：                  0ms
      ┣ ━━━━━━━━━━━━━━━  Cookies ━━━━━━━━━━━━━━━
      ┣ 请求端：                    
      ┣ 响应端：                    
      ┣ ━━━━━━━━━━━━━━━  系统信息 ━━━━━━━━━━━━━━━
      ┣ 系统名称：                  Microsoft Windows 10.0.19045
      ┣ 系统架构：                  X64
      ┣ 基础框架：                  Furion.Pure v1.0.0.0
      ┣ .NET 架构：                 .NET 8.0.6
      ┣ ━━━━━━━━━━━━━━━  启动信息 ━━━━━━━━━━━━━━━
      ┣ 运行环境：                  Production
      ┣ 启动程序集：                Admin.NET.Web.Entry
      ┣ 进程名称：                  Admin.NET.Web.Entry
      ┣ 托管程序：                  Kestrel
      ┣ ━━━━━━━━━━━━━━━  请求头信息 ━━━━━━━━━━━━━━━
      ┣ 
      ┣ Accept：                    application/json, text/plain, */*
      ┣ Connection：                keep-alive
      ┣ Host：                      localhost:5005
      ┣ User-Agent：                Mozilla/5.0 (Windows NT 10.0; Win64; x64) AppleWebKit/537.36 (KHTML, like Gecko) Chrome/131.0.0.0 Safari/537.36
      ┣ Accept-Encoding：           gzip, deflate, br, zstd
      ┣ Accept-Language：           zh-cn
      ┣ Authorization：             Bearer eyJhbGciOiJIUzI1NiIsInR5cCI6IkpXVCJ9.eyJVc2VySWQiOjEzMDAwMDAwMDAxMDEsIlRlbmFudElkIjoxMzAwMDAwMDAwMDAxLCJBY2NvdW50Ijoic3VwZXJhZG1pbiIsIlJlYWxOYW1lIjoi6LaF57qn566h55CG5ZGYIiwiQWNjb3VudFR5cGUiOjk5OSwiT3JnSWQiOjAsIk9yZ05hbWUiOm51bGwsIk9yZ1R5cGUiOm51bGwsImlhdCI6MTczNjc3MzYzMCwibmJmIjoxNzM2NzczNjMwLCJleHAiOjE3MzczNzg0MzAsImlzcyI6Imd1eGluLmxpbmsiLCJhdWQiOiJndXhpbi5saW5rIn0.7yghNabJaXKI2uA1Ntrw8zMcPGWCeTTjXE-UINFnf5o
      ┣ Origin：                    http://localhost:8888
      ┣ Referer：                   http://localhost:8888/
      ┣ sec-ch-ua-platform：        "Windows"
      ┣ sec-ch-ua：                 "Google Chrome";v="131", "Chromium";v="131", "Not_A Brand";v="24"
      ┣ sec-ch-ua-mobile：          ?0
      ┣ DNT：                       1
      ┣ Sec-Fetch-Site：            same-site
      ┣ Sec-Fetch-Mode：            cors
      ┣ Sec-Fetch-Dest：            empty
      ┣ ━━━━━━━━━━━━━━━  参数列表 ━━━━━━━━━━━━━━━
      ┣ Content-Type：              
      ┣ 
      ┣ input (EnumInput)：         {"enumName":"AIModelOptionEnum"}
      ┣ ━━━━━━━━━━━━━━━  返回信息 ━━━━━━━━━━━━━━━
      ┣ HTTP响应状态码：            200
      ┣ 原始类型：                  System.Collections.Generic.List<Admin.NET.Core.EnumEntity>
      ┣ 最终类型：                  Admin.NET.Core.AdminResult<System.Object>
      ┣ 最终返回值：                {"code":200,"type":"success","message":"","result":[{"describe":"文本","name":"Text","value":0},{"describe":"数字","name":"Num","value":1},{"describe":"单选","name":"Radio","value":2},{"describe":"多选","name":"CheckBox","value":3},{"describe":"true，false","name":"Switch","value":4}],"extras":null,"time":"2025-01-13T21:07:44.175393+08:00"}
      ┗━━━━━━━━━━━  Logging Monitor ━━━━━━━━━━━
info: 2025-01-13 21:07:44.3799747 +08:00 星期一 L System.Logging.LoggingMonitor[0] #66 '00-a3eb10c85179326f6513bcc616b7ecad-ec96ea62010fb558-00'
      [Furion.Pure.dll] async Task LoggingMonitorAttribute.MonitorAsync(MethodInfo actionMethod, IDictionary<string, object> parameterValues, FilterContext context, dynamic next)
      ┏━━━━━━━━━━━  Logging Monitor ━━━━━━━━━━━
      ┣ Admin.NET.Application.ChatModelOptionsService.Page
      ┣ 
      ┣ 控制器名称：                           ChatModelOptionsService
      ┣ 操作名称：                             Page
      ┣ 显示名称：                             
      ┣ 路由信息：                             [area]: ; [controller]: chatModelOptions; [action]: page
      ┣ 请求方式：                             POST
      ┣ 请求地址：                             http://localhost:5005/api/chatModelOptions/page
      ┣ 来源地址：                             http://localhost:8888/
      ┣ 请求端源：                             client
      ┣ 浏览器标识：                           Mozilla/5.0 (Windows NT 10.0; Win64; x64) AppleWebKit/537.36 (KHTML, like Gecko) Chrome/131.0.0.0 Safari/537.36
      ┣ 客户端区域语言：                       zh-CN,zh;q=0.9
      ┣ 客户端 IP 地址：                       127.0.0.1
      ┣ 服务端 IP 地址：                       127.0.0.1
      ┣ 客户端连接 ID：                        00-a3eb10c85179326f6513bcc616b7ecad-ec96ea62010fb558-00
      ┣ 服务线程 ID：                          #66
      ┣ 执行耗时：                             113ms
      ┣ ━━━━━━━━━━━━━━━  Cookies ━━━━━━━━━━━━━━━
      ┣ 请求端：                               
      ┣ 响应端：                               
      ┣ ━━━━━━━━━━━━━━━  系统信息 ━━━━━━━━━━━━━━━
      ┣ 系统名称：                             Microsoft Windows 10.0.19045
      ┣ 系统架构：                             X64
      ┣ 基础框架：                             Furion.Pure v1.0.0.0
      ┣ .NET 架构：                            .NET 8.0.6
      ┣ ━━━━━━━━━━━━━━━  启动信息 ━━━━━━━━━━━━━━━
      ┣ 运行环境：                             Production
      ┣ 启动程序集：                           Admin.NET.Web.Entry
      ┣ 进程名称：                             Admin.NET.Web.Entry
      ┣ 托管程序：                             Kestrel
      ┣ ━━━━━━━━━━━━━━━  授权信息 ━━━━━━━━━━━━━━━
      ┣ JWT Token：                            Bearer eyJhbGciOiJIUzI1NiIsInR5cCI6IkpXVCJ9.eyJVc2VySWQiOjEzMDAwMDAwMDAxMDEsIlRlbmFudElkIjoxMzAwMDAwMDAwMDAxLCJBY2NvdW50Ijoic3VwZXJhZG1pbiIsIlJlYWxOYW1lIjoi6LaF57qn566h55CG5ZGYIiwiQWNjb3VudFR5cGUiOjk5OSwiT3JnSWQiOjAsIk9yZ05hbWUiOm51bGwsIk9yZ1R5cGUiOm51bGwsImlhdCI6MTczNjc3MzYzMCwibmJmIjoxNzM2NzczNjMwLCJleHAiOjE3MzczNzg0MzAsImlzcyI6Imd1eGluLmxpbmsiLCJhdWQiOiJndXhpbi5saW5rIn0.7yghNabJaXKI2uA1Ntrw8zMcPGWCeTTjXE-UINFnf5o
      ┣ 
      ┣ UserId (integer64)：                   1300000000101
      ┣ TenantId (integer64)：                 1300000000001
      ┣ Account (string)：                     superadmin
      ┣ RealName (string)：                    超级管理员
      ┣ AccountType (integer32)：              999
      ┣ OrgId (integer32)：                    0
      ┣ OrgName (JSON_NULL)：                  
      ┣ OrgType (JSON_NULL)：                  
      ┣ iat (integer64)：                      1736773630 (2025-01-13 21:07:10:0000(+08:00) 星期一 L)
      ┣ nbf (integer64)：                      1736773630 (2025-01-13 21:07:10:0000(+08:00) 星期一 L)
      ┣ exp (integer64)：                      1737378430 (2025-01-20 21:07:10:0000(+08:00) 星期一 L)
      ┣ iss (string)：                         guxin.link
      ┣ aud (string)：                         guxin.link
      ┣ ━━━━━━━━━━━━━━━  请求头信息 ━━━━━━━━━━━━━━━
      ┣ 
      ┣ Accept：                               application/json, text/plain, */*
      ┣ Connection：                           keep-alive
      ┣ Host：                                 localhost:5005
      ┣ User-Agent：                           Mozilla/5.0 (Windows NT 10.0; Win64; x64) AppleWebKit/537.36 (KHTML, like Gecko) Chrome/131.0.0.0 Safari/537.36
      ┣ Accept-Encoding：                      gzip, deflate, br, zstd
      ┣ Accept-Language：                      zh-CN,zh;q=0.9
      ┣ Authorization：                        Bearer eyJhbGciOiJIUzI1NiIsInR5cCI6IkpXVCJ9.eyJVc2VySWQiOjEzMDAwMDAwMDAxMDEsIlRlbmFudElkIjoxMzAwMDAwMDAwMDAxLCJBY2NvdW50Ijoic3VwZXJhZG1pbiIsIlJlYWxOYW1lIjoi6LaF57qn566h55CG5ZGYIiwiQWNjb3VudFR5cGUiOjk5OSwiT3JnSWQiOjAsIk9yZ05hbWUiOm51bGwsIk9yZ1R5cGUiOm51bGwsImlhdCI6MTczNjc3MzYzMCwibmJmIjoxNzM2NzczNjMwLCJleHAiOjE3MzczNzg0MzAsImlzcyI6Imd1eGluLmxpbmsiLCJhdWQiOiJndXhpbi5saW5rIn0.7yghNabJaXKI2uA1Ntrw8zMcPGWCeTTjXE-UINFnf5o
      ┣ Content-Type：                         application/json
      ┣ Origin：                               http://localhost:8888
      ┣ Referer：                              http://localhost:8888/
      ┣ Content-Length：                       34
      ┣ sec-ch-ua-platform：                   "Windows"
      ┣ sec-ch-ua：                            "Google Chrome";v="131", "Chromium";v="131", "Not_A Brand";v="24"
      ┣ sec-ch-ua-mobile：                     ?0
      ┣ DNT：                                  1
      ┣ Sec-Fetch-Site：                       same-site
      ┣ Sec-Fetch-Mode：                       cors
      ┣ Sec-Fetch-Dest：                       empty
      ┣ ━━━━━━━━━━━━━━━  参数列表 ━━━━━━━━━━━━━━━
      ┣ Content-Type：                         application/json
      ┣ 
      ┣ input (ChatModelOptionsInput)：        {"searchKey":null,"modelId":null,"name":null,"optionType":null,"field":null,"page":1,"pageSize":10,"order":null,"descStr":"descending"}
      ┣ ━━━━━━━━━━━━━━━  返回信息 ━━━━━━━━━━━━━━━
      ┣ HTTP响应状态码：                       200
      ┣ 原始类型：                             System.Threading.Tasks.Task<Admin.NET.Core.SqlSugarPagedList<Admin.NET.Application.ChatModelOptionsOutput>>
      ┣ 最终类型：                             Admin.NET.Core.AdminResult<System.Object>
      ┣ 最终返回值：                           {"code":200,"type":"success","message":"","result":{"page":1,"pageSize":10,"total":0,"totalPages":0,"items":[],"hasPrevPage":false,"hasNextPage":false},"extras":null,"time":"2025-01-13T21:07:44.3755349+08:00"}
      ┗━━━━━━━━━━━  Logging Monitor ━━━━━━━━━━━
info: 2025-01-13 21:07:44.4274126 +08:00 星期一 L System.Logging.LoggingMonitor[0] #66 '00-5eabfd1b01ded9a0e23898786ea916f6-bdf696af24a96bb2-00'
      [Furion.Pure.dll] async Task LoggingMonitorAttribute.MonitorAsync(MethodInfo actionMethod, IDictionary<string, object> parameterValues, FilterContext context, dynamic next)
      ┏━━━━━━━━━━━  Logging Monitor ━━━━━━━━━━━
      ┣ Admin.NET.Core.Service.SysEnumService.GetEnumDataList
      ┣ 
      ┣ 控制器名称：                SysEnumService
      ┣ 操作名称：                  GetEnumDataList
      ┣ 显示名称：                  通过枚举类型获取枚举值集合
      ┣ 路由信息：                  [area]: ; [controller]: sysEnum; [action]: enumDataList
      ┣ 请求方式：                  GET
      ┣ 请求地址：                  http://localhost:5005/api/sysEnum/enumDataList?EnumName=AIModelOptionEnum
      ┣ 来源地址：                  http://localhost:8888/
      ┣ 请求端源：                  client
      ┣ 浏览器标识：                Mozilla/5.0 (Windows NT 10.0; Win64; x64) AppleWebKit/537.36 (KHTML, like Gecko) Chrome/131.0.0.0 Safari/537.36
      ┣ 客户端区域语言：            zh-cn
      ┣ 客户端 IP 地址：            127.0.0.1
      ┣ 服务端 IP 地址：            127.0.0.1
      ┣ 客户端连接 ID：             00-5eabfd1b01ded9a0e23898786ea916f6-bdf696af24a96bb2-00
      ┣ 服务线程 ID：               #66
      ┣ 执行耗时：                  0ms
      ┣ ━━━━━━━━━━━━━━━  Cookies ━━━━━━━━━━━━━━━
      ┣ 请求端：                    
      ┣ 响应端：                    
      ┣ ━━━━━━━━━━━━━━━  系统信息 ━━━━━━━━━━━━━━━
      ┣ 系统名称：                  Microsoft Windows 10.0.19045
      ┣ 系统架构：                  X64
      ┣ 基础框架：                  Furion.Pure v1.0.0.0
      ┣ .NET 架构：                 .NET 8.0.6
      ┣ ━━━━━━━━━━━━━━━  启动信息 ━━━━━━━━━━━━━━━
      ┣ 运行环境：                  Production
      ┣ 启动程序集：                Admin.NET.Web.Entry
      ┣ 进程名称：                  Admin.NET.Web.Entry
      ┣ 托管程序：                  Kestrel
      ┣ ━━━━━━━━━━━━━━━  请求头信息 ━━━━━━━━━━━━━━━
      ┣ 
      ┣ Accept：                    application/json, text/plain, */*
      ┣ Connection：                keep-alive
      ┣ Host：                      localhost:5005
      ┣ User-Agent：                Mozilla/5.0 (Windows NT 10.0; Win64; x64) AppleWebKit/537.36 (KHTML, like Gecko) Chrome/131.0.0.0 Safari/537.36
      ┣ Accept-Encoding：           gzip, deflate, br, zstd
      ┣ Accept-Language：           zh-cn
      ┣ Authorization：             Bearer eyJhbGciOiJIUzI1NiIsInR5cCI6IkpXVCJ9.eyJVc2VySWQiOjEzMDAwMDAwMDAxMDEsIlRlbmFudElkIjoxMzAwMDAwMDAwMDAxLCJBY2NvdW50Ijoic3VwZXJhZG1pbiIsIlJlYWxOYW1lIjoi6LaF57qn566h55CG5ZGYIiwiQWNjb3VudFR5cGUiOjk5OSwiT3JnSWQiOjAsIk9yZ05hbWUiOm51bGwsIk9yZ1R5cGUiOm51bGwsImlhdCI6MTczNjc3MzYzMCwibmJmIjoxNzM2NzczNjMwLCJleHAiOjE3MzczNzg0MzAsImlzcyI6Imd1eGluLmxpbmsiLCJhdWQiOiJndXhpbi5saW5rIn0.7yghNabJaXKI2uA1Ntrw8zMcPGWCeTTjXE-UINFnf5o
      ┣ Origin：                    http://localhost:8888
      ┣ Referer：                   http://localhost:8888/
      ┣ sec-ch-ua-platform：        "Windows"
      ┣ sec-ch-ua：                 "Google Chrome";v="131", "Chromium";v="131", "Not_A Brand";v="24"
      ┣ sec-ch-ua-mobile：          ?0
      ┣ DNT：                       1
      ┣ Sec-Fetch-Site：            same-site
      ┣ Sec-Fetch-Mode：            cors
      ┣ Sec-Fetch-Dest：            empty
      ┣ ━━━━━━━━━━━━━━━  参数列表 ━━━━━━━━━━━━━━━
      ┣ Content-Type：              
      ┣ 
      ┣ input (EnumInput)：         {"enumName":"AIModelOptionEnum"}
      ┣ ━━━━━━━━━━━━━━━  返回信息 ━━━━━━━━━━━━━━━
      ┣ HTTP响应状态码：            200
      ┣ 原始类型：                  System.Collections.Generic.List<Admin.NET.Core.EnumEntity>
      ┣ 最终类型：                  Admin.NET.Core.AdminResult<System.Object>
      ┣ 最终返回值：                {"code":200,"type":"success","message":"","result":[{"describe":"文本","name":"Text","value":0},{"describe":"数字","name":"Num","value":1},{"describe":"单选","name":"Radio","value":2},{"describe":"多选","name":"CheckBox","value":3},{"describe":"true，false","name":"Switch","value":4}],"extras":null,"time":"2025-01-13T21:07:44.4267596+08:00"}
      ┗━━━━━━━━━━━  Logging Monitor ━━━━━━━━━━━
info: 2025-01-13 21:10:03.8756849 +08:00 星期一 L System.Logging.LoggingMonitor[0] #70 '00-a8b3b470ab3f2509f278bd20e71eab0c-c42ed54aa55856d7-00'
      [Furion.Pure.dll] async Task LoggingMonitorAttribute.MonitorAsync(MethodInfo actionMethod, IDictionary<string, object> parameterValues, FilterContext context, dynamic next)
      ┏━━━━━━━━━━━  Logging Monitor ━━━━━━━━━━━
      ┣ Admin.NET.Core.Service.SysEnumService.GetEnumDataList
      ┣ 
      ┣ 控制器名称：                SysEnumService
      ┣ 操作名称：                  GetEnumDataList
      ┣ 显示名称：                  通过枚举类型获取枚举值集合
      ┣ 路由信息：                  [area]: ; [controller]: sysEnum; [action]: enumDataList
      ┣ 请求方式：                  GET
      ┣ 请求地址：                  http://localhost:5005/api/sysEnum/enumDataList?EnumName=AIModelOptionEnum
      ┣ 来源地址：                  http://localhost:8888/
      ┣ 请求端源：                  client
      ┣ 浏览器标识：                Mozilla/5.0 (Windows NT 10.0; Win64; x64) AppleWebKit/537.36 (KHTML, like Gecko) Chrome/131.0.0.0 Safari/537.36
      ┣ 客户端区域语言：            zh-cn
      ┣ 客户端 IP 地址：            127.0.0.1
      ┣ 服务端 IP 地址：            127.0.0.1
      ┣ 客户端连接 ID：             00-a8b3b470ab3f2509f278bd20e71eab0c-c42ed54aa55856d7-00
      ┣ 服务线程 ID：               #70
      ┣ 执行耗时：                  0ms
      ┣ ━━━━━━━━━━━━━━━  Cookies ━━━━━━━━━━━━━━━
      ┣ 请求端：                    
      ┣ 响应端：                    
      ┣ ━━━━━━━━━━━━━━━  系统信息 ━━━━━━━━━━━━━━━
      ┣ 系统名称：                  Microsoft Windows 10.0.19045
      ┣ 系统架构：                  X64
      ┣ 基础框架：                  Furion.Pure v1.0.0.0
      ┣ .NET 架构：                 .NET 8.0.6
      ┣ ━━━━━━━━━━━━━━━  启动信息 ━━━━━━━━━━━━━━━
      ┣ 运行环境：                  Production
      ┣ 启动程序集：                Admin.NET.Web.Entry
      ┣ 进程名称：                  Admin.NET.Web.Entry
      ┣ 托管程序：                  Kestrel
      ┣ ━━━━━━━━━━━━━━━  请求头信息 ━━━━━━━━━━━━━━━
      ┣ 
      ┣ Accept：                    application/json, text/plain, */*
      ┣ Connection：                keep-alive
      ┣ Host：                      localhost:5005
      ┣ User-Agent：                Mozilla/5.0 (Windows NT 10.0; Win64; x64) AppleWebKit/537.36 (KHTML, like Gecko) Chrome/131.0.0.0 Safari/537.36
      ┣ Accept-Encoding：           gzip, deflate, br, zstd
      ┣ Accept-Language：           zh-cn
      ┣ Authorization：             Bearer eyJhbGciOiJIUzI1NiIsInR5cCI6IkpXVCJ9.eyJVc2VySWQiOjEzMDAwMDAwMDAxMDEsIlRlbmFudElkIjoxMzAwMDAwMDAwMDAxLCJBY2NvdW50Ijoic3VwZXJhZG1pbiIsIlJlYWxOYW1lIjoi6LaF57qn566h55CG5ZGYIiwiQWNjb3VudFR5cGUiOjk5OSwiT3JnSWQiOjAsIk9yZ05hbWUiOm51bGwsIk9yZ1R5cGUiOm51bGwsImlhdCI6MTczNjc3MzYzMCwibmJmIjoxNzM2NzczNjMwLCJleHAiOjE3MzczNzg0MzAsImlzcyI6Imd1eGluLmxpbmsiLCJhdWQiOiJndXhpbi5saW5rIn0.7yghNabJaXKI2uA1Ntrw8zMcPGWCeTTjXE-UINFnf5o
      ┣ Origin：                    http://localhost:8888
      ┣ Referer：                   http://localhost:8888/
      ┣ sec-ch-ua-platform：        "Windows"
      ┣ sec-ch-ua：                 "Google Chrome";v="131", "Chromium";v="131", "Not_A Brand";v="24"
      ┣ sec-ch-ua-mobile：          ?0
      ┣ DNT：                       1
      ┣ Sec-Fetch-Site：            same-site
      ┣ Sec-Fetch-Mode：            cors
      ┣ Sec-Fetch-Dest：            empty
      ┣ ━━━━━━━━━━━━━━━  参数列表 ━━━━━━━━━━━━━━━
      ┣ Content-Type：              
      ┣ 
      ┣ input (EnumInput)：         {"enumName":"AIModelOptionEnum"}
      ┣ ━━━━━━━━━━━━━━━  返回信息 ━━━━━━━━━━━━━━━
      ┣ HTTP响应状态码：            200
      ┣ 原始类型：                  System.Collections.Generic.List<Admin.NET.Core.EnumEntity>
      ┣ 最终类型：                  Admin.NET.Core.AdminResult<System.Object>
      ┣ 最终返回值：                {"code":200,"type":"success","message":"","result":[{"describe":"文本","name":"Text","value":0},{"describe":"数字","name":"Num","value":1},{"describe":"单选","name":"Radio","value":2},{"describe":"多选","name":"CheckBox","value":3},{"describe":"true，false","name":"Switch","value":4}],"extras":null,"time":"2025-01-13T21:10:03.8750398+08:00"}
      ┗━━━━━━━━━━━  Logging Monitor ━━━━━━━━━━━
info: 2025-01-13 21:11:09.2680012 +08:00 星期一 L System.Logging.LoggingMonitor[0] #70 '00-bd70fcf6223cb14a3b60c5343e1c12c3-c7983c81a6f019c1-00'
      [Furion.Pure.dll] async Task LoggingMonitorAttribute.MonitorAsync(MethodInfo actionMethod, IDictionary<string, object> parameterValues, FilterContext context, dynamic next)
      ┏━━━━━━━━━━━  Logging Monitor ━━━━━━━━━━━
      ┣ Admin.NET.Core.Service.SysEnumService.GetEnumDataList
      ┣ 
      ┣ 控制器名称：                SysEnumService
      ┣ 操作名称：                  GetEnumDataList
      ┣ 显示名称：                  通过枚举类型获取枚举值集合
      ┣ 路由信息：                  [area]: ; [controller]: sysEnum; [action]: enumDataList
      ┣ 请求方式：                  GET
      ┣ 请求地址：                  http://localhost:5005/api/sysEnum/enumDataList?EnumName=AIModelOptionEnum
      ┣ 来源地址：                  http://localhost:8888/
      ┣ 请求端源：                  client
      ┣ 浏览器标识：                Mozilla/5.0 (Windows NT 10.0; Win64; x64) AppleWebKit/537.36 (KHTML, like Gecko) Chrome/131.0.0.0 Safari/537.36
      ┣ 客户端区域语言：            zh-cn
      ┣ 客户端 IP 地址：            127.0.0.1
      ┣ 服务端 IP 地址：            127.0.0.1
      ┣ 客户端连接 ID：             00-bd70fcf6223cb14a3b60c5343e1c12c3-c7983c81a6f019c1-00
      ┣ 服务线程 ID：               #70
      ┣ 执行耗时：                  0ms
      ┣ ━━━━━━━━━━━━━━━  Cookies ━━━━━━━━━━━━━━━
      ┣ 请求端：                    
      ┣ 响应端：                    
      ┣ ━━━━━━━━━━━━━━━  系统信息 ━━━━━━━━━━━━━━━
      ┣ 系统名称：                  Microsoft Windows 10.0.19045
      ┣ 系统架构：                  X64
      ┣ 基础框架：                  Furion.Pure v1.0.0.0
      ┣ .NET 架构：                 .NET 8.0.6
      ┣ ━━━━━━━━━━━━━━━  启动信息 ━━━━━━━━━━━━━━━
      ┣ 运行环境：                  Production
      ┣ 启动程序集：                Admin.NET.Web.Entry
      ┣ 进程名称：                  Admin.NET.Web.Entry
      ┣ 托管程序：                  Kestrel
      ┣ ━━━━━━━━━━━━━━━  请求头信息 ━━━━━━━━━━━━━━━
      ┣ 
      ┣ Accept：                    application/json, text/plain, */*
      ┣ Connection：                keep-alive
      ┣ Host：                      localhost:5005
      ┣ User-Agent：                Mozilla/5.0 (Windows NT 10.0; Win64; x64) AppleWebKit/537.36 (KHTML, like Gecko) Chrome/131.0.0.0 Safari/537.36
      ┣ Accept-Encoding：           gzip, deflate, br, zstd
      ┣ Accept-Language：           zh-cn
      ┣ Authorization：             Bearer eyJhbGciOiJIUzI1NiIsInR5cCI6IkpXVCJ9.eyJVc2VySWQiOjEzMDAwMDAwMDAxMDEsIlRlbmFudElkIjoxMzAwMDAwMDAwMDAxLCJBY2NvdW50Ijoic3VwZXJhZG1pbiIsIlJlYWxOYW1lIjoi6LaF57qn566h55CG5ZGYIiwiQWNjb3VudFR5cGUiOjk5OSwiT3JnSWQiOjAsIk9yZ05hbWUiOm51bGwsIk9yZ1R5cGUiOm51bGwsImlhdCI6MTczNjc3MzYzMCwibmJmIjoxNzM2NzczNjMwLCJleHAiOjE3MzczNzg0MzAsImlzcyI6Imd1eGluLmxpbmsiLCJhdWQiOiJndXhpbi5saW5rIn0.7yghNabJaXKI2uA1Ntrw8zMcPGWCeTTjXE-UINFnf5o
      ┣ Origin：                    http://localhost:8888
      ┣ Referer：                   http://localhost:8888/
      ┣ sec-ch-ua-platform：        "Windows"
      ┣ sec-ch-ua：                 "Google Chrome";v="131", "Chromium";v="131", "Not_A Brand";v="24"
      ┣ sec-ch-ua-mobile：          ?0
      ┣ DNT：                       1
      ┣ Sec-Fetch-Site：            same-site
      ┣ Sec-Fetch-Mode：            cors
      ┣ Sec-Fetch-Dest：            empty
      ┣ ━━━━━━━━━━━━━━━  参数列表 ━━━━━━━━━━━━━━━
      ┣ Content-Type：              
      ┣ 
      ┣ input (EnumInput)：         {"enumName":"AIModelOptionEnum"}
      ┣ ━━━━━━━━━━━━━━━  返回信息 ━━━━━━━━━━━━━━━
      ┣ HTTP响应状态码：            200
      ┣ 原始类型：                  System.Collections.Generic.List<Admin.NET.Core.EnumEntity>
      ┣ 最终类型：                  Admin.NET.Core.AdminResult<System.Object>
      ┣ 最终返回值：                {"code":200,"type":"success","message":"","result":[{"describe":"文本","name":"Text","value":0},{"describe":"数字","name":"Num","value":1},{"describe":"单选","name":"Radio","value":2},{"describe":"多选","name":"CheckBox","value":3},{"describe":"true，false","name":"Switch","value":4}],"extras":null,"time":"2025-01-13T21:11:09.2672927+08:00"}
      ┗━━━━━━━━━━━  Logging Monitor ━━━━━━━━━━━
info: 2025-01-13 21:13:32.7195117 +08:00 星期一 L System.Logging.TaskQueueService[0] #1
      [Microsoft.Extensions.Logging.Abstractions.dll] void Microsoft.Extensions.Logging.LoggerExtensions.LogInformation(ILogger logger, string message, params object[] args)
      TaskQueue hosted service is running.
info: 2025-01-13 21:13:32.7442642 +08:00 星期一 L System.Logging.ScheduleService[0] #1
      [Furion.Pure.dll] void Furion.Schedule.ScheduleLogger.Log(LogLevel logLevel, string message, object[] args, Exception ex)
      Schedule hosted service is running.
info: 2025-01-13 21:13:32.7463679 +08:00 星期一 L System.Logging.ScheduleService[0] #1
      [Furion.Pure.dll] void Furion.Schedule.ScheduleLogger.Log(LogLevel logLevel, string message, object[] args, Exception ex)
      Schedule hosted service is preloading...
info: 2025-01-13 21:13:33.3947739 +08:00 星期一 L System.Logging.ScheduleService[0] #1
      [Furion.Pure.dll] void Furion.Schedule.ScheduleLogger.Log(LogLevel logLevel, string message, object[] args, Exception ex)
      The <trigger_log> trigger for scheduler of <job_log> successfully appended and updated to the schedule.
info: 2025-01-13 21:13:33.3962462 +08:00 星期一 L System.Logging.ScheduleService[0] #1
      [Furion.Pure.dll] void Furion.Schedule.ScheduleLogger.Log(LogLevel logLevel, string message, object[] args, Exception ex)
      The scheduler of <job_log> successfully appended and updated to the schedule.
info: 2025-01-13 21:13:33.4024418 +08:00 星期一 L System.Logging.ScheduleService[0] #1
      [Furion.Pure.dll] void Furion.Schedule.ScheduleLogger.Log(LogLevel logLevel, string message, object[] args, Exception ex)
      The <trigger_onlineUser> trigger for scheduler of <job_onlineUser> successfully appended and updated to the schedule.
info: 2025-01-13 21:13:33.4037513 +08:00 星期一 L System.Logging.ScheduleService[0] #1
      [Furion.Pure.dll] void Furion.Schedule.ScheduleLogger.Log(LogLevel logLevel, string message, object[] args, Exception ex)
      The scheduler of <job_onlineUser> successfully appended and updated to the schedule.
info: 2025-01-13 21:14:53.9544384 +08:00 星期一 L System.Logging.TaskQueueService[0] #1
      [Microsoft.Extensions.Logging.Abstractions.dll] void Microsoft.Extensions.Logging.LoggerExtensions.LogInformation(ILogger logger, string message, params object[] args)
      TaskQueue hosted service is running.
info: 2025-01-13 21:14:53.9826797 +08:00 星期一 L System.Logging.ScheduleService[0] #1
      [Furion.Pure.dll] void Furion.Schedule.ScheduleLogger.Log(LogLevel logLevel, string message, object[] args, Exception ex)
      Schedule hosted service is running.
info: 2025-01-13 21:14:53.9847617 +08:00 星期一 L System.Logging.ScheduleService[0] #1
      [Furion.Pure.dll] void Furion.Schedule.ScheduleLogger.Log(LogLevel logLevel, string message, object[] args, Exception ex)
      Schedule hosted service is preloading...
info: 2025-01-13 21:14:54.6030135 +08:00 星期一 L System.Logging.ScheduleService[0] #1
      [Furion.Pure.dll] void Furion.Schedule.ScheduleLogger.Log(LogLevel logLevel, string message, object[] args, Exception ex)
      The <trigger_log> trigger for scheduler of <job_log> successfully appended and updated to the schedule.
info: 2025-01-13 21:14:54.6043064 +08:00 星期一 L System.Logging.ScheduleService[0] #1
      [Furion.Pure.dll] void Furion.Schedule.ScheduleLogger.Log(LogLevel logLevel, string message, object[] args, Exception ex)
      The scheduler of <job_log> successfully appended and updated to the schedule.
info: 2025-01-13 21:14:54.6101319 +08:00 星期一 L System.Logging.ScheduleService[0] #1
      [Furion.Pure.dll] void Furion.Schedule.ScheduleLogger.Log(LogLevel logLevel, string message, object[] args, Exception ex)
      The <trigger_onlineUser> trigger for scheduler of <job_onlineUser> successfully appended and updated to the schedule.
info: 2025-01-13 21:14:54.6115212 +08:00 星期一 L System.Logging.ScheduleService[0] #1
      [Furion.Pure.dll] void Furion.Schedule.ScheduleLogger.Log(LogLevel logLevel, string message, object[] args, Exception ex)
      The scheduler of <job_onlineUser> successfully appended and updated to the schedule.
info: 2025-01-13 21:18:27.6994001 +08:00 星期一 L System.Logging.LoggingMonitor[0] #9 '00-fd2e25dec9185c747c651f6a0f87f645-cbb99824ff18508c-00'
      [Furion.Pure.dll] async Task LoggingMonitorAttribute.MonitorAsync(MethodInfo actionMethod, IDictionary<string, object> parameterValues, FilterContext context, dynamic next)
      ┏━━━━━━━━━━━  Logging Monitor ━━━━━━━━━━━
      ┣ Admin.NET.Core.Service.SysEnumService.GetEnumDataList
      ┣ 
      ┣ 控制器名称：                SysEnumService
      ┣ 操作名称：                  GetEnumDataList
      ┣ 显示名称：                  通过枚举类型获取枚举值集合
      ┣ 路由信息：                  [area]: ; [controller]: sysEnum; [action]: enumDataList
      ┣ 请求方式：                  GET
      ┣ 请求地址：                  http://localhost:5005/api/sysEnum/enumDataList?EnumName=AIModelOptionEnum
      ┣ 来源地址：                  http://localhost:8888/
      ┣ 请求端源：                  client
      ┣ 浏览器标识：                Mozilla/5.0 (Windows NT 10.0; Win64; x64) AppleWebKit/537.36 (KHTML, like Gecko) Chrome/131.0.0.0 Safari/537.36
      ┣ 客户端区域语言：            zh-cn
      ┣ 客户端 IP 地址：            127.0.0.1
      ┣ 服务端 IP 地址：            127.0.0.1
      ┣ 客户端连接 ID：             00-fd2e25dec9185c747c651f6a0f87f645-cbb99824ff18508c-00
      ┣ 服务线程 ID：               #9
      ┣ 执行耗时：                  19ms
      ┣ ━━━━━━━━━━━━━━━  Cookies ━━━━━━━━━━━━━━━
      ┣ 请求端：                    
      ┣ 响应端：                    
      ┣ ━━━━━━━━━━━━━━━  系统信息 ━━━━━━━━━━━━━━━
      ┣ 系统名称：                  Microsoft Windows 10.0.19045
      ┣ 系统架构：                  X64
      ┣ 基础框架：                  Furion.Pure v1.0.0.0
      ┣ .NET 架构：                 .NET 8.0.6
      ┣ ━━━━━━━━━━━━━━━  启动信息 ━━━━━━━━━━━━━━━
      ┣ 运行环境：                  Production
      ┣ 启动程序集：                Admin.NET.Web.Entry
      ┣ 进程名称：                  Admin.NET.Web.Entry
      ┣ 托管程序：                  Kestrel
      ┣ ━━━━━━━━━━━━━━━  请求头信息 ━━━━━━━━━━━━━━━
      ┣ 
      ┣ Accept：                    application/json, text/plain, */*
      ┣ Connection：                keep-alive
      ┣ Host：                      localhost:5005
      ┣ User-Agent：                Mozilla/5.0 (Windows NT 10.0; Win64; x64) AppleWebKit/537.36 (KHTML, like Gecko) Chrome/131.0.0.0 Safari/537.36
      ┣ Accept-Encoding：           gzip, deflate, br, zstd
      ┣ Accept-Language：           zh-cn
      ┣ Authorization：             Bearer eyJhbGciOiJIUzI1NiIsInR5cCI6IkpXVCJ9.eyJVc2VySWQiOjEzMDAwMDAwMDAxMDEsIlRlbmFudElkIjoxMzAwMDAwMDAwMDAxLCJBY2NvdW50Ijoic3VwZXJhZG1pbiIsIlJlYWxOYW1lIjoi6LaF57qn566h55CG5ZGYIiwiQWNjb3VudFR5cGUiOjk5OSwiT3JnSWQiOjAsIk9yZ05hbWUiOm51bGwsIk9yZ1R5cGUiOm51bGwsImlhdCI6MTczNjc3MzYzMCwibmJmIjoxNzM2NzczNjMwLCJleHAiOjE3MzczNzg0MzAsImlzcyI6Imd1eGluLmxpbmsiLCJhdWQiOiJndXhpbi5saW5rIn0.7yghNabJaXKI2uA1Ntrw8zMcPGWCeTTjXE-UINFnf5o
      ┣ Origin：                    http://localhost:8888
      ┣ Referer：                   http://localhost:8888/
      ┣ sec-ch-ua-platform：        "Windows"
      ┣ sec-ch-ua：                 "Google Chrome";v="131", "Chromium";v="131", "Not_A Brand";v="24"
      ┣ sec-ch-ua-mobile：          ?0
      ┣ DNT：                       1
      ┣ Sec-Fetch-Site：            same-site
      ┣ Sec-Fetch-Mode：            cors
      ┣ Sec-Fetch-Dest：            empty
      ┣ ━━━━━━━━━━━━━━━  参数列表 ━━━━━━━━━━━━━━━
      ┣ Content-Type：              
      ┣ 
      ┣ input (EnumInput)：         {"enumName":"AIModelOptionEnum"}
      ┣ ━━━━━━━━━━━━━━━  返回信息 ━━━━━━━━━━━━━━━
      ┣ HTTP响应状态码：            200
      ┣ 原始类型：                  System.Collections.Generic.List<Admin.NET.Core.EnumEntity>
      ┣ 最终类型：                  Admin.NET.Core.AdminResult<System.Object>
      ┣ 最终返回值：                {"code":200,"type":"success","message":"","result":[{"describe":"文本","name":"Text","value":0},{"describe":"数字","name":"Num","value":1},{"describe":"单选","name":"Radio","value":2},{"describe":"多选","name":"CheckBox","value":3},{"describe":"true，false","name":"Switch","value":4}],"extras":null,"time":"2025-01-13T21:18:27.658362+08:00"}
      ┗━━━━━━━━━━━  Logging Monitor ━━━━━━━━━━━
info: 2025-01-13 21:18:27.9052986 +08:00 星期一 L System.Logging.LoggingMonitor[0] #6 '00-126c8fa52eaef5a137998f20d73e146f-67d003701d5377b3-00'
      [Furion.Pure.dll] async Task LoggingMonitorAttribute.MonitorAsync(MethodInfo actionMethod, IDictionary<string, object> parameterValues, FilterContext context, dynamic next)
      ┏━━━━━━━━━━━  Logging Monitor ━━━━━━━━━━━
      ┣ Admin.NET.Application.ChatModelOptionsService.Page
      ┣ 
      ┣ 控制器名称：                           ChatModelOptionsService
      ┣ 操作名称：                             Page
      ┣ 显示名称：                             
      ┣ 路由信息：                             [area]: ; [controller]: chatModelOptions; [action]: page
      ┣ 请求方式：                             POST
      ┣ 请求地址：                             http://localhost:5005/api/chatModelOptions/page
      ┣ 来源地址：                             http://localhost:8888/
      ┣ 请求端源：                             client
      ┣ 浏览器标识：                           Mozilla/5.0 (Windows NT 10.0; Win64; x64) AppleWebKit/537.36 (KHTML, like Gecko) Chrome/131.0.0.0 Safari/537.36
      ┣ 客户端区域语言：                       zh-CN,zh;q=0.9
      ┣ 客户端 IP 地址：                       127.0.0.1
      ┣ 服务端 IP 地址：                       127.0.0.1
      ┣ 客户端连接 ID：                        00-126c8fa52eaef5a137998f20d73e146f-67d003701d5377b3-00
      ┣ 服务线程 ID：                          #6
      ┣ 执行耗时：                             136ms
      ┣ ━━━━━━━━━━━━━━━  Cookies ━━━━━━━━━━━━━━━
      ┣ 请求端：                               
      ┣ 响应端：                               
      ┣ ━━━━━━━━━━━━━━━  系统信息 ━━━━━━━━━━━━━━━
      ┣ 系统名称：                             Microsoft Windows 10.0.19045
      ┣ 系统架构：                             X64
      ┣ 基础框架：                             Furion.Pure v1.0.0.0
      ┣ .NET 架构：                            .NET 8.0.6
      ┣ ━━━━━━━━━━━━━━━  启动信息 ━━━━━━━━━━━━━━━
      ┣ 运行环境：                             Production
      ┣ 启动程序集：                           Admin.NET.Web.Entry
      ┣ 进程名称：                             Admin.NET.Web.Entry
      ┣ 托管程序：                             Kestrel
      ┣ ━━━━━━━━━━━━━━━  授权信息 ━━━━━━━━━━━━━━━
      ┣ JWT Token：                            Bearer eyJhbGciOiJIUzI1NiIsInR5cCI6IkpXVCJ9.eyJVc2VySWQiOjEzMDAwMDAwMDAxMDEsIlRlbmFudElkIjoxMzAwMDAwMDAwMDAxLCJBY2NvdW50Ijoic3VwZXJhZG1pbiIsIlJlYWxOYW1lIjoi6LaF57qn566h55CG5ZGYIiwiQWNjb3VudFR5cGUiOjk5OSwiT3JnSWQiOjAsIk9yZ05hbWUiOm51bGwsIk9yZ1R5cGUiOm51bGwsImlhdCI6MTczNjc3MzYzMCwibmJmIjoxNzM2NzczNjMwLCJleHAiOjE3MzczNzg0MzAsImlzcyI6Imd1eGluLmxpbmsiLCJhdWQiOiJndXhpbi5saW5rIn0.7yghNabJaXKI2uA1Ntrw8zMcPGWCeTTjXE-UINFnf5o
      ┣ 
      ┣ UserId (integer64)：                   1300000000101
      ┣ TenantId (integer64)：                 1300000000001
      ┣ Account (string)：                     superadmin
      ┣ RealName (string)：                    超级管理员
      ┣ AccountType (integer32)：              999
      ┣ OrgId (integer32)：                    0
      ┣ OrgName (JSON_NULL)：                  
      ┣ OrgType (JSON_NULL)：                  
      ┣ iat (integer64)：                      1736773630 (2025-01-13 21:07:10:0000(+08:00) 星期一 L)
      ┣ nbf (integer64)：                      1736773630 (2025-01-13 21:07:10:0000(+08:00) 星期一 L)
      ┣ exp (integer64)：                      1737378430 (2025-01-20 21:07:10:0000(+08:00) 星期一 L)
      ┣ iss (string)：                         guxin.link
      ┣ aud (string)：                         guxin.link
      ┣ ━━━━━━━━━━━━━━━  请求头信息 ━━━━━━━━━━━━━━━
      ┣ 
      ┣ Accept：                               application/json, text/plain, */*
      ┣ Connection：                           keep-alive
      ┣ Host：                                 localhost:5005
      ┣ User-Agent：                           Mozilla/5.0 (Windows NT 10.0; Win64; x64) AppleWebKit/537.36 (KHTML, like Gecko) Chrome/131.0.0.0 Safari/537.36
      ┣ Accept-Encoding：                      gzip, deflate, br, zstd
      ┣ Accept-Language：                      zh-CN,zh;q=0.9
      ┣ Authorization：                        Bearer eyJhbGciOiJIUzI1NiIsInR5cCI6IkpXVCJ9.eyJVc2VySWQiOjEzMDAwMDAwMDAxMDEsIlRlbmFudElkIjoxMzAwMDAwMDAwMDAxLCJBY2NvdW50Ijoic3VwZXJhZG1pbiIsIlJlYWxOYW1lIjoi6LaF57qn566h55CG5ZGYIiwiQWNjb3VudFR5cGUiOjk5OSwiT3JnSWQiOjAsIk9yZ05hbWUiOm51bGwsIk9yZ1R5cGUiOm51bGwsImlhdCI6MTczNjc3MzYzMCwibmJmIjoxNzM2NzczNjMwLCJleHAiOjE3MzczNzg0MzAsImlzcyI6Imd1eGluLmxpbmsiLCJhdWQiOiJndXhpbi5saW5rIn0.7yghNabJaXKI2uA1Ntrw8zMcPGWCeTTjXE-UINFnf5o
      ┣ Content-Type：                         application/json
      ┣ Origin：                               http://localhost:8888
      ┣ Referer：                              http://localhost:8888/
      ┣ Content-Length：                       34
      ┣ sec-ch-ua-platform：                   "Windows"
      ┣ sec-ch-ua：                            "Google Chrome";v="131", "Chromium";v="131", "Not_A Brand";v="24"
      ┣ sec-ch-ua-mobile：                     ?0
      ┣ DNT：                                  1
      ┣ Sec-Fetch-Site：                       same-site
      ┣ Sec-Fetch-Mode：                       cors
      ┣ Sec-Fetch-Dest：                       empty
      ┣ ━━━━━━━━━━━━━━━  参数列表 ━━━━━━━━━━━━━━━
      ┣ Content-Type：                         application/json
      ┣ 
      ┣ input (ChatModelOptionsInput)：        {"searchKey":null,"modelId":null,"name":null,"optionType":null,"field":null,"page":1,"pageSize":10,"order":null,"descStr":"descending"}
      ┣ ━━━━━━━━━━━━━━━  返回信息 ━━━━━━━━━━━━━━━
      ┣ HTTP响应状态码：                       200
      ┣ 原始类型：                             System.Threading.Tasks.Task<Admin.NET.Core.SqlSugarPagedList<Admin.NET.Application.ChatModelOptionsOutput>>
      ┣ 最终类型：                             Admin.NET.Core.AdminResult<System.Object>
      ┣ 最终返回值：                           {"code":200,"type":"success","message":"","result":{"page":1,"pageSize":10,"total":0,"totalPages":0,"items":[],"hasPrevPage":false,"hasNextPage":false},"extras":null,"time":"2025-01-13T21:18:27.8984043+08:00"}
      ┗━━━━━━━━━━━  Logging Monitor ━━━━━━━━━━━
info: 2025-01-13 21:18:27.9761597 +08:00 星期一 L System.Logging.LoggingMonitor[0] #25 '00-7a09007e62369a545e6a2947c66cf256-94cffdc86b475244-00'
      [Furion.Pure.dll] async Task LoggingMonitorAttribute.MonitorAsync(MethodInfo actionMethod, IDictionary<string, object> parameterValues, FilterContext context, dynamic next)
      ┏━━━━━━━━━━━  Logging Monitor ━━━━━━━━━━━
      ┣ Admin.NET.Core.Service.SysEnumService.GetEnumDataList
      ┣ 
      ┣ 控制器名称：                SysEnumService
      ┣ 操作名称：                  GetEnumDataList
      ┣ 显示名称：                  通过枚举类型获取枚举值集合
      ┣ 路由信息：                  [area]: ; [controller]: sysEnum; [action]: enumDataList
      ┣ 请求方式：                  GET
      ┣ 请求地址：                  http://localhost:5005/api/sysEnum/enumDataList?EnumName=AIModelOptionEnum
      ┣ 来源地址：                  http://localhost:8888/
      ┣ 请求端源：                  client
      ┣ 浏览器标识：                Mozilla/5.0 (Windows NT 10.0; Win64; x64) AppleWebKit/537.36 (KHTML, like Gecko) Chrome/131.0.0.0 Safari/537.36
      ┣ 客户端区域语言：            zh-cn
      ┣ 客户端 IP 地址：            127.0.0.1
      ┣ 服务端 IP 地址：            127.0.0.1
      ┣ 客户端连接 ID：             00-7a09007e62369a545e6a2947c66cf256-94cffdc86b475244-00
      ┣ 服务线程 ID：               #25
      ┣ 执行耗时：                  0ms
      ┣ ━━━━━━━━━━━━━━━  Cookies ━━━━━━━━━━━━━━━
      ┣ 请求端：                    
      ┣ 响应端：                    
      ┣ ━━━━━━━━━━━━━━━  系统信息 ━━━━━━━━━━━━━━━
      ┣ 系统名称：                  Microsoft Windows 10.0.19045
      ┣ 系统架构：                  X64
      ┣ 基础框架：                  Furion.Pure v1.0.0.0
      ┣ .NET 架构：                 .NET 8.0.6
      ┣ ━━━━━━━━━━━━━━━  启动信息 ━━━━━━━━━━━━━━━
      ┣ 运行环境：                  Production
      ┣ 启动程序集：                Admin.NET.Web.Entry
      ┣ 进程名称：                  Admin.NET.Web.Entry
      ┣ 托管程序：                  Kestrel
      ┣ ━━━━━━━━━━━━━━━  请求头信息 ━━━━━━━━━━━━━━━
      ┣ 
      ┣ Accept：                    application/json, text/plain, */*
      ┣ Connection：                keep-alive
      ┣ Host：                      localhost:5005
      ┣ User-Agent：                Mozilla/5.0 (Windows NT 10.0; Win64; x64) AppleWebKit/537.36 (KHTML, like Gecko) Chrome/131.0.0.0 Safari/537.36
      ┣ Accept-Encoding：           gzip, deflate, br, zstd
      ┣ Accept-Language：           zh-cn
      ┣ Authorization：             Bearer eyJhbGciOiJIUzI1NiIsInR5cCI6IkpXVCJ9.eyJVc2VySWQiOjEzMDAwMDAwMDAxMDEsIlRlbmFudElkIjoxMzAwMDAwMDAwMDAxLCJBY2NvdW50Ijoic3VwZXJhZG1pbiIsIlJlYWxOYW1lIjoi6LaF57qn566h55CG5ZGYIiwiQWNjb3VudFR5cGUiOjk5OSwiT3JnSWQiOjAsIk9yZ05hbWUiOm51bGwsIk9yZ1R5cGUiOm51bGwsImlhdCI6MTczNjc3MzYzMCwibmJmIjoxNzM2NzczNjMwLCJleHAiOjE3MzczNzg0MzAsImlzcyI6Imd1eGluLmxpbmsiLCJhdWQiOiJndXhpbi5saW5rIn0.7yghNabJaXKI2uA1Ntrw8zMcPGWCeTTjXE-UINFnf5o
      ┣ Origin：                    http://localhost:8888
      ┣ Referer：                   http://localhost:8888/
      ┣ sec-ch-ua-platform：        "Windows"
      ┣ sec-ch-ua：                 "Google Chrome";v="131", "Chromium";v="131", "Not_A Brand";v="24"
      ┣ sec-ch-ua-mobile：          ?0
      ┣ DNT：                       1
      ┣ Sec-Fetch-Site：            same-site
      ┣ Sec-Fetch-Mode：            cors
      ┣ Sec-Fetch-Dest：            empty
      ┣ ━━━━━━━━━━━━━━━  参数列表 ━━━━━━━━━━━━━━━
      ┣ Content-Type：              
      ┣ 
      ┣ input (EnumInput)：         {"enumName":"AIModelOptionEnum"}
      ┣ ━━━━━━━━━━━━━━━  返回信息 ━━━━━━━━━━━━━━━
      ┣ HTTP响应状态码：            200
      ┣ 原始类型：                  System.Collections.Generic.List<Admin.NET.Core.EnumEntity>
      ┣ 最终类型：                  Admin.NET.Core.AdminResult<System.Object>
      ┣ 最终返回值：                {"code":200,"type":"success","message":"","result":[{"describe":"文本","name":"Text","value":0},{"describe":"数字","name":"Num","value":1},{"describe":"单选","name":"Radio","value":2},{"describe":"多选","name":"CheckBox","value":3},{"describe":"true，false","name":"Switch","value":4}],"extras":null,"time":"2025-01-13T21:18:27.9753333+08:00"}
      ┗━━━━━━━━━━━  Logging Monitor ━━━━━━━━━━━
info: 2025-01-13 21:18:37.1201878 +08:00 星期一 L System.Logging.LoggingMonitor[0] #25 '00-eeac3f415b348941da6b5af11cbedeb3-0875723ebdf09853-00'
      [Furion.Pure.dll] async Task LoggingMonitorAttribute.MonitorAsync(MethodInfo actionMethod, IDictionary<string, object> parameterValues, FilterContext context, dynamic next)
      ┏━━━━━━━━━━━  Logging Monitor ━━━━━━━━━━━
      ┣ Admin.NET.Core.Service.SysEnumService.GetEnumDataList
      ┣ 
      ┣ 控制器名称：                SysEnumService
      ┣ 操作名称：                  GetEnumDataList
      ┣ 显示名称：                  通过枚举类型获取枚举值集合
      ┣ 路由信息：                  [area]: ; [controller]: sysEnum; [action]: enumDataList
      ┣ 请求方式：                  GET
      ┣ 请求地址：                  http://localhost:5005/api/sysEnum/enumDataList?EnumName=AIModelOptionEnum
      ┣ 来源地址：                  http://localhost:8888/
      ┣ 请求端源：                  client
      ┣ 浏览器标识：                Mozilla/5.0 (Windows NT 10.0; Win64; x64) AppleWebKit/537.36 (KHTML, like Gecko) Chrome/131.0.0.0 Safari/537.36
      ┣ 客户端区域语言：            zh-cn
      ┣ 客户端 IP 地址：            127.0.0.1
      ┣ 服务端 IP 地址：            127.0.0.1
      ┣ 客户端连接 ID：             00-eeac3f415b348941da6b5af11cbedeb3-0875723ebdf09853-00
      ┣ 服务线程 ID：               #25
      ┣ 执行耗时：                  0ms
      ┣ ━━━━━━━━━━━━━━━  Cookies ━━━━━━━━━━━━━━━
      ┣ 请求端：                    
      ┣ 响应端：                    
      ┣ ━━━━━━━━━━━━━━━  系统信息 ━━━━━━━━━━━━━━━
      ┣ 系统名称：                  Microsoft Windows 10.0.19045
      ┣ 系统架构：                  X64
      ┣ 基础框架：                  Furion.Pure v1.0.0.0
      ┣ .NET 架构：                 .NET 8.0.6
      ┣ ━━━━━━━━━━━━━━━  启动信息 ━━━━━━━━━━━━━━━
      ┣ 运行环境：                  Production
      ┣ 启动程序集：                Admin.NET.Web.Entry
      ┣ 进程名称：                  Admin.NET.Web.Entry
      ┣ 托管程序：                  Kestrel
      ┣ ━━━━━━━━━━━━━━━  请求头信息 ━━━━━━━━━━━━━━━
      ┣ 
      ┣ Accept：                    application/json, text/plain, */*
      ┣ Connection：                keep-alive
      ┣ Host：                      localhost:5005
      ┣ User-Agent：                Mozilla/5.0 (Windows NT 10.0; Win64; x64) AppleWebKit/537.36 (KHTML, like Gecko) Chrome/131.0.0.0 Safari/537.36
      ┣ Accept-Encoding：           gzip, deflate, br, zstd
      ┣ Accept-Language：           zh-cn
      ┣ Authorization：             Bearer eyJhbGciOiJIUzI1NiIsInR5cCI6IkpXVCJ9.eyJVc2VySWQiOjEzMDAwMDAwMDAxMDEsIlRlbmFudElkIjoxMzAwMDAwMDAwMDAxLCJBY2NvdW50Ijoic3VwZXJhZG1pbiIsIlJlYWxOYW1lIjoi6LaF57qn566h55CG5ZGYIiwiQWNjb3VudFR5cGUiOjk5OSwiT3JnSWQiOjAsIk9yZ05hbWUiOm51bGwsIk9yZ1R5cGUiOm51bGwsImlhdCI6MTczNjc3MzYzMCwibmJmIjoxNzM2NzczNjMwLCJleHAiOjE3MzczNzg0MzAsImlzcyI6Imd1eGluLmxpbmsiLCJhdWQiOiJndXhpbi5saW5rIn0.7yghNabJaXKI2uA1Ntrw8zMcPGWCeTTjXE-UINFnf5o
      ┣ Origin：                    http://localhost:8888
      ┣ Referer：                   http://localhost:8888/
      ┣ sec-ch-ua-platform：        "Windows"
      ┣ sec-ch-ua：                 "Google Chrome";v="131", "Chromium";v="131", "Not_A Brand";v="24"
      ┣ sec-ch-ua-mobile：          ?0
      ┣ DNT：                       1
      ┣ Sec-Fetch-Site：            same-site
      ┣ Sec-Fetch-Mode：            cors
      ┣ Sec-Fetch-Dest：            empty
      ┣ ━━━━━━━━━━━━━━━  参数列表 ━━━━━━━━━━━━━━━
      ┣ Content-Type：              
      ┣ 
      ┣ input (EnumInput)：         {"enumName":"AIModelOptionEnum"}
      ┣ ━━━━━━━━━━━━━━━  返回信息 ━━━━━━━━━━━━━━━
      ┣ HTTP响应状态码：            200
      ┣ 原始类型：                  System.Collections.Generic.List<Admin.NET.Core.EnumEntity>
      ┣ 最终类型：                  Admin.NET.Core.AdminResult<System.Object>
      ┣ 最终返回值：                {"code":200,"type":"success","message":"","result":[{"describe":"文本","name":"Text","value":0},{"describe":"数字","name":"Num","value":1},{"describe":"单选","name":"Radio","value":2},{"describe":"多选","name":"CheckBox","value":3},{"describe":"true，false","name":"Switch","value":4}],"extras":null,"time":"2025-01-13T21:18:37.1191798+08:00"}
      ┗━━━━━━━━━━━  Logging Monitor ━━━━━━━━━━━
info: 2025-01-13 21:18:37.1376689 +08:00 星期一 L System.Logging.LoggingMonitor[0] #3 '00-ca9c8b5cc7f94fb6b8eff0c108ca3de6-0d74d3044d46e530-00'
      [Furion.Pure.dll] async Task LoggingMonitorAttribute.MonitorAsync(MethodInfo actionMethod, IDictionary<string, object> parameterValues, FilterContext context, dynamic next)
      ┏━━━━━━━━━━━  Logging Monitor ━━━━━━━━━━━
      ┣ Admin.NET.Core.Service.SysEnumService.GetEnumDataList
      ┣ 
      ┣ 控制器名称：                SysEnumService
      ┣ 操作名称：                  GetEnumDataList
      ┣ 显示名称：                  通过枚举类型获取枚举值集合
      ┣ 路由信息：                  [area]: ; [controller]: sysEnum; [action]: enumDataList
      ┣ 请求方式：                  GET
      ┣ 请求地址：                  http://localhost:5005/api/sysEnum/enumDataList?EnumName=AIModelOptionEnum
      ┣ 来源地址：                  http://localhost:8888/
      ┣ 请求端源：                  client
      ┣ 浏览器标识：                Mozilla/5.0 (Windows NT 10.0; Win64; x64) AppleWebKit/537.36 (KHTML, like Gecko) Chrome/131.0.0.0 Safari/537.36
      ┣ 客户端区域语言：            zh-cn
      ┣ 客户端 IP 地址：            127.0.0.1
      ┣ 服务端 IP 地址：            127.0.0.1
      ┣ 客户端连接 ID：             00-ca9c8b5cc7f94fb6b8eff0c108ca3de6-0d74d3044d46e530-00
      ┣ 服务线程 ID：               #3
      ┣ 执行耗时：                  0ms
      ┣ ━━━━━━━━━━━━━━━  Cookies ━━━━━━━━━━━━━━━
      ┣ 请求端：                    
      ┣ 响应端：                    
      ┣ ━━━━━━━━━━━━━━━  系统信息 ━━━━━━━━━━━━━━━
      ┣ 系统名称：                  Microsoft Windows 10.0.19045
      ┣ 系统架构：                  X64
      ┣ 基础框架：                  Furion.Pure v1.0.0.0
      ┣ .NET 架构：                 .NET 8.0.6
      ┣ ━━━━━━━━━━━━━━━  启动信息 ━━━━━━━━━━━━━━━
      ┣ 运行环境：                  Production
      ┣ 启动程序集：                Admin.NET.Web.Entry
      ┣ 进程名称：                  Admin.NET.Web.Entry
      ┣ 托管程序：                  Kestrel
      ┣ ━━━━━━━━━━━━━━━  请求头信息 ━━━━━━━━━━━━━━━
      ┣ 
      ┣ Accept：                    application/json, text/plain, */*
      ┣ Connection：                keep-alive
      ┣ Host：                      localhost:5005
      ┣ User-Agent：                Mozilla/5.0 (Windows NT 10.0; Win64; x64) AppleWebKit/537.36 (KHTML, like Gecko) Chrome/131.0.0.0 Safari/537.36
      ┣ Accept-Encoding：           gzip, deflate, br, zstd
      ┣ Accept-Language：           zh-cn
      ┣ Authorization：             Bearer eyJhbGciOiJIUzI1NiIsInR5cCI6IkpXVCJ9.eyJVc2VySWQiOjEzMDAwMDAwMDAxMDEsIlRlbmFudElkIjoxMzAwMDAwMDAwMDAxLCJBY2NvdW50Ijoic3VwZXJhZG1pbiIsIlJlYWxOYW1lIjoi6LaF57qn566h55CG5ZGYIiwiQWNjb3VudFR5cGUiOjk5OSwiT3JnSWQiOjAsIk9yZ05hbWUiOm51bGwsIk9yZ1R5cGUiOm51bGwsImlhdCI6MTczNjc3MzYzMCwibmJmIjoxNzM2NzczNjMwLCJleHAiOjE3MzczNzg0MzAsImlzcyI6Imd1eGluLmxpbmsiLCJhdWQiOiJndXhpbi5saW5rIn0.7yghNabJaXKI2uA1Ntrw8zMcPGWCeTTjXE-UINFnf5o
      ┣ Origin：                    http://localhost:8888
      ┣ Referer：                   http://localhost:8888/
      ┣ sec-ch-ua-platform：        "Windows"
      ┣ sec-ch-ua：                 "Google Chrome";v="131", "Chromium";v="131", "Not_A Brand";v="24"
      ┣ sec-ch-ua-mobile：          ?0
      ┣ DNT：                       1
      ┣ Sec-Fetch-Site：            same-site
      ┣ Sec-Fetch-Mode：            cors
      ┣ Sec-Fetch-Dest：            empty
      ┣ ━━━━━━━━━━━━━━━  参数列表 ━━━━━━━━━━━━━━━
      ┣ Content-Type：              
      ┣ 
      ┣ input (EnumInput)：         {"enumName":"AIModelOptionEnum"}
      ┣ ━━━━━━━━━━━━━━━  返回信息 ━━━━━━━━━━━━━━━
      ┣ HTTP响应状态码：            200
      ┣ 原始类型：                  System.Collections.Generic.List<Admin.NET.Core.EnumEntity>
      ┣ 最终类型：                  Admin.NET.Core.AdminResult<System.Object>
      ┣ 最终返回值：                {"code":200,"type":"success","message":"","result":[{"describe":"文本","name":"Text","value":0},{"describe":"数字","name":"Num","value":1},{"describe":"单选","name":"Radio","value":2},{"describe":"多选","name":"CheckBox","value":3},{"describe":"true，false","name":"Switch","value":4}],"extras":null,"time":"2025-01-13T21:18:37.1368355+08:00"}
      ┗━━━━━━━━━━━  Logging Monitor ━━━━━━━━━━━
info: 2025-01-13 21:18:37.3072884 +08:00 星期一 L System.Logging.LoggingMonitor[0] #6 '00-cb365ea9cebaa3e8e5073c58496a42b2-96c74744a557ce2b-00'
      [Furion.Pure.dll] async Task LoggingMonitorAttribute.MonitorAsync(MethodInfo actionMethod, IDictionary<string, object> parameterValues, FilterContext context, dynamic next)
      ┏━━━━━━━━━━━  Logging Monitor ━━━━━━━━━━━
      ┣ Admin.NET.Application.ChatModelOptionsService.Page
      ┣ 
      ┣ 控制器名称：                           ChatModelOptionsService
      ┣ 操作名称：                             Page
      ┣ 显示名称：                             
      ┣ 路由信息：                             [area]: ; [controller]: chatModelOptions; [action]: page
      ┣ 请求方式：                             POST
      ┣ 请求地址：                             http://localhost:5005/api/chatModelOptions/page
      ┣ 来源地址：                             http://localhost:8888/
      ┣ 请求端源：                             client
      ┣ 浏览器标识：                           Mozilla/5.0 (Windows NT 10.0; Win64; x64) AppleWebKit/537.36 (KHTML, like Gecko) Chrome/131.0.0.0 Safari/537.36
      ┣ 客户端区域语言：                       zh-CN,zh;q=0.9
      ┣ 客户端 IP 地址：                       127.0.0.1
      ┣ 服务端 IP 地址：                       127.0.0.1
      ┣ 客户端连接 ID：                        00-cb365ea9cebaa3e8e5073c58496a42b2-96c74744a557ce2b-00
      ┣ 服务线程 ID：                          #6
      ┣ 执行耗时：                             113ms
      ┣ ━━━━━━━━━━━━━━━  Cookies ━━━━━━━━━━━━━━━
      ┣ 请求端：                               
      ┣ 响应端：                               
      ┣ ━━━━━━━━━━━━━━━  系统信息 ━━━━━━━━━━━━━━━
      ┣ 系统名称：                             Microsoft Windows 10.0.19045
      ┣ 系统架构：                             X64
      ┣ 基础框架：                             Furion.Pure v1.0.0.0
      ┣ .NET 架构：                            .NET 8.0.6
      ┣ ━━━━━━━━━━━━━━━  启动信息 ━━━━━━━━━━━━━━━
      ┣ 运行环境：                             Production
      ┣ 启动程序集：                           Admin.NET.Web.Entry
      ┣ 进程名称：                             Admin.NET.Web.Entry
      ┣ 托管程序：                             Kestrel
      ┣ ━━━━━━━━━━━━━━━  授权信息 ━━━━━━━━━━━━━━━
      ┣ JWT Token：                            Bearer eyJhbGciOiJIUzI1NiIsInR5cCI6IkpXVCJ9.eyJVc2VySWQiOjEzMDAwMDAwMDAxMDEsIlRlbmFudElkIjoxMzAwMDAwMDAwMDAxLCJBY2NvdW50Ijoic3VwZXJhZG1pbiIsIlJlYWxOYW1lIjoi6LaF57qn566h55CG5ZGYIiwiQWNjb3VudFR5cGUiOjk5OSwiT3JnSWQiOjAsIk9yZ05hbWUiOm51bGwsIk9yZ1R5cGUiOm51bGwsImlhdCI6MTczNjc3MzYzMCwibmJmIjoxNzM2NzczNjMwLCJleHAiOjE3MzczNzg0MzAsImlzcyI6Imd1eGluLmxpbmsiLCJhdWQiOiJndXhpbi5saW5rIn0.7yghNabJaXKI2uA1Ntrw8zMcPGWCeTTjXE-UINFnf5o
      ┣ 
      ┣ UserId (integer64)：                   1300000000101
      ┣ TenantId (integer64)：                 1300000000001
      ┣ Account (string)：                     superadmin
      ┣ RealName (string)：                    超级管理员
      ┣ AccountType (integer32)：              999
      ┣ OrgId (integer32)：                    0
      ┣ OrgName (JSON_NULL)：                  
      ┣ OrgType (JSON_NULL)：                  
      ┣ iat (integer64)：                      1736773630 (2025-01-13 21:07:10:0000(+08:00) 星期一 L)
      ┣ nbf (integer64)：                      1736773630 (2025-01-13 21:07:10:0000(+08:00) 星期一 L)
      ┣ exp (integer64)：                      1737378430 (2025-01-20 21:07:10:0000(+08:00) 星期一 L)
      ┣ iss (string)：                         guxin.link
      ┣ aud (string)：                         guxin.link
      ┣ ━━━━━━━━━━━━━━━  请求头信息 ━━━━━━━━━━━━━━━
      ┣ 
      ┣ Accept：                               application/json, text/plain, */*
      ┣ Connection：                           keep-alive
      ┣ Host：                                 localhost:5005
      ┣ User-Agent：                           Mozilla/5.0 (Windows NT 10.0; Win64; x64) AppleWebKit/537.36 (KHTML, like Gecko) Chrome/131.0.0.0 Safari/537.36
      ┣ Accept-Encoding：                      gzip, deflate, br, zstd
      ┣ Accept-Language：                      zh-CN,zh;q=0.9
      ┣ Authorization：                        Bearer eyJhbGciOiJIUzI1NiIsInR5cCI6IkpXVCJ9.eyJVc2VySWQiOjEzMDAwMDAwMDAxMDEsIlRlbmFudElkIjoxMzAwMDAwMDAwMDAxLCJBY2NvdW50Ijoic3VwZXJhZG1pbiIsIlJlYWxOYW1lIjoi6LaF57qn566h55CG5ZGYIiwiQWNjb3VudFR5cGUiOjk5OSwiT3JnSWQiOjAsIk9yZ05hbWUiOm51bGwsIk9yZ1R5cGUiOm51bGwsImlhdCI6MTczNjc3MzYzMCwibmJmIjoxNzM2NzczNjMwLCJleHAiOjE3MzczNzg0MzAsImlzcyI6Imd1eGluLmxpbmsiLCJhdWQiOiJndXhpbi5saW5rIn0.7yghNabJaXKI2uA1Ntrw8zMcPGWCeTTjXE-UINFnf5o
      ┣ Content-Type：                         application/json
      ┣ Origin：                               http://localhost:8888
      ┣ Referer：                              http://localhost:8888/
      ┣ Content-Length：                       34
      ┣ sec-ch-ua-platform：                   "Windows"
      ┣ sec-ch-ua：                            "Google Chrome";v="131", "Chromium";v="131", "Not_A Brand";v="24"
      ┣ sec-ch-ua-mobile：                     ?0
      ┣ DNT：                                  1
      ┣ Sec-Fetch-Site：                       same-site
      ┣ Sec-Fetch-Mode：                       cors
      ┣ Sec-Fetch-Dest：                       empty
      ┣ ━━━━━━━━━━━━━━━  参数列表 ━━━━━━━━━━━━━━━
      ┣ Content-Type：                         application/json
      ┣ 
      ┣ input (ChatModelOptionsInput)：        {"searchKey":null,"modelId":null,"name":null,"optionType":null,"field":null,"page":1,"pageSize":10,"order":null,"descStr":"descending"}
      ┣ ━━━━━━━━━━━━━━━  返回信息 ━━━━━━━━━━━━━━━
      ┣ HTTP响应状态码：                       200
      ┣ 原始类型：                             System.Threading.Tasks.Task<Admin.NET.Core.SqlSugarPagedList<Admin.NET.Application.ChatModelOptionsOutput>>
      ┣ 最终类型：                             Admin.NET.Core.AdminResult<System.Object>
      ┣ 最终返回值：                           {"code":200,"type":"success","message":"","result":{"page":1,"pageSize":10,"total":0,"totalPages":0,"items":[],"hasPrevPage":false,"hasNextPage":false},"extras":null,"time":"2025-01-13T21:18:37.3062428+08:00"}
      ┗━━━━━━━━━━━  Logging Monitor ━━━━━━━━━━━
info: 2025-01-13 21:18:37.3678891 +08:00 星期一 L System.Logging.LoggingMonitor[0] #25 '00-193ea37e0155f38c24318e86559df512-474a4443f2dfb5af-00'
      [Furion.Pure.dll] async Task LoggingMonitorAttribute.MonitorAsync(MethodInfo actionMethod, IDictionary<string, object> parameterValues, FilterContext context, dynamic next)
      ┏━━━━━━━━━━━  Logging Monitor ━━━━━━━━━━━
      ┣ Admin.NET.Core.Service.SysEnumService.GetEnumDataList
      ┣ 
      ┣ 控制器名称：                SysEnumService
      ┣ 操作名称：                  GetEnumDataList
      ┣ 显示名称：                  通过枚举类型获取枚举值集合
      ┣ 路由信息：                  [area]: ; [controller]: sysEnum; [action]: enumDataList
      ┣ 请求方式：                  GET
      ┣ 请求地址：                  http://localhost:5005/api/sysEnum/enumDataList?EnumName=AIModelOptionEnum
      ┣ 来源地址：                  http://localhost:8888/
      ┣ 请求端源：                  client
      ┣ 浏览器标识：                Mozilla/5.0 (Windows NT 10.0; Win64; x64) AppleWebKit/537.36 (KHTML, like Gecko) Chrome/131.0.0.0 Safari/537.36
      ┣ 客户端区域语言：            zh-cn
      ┣ 客户端 IP 地址：            127.0.0.1
      ┣ 服务端 IP 地址：            127.0.0.1
      ┣ 客户端连接 ID：             00-193ea37e0155f38c24318e86559df512-474a4443f2dfb5af-00
      ┣ 服务线程 ID：               #25
      ┣ 执行耗时：                  0ms
      ┣ ━━━━━━━━━━━━━━━  Cookies ━━━━━━━━━━━━━━━
      ┣ 请求端：                    
      ┣ 响应端：                    
      ┣ ━━━━━━━━━━━━━━━  系统信息 ━━━━━━━━━━━━━━━
      ┣ 系统名称：                  Microsoft Windows 10.0.19045
      ┣ 系统架构：                  X64
      ┣ 基础框架：                  Furion.Pure v1.0.0.0
      ┣ .NET 架构：                 .NET 8.0.6
      ┣ ━━━━━━━━━━━━━━━  启动信息 ━━━━━━━━━━━━━━━
      ┣ 运行环境：                  Production
      ┣ 启动程序集：                Admin.NET.Web.Entry
      ┣ 进程名称：                  Admin.NET.Web.Entry
      ┣ 托管程序：                  Kestrel
      ┣ ━━━━━━━━━━━━━━━  请求头信息 ━━━━━━━━━━━━━━━
      ┣ 
      ┣ Accept：                    application/json, text/plain, */*
      ┣ Connection：                keep-alive
      ┣ Host：                      localhost:5005
      ┣ User-Agent：                Mozilla/5.0 (Windows NT 10.0; Win64; x64) AppleWebKit/537.36 (KHTML, like Gecko) Chrome/131.0.0.0 Safari/537.36
      ┣ Accept-Encoding：           gzip, deflate, br, zstd
      ┣ Accept-Language：           zh-cn
      ┣ Authorization：             Bearer eyJhbGciOiJIUzI1NiIsInR5cCI6IkpXVCJ9.eyJVc2VySWQiOjEzMDAwMDAwMDAxMDEsIlRlbmFudElkIjoxMzAwMDAwMDAwMDAxLCJBY2NvdW50Ijoic3VwZXJhZG1pbiIsIlJlYWxOYW1lIjoi6LaF57qn566h55CG5ZGYIiwiQWNjb3VudFR5cGUiOjk5OSwiT3JnSWQiOjAsIk9yZ05hbWUiOm51bGwsIk9yZ1R5cGUiOm51bGwsImlhdCI6MTczNjc3MzYzMCwibmJmIjoxNzM2NzczNjMwLCJleHAiOjE3MzczNzg0MzAsImlzcyI6Imd1eGluLmxpbmsiLCJhdWQiOiJndXhpbi5saW5rIn0.7yghNabJaXKI2uA1Ntrw8zMcPGWCeTTjXE-UINFnf5o
      ┣ Origin：                    http://localhost:8888
      ┣ Referer：                   http://localhost:8888/
      ┣ sec-ch-ua-platform：        "Windows"
      ┣ sec-ch-ua：                 "Google Chrome";v="131", "Chromium";v="131", "Not_A Brand";v="24"
      ┣ sec-ch-ua-mobile：          ?0
      ┣ DNT：                       1
      ┣ Sec-Fetch-Site：            same-site
      ┣ Sec-Fetch-Mode：            cors
      ┣ Sec-Fetch-Dest：            empty
      ┣ ━━━━━━━━━━━━━━━  参数列表 ━━━━━━━━━━━━━━━
      ┣ Content-Type：              
      ┣ 
      ┣ input (EnumInput)：         {"enumName":"AIModelOptionEnum"}
      ┣ ━━━━━━━━━━━━━━━  返回信息 ━━━━━━━━━━━━━━━
      ┣ HTTP响应状态码：            200
      ┣ 原始类型：                  System.Collections.Generic.List<Admin.NET.Core.EnumEntity>
      ┣ 最终类型：                  Admin.NET.Core.AdminResult<System.Object>
      ┣ 最终返回值：                {"code":200,"type":"success","message":"","result":[{"describe":"文本","name":"Text","value":0},{"describe":"数字","name":"Num","value":1},{"describe":"单选","name":"Radio","value":2},{"describe":"多选","name":"CheckBox","value":3},{"describe":"true，false","name":"Switch","value":4}],"extras":null,"time":"2025-01-13T21:18:37.3668843+08:00"}
      ┗━━━━━━━━━━━  Logging Monitor ━━━━━━━━━━━
info: 2025-01-13 21:21:23.7960969 +08:00 星期一 L System.Logging.LoggingMonitor[0] #24 '00-250ab65929b1f5c8e90fbb28c5412cae-c7611c70a31b4990-00'
      [Furion.Pure.dll] async Task LoggingMonitorAttribute.MonitorAsync(MethodInfo actionMethod, IDictionary<string, object> parameterValues, FilterContext context, dynamic next)
      ┏━━━━━━━━━━━  Logging Monitor ━━━━━━━━━━━
      ┣ Admin.NET.Core.Service.SysEnumService.GetEnumDataList
      ┣ 
      ┣ 控制器名称：                SysEnumService
      ┣ 操作名称：                  GetEnumDataList
      ┣ 显示名称：                  通过枚举类型获取枚举值集合
      ┣ 路由信息：                  [area]: ; [controller]: sysEnum; [action]: enumDataList
      ┣ 请求方式：                  GET
      ┣ 请求地址：                  http://localhost:5005/api/sysEnum/enumDataList?EnumName=AIModelOptionEnum
      ┣ 来源地址：                  http://localhost:8888/
      ┣ 请求端源：                  client
      ┣ 浏览器标识：                Mozilla/5.0 (Windows NT 10.0; Win64; x64) AppleWebKit/537.36 (KHTML, like Gecko) Chrome/131.0.0.0 Safari/537.36
      ┣ 客户端区域语言：            zh-cn
      ┣ 客户端 IP 地址：            127.0.0.1
      ┣ 服务端 IP 地址：            127.0.0.1
      ┣ 客户端连接 ID：             00-250ab65929b1f5c8e90fbb28c5412cae-c7611c70a31b4990-00
      ┣ 服务线程 ID：               #24
      ┣ 执行耗时：                  0ms
      ┣ ━━━━━━━━━━━━━━━  Cookies ━━━━━━━━━━━━━━━
      ┣ 请求端：                    
      ┣ 响应端：                    
      ┣ ━━━━━━━━━━━━━━━  系统信息 ━━━━━━━━━━━━━━━
      ┣ 系统名称：                  Microsoft Windows 10.0.19045
      ┣ 系统架构：                  X64
      ┣ 基础框架：                  Furion.Pure v1.0.0.0
      ┣ .NET 架构：                 .NET 8.0.6
      ┣ ━━━━━━━━━━━━━━━  启动信息 ━━━━━━━━━━━━━━━
      ┣ 运行环境：                  Production
      ┣ 启动程序集：                Admin.NET.Web.Entry
      ┣ 进程名称：                  Admin.NET.Web.Entry
      ┣ 托管程序：                  Kestrel
      ┣ ━━━━━━━━━━━━━━━  请求头信息 ━━━━━━━━━━━━━━━
      ┣ 
      ┣ Accept：                    application/json, text/plain, */*
      ┣ Connection：                keep-alive
      ┣ Host：                      localhost:5005
      ┣ User-Agent：                Mozilla/5.0 (Windows NT 10.0; Win64; x64) AppleWebKit/537.36 (KHTML, like Gecko) Chrome/131.0.0.0 Safari/537.36
      ┣ Accept-Encoding：           gzip, deflate, br, zstd
      ┣ Accept-Language：           zh-cn
      ┣ Authorization：             Bearer eyJhbGciOiJIUzI1NiIsInR5cCI6IkpXVCJ9.eyJVc2VySWQiOjEzMDAwMDAwMDAxMDEsIlRlbmFudElkIjoxMzAwMDAwMDAwMDAxLCJBY2NvdW50Ijoic3VwZXJhZG1pbiIsIlJlYWxOYW1lIjoi6LaF57qn566h55CG5ZGYIiwiQWNjb3VudFR5cGUiOjk5OSwiT3JnSWQiOjAsIk9yZ05hbWUiOm51bGwsIk9yZ1R5cGUiOm51bGwsImlhdCI6MTczNjc3MzYzMCwibmJmIjoxNzM2NzczNjMwLCJleHAiOjE3MzczNzg0MzAsImlzcyI6Imd1eGluLmxpbmsiLCJhdWQiOiJndXhpbi5saW5rIn0.7yghNabJaXKI2uA1Ntrw8zMcPGWCeTTjXE-UINFnf5o
      ┣ Origin：                    http://localhost:8888
      ┣ Referer：                   http://localhost:8888/
      ┣ sec-ch-ua-platform：        "Windows"
      ┣ sec-ch-ua：                 "Google Chrome";v="131", "Chromium";v="131", "Not_A Brand";v="24"
      ┣ sec-ch-ua-mobile：          ?0
      ┣ DNT：                       1
      ┣ Sec-Fetch-Site：            same-site
      ┣ Sec-Fetch-Mode：            cors
      ┣ Sec-Fetch-Dest：            empty
      ┣ ━━━━━━━━━━━━━━━  参数列表 ━━━━━━━━━━━━━━━
      ┣ Content-Type：              
      ┣ 
      ┣ input (EnumInput)：         {"enumName":"AIModelOptionEnum"}
      ┣ ━━━━━━━━━━━━━━━  返回信息 ━━━━━━━━━━━━━━━
      ┣ HTTP响应状态码：            200
      ┣ 原始类型：                  System.Collections.Generic.List<Admin.NET.Core.EnumEntity>
      ┣ 最终类型：                  Admin.NET.Core.AdminResult<System.Object>
      ┣ 最终返回值：                {"code":200,"type":"success","message":"","result":[{"describe":"文本","name":"Text","value":0},{"describe":"数字","name":"Num","value":1},{"describe":"单选","name":"Radio","value":2},{"describe":"多选","name":"CheckBox","value":3},{"describe":"true，false","name":"Switch","value":4}],"extras":null,"time":"2025-01-13T21:21:23.795268+08:00"}
      ┗━━━━━━━━━━━  Logging Monitor ━━━━━━━━━━━
info: 2025-01-13 21:21:23.8123592 +08:00 星期一 L System.Logging.LoggingMonitor[0] #22 '00-5122a9b0e8d0af0f53aa7a5a7428f0a0-dcc720ec689e4853-00'
      [Furion.Pure.dll] async Task LoggingMonitorAttribute.MonitorAsync(MethodInfo actionMethod, IDictionary<string, object> parameterValues, FilterContext context, dynamic next)
      ┏━━━━━━━━━━━  Logging Monitor ━━━━━━━━━━━
      ┣ Admin.NET.Core.Service.SysEnumService.GetEnumDataList
      ┣ 
      ┣ 控制器名称：                SysEnumService
      ┣ 操作名称：                  GetEnumDataList
      ┣ 显示名称：                  通过枚举类型获取枚举值集合
      ┣ 路由信息：                  [area]: ; [controller]: sysEnum; [action]: enumDataList
      ┣ 请求方式：                  GET
      ┣ 请求地址：                  http://localhost:5005/api/sysEnum/enumDataList?EnumName=AIModelOptionEnum
      ┣ 来源地址：                  http://localhost:8888/
      ┣ 请求端源：                  client
      ┣ 浏览器标识：                Mozilla/5.0 (Windows NT 10.0; Win64; x64) AppleWebKit/537.36 (KHTML, like Gecko) Chrome/131.0.0.0 Safari/537.36
      ┣ 客户端区域语言：            zh-cn
      ┣ 客户端 IP 地址：            127.0.0.1
      ┣ 服务端 IP 地址：            127.0.0.1
      ┣ 客户端连接 ID：             00-5122a9b0e8d0af0f53aa7a5a7428f0a0-dcc720ec689e4853-00
      ┣ 服务线程 ID：               #22
      ┣ 执行耗时：                  0ms
      ┣ ━━━━━━━━━━━━━━━  Cookies ━━━━━━━━━━━━━━━
      ┣ 请求端：                    
      ┣ 响应端：                    
      ┣ ━━━━━━━━━━━━━━━  系统信息 ━━━━━━━━━━━━━━━
      ┣ 系统名称：                  Microsoft Windows 10.0.19045
      ┣ 系统架构：                  X64
      ┣ 基础框架：                  Furion.Pure v1.0.0.0
      ┣ .NET 架构：                 .NET 8.0.6
      ┣ ━━━━━━━━━━━━━━━  启动信息 ━━━━━━━━━━━━━━━
      ┣ 运行环境：                  Production
      ┣ 启动程序集：                Admin.NET.Web.Entry
      ┣ 进程名称：                  Admin.NET.Web.Entry
      ┣ 托管程序：                  Kestrel
      ┣ ━━━━━━━━━━━━━━━  请求头信息 ━━━━━━━━━━━━━━━
      ┣ 
      ┣ Accept：                    application/json, text/plain, */*
      ┣ Connection：                keep-alive
      ┣ Host：                      localhost:5005
      ┣ User-Agent：                Mozilla/5.0 (Windows NT 10.0; Win64; x64) AppleWebKit/537.36 (KHTML, like Gecko) Chrome/131.0.0.0 Safari/537.36
      ┣ Accept-Encoding：           gzip, deflate, br, zstd
      ┣ Accept-Language：           zh-cn
      ┣ Authorization：             Bearer eyJhbGciOiJIUzI1NiIsInR5cCI6IkpXVCJ9.eyJVc2VySWQiOjEzMDAwMDAwMDAxMDEsIlRlbmFudElkIjoxMzAwMDAwMDAwMDAxLCJBY2NvdW50Ijoic3VwZXJhZG1pbiIsIlJlYWxOYW1lIjoi6LaF57qn566h55CG5ZGYIiwiQWNjb3VudFR5cGUiOjk5OSwiT3JnSWQiOjAsIk9yZ05hbWUiOm51bGwsIk9yZ1R5cGUiOm51bGwsImlhdCI6MTczNjc3MzYzMCwibmJmIjoxNzM2NzczNjMwLCJleHAiOjE3MzczNzg0MzAsImlzcyI6Imd1eGluLmxpbmsiLCJhdWQiOiJndXhpbi5saW5rIn0.7yghNabJaXKI2uA1Ntrw8zMcPGWCeTTjXE-UINFnf5o
      ┣ Origin：                    http://localhost:8888
      ┣ Referer：                   http://localhost:8888/
      ┣ sec-ch-ua-platform：        "Windows"
      ┣ sec-ch-ua：                 "Google Chrome";v="131", "Chromium";v="131", "Not_A Brand";v="24"
      ┣ sec-ch-ua-mobile：          ?0
      ┣ DNT：                       1
      ┣ Sec-Fetch-Site：            same-site
      ┣ Sec-Fetch-Mode：            cors
      ┣ Sec-Fetch-Dest：            empty
      ┣ ━━━━━━━━━━━━━━━  参数列表 ━━━━━━━━━━━━━━━
      ┣ Content-Type：              
      ┣ 
      ┣ input (EnumInput)：         {"enumName":"AIModelOptionEnum"}
      ┣ ━━━━━━━━━━━━━━━  返回信息 ━━━━━━━━━━━━━━━
      ┣ HTTP响应状态码：            200
      ┣ 原始类型：                  System.Collections.Generic.List<Admin.NET.Core.EnumEntity>
      ┣ 最终类型：                  Admin.NET.Core.AdminResult<System.Object>
      ┣ 最终返回值：                {"code":200,"type":"success","message":"","result":[{"describe":"文本","name":"Text","value":0},{"describe":"数字","name":"Num","value":1},{"describe":"单选","name":"Radio","value":2},{"describe":"多选","name":"CheckBox","value":3},{"describe":"true，false","name":"Switch","value":4}],"extras":null,"time":"2025-01-13T21:21:23.8115315+08:00"}
      ┗━━━━━━━━━━━  Logging Monitor ━━━━━━━━━━━
info: 2025-01-13 21:21:23.9897215 +08:00 星期一 L System.Logging.LoggingMonitor[0] #4 '00-015883eca6541b3f9ab4d8a6c900c735-4748b36b03012673-00'
      [Furion.Pure.dll] async Task LoggingMonitorAttribute.MonitorAsync(MethodInfo actionMethod, IDictionary<string, object> parameterValues, FilterContext context, dynamic next)
      ┏━━━━━━━━━━━  Logging Monitor ━━━━━━━━━━━
      ┣ Admin.NET.Application.ChatModelOptionsService.ModelDropdown
      ┣ 
      ┣ 控制器名称：                     ChatModelOptionsService
      ┣ 操作名称：                       ModelDropdown
      ┣ 显示名称：                       
      ┣ 路由信息：                       [area]: ; [controller]: chatModelOptions; [action]: modelDropdown
      ┣ 请求方式：                       GET
      ┣ 请求地址：                       http://localhost:5005/api/chatModelOptions/modelDropdown
      ┣ 来源地址：                       http://localhost:8888/
      ┣ 请求端源：                       client
      ┣ 浏览器标识：                     Mozilla/5.0 (Windows NT 10.0; Win64; x64) AppleWebKit/537.36 (KHTML, like Gecko) Chrome/131.0.0.0 Safari/537.36
      ┣ 客户端区域语言：                 zh-CN,zh;q=0.9
      ┣ 客户端 IP 地址：                 127.0.0.1
      ┣ 服务端 IP 地址：                 127.0.0.1
      ┣ 客户端连接 ID：                  00-015883eca6541b3f9ab4d8a6c900c735-4748b36b03012673-00
      ┣ 服务线程 ID：                    #22
      ┣ 执行耗时：                       73ms
      ┣ ━━━━━━━━━━━━━━━  Cookies ━━━━━━━━━━━━━━━
      ┣ 请求端：                         
      ┣ 响应端：                         
      ┣ ━━━━━━━━━━━━━━━  系统信息 ━━━━━━━━━━━━━━━
      ┣ 系统名称：                       Microsoft Windows 10.0.19045
      ┣ 系统架构：                       X64
      ┣ 基础框架：                       Furion.Pure v1.0.0.0
      ┣ .NET 架构：                      .NET 8.0.6
      ┣ ━━━━━━━━━━━━━━━  启动信息 ━━━━━━━━━━━━━━━
      ┣ 运行环境：                       Production
      ┣ 启动程序集：                     Admin.NET.Web.Entry
      ┣ 进程名称：                       Admin.NET.Web.Entry
      ┣ 托管程序：                       Kestrel
      ┣ ━━━━━━━━━━━━━━━  授权信息 ━━━━━━━━━━━━━━━
      ┣ JWT Token：                      Bearer eyJhbGciOiJIUzI1NiIsInR5cCI6IkpXVCJ9.eyJVc2VySWQiOjEzMDAwMDAwMDAxMDEsIlRlbmFudElkIjoxMzAwMDAwMDAwMDAxLCJBY2NvdW50Ijoic3VwZXJhZG1pbiIsIlJlYWxOYW1lIjoi6LaF57qn566h55CG5ZGYIiwiQWNjb3VudFR5cGUiOjk5OSwiT3JnSWQiOjAsIk9yZ05hbWUiOm51bGwsIk9yZ1R5cGUiOm51bGwsImlhdCI6MTczNjc3MzYzMCwibmJmIjoxNzM2NzczNjMwLCJleHAiOjE3MzczNzg0MzAsImlzcyI6Imd1eGluLmxpbmsiLCJhdWQiOiJndXhpbi5saW5rIn0.7yghNabJaXKI2uA1Ntrw8zMcPGWCeTTjXE-UINFnf5o
      ┣ 
      ┣ UserId (integer64)：             1300000000101
      ┣ TenantId (integer64)：           1300000000001
      ┣ Account (string)：               superadmin
      ┣ RealName (string)：              超级管理员
      ┣ AccountType (integer32)：        999
      ┣ OrgId (integer32)：              0
      ┣ OrgName (JSON_NULL)：            
      ┣ OrgType (JSON_NULL)：            
      ┣ iat (integer64)：                1736773630 (2025-01-13 21:07:10:0000(+08:00) 星期一 L)
      ┣ nbf (integer64)：                1736773630 (2025-01-13 21:07:10:0000(+08:00) 星期一 L)
      ┣ exp (integer64)：                1737378430 (2025-01-20 21:07:10:0000(+08:00) 星期一 L)
      ┣ iss (string)：                   guxin.link
      ┣ aud (string)：                   guxin.link
      ┣ ━━━━━━━━━━━━━━━  请求头信息 ━━━━━━━━━━━━━━━
      ┣ 
      ┣ Accept：                         application/json, text/plain, */*
      ┣ Connection：                     keep-alive
      ┣ Host：                           localhost:5005
      ┣ User-Agent：                     Mozilla/5.0 (Windows NT 10.0; Win64; x64) AppleWebKit/537.36 (KHTML, like Gecko) Chrome/131.0.0.0 Safari/537.36
      ┣ Accept-Encoding：                gzip, deflate, br, zstd
      ┣ Accept-Language：                zh-CN,zh;q=0.9
      ┣ Authorization：                  Bearer eyJhbGciOiJIUzI1NiIsInR5cCI6IkpXVCJ9.eyJVc2VySWQiOjEzMDAwMDAwMDAxMDEsIlRlbmFudElkIjoxMzAwMDAwMDAwMDAxLCJBY2NvdW50Ijoic3VwZXJhZG1pbiIsIlJlYWxOYW1lIjoi6LaF57qn566h55CG5ZGYIiwiQWNjb3VudFR5cGUiOjk5OSwiT3JnSWQiOjAsIk9yZ05hbWUiOm51bGwsIk9yZ1R5cGUiOm51bGwsImlhdCI6MTczNjc3MzYzMCwibmJmIjoxNzM2NzczNjMwLCJleHAiOjE3MzczNzg0MzAsImlzcyI6Imd1eGluLmxpbmsiLCJhdWQiOiJndXhpbi5saW5rIn0.7yghNabJaXKI2uA1Ntrw8zMcPGWCeTTjXE-UINFnf5o
      ┣ Origin：                         http://localhost:8888
      ┣ Referer：                        http://localhost:8888/
      ┣ sec-ch-ua-platform：             "Windows"
      ┣ sec-ch-ua：                      "Google Chrome";v="131", "Chromium";v="131", "Not_A Brand";v="24"
      ┣ DNT：                            1
      ┣ sec-ch-ua-mobile：               ?0
      ┣ Sec-Fetch-Site：                 same-site
      ┣ Sec-Fetch-Mode：                 cors
      ┣ Sec-Fetch-Dest：                 empty
      ┣ ━━━━━━━━━━━━━━━  返回信息 ━━━━━━━━━━━━━━━
      ┣ HTTP响应状态码：                 200
      ┣ 原始类型：                       System.Threading.Tasks.Task<System.Object>
      ┣ 最终类型：                       Admin.NET.Core.AdminResult<System.Object>
      ┣ 最终返回值：                     {"code":200,"type":"success","message":"","result":[{"label":"GPT-3.5","value":"gpt-3.5-turbo"},{"label":"GPT-3.5 16K","value":"3.5-turbo-16k"},{"label":"GPT-4","value":"gpt-4"},{"label":"GPT-4 Turbo","value":"pt-4-1106-preview"},{"label":"GPT-4V","value":"gpt-4-vision-preview"},{"label":"星火大模型V1.5","value":"讯飞星火:general"},{"label":"星火大模型V2.0","value":"讯飞星火:generalv2"},{"label":"星火大模型V3.0","value":"讯飞星火:generalv3"},{"label":"通义千问 Turbo","value":"灵积:qwen-turbo"},{"label":"通义千问 Plus","value":"灵积:q
      ┗━━━━━━━━━━━  Logging Monitor ━━━━━━━━━━━
info: 2025-01-13 21:21:24.1621007 +08:00 星期一 L System.Logging.LoggingMonitor[0] #4 '00-bc870d595927b56cf955e0e7910041be-5280b5896c71fd85-00'
      [Furion.Pure.dll] async Task LoggingMonitorAttribute.MonitorAsync(MethodInfo actionMethod, IDictionary<string, object> parameterValues, FilterContext context, dynamic next)
      ┏━━━━━━━━━━━  Logging Monitor ━━━━━━━━━━━
      ┣ Admin.NET.Application.ChatModelOptionsService.ModelDropdown
      ┣ 
      ┣ 控制器名称：                     ChatModelOptionsService
      ┣ 操作名称：                       ModelDropdown
      ┣ 显示名称：                       
      ┣ 路由信息：                       [area]: ; [controller]: chatModelOptions; [action]: modelDropdown
      ┣ 请求方式：                       GET
      ┣ 请求地址：                       http://localhost:5005/api/chatModelOptions/modelDropdown
      ┣ 来源地址：                       http://localhost:8888/
      ┣ 请求端源：                       client
      ┣ 浏览器标识：                     Mozilla/5.0 (Windows NT 10.0; Win64; x64) AppleWebKit/537.36 (KHTML, like Gecko) Chrome/131.0.0.0 Safari/537.36
      ┣ 客户端区域语言：                 zh-CN,zh;q=0.9
      ┣ 客户端 IP 地址：                 127.0.0.1
      ┣ 服务端 IP 地址：                 127.0.0.1
      ┣ 客户端连接 ID：                  00-bc870d595927b56cf955e0e7910041be-5280b5896c71fd85-00
      ┣ 服务线程 ID：                    #24
      ┣ 执行耗时：                       51ms
      ┣ ━━━━━━━━━━━━━━━  Cookies ━━━━━━━━━━━━━━━
      ┣ 请求端：                         
      ┣ 响应端：                         
      ┣ ━━━━━━━━━━━━━━━  系统信息 ━━━━━━━━━━━━━━━
      ┣ 系统名称：                       Microsoft Windows 10.0.19045
      ┣ 系统架构：                       X64
      ┣ 基础框架：                       Furion.Pure v1.0.0.0
      ┣ .NET 架构：                      .NET 8.0.6
      ┣ ━━━━━━━━━━━━━━━  启动信息 ━━━━━━━━━━━━━━━
      ┣ 运行环境：                       Production
      ┣ 启动程序集：                     Admin.NET.Web.Entry
      ┣ 进程名称：                       Admin.NET.Web.Entry
      ┣ 托管程序：                       Kestrel
      ┣ ━━━━━━━━━━━━━━━  授权信息 ━━━━━━━━━━━━━━━
      ┣ JWT Token：                      Bearer eyJhbGciOiJIUzI1NiIsInR5cCI6IkpXVCJ9.eyJVc2VySWQiOjEzMDAwMDAwMDAxMDEsIlRlbmFudElkIjoxMzAwMDAwMDAwMDAxLCJBY2NvdW50Ijoic3VwZXJhZG1pbiIsIlJlYWxOYW1lIjoi6LaF57qn566h55CG5ZGYIiwiQWNjb3VudFR5cGUiOjk5OSwiT3JnSWQiOjAsIk9yZ05hbWUiOm51bGwsIk9yZ1R5cGUiOm51bGwsImlhdCI6MTczNjc3MzYzMCwibmJmIjoxNzM2NzczNjMwLCJleHAiOjE3MzczNzg0MzAsImlzcyI6Imd1eGluLmxpbmsiLCJhdWQiOiJndXhpbi5saW5rIn0.7yghNabJaXKI2uA1Ntrw8zMcPGWCeTTjXE-UINFnf5o
      ┣ 
      ┣ UserId (integer64)：             1300000000101
      ┣ TenantId (integer64)：           1300000000001
      ┣ Account (string)：               superadmin
      ┣ RealName (string)：              超级管理员
      ┣ AccountType (integer32)：        999
      ┣ OrgId (integer32)：              0
      ┣ OrgName (JSON_NULL)：            
      ┣ OrgType (JSON_NULL)：            
      ┣ iat (integer64)：                1736773630 (2025-01-13 21:07:10:0000(+08:00) 星期一 L)
      ┣ nbf (integer64)：                1736773630 (2025-01-13 21:07:10:0000(+08:00) 星期一 L)
      ┣ exp (integer64)：                1737378430 (2025-01-20 21:07:10:0000(+08:00) 星期一 L)
      ┣ iss (string)：                   guxin.link
      ┣ aud (string)：                   guxin.link
      ┣ ━━━━━━━━━━━━━━━  请求头信息 ━━━━━━━━━━━━━━━
      ┣ 
      ┣ Accept：                         application/json, text/plain, */*
      ┣ Connection：                     keep-alive
      ┣ Host：                           localhost:5005
      ┣ User-Agent：                     Mozilla/5.0 (Windows NT 10.0; Win64; x64) AppleWebKit/537.36 (KHTML, like Gecko) Chrome/131.0.0.0 Safari/537.36
      ┣ Accept-Encoding：                gzip, deflate, br, zstd
      ┣ Accept-Language：                zh-CN,zh;q=0.9
      ┣ Authorization：                  Bearer eyJhbGciOiJIUzI1NiIsInR5cCI6IkpXVCJ9.eyJVc2VySWQiOjEzMDAwMDAwMDAxMDEsIlRlbmFudElkIjoxMzAwMDAwMDAwMDAxLCJBY2NvdW50Ijoic3VwZXJhZG1pbiIsIlJlYWxOYW1lIjoi6LaF57qn566h55CG5ZGYIiwiQWNjb3VudFR5cGUiOjk5OSwiT3JnSWQiOjAsIk9yZ05hbWUiOm51bGwsIk9yZ1R5cGUiOm51bGwsImlhdCI6MTczNjc3MzYzMCwibmJmIjoxNzM2NzczNjMwLCJleHAiOjE3MzczNzg0MzAsImlzcyI6Imd1eGluLmxpbmsiLCJhdWQiOiJndXhpbi5saW5rIn0.7yghNabJaXKI2uA1Ntrw8zMcPGWCeTTjXE-UINFnf5o
      ┣ Origin：                         http://localhost:8888
      ┣ Referer：                        http://localhost:8888/
      ┣ sec-ch-ua-platform：             "Windows"
      ┣ sec-ch-ua：                      "Google Chrome";v="131", "Chromium";v="131", "Not_A Brand";v="24"
      ┣ DNT：                            1
      ┣ sec-ch-ua-mobile：               ?0
      ┣ Sec-Fetch-Site：                 same-site
      ┣ Sec-Fetch-Mode：                 cors
      ┣ Sec-Fetch-Dest：                 empty
      ┣ ━━━━━━━━━━━━━━━  返回信息 ━━━━━━━━━━━━━━━
      ┣ HTTP响应状态码：                 200
      ┣ 原始类型：                       System.Threading.Tasks.Task<System.Object>
      ┣ 最终类型：                       Admin.NET.Core.AdminResult<System.Object>
      ┣ 最终返回值：                     {"code":200,"type":"success","message":"","result":[{"label":"GPT-3.5","value":"gpt-3.5-turbo"},{"label":"GPT-3.5 16K","value":"3.5-turbo-16k"},{"label":"GPT-4","value":"gpt-4"},{"label":"GPT-4 Turbo","value":"pt-4-1106-preview"},{"label":"GPT-4V","value":"gpt-4-vision-preview"},{"label":"星火大模型V1.5","value":"讯飞星火:general"},{"label":"星火大模型V2.0","value":"讯飞星火:generalv2"},{"label":"星火大模型V3.0","value":"讯飞星火:generalv3"},{"label":"通义千问 Turbo","value":"灵积:qwen-turbo"},{"label":"通义千问 Plus","value":"灵积:q
      ┗━━━━━━━━━━━  Logging Monitor ━━━━━━━━━━━
info: 2025-01-13 21:21:29.3575365 +08:00 星期一 L System.Logging.LoggingMonitor[0] #40 '00-da712cfa58b743c5ffc7cb8198a1691a-b2c07e555979eb9d-00'
      [Furion.Pure.dll] async Task LoggingMonitorAttribute.MonitorAsync(MethodInfo actionMethod, IDictionary<string, object> parameterValues, FilterContext context, dynamic next)
      ┏━━━━━━━━━━━  Logging Monitor ━━━━━━━━━━━
      ┣ Admin.NET.Core.Service.SysEnumService.GetEnumDataList
      ┣ 
      ┣ 控制器名称：                SysEnumService
      ┣ 操作名称：                  GetEnumDataList
      ┣ 显示名称：                  通过枚举类型获取枚举值集合
      ┣ 路由信息：                  [area]: ; [controller]: sysEnum; [action]: enumDataList
      ┣ 请求方式：                  GET
      ┣ 请求地址：                  http://localhost:5005/api/sysEnum/enumDataList?EnumName=AIModelOptionEnum
      ┣ 来源地址：                  http://localhost:8888/
      ┣ 请求端源：                  client
      ┣ 浏览器标识：                Mozilla/5.0 (Windows NT 10.0; Win64; x64) AppleWebKit/537.36 (KHTML, like Gecko) Chrome/131.0.0.0 Safari/537.36
      ┣ 客户端区域语言：            zh-cn
      ┣ 客户端 IP 地址：            127.0.0.1
      ┣ 服务端 IP 地址：            127.0.0.1
      ┣ 客户端连接 ID：             00-da712cfa58b743c5ffc7cb8198a1691a-b2c07e555979eb9d-00
      ┣ 服务线程 ID：               #40
      ┣ 执行耗时：                  0ms
      ┣ ━━━━━━━━━━━━━━━  Cookies ━━━━━━━━━━━━━━━
      ┣ 请求端：                    
      ┣ 响应端：                    
      ┣ ━━━━━━━━━━━━━━━  系统信息 ━━━━━━━━━━━━━━━
      ┣ 系统名称：                  Microsoft Windows 10.0.19045
      ┣ 系统架构：                  X64
      ┣ 基础框架：                  Furion.Pure v1.0.0.0
      ┣ .NET 架构：                 .NET 8.0.6
      ┣ ━━━━━━━━━━━━━━━  启动信息 ━━━━━━━━━━━━━━━
      ┣ 运行环境：                  Production
      ┣ 启动程序集：                Admin.NET.Web.Entry
      ┣ 进程名称：                  Admin.NET.Web.Entry
      ┣ 托管程序：                  Kestrel
      ┣ ━━━━━━━━━━━━━━━  请求头信息 ━━━━━━━━━━━━━━━
      ┣ 
      ┣ Accept：                    application/json, text/plain, */*
      ┣ Connection：                keep-alive
      ┣ Host：                      localhost:5005
      ┣ User-Agent：                Mozilla/5.0 (Windows NT 10.0; Win64; x64) AppleWebKit/537.36 (KHTML, like Gecko) Chrome/131.0.0.0 Safari/537.36
      ┣ Accept-Encoding：           gzip, deflate, br, zstd
      ┣ Accept-Language：           zh-cn
      ┣ Authorization：             Bearer eyJhbGciOiJIUzI1NiIsInR5cCI6IkpXVCJ9.eyJVc2VySWQiOjEzMDAwMDAwMDAxMDEsIlRlbmFudElkIjoxMzAwMDAwMDAwMDAxLCJBY2NvdW50Ijoic3VwZXJhZG1pbiIsIlJlYWxOYW1lIjoi6LaF57qn566h55CG5ZGYIiwiQWNjb3VudFR5cGUiOjk5OSwiT3JnSWQiOjAsIk9yZ05hbWUiOm51bGwsIk9yZ1R5cGUiOm51bGwsImlhdCI6MTczNjc3MzYzMCwibmJmIjoxNzM2NzczNjMwLCJleHAiOjE3MzczNzg0MzAsImlzcyI6Imd1eGluLmxpbmsiLCJhdWQiOiJndXhpbi5saW5rIn0.7yghNabJaXKI2uA1Ntrw8zMcPGWCeTTjXE-UINFnf5o
      ┣ Origin：                    http://localhost:8888
      ┣ Referer：                   http://localhost:8888/
      ┣ sec-ch-ua-platform：        "Windows"
      ┣ sec-ch-ua：                 "Google Chrome";v="131", "Chromium";v="131", "Not_A Brand";v="24"
      ┣ sec-ch-ua-mobile：          ?0
      ┣ DNT：                       1
      ┣ Sec-Fetch-Site：            same-site
      ┣ Sec-Fetch-Mode：            cors
      ┣ Sec-Fetch-Dest：            empty
      ┣ ━━━━━━━━━━━━━━━  参数列表 ━━━━━━━━━━━━━━━
      ┣ Content-Type：              
      ┣ 
      ┣ input (EnumInput)：         {"enumName":"AIModelOptionEnum"}
      ┣ ━━━━━━━━━━━━━━━  返回信息 ━━━━━━━━━━━━━━━
      ┣ HTTP响应状态码：            200
      ┣ 原始类型：                  System.Collections.Generic.List<Admin.NET.Core.EnumEntity>
      ┣ 最终类型：                  Admin.NET.Core.AdminResult<System.Object>
      ┣ 最终返回值：                {"code":200,"type":"success","message":"","result":[{"describe":"文本","name":"Text","value":0},{"describe":"数字","name":"Num","value":1},{"describe":"单选","name":"Radio","value":2},{"describe":"多选","name":"CheckBox","value":3},{"describe":"true，false","name":"Switch","value":4}],"extras":null,"time":"2025-01-13T21:21:29.3567547+08:00"}
      ┗━━━━━━━━━━━  Logging Monitor ━━━━━━━━━━━
info: 2025-01-13 21:21:29.3722565 +08:00 星期一 L System.Logging.LoggingMonitor[0] #24 '00-22a469aa25451563a60225f3b7af5dcf-d48b2f0e32ed48ed-00'
      [Furion.Pure.dll] async Task LoggingMonitorAttribute.MonitorAsync(MethodInfo actionMethod, IDictionary<string, object> parameterValues, FilterContext context, dynamic next)
      ┏━━━━━━━━━━━  Logging Monitor ━━━━━━━━━━━
      ┣ Admin.NET.Core.Service.SysEnumService.GetEnumDataList
      ┣ 
      ┣ 控制器名称：                SysEnumService
      ┣ 操作名称：                  GetEnumDataList
      ┣ 显示名称：                  通过枚举类型获取枚举值集合
      ┣ 路由信息：                  [area]: ; [controller]: sysEnum; [action]: enumDataList
      ┣ 请求方式：                  GET
      ┣ 请求地址：                  http://localhost:5005/api/sysEnum/enumDataList?EnumName=AIModelOptionEnum
      ┣ 来源地址：                  http://localhost:8888/
      ┣ 请求端源：                  client
      ┣ 浏览器标识：                Mozilla/5.0 (Windows NT 10.0; Win64; x64) AppleWebKit/537.36 (KHTML, like Gecko) Chrome/131.0.0.0 Safari/537.36
      ┣ 客户端区域语言：            zh-cn
      ┣ 客户端 IP 地址：            127.0.0.1
      ┣ 服务端 IP 地址：            127.0.0.1
      ┣ 客户端连接 ID：             00-22a469aa25451563a60225f3b7af5dcf-d48b2f0e32ed48ed-00
      ┣ 服务线程 ID：               #24
      ┣ 执行耗时：                  0ms
      ┣ ━━━━━━━━━━━━━━━  Cookies ━━━━━━━━━━━━━━━
      ┣ 请求端：                    
      ┣ 响应端：                    
      ┣ ━━━━━━━━━━━━━━━  系统信息 ━━━━━━━━━━━━━━━
      ┣ 系统名称：                  Microsoft Windows 10.0.19045
      ┣ 系统架构：                  X64
      ┣ 基础框架：                  Furion.Pure v1.0.0.0
      ┣ .NET 架构：                 .NET 8.0.6
      ┣ ━━━━━━━━━━━━━━━  启动信息 ━━━━━━━━━━━━━━━
      ┣ 运行环境：                  Production
      ┣ 启动程序集：                Admin.NET.Web.Entry
      ┣ 进程名称：                  Admin.NET.Web.Entry
      ┣ 托管程序：                  Kestrel
      ┣ ━━━━━━━━━━━━━━━  请求头信息 ━━━━━━━━━━━━━━━
      ┣ 
      ┣ Accept：                    application/json, text/plain, */*
      ┣ Connection：                keep-alive
      ┣ Host：                      localhost:5005
      ┣ User-Agent：                Mozilla/5.0 (Windows NT 10.0; Win64; x64) AppleWebKit/537.36 (KHTML, like Gecko) Chrome/131.0.0.0 Safari/537.36
      ┣ Accept-Encoding：           gzip, deflate, br, zstd
      ┣ Accept-Language：           zh-cn
      ┣ Authorization：             Bearer eyJhbGciOiJIUzI1NiIsInR5cCI6IkpXVCJ9.eyJVc2VySWQiOjEzMDAwMDAwMDAxMDEsIlRlbmFudElkIjoxMzAwMDAwMDAwMDAxLCJBY2NvdW50Ijoic3VwZXJhZG1pbiIsIlJlYWxOYW1lIjoi6LaF57qn566h55CG5ZGYIiwiQWNjb3VudFR5cGUiOjk5OSwiT3JnSWQiOjAsIk9yZ05hbWUiOm51bGwsIk9yZ1R5cGUiOm51bGwsImlhdCI6MTczNjc3MzYzMCwibmJmIjoxNzM2NzczNjMwLCJleHAiOjE3MzczNzg0MzAsImlzcyI6Imd1eGluLmxpbmsiLCJhdWQiOiJndXhpbi5saW5rIn0.7yghNabJaXKI2uA1Ntrw8zMcPGWCeTTjXE-UINFnf5o
      ┣ Origin：                    http://localhost:8888
      ┣ Referer：                   http://localhost:8888/
      ┣ sec-ch-ua-platform：        "Windows"
      ┣ sec-ch-ua：                 "Google Chrome";v="131", "Chromium";v="131", "Not_A Brand";v="24"
      ┣ sec-ch-ua-mobile：          ?0
      ┣ DNT：                       1
      ┣ Sec-Fetch-Site：            same-site
      ┣ Sec-Fetch-Mode：            cors
      ┣ Sec-Fetch-Dest：            empty
      ┣ ━━━━━━━━━━━━━━━  参数列表 ━━━━━━━━━━━━━━━
      ┣ Content-Type：              
      ┣ 
      ┣ input (EnumInput)：         {"enumName":"AIModelOptionEnum"}
      ┣ ━━━━━━━━━━━━━━━  返回信息 ━━━━━━━━━━━━━━━
      ┣ HTTP响应状态码：            200
      ┣ 原始类型：                  System.Collections.Generic.List<Admin.NET.Core.EnumEntity>
      ┣ 最终类型：                  Admin.NET.Core.AdminResult<System.Object>
      ┣ 最终返回值：                {"code":200,"type":"success","message":"","result":[{"describe":"文本","name":"Text","value":0},{"describe":"数字","name":"Num","value":1},{"describe":"单选","name":"Radio","value":2},{"describe":"多选","name":"CheckBox","value":3},{"describe":"true，false","name":"Switch","value":4}],"extras":null,"time":"2025-01-13T21:21:29.3715685+08:00"}
      ┗━━━━━━━━━━━  Logging Monitor ━━━━━━━━━━━
info: 2025-01-13 21:21:29.5547576 +08:00 星期一 L System.Logging.LoggingMonitor[0] #4 '00-dbb7b6d76fb5d947fb4854753ec10961-71ab7d0615ae31a0-00'
      [Furion.Pure.dll] async Task LoggingMonitorAttribute.MonitorAsync(MethodInfo actionMethod, IDictionary<string, object> parameterValues, FilterContext context, dynamic next)
      ┏━━━━━━━━━━━  Logging Monitor ━━━━━━━━━━━
      ┣ Admin.NET.Application.ChatModelOptionsService.Page
      ┣ 
      ┣ 控制器名称：                           ChatModelOptionsService
      ┣ 操作名称：                             Page
      ┣ 显示名称：                             
      ┣ 路由信息：                             [area]: ; [controller]: chatModelOptions; [action]: page
      ┣ 请求方式：                             POST
      ┣ 请求地址：                             http://localhost:5005/api/chatModelOptions/page
      ┣ 来源地址：                             http://localhost:8888/
      ┣ 请求端源：                             client
      ┣ 浏览器标识：                           Mozilla/5.0 (Windows NT 10.0; Win64; x64) AppleWebKit/537.36 (KHTML, like Gecko) Chrome/131.0.0.0 Safari/537.36
      ┣ 客户端区域语言：                       zh-CN,zh;q=0.9
      ┣ 客户端 IP 地址：                       127.0.0.1
      ┣ 服务端 IP 地址：                       127.0.0.1
      ┣ 客户端连接 ID：                        00-dbb7b6d76fb5d947fb4854753ec10961-71ab7d0615ae31a0-00
      ┣ 服务线程 ID：                          #22
      ┣ 执行耗时：                             116ms
      ┣ ━━━━━━━━━━━━━━━  Cookies ━━━━━━━━━━━━━━━
      ┣ 请求端：                               
      ┣ 响应端：                               
      ┣ ━━━━━━━━━━━━━━━  系统信息 ━━━━━━━━━━━━━━━
      ┣ 系统名称：                             Microsoft Windows 10.0.19045
      ┣ 系统架构：                             X64
      ┣ 基础框架：                             Furion.Pure v1.0.0.0
      ┣ .NET 架构：                            .NET 8.0.6
      ┣ ━━━━━━━━━━━━━━━  启动信息 ━━━━━━━━━━━━━━━
      ┣ 运行环境：                             Production
      ┣ 启动程序集：                           Admin.NET.Web.Entry
      ┣ 进程名称：                             Admin.NET.Web.Entry
      ┣ 托管程序：                             Kestrel
      ┣ ━━━━━━━━━━━━━━━  授权信息 ━━━━━━━━━━━━━━━
      ┣ JWT Token：                            Bearer eyJhbGciOiJIUzI1NiIsInR5cCI6IkpXVCJ9.eyJVc2VySWQiOjEzMDAwMDAwMDAxMDEsIlRlbmFudElkIjoxMzAwMDAwMDAwMDAxLCJBY2NvdW50Ijoic3VwZXJhZG1pbiIsIlJlYWxOYW1lIjoi6LaF57qn566h55CG5ZGYIiwiQWNjb3VudFR5cGUiOjk5OSwiT3JnSWQiOjAsIk9yZ05hbWUiOm51bGwsIk9yZ1R5cGUiOm51bGwsImlhdCI6MTczNjc3MzYzMCwibmJmIjoxNzM2NzczNjMwLCJleHAiOjE3MzczNzg0MzAsImlzcyI6Imd1eGluLmxpbmsiLCJhdWQiOiJndXhpbi5saW5rIn0.7yghNabJaXKI2uA1Ntrw8zMcPGWCeTTjXE-UINFnf5o
      ┣ 
      ┣ UserId (integer64)：                   1300000000101
      ┣ TenantId (integer64)：                 1300000000001
      ┣ Account (string)：                     superadmin
      ┣ RealName (string)：                    超级管理员
      ┣ AccountType (integer32)：              999
      ┣ OrgId (integer32)：                    0
      ┣ OrgName (JSON_NULL)：                  
      ┣ OrgType (JSON_NULL)：                  
      ┣ iat (integer64)：                      1736773630 (2025-01-13 21:07:10:0000(+08:00) 星期一 L)
      ┣ nbf (integer64)：                      1736773630 (2025-01-13 21:07:10:0000(+08:00) 星期一 L)
      ┣ exp (integer64)：                      1737378430 (2025-01-20 21:07:10:0000(+08:00) 星期一 L)
      ┣ iss (string)：                         guxin.link
      ┣ aud (string)：                         guxin.link
      ┣ ━━━━━━━━━━━━━━━  请求头信息 ━━━━━━━━━━━━━━━
      ┣ 
      ┣ Accept：                               application/json, text/plain, */*
      ┣ Connection：                           keep-alive
      ┣ Host：                                 localhost:5005
      ┣ User-Agent：                           Mozilla/5.0 (Windows NT 10.0; Win64; x64) AppleWebKit/537.36 (KHTML, like Gecko) Chrome/131.0.0.0 Safari/537.36
      ┣ Accept-Encoding：                      gzip, deflate, br, zstd
      ┣ Accept-Language：                      zh-CN,zh;q=0.9
      ┣ Authorization：                        Bearer eyJhbGciOiJIUzI1NiIsInR5cCI6IkpXVCJ9.eyJVc2VySWQiOjEzMDAwMDAwMDAxMDEsIlRlbmFudElkIjoxMzAwMDAwMDAwMDAxLCJBY2NvdW50Ijoic3VwZXJhZG1pbiIsIlJlYWxOYW1lIjoi6LaF57qn566h55CG5ZGYIiwiQWNjb3VudFR5cGUiOjk5OSwiT3JnSWQiOjAsIk9yZ05hbWUiOm51bGwsIk9yZ1R5cGUiOm51bGwsImlhdCI6MTczNjc3MzYzMCwibmJmIjoxNzM2NzczNjMwLCJleHAiOjE3MzczNzg0MzAsImlzcyI6Imd1eGluLmxpbmsiLCJhdWQiOiJndXhpbi5saW5rIn0.7yghNabJaXKI2uA1Ntrw8zMcPGWCeTTjXE-UINFnf5o
      ┣ Content-Type：                         application/json
      ┣ Origin：                               http://localhost:8888
      ┣ Referer：                              http://localhost:8888/
      ┣ Content-Length：                       34
      ┣ sec-ch-ua-platform：                   "Windows"
      ┣ sec-ch-ua：                            "Google Chrome";v="131", "Chromium";v="131", "Not_A Brand";v="24"
      ┣ sec-ch-ua-mobile：                     ?0
      ┣ DNT：                                  1
      ┣ Sec-Fetch-Site：                       same-site
      ┣ Sec-Fetch-Mode：                       cors
      ┣ Sec-Fetch-Dest：                       empty
      ┣ ━━━━━━━━━━━━━━━  参数列表 ━━━━━━━━━━━━━━━
      ┣ Content-Type：                         application/json
      ┣ 
      ┣ input (ChatModelOptionsInput)：        {"searchKey":null,"modelId":null,"name":null,"optionType":null,"field":null,"page":1,"pageSize":10,"order":null,"descStr":"descending"}
      ┣ ━━━━━━━━━━━━━━━  返回信息 ━━━━━━━━━━━━━━━
      ┣ HTTP响应状态码：                       200
      ┣ 原始类型：                             System.Threading.Tasks.Task<Admin.NET.Core.SqlSugarPagedList<Admin.NET.Application.ChatModelOptionsOutput>>
      ┣ 最终类型：                             Admin.NET.Core.AdminResult<System.Object>
      ┣ 最终返回值：                           {"code":200,"type":"success","message":"","result":{"page":1,"pageSize":10,"total":0,"totalPages":0,"items":[],"hasPrevPage":false,"hasNextPage":false},"extras":null,"time":"2025-01-13T21:21:29.5538741+08:00"}
      ┗━━━━━━━━━━━  Logging Monitor ━━━━━━━━━━━
info: 2025-01-13 21:21:29.5937636 +08:00 星期一 L System.Logging.LoggingMonitor[0] #4 '00-cc3266763b3bd3050a205c20e4501a32-9a89993c8a89c87e-00'
      [Furion.Pure.dll] async Task LoggingMonitorAttribute.MonitorAsync(MethodInfo actionMethod, IDictionary<string, object> parameterValues, FilterContext context, dynamic next)
      ┏━━━━━━━━━━━  Logging Monitor ━━━━━━━━━━━
      ┣ Admin.NET.Core.Service.SysEnumService.GetEnumDataList
      ┣ 
      ┣ 控制器名称：                SysEnumService
      ┣ 操作名称：                  GetEnumDataList
      ┣ 显示名称：                  通过枚举类型获取枚举值集合
      ┣ 路由信息：                  [area]: ; [controller]: sysEnum; [action]: enumDataList
      ┣ 请求方式：                  GET
      ┣ 请求地址：                  http://localhost:5005/api/sysEnum/enumDataList?EnumName=AIModelOptionEnum
      ┣ 来源地址：                  http://localhost:8888/
      ┣ 请求端源：                  client
      ┣ 浏览器标识：                Mozilla/5.0 (Windows NT 10.0; Win64; x64) AppleWebKit/537.36 (KHTML, like Gecko) Chrome/131.0.0.0 Safari/537.36
      ┣ 客户端区域语言：            zh-cn
      ┣ 客户端 IP 地址：            127.0.0.1
      ┣ 服务端 IP 地址：            127.0.0.1
      ┣ 客户端连接 ID：             00-cc3266763b3bd3050a205c20e4501a32-9a89993c8a89c87e-00
      ┣ 服务线程 ID：               #4
      ┣ 执行耗时：                  0ms
      ┣ ━━━━━━━━━━━━━━━  Cookies ━━━━━━━━━━━━━━━
      ┣ 请求端：                    
      ┣ 响应端：                    
      ┣ ━━━━━━━━━━━━━━━  系统信息 ━━━━━━━━━━━━━━━
      ┣ 系统名称：                  Microsoft Windows 10.0.19045
      ┣ 系统架构：                  X64
      ┣ 基础框架：                  Furion.Pure v1.0.0.0
      ┣ .NET 架构：                 .NET 8.0.6
      ┣ ━━━━━━━━━━━━━━━  启动信息 ━━━━━━━━━━━━━━━
      ┣ 运行环境：                  Production
      ┣ 启动程序集：                Admin.NET.Web.Entry
      ┣ 进程名称：                  Admin.NET.Web.Entry
      ┣ 托管程序：                  Kestrel
      ┣ ━━━━━━━━━━━━━━━  请求头信息 ━━━━━━━━━━━━━━━
      ┣ 
      ┣ Accept：                    application/json, text/plain, */*
      ┣ Connection：                keep-alive
      ┣ Host：                      localhost:5005
      ┣ User-Agent：                Mozilla/5.0 (Windows NT 10.0; Win64; x64) AppleWebKit/537.36 (KHTML, like Gecko) Chrome/131.0.0.0 Safari/537.36
      ┣ Accept-Encoding：           gzip, deflate, br, zstd
      ┣ Accept-Language：           zh-cn
      ┣ Authorization：             Bearer eyJhbGciOiJIUzI1NiIsInR5cCI6IkpXVCJ9.eyJVc2VySWQiOjEzMDAwMDAwMDAxMDEsIlRlbmFudElkIjoxMzAwMDAwMDAwMDAxLCJBY2NvdW50Ijoic3VwZXJhZG1pbiIsIlJlYWxOYW1lIjoi6LaF57qn566h55CG5ZGYIiwiQWNjb3VudFR5cGUiOjk5OSwiT3JnSWQiOjAsIk9yZ05hbWUiOm51bGwsIk9yZ1R5cGUiOm51bGwsImlhdCI6MTczNjc3MzYzMCwibmJmIjoxNzM2NzczNjMwLCJleHAiOjE3MzczNzg0MzAsImlzcyI6Imd1eGluLmxpbmsiLCJhdWQiOiJndXhpbi5saW5rIn0.7yghNabJaXKI2uA1Ntrw8zMcPGWCeTTjXE-UINFnf5o
      ┣ Origin：                    http://localhost:8888
      ┣ Referer：                   http://localhost:8888/
      ┣ sec-ch-ua-platform：        "Windows"
      ┣ sec-ch-ua：                 "Google Chrome";v="131", "Chromium";v="131", "Not_A Brand";v="24"
      ┣ sec-ch-ua-mobile：          ?0
      ┣ DNT：                       1
      ┣ Sec-Fetch-Site：            same-site
      ┣ Sec-Fetch-Mode：            cors
      ┣ Sec-Fetch-Dest：            empty
      ┣ ━━━━━━━━━━━━━━━  参数列表 ━━━━━━━━━━━━━━━
      ┣ Content-Type：              
      ┣ 
      ┣ input (EnumInput)：         {"enumName":"AIModelOptionEnum"}
      ┣ ━━━━━━━━━━━━━━━  返回信息 ━━━━━━━━━━━━━━━
      ┣ HTTP响应状态码：            200
      ┣ 原始类型：                  System.Collections.Generic.List<Admin.NET.Core.EnumEntity>
      ┣ 最终类型：                  Admin.NET.Core.AdminResult<System.Object>
      ┣ 最终返回值：                {"code":200,"type":"success","message":"","result":[{"describe":"文本","name":"Text","value":0},{"describe":"数字","name":"Num","value":1},{"describe":"单选","name":"Radio","value":2},{"describe":"多选","name":"CheckBox","value":3},{"describe":"true，false","name":"Switch","value":4}],"extras":null,"time":"2025-01-13T21:21:29.593029+08:00"}
      ┗━━━━━━━━━━━  Logging Monitor ━━━━━━━━━━━
info: 2025-01-13 21:21:29.6066035 +08:00 星期一 L System.Logging.LoggingMonitor[0] #4 '00-82bfbf7d6a6bd2dad5e68027d040ec30-be2659d4a5f33b6e-00'
      [Furion.Pure.dll] async Task LoggingMonitorAttribute.MonitorAsync(MethodInfo actionMethod, IDictionary<string, object> parameterValues, FilterContext context, dynamic next)
      ┏━━━━━━━━━━━  Logging Monitor ━━━━━━━━━━━
      ┣ Admin.NET.Core.Service.SysEnumService.GetEnumDataList
      ┣ 
      ┣ 控制器名称：                SysEnumService
      ┣ 操作名称：                  GetEnumDataList
      ┣ 显示名称：                  通过枚举类型获取枚举值集合
      ┣ 路由信息：                  [area]: ; [controller]: sysEnum; [action]: enumDataList
      ┣ 请求方式：                  GET
      ┣ 请求地址：                  http://localhost:5005/api/sysEnum/enumDataList?EnumName=AIModelOptionEnum
      ┣ 来源地址：                  http://localhost:8888/
      ┣ 请求端源：                  client
      ┣ 浏览器标识：                Mozilla/5.0 (Windows NT 10.0; Win64; x64) AppleWebKit/537.36 (KHTML, like Gecko) Chrome/131.0.0.0 Safari/537.36
      ┣ 客户端区域语言：            zh-cn
      ┣ 客户端 IP 地址：            127.0.0.1
      ┣ 服务端 IP 地址：            127.0.0.1
      ┣ 客户端连接 ID：             00-82bfbf7d6a6bd2dad5e68027d040ec30-be2659d4a5f33b6e-00
      ┣ 服务线程 ID：               #4
      ┣ 执行耗时：                  0ms
      ┣ ━━━━━━━━━━━━━━━  Cookies ━━━━━━━━━━━━━━━
      ┣ 请求端：                    
      ┣ 响应端：                    
      ┣ ━━━━━━━━━━━━━━━  系统信息 ━━━━━━━━━━━━━━━
      ┣ 系统名称：                  Microsoft Windows 10.0.19045
      ┣ 系统架构：                  X64
      ┣ 基础框架：                  Furion.Pure v1.0.0.0
      ┣ .NET 架构：                 .NET 8.0.6
      ┣ ━━━━━━━━━━━━━━━  启动信息 ━━━━━━━━━━━━━━━
      ┣ 运行环境：                  Production
      ┣ 启动程序集：                Admin.NET.Web.Entry
      ┣ 进程名称：                  Admin.NET.Web.Entry
      ┣ 托管程序：                  Kestrel
      ┣ ━━━━━━━━━━━━━━━  请求头信息 ━━━━━━━━━━━━━━━
      ┣ 
      ┣ Accept：                    application/json, text/plain, */*
      ┣ Connection：                keep-alive
      ┣ Host：                      localhost:5005
      ┣ User-Agent：                Mozilla/5.0 (Windows NT 10.0; Win64; x64) AppleWebKit/537.36 (KHTML, like Gecko) Chrome/131.0.0.0 Safari/537.36
      ┣ Accept-Encoding：           gzip, deflate, br, zstd
      ┣ Accept-Language：           zh-cn
      ┣ Authorization：             Bearer eyJhbGciOiJIUzI1NiIsInR5cCI6IkpXVCJ9.eyJVc2VySWQiOjEzMDAwMDAwMDAxMDEsIlRlbmFudElkIjoxMzAwMDAwMDAwMDAxLCJBY2NvdW50Ijoic3VwZXJhZG1pbiIsIlJlYWxOYW1lIjoi6LaF57qn566h55CG5ZGYIiwiQWNjb3VudFR5cGUiOjk5OSwiT3JnSWQiOjAsIk9yZ05hbWUiOm51bGwsIk9yZ1R5cGUiOm51bGwsImlhdCI6MTczNjc3MzYzMCwibmJmIjoxNzM2NzczNjMwLCJleHAiOjE3MzczNzg0MzAsImlzcyI6Imd1eGluLmxpbmsiLCJhdWQiOiJndXhpbi5saW5rIn0.7yghNabJaXKI2uA1Ntrw8zMcPGWCeTTjXE-UINFnf5o
      ┣ Origin：                    http://localhost:8888
      ┣ Referer：                   http://localhost:8888/
      ┣ sec-ch-ua-platform：        "Windows"
      ┣ sec-ch-ua：                 "Google Chrome";v="131", "Chromium";v="131", "Not_A Brand";v="24"
      ┣ sec-ch-ua-mobile：          ?0
      ┣ DNT：                       1
      ┣ Sec-Fetch-Site：            same-site
      ┣ Sec-Fetch-Mode：            cors
      ┣ Sec-Fetch-Dest：            empty
      ┣ ━━━━━━━━━━━━━━━  参数列表 ━━━━━━━━━━━━━━━
      ┣ Content-Type：              
      ┣ 
      ┣ input (EnumInput)：         {"enumName":"AIModelOptionEnum"}
      ┣ ━━━━━━━━━━━━━━━  返回信息 ━━━━━━━━━━━━━━━
      ┣ HTTP响应状态码：            200
      ┣ 原始类型：                  System.Collections.Generic.List<Admin.NET.Core.EnumEntity>
      ┣ 最终类型：                  Admin.NET.Core.AdminResult<System.Object>
      ┣ 最终返回值：                {"code":200,"type":"success","message":"","result":[{"describe":"文本","name":"Text","value":0},{"describe":"数字","name":"Num","value":1},{"describe":"单选","name":"Radio","value":2},{"describe":"多选","name":"CheckBox","value":3},{"describe":"true，false","name":"Switch","value":4}],"extras":null,"time":"2025-01-13T21:21:29.605864+08:00"}
      ┗━━━━━━━━━━━  Logging Monitor ━━━━━━━━━━━
info: 2025-01-13 21:21:29.8677182 +08:00 星期一 L System.Logging.LoggingMonitor[0] #22 '00-0a01e4e4864a340a76722249bcf1b41c-49dcf392acf18ece-00'
      [Furion.Pure.dll] async Task LoggingMonitorAttribute.MonitorAsync(MethodInfo actionMethod, IDictionary<string, object> parameterValues, FilterContext context, dynamic next)
      ┏━━━━━━━━━━━  Logging Monitor ━━━━━━━━━━━
      ┣ Admin.NET.Application.ChatModelOptionsService.ModelDropdown
      ┣ 
      ┣ 控制器名称：                     ChatModelOptionsService
      ┣ 操作名称：                       ModelDropdown
      ┣ 显示名称：                       
      ┣ 路由信息：                       [area]: ; [controller]: chatModelOptions; [action]: modelDropdown
      ┣ 请求方式：                       GET
      ┣ 请求地址：                       http://localhost:5005/api/chatModelOptions/modelDropdown
      ┣ 来源地址：                       http://localhost:8888/
      ┣ 请求端源：                       client
      ┣ 浏览器标识：                     Mozilla/5.0 (Windows NT 10.0; Win64; x64) AppleWebKit/537.36 (KHTML, like Gecko) Chrome/131.0.0.0 Safari/537.36
      ┣ 客户端区域语言：                 zh-CN,zh;q=0.9
      ┣ 客户端 IP 地址：                 127.0.0.1
      ┣ 服务端 IP 地址：                 127.0.0.1
      ┣ 客户端连接 ID：                  00-0a01e4e4864a340a76722249bcf1b41c-49dcf392acf18ece-00
      ┣ 服务线程 ID：                    #24
      ┣ 执行耗时：                       403ms
      ┣ ━━━━━━━━━━━━━━━  Cookies ━━━━━━━━━━━━━━━
      ┣ 请求端：                         
      ┣ 响应端：                         
      ┣ ━━━━━━━━━━━━━━━  系统信息 ━━━━━━━━━━━━━━━
      ┣ 系统名称：                       Microsoft Windows 10.0.19045
      ┣ 系统架构：                       X64
      ┣ 基础框架：                       Furion.Pure v1.0.0.0
      ┣ .NET 架构：                      .NET 8.0.6
      ┣ ━━━━━━━━━━━━━━━  启动信息 ━━━━━━━━━━━━━━━
      ┣ 运行环境：                       Production
      ┣ 启动程序集：                     Admin.NET.Web.Entry
      ┣ 进程名称：                       Admin.NET.Web.Entry
      ┣ 托管程序：                       Kestrel
      ┣ ━━━━━━━━━━━━━━━  授权信息 ━━━━━━━━━━━━━━━
      ┣ JWT Token：                      Bearer eyJhbGciOiJIUzI1NiIsInR5cCI6IkpXVCJ9.eyJVc2VySWQiOjEzMDAwMDAwMDAxMDEsIlRlbmFudElkIjoxMzAwMDAwMDAwMDAxLCJBY2NvdW50Ijoic3VwZXJhZG1pbiIsIlJlYWxOYW1lIjoi6LaF57qn566h55CG5ZGYIiwiQWNjb3VudFR5cGUiOjk5OSwiT3JnSWQiOjAsIk9yZ05hbWUiOm51bGwsIk9yZ1R5cGUiOm51bGwsImlhdCI6MTczNjc3MzYzMCwibmJmIjoxNzM2NzczNjMwLCJleHAiOjE3MzczNzg0MzAsImlzcyI6Imd1eGluLmxpbmsiLCJhdWQiOiJndXhpbi5saW5rIn0.7yghNabJaXKI2uA1Ntrw8zMcPGWCeTTjXE-UINFnf5o
      ┣ 
      ┣ UserId (integer64)：             1300000000101
      ┣ TenantId (integer64)：           1300000000001
      ┣ Account (string)：               superadmin
      ┣ RealName (string)：              超级管理员
      ┣ AccountType (integer32)：        999
      ┣ OrgId (integer32)：              0
      ┣ OrgName (JSON_NULL)：            
      ┣ OrgType (JSON_NULL)：            
      ┣ iat (integer64)：                1736773630 (2025-01-13 21:07:10:0000(+08:00) 星期一 L)
      ┣ nbf (integer64)：                1736773630 (2025-01-13 21:07:10:0000(+08:00) 星期一 L)
      ┣ exp (integer64)：                1737378430 (2025-01-20 21:07:10:0000(+08:00) 星期一 L)
      ┣ iss (string)：                   guxin.link
      ┣ aud (string)：                   guxin.link
      ┣ ━━━━━━━━━━━━━━━  请求头信息 ━━━━━━━━━━━━━━━
      ┣ 
      ┣ Accept：                         application/json, text/plain, */*
      ┣ Connection：                     keep-alive
      ┣ Host：                           localhost:5005
      ┣ User-Agent：                     Mozilla/5.0 (Windows NT 10.0; Win64; x64) AppleWebKit/537.36 (KHTML, like Gecko) Chrome/131.0.0.0 Safari/537.36
      ┣ Accept-Encoding：                gzip, deflate, br, zstd
      ┣ Accept-Language：                zh-CN,zh;q=0.9
      ┣ Authorization：                  Bearer eyJhbGciOiJIUzI1NiIsInR5cCI6IkpXVCJ9.eyJVc2VySWQiOjEzMDAwMDAwMDAxMDEsIlRlbmFudElkIjoxMzAwMDAwMDAwMDAxLCJBY2NvdW50Ijoic3VwZXJhZG1pbiIsIlJlYWxOYW1lIjoi6LaF57qn566h55CG5ZGYIiwiQWNjb3VudFR5cGUiOjk5OSwiT3JnSWQiOjAsIk9yZ05hbWUiOm51bGwsIk9yZ1R5cGUiOm51bGwsImlhdCI6MTczNjc3MzYzMCwibmJmIjoxNzM2NzczNjMwLCJleHAiOjE3MzczNzg0MzAsImlzcyI6Imd1eGluLmxpbmsiLCJhdWQiOiJndXhpbi5saW5rIn0.7yghNabJaXKI2uA1Ntrw8zMcPGWCeTTjXE-UINFnf5o
      ┣ Origin：                         http://localhost:8888
      ┣ Referer：                        http://localhost:8888/
      ┣ sec-ch-ua-platform：             "Windows"
      ┣ sec-ch-ua：                      "Google Chrome";v="131", "Chromium";v="131", "Not_A Brand";v="24"
      ┣ DNT：                            1
      ┣ sec-ch-ua-mobile：               ?0
      ┣ Sec-Fetch-Site：                 same-site
      ┣ Sec-Fetch-Mode：                 cors
      ┣ Sec-Fetch-Dest：                 empty
      ┣ ━━━━━━━━━━━━━━━  返回信息 ━━━━━━━━━━━━━━━
      ┣ HTTP响应状态码：                 200
      ┣ 原始类型：                       System.Threading.Tasks.Task<System.Object>
      ┣ 最终类型：                       Admin.NET.Core.AdminResult<System.Object>
      ┣ 最终返回值：                     {"code":200,"type":"success","message":"","result":[{"label":"GPT-3.5","value":"gpt-3.5-turbo"},{"label":"GPT-3.5 16K","value":"3.5-turbo-16k"},{"label":"GPT-4","value":"gpt-4"},{"label":"GPT-4 Turbo","value":"pt-4-1106-preview"},{"label":"GPT-4V","value":"gpt-4-vision-preview"},{"label":"星火大模型V1.5","value":"讯飞星火:general"},{"label":"星火大模型V2.0","value":"讯飞星火:generalv2"},{"label":"星火大模型V3.0","value":"讯飞星火:generalv3"},{"label":"通义千问 Turbo","value":"灵积:qwen-turbo"},{"label":"通义千问 Plus","value":"灵积:q
      ┗━━━━━━━━━━━  Logging Monitor ━━━━━━━━━━━
info: 2025-01-13 21:21:30.0465455 +08:00 星期一 L System.Logging.LoggingMonitor[0] #4 '00-b045b5e489747b6e1c0fa917573b2f3e-0c1187aec2d0825b-00'
      [Furion.Pure.dll] async Task LoggingMonitorAttribute.MonitorAsync(MethodInfo actionMethod, IDictionary<string, object> parameterValues, FilterContext context, dynamic next)
      ┏━━━━━━━━━━━  Logging Monitor ━━━━━━━━━━━
      ┣ Admin.NET.Application.ChatModelOptionsService.ModelDropdown
      ┣ 
      ┣ 控制器名称：                     ChatModelOptionsService
      ┣ 操作名称：                       ModelDropdown
      ┣ 显示名称：                       
      ┣ 路由信息：                       [area]: ; [controller]: chatModelOptions; [action]: modelDropdown
      ┣ 请求方式：                       GET
      ┣ 请求地址：                       http://localhost:5005/api/chatModelOptions/modelDropdown
      ┣ 来源地址：                       http://localhost:8888/
      ┣ 请求端源：                       client
      ┣ 浏览器标识：                     Mozilla/5.0 (Windows NT 10.0; Win64; x64) AppleWebKit/537.36 (KHTML, like Gecko) Chrome/131.0.0.0 Safari/537.36
      ┣ 客户端区域语言：                 zh-CN,zh;q=0.9
      ┣ 客户端 IP 地址：                 127.0.0.1
      ┣ 服务端 IP 地址：                 127.0.0.1
      ┣ 客户端连接 ID：                  00-b045b5e489747b6e1c0fa917573b2f3e-0c1187aec2d0825b-00
      ┣ 服务线程 ID：                    #4
      ┣ 执行耗时：                       55ms
      ┣ ━━━━━━━━━━━━━━━  Cookies ━━━━━━━━━━━━━━━
      ┣ 请求端：                         
      ┣ 响应端：                         
      ┣ ━━━━━━━━━━━━━━━  系统信息 ━━━━━━━━━━━━━━━
      ┣ 系统名称：                       Microsoft Windows 10.0.19045
      ┣ 系统架构：                       X64
      ┣ 基础框架：                       Furion.Pure v1.0.0.0
      ┣ .NET 架构：                      .NET 8.0.6
      ┣ ━━━━━━━━━━━━━━━  启动信息 ━━━━━━━━━━━━━━━
      ┣ 运行环境：                       Production
      ┣ 启动程序集：                     Admin.NET.Web.Entry
      ┣ 进程名称：                       Admin.NET.Web.Entry
      ┣ 托管程序：                       Kestrel
      ┣ ━━━━━━━━━━━━━━━  授权信息 ━━━━━━━━━━━━━━━
      ┣ JWT Token：                      Bearer eyJhbGciOiJIUzI1NiIsInR5cCI6IkpXVCJ9.eyJVc2VySWQiOjEzMDAwMDAwMDAxMDEsIlRlbmFudElkIjoxMzAwMDAwMDAwMDAxLCJBY2NvdW50Ijoic3VwZXJhZG1pbiIsIlJlYWxOYW1lIjoi6LaF57qn566h55CG5ZGYIiwiQWNjb3VudFR5cGUiOjk5OSwiT3JnSWQiOjAsIk9yZ05hbWUiOm51bGwsIk9yZ1R5cGUiOm51bGwsImlhdCI6MTczNjc3MzYzMCwibmJmIjoxNzM2NzczNjMwLCJleHAiOjE3MzczNzg0MzAsImlzcyI6Imd1eGluLmxpbmsiLCJhdWQiOiJndXhpbi5saW5rIn0.7yghNabJaXKI2uA1Ntrw8zMcPGWCeTTjXE-UINFnf5o
      ┣ 
      ┣ UserId (integer64)：             1300000000101
      ┣ TenantId (integer64)：           1300000000001
      ┣ Account (string)：               superadmin
      ┣ RealName (string)：              超级管理员
      ┣ AccountType (integer32)：        999
      ┣ OrgId (integer32)：              0
      ┣ OrgName (JSON_NULL)：            
      ┣ OrgType (JSON_NULL)：            
      ┣ iat (integer64)：                1736773630 (2025-01-13 21:07:10:0000(+08:00) 星期一 L)
      ┣ nbf (integer64)：                1736773630 (2025-01-13 21:07:10:0000(+08:00) 星期一 L)
      ┣ exp (integer64)：                1737378430 (2025-01-20 21:07:10:0000(+08:00) 星期一 L)
      ┣ iss (string)：                   guxin.link
      ┣ aud (string)：                   guxin.link
      ┣ ━━━━━━━━━━━━━━━  请求头信息 ━━━━━━━━━━━━━━━
      ┣ 
      ┣ Accept：                         application/json, text/plain, */*
      ┣ Connection：                     keep-alive
      ┣ Host：                           localhost:5005
      ┣ User-Agent：                     Mozilla/5.0 (Windows NT 10.0; Win64; x64) AppleWebKit/537.36 (KHTML, like Gecko) Chrome/131.0.0.0 Safari/537.36
      ┣ Accept-Encoding：                gzip, deflate, br, zstd
      ┣ Accept-Language：                zh-CN,zh;q=0.9
      ┣ Authorization：                  Bearer eyJhbGciOiJIUzI1NiIsInR5cCI6IkpXVCJ9.eyJVc2VySWQiOjEzMDAwMDAwMDAxMDEsIlRlbmFudElkIjoxMzAwMDAwMDAwMDAxLCJBY2NvdW50Ijoic3VwZXJhZG1pbiIsIlJlYWxOYW1lIjoi6LaF57qn566h55CG5ZGYIiwiQWNjb3VudFR5cGUiOjk5OSwiT3JnSWQiOjAsIk9yZ05hbWUiOm51bGwsIk9yZ1R5cGUiOm51bGwsImlhdCI6MTczNjc3MzYzMCwibmJmIjoxNzM2NzczNjMwLCJleHAiOjE3MzczNzg0MzAsImlzcyI6Imd1eGluLmxpbmsiLCJhdWQiOiJndXhpbi5saW5rIn0.7yghNabJaXKI2uA1Ntrw8zMcPGWCeTTjXE-UINFnf5o
      ┣ Origin：                         http://localhost:8888
      ┣ Referer：                        http://localhost:8888/
      ┣ sec-ch-ua-platform：             "Windows"
      ┣ sec-ch-ua：                      "Google Chrome";v="131", "Chromium";v="131", "Not_A Brand";v="24"
      ┣ DNT：                            1
      ┣ sec-ch-ua-mobile：               ?0
      ┣ Sec-Fetch-Site：                 same-site
      ┣ Sec-Fetch-Mode：                 cors
      ┣ Sec-Fetch-Dest：                 empty
      ┣ ━━━━━━━━━━━━━━━  返回信息 ━━━━━━━━━━━━━━━
      ┣ HTTP响应状态码：                 200
      ┣ 原始类型：                       System.Threading.Tasks.Task<System.Object>
      ┣ 最终类型：                       Admin.NET.Core.AdminResult<System.Object>
      ┣ 最终返回值：                     {"code":200,"type":"success","message":"","result":[{"label":"GPT-3.5","value":"gpt-3.5-turbo"},{"label":"GPT-3.5 16K","value":"3.5-turbo-16k"},{"label":"GPT-4","value":"gpt-4"},{"label":"GPT-4 Turbo","value":"pt-4-1106-preview"},{"label":"GPT-4V","value":"gpt-4-vision-preview"},{"label":"星火大模型V1.5","value":"讯飞星火:general"},{"label":"星火大模型V2.0","value":"讯飞星火:generalv2"},{"label":"星火大模型V3.0","value":"讯飞星火:generalv3"},{"label":"通义千问 Turbo","value":"灵积:qwen-turbo"},{"label":"通义千问 Plus","value":"灵积:q
      ┗━━━━━━━━━━━  Logging Monitor ━━━━━━━━━━━
info: 2025-01-13 21:21:30.2197696 +08:00 星期一 L System.Logging.LoggingMonitor[0] #22 '00-651b1a3b8690a3d2135c8a0a46fd60b2-08ae1d98aa9f8bea-00'
      [Furion.Pure.dll] async Task LoggingMonitorAttribute.MonitorAsync(MethodInfo actionMethod, IDictionary<string, object> parameterValues, FilterContext context, dynamic next)
      ┏━━━━━━━━━━━  Logging Monitor ━━━━━━━━━━━
      ┣ Admin.NET.Application.ChatModelOptionsService.ModelDropdown
      ┣ 
      ┣ 控制器名称：                     ChatModelOptionsService
      ┣ 操作名称：                       ModelDropdown
      ┣ 显示名称：                       
      ┣ 路由信息：                       [area]: ; [controller]: chatModelOptions; [action]: modelDropdown
      ┣ 请求方式：                       GET
      ┣ 请求地址：                       http://localhost:5005/api/chatModelOptions/modelDropdown
      ┣ 来源地址：                       http://localhost:8888/
      ┣ 请求端源：                       client
      ┣ 浏览器标识：                     Mozilla/5.0 (Windows NT 10.0; Win64; x64) AppleWebKit/537.36 (KHTML, like Gecko) Chrome/131.0.0.0 Safari/537.36
      ┣ 客户端区域语言：                 zh-CN,zh;q=0.9
      ┣ 客户端 IP 地址：                 127.0.0.1
      ┣ 服务端 IP 地址：                 127.0.0.1
      ┣ 客户端连接 ID：                  00-651b1a3b8690a3d2135c8a0a46fd60b2-08ae1d98aa9f8bea-00
      ┣ 服务线程 ID：                    #22
      ┣ 执行耗时：                       52ms
      ┣ ━━━━━━━━━━━━━━━  Cookies ━━━━━━━━━━━━━━━
      ┣ 请求端：                         
      ┣ 响应端：                         
      ┣ ━━━━━━━━━━━━━━━  系统信息 ━━━━━━━━━━━━━━━
      ┣ 系统名称：                       Microsoft Windows 10.0.19045
      ┣ 系统架构：                       X64
      ┣ 基础框架：                       Furion.Pure v1.0.0.0
      ┣ .NET 架构：                      .NET 8.0.6
      ┣ ━━━━━━━━━━━━━━━  启动信息 ━━━━━━━━━━━━━━━
      ┣ 运行环境：                       Production
      ┣ 启动程序集：                     Admin.NET.Web.Entry
      ┣ 进程名称：                       Admin.NET.Web.Entry
      ┣ 托管程序：                       Kestrel
      ┣ ━━━━━━━━━━━━━━━  授权信息 ━━━━━━━━━━━━━━━
      ┣ JWT Token：                      Bearer eyJhbGciOiJIUzI1NiIsInR5cCI6IkpXVCJ9.eyJVc2VySWQiOjEzMDAwMDAwMDAxMDEsIlRlbmFudElkIjoxMzAwMDAwMDAwMDAxLCJBY2NvdW50Ijoic3VwZXJhZG1pbiIsIlJlYWxOYW1lIjoi6LaF57qn566h55CG5ZGYIiwiQWNjb3VudFR5cGUiOjk5OSwiT3JnSWQiOjAsIk9yZ05hbWUiOm51bGwsIk9yZ1R5cGUiOm51bGwsImlhdCI6MTczNjc3MzYzMCwibmJmIjoxNzM2NzczNjMwLCJleHAiOjE3MzczNzg0MzAsImlzcyI6Imd1eGluLmxpbmsiLCJhdWQiOiJndXhpbi5saW5rIn0.7yghNabJaXKI2uA1Ntrw8zMcPGWCeTTjXE-UINFnf5o
      ┣ 
      ┣ UserId (integer64)：             1300000000101
      ┣ TenantId (integer64)：           1300000000001
      ┣ Account (string)：               superadmin
      ┣ RealName (string)：              超级管理员
      ┣ AccountType (integer32)：        999
      ┣ OrgId (integer32)：              0
      ┣ OrgName (JSON_NULL)：            
      ┣ OrgType (JSON_NULL)：            
      ┣ iat (integer64)：                1736773630 (2025-01-13 21:07:10:0000(+08:00) 星期一 L)
      ┣ nbf (integer64)：                1736773630 (2025-01-13 21:07:10:0000(+08:00) 星期一 L)
      ┣ exp (integer64)：                1737378430 (2025-01-20 21:07:10:0000(+08:00) 星期一 L)
      ┣ iss (string)：                   guxin.link
      ┣ aud (string)：                   guxin.link
      ┣ ━━━━━━━━━━━━━━━  请求头信息 ━━━━━━━━━━━━━━━
      ┣ 
      ┣ Accept：                         application/json, text/plain, */*
      ┣ Connection：                     keep-alive
      ┣ Host：                           localhost:5005
      ┣ User-Agent：                     Mozilla/5.0 (Windows NT 10.0; Win64; x64) AppleWebKit/537.36 (KHTML, like Gecko) Chrome/131.0.0.0 Safari/537.36
      ┣ Accept-Encoding：                gzip, deflate, br, zstd
      ┣ Accept-Language：                zh-CN,zh;q=0.9
      ┣ Authorization：                  Bearer eyJhbGciOiJIUzI1NiIsInR5cCI6IkpXVCJ9.eyJVc2VySWQiOjEzMDAwMDAwMDAxMDEsIlRlbmFudElkIjoxMzAwMDAwMDAwMDAxLCJBY2NvdW50Ijoic3VwZXJhZG1pbiIsIlJlYWxOYW1lIjoi6LaF57qn566h55CG5ZGYIiwiQWNjb3VudFR5cGUiOjk5OSwiT3JnSWQiOjAsIk9yZ05hbWUiOm51bGwsIk9yZ1R5cGUiOm51bGwsImlhdCI6MTczNjc3MzYzMCwibmJmIjoxNzM2NzczNjMwLCJleHAiOjE3MzczNzg0MzAsImlzcyI6Imd1eGluLmxpbmsiLCJhdWQiOiJndXhpbi5saW5rIn0.7yghNabJaXKI2uA1Ntrw8zMcPGWCeTTjXE-UINFnf5o
      ┣ Origin：                         http://localhost:8888
      ┣ Referer：                        http://localhost:8888/
      ┣ sec-ch-ua-platform：             "Windows"
      ┣ sec-ch-ua：                      "Google Chrome";v="131", "Chromium";v="131", "Not_A Brand";v="24"
      ┣ DNT：                            1
      ┣ sec-ch-ua-mobile：               ?0
      ┣ Sec-Fetch-Site：                 same-site
      ┣ Sec-Fetch-Mode：                 cors
      ┣ Sec-Fetch-Dest：                 empty
      ┣ ━━━━━━━━━━━━━━━  返回信息 ━━━━━━━━━━━━━━━
      ┣ HTTP响应状态码：                 200
      ┣ 原始类型：                       System.Threading.Tasks.Task<System.Object>
      ┣ 最终类型：                       Admin.NET.Core.AdminResult<System.Object>
      ┣ 最终返回值：                     {"code":200,"type":"success","message":"","result":[{"label":"GPT-3.5","value":"gpt-3.5-turbo"},{"label":"GPT-3.5 16K","value":"3.5-turbo-16k"},{"label":"GPT-4","value":"gpt-4"},{"label":"GPT-4 Turbo","value":"pt-4-1106-preview"},{"label":"GPT-4V","value":"gpt-4-vision-preview"},{"label":"星火大模型V1.5","value":"讯飞星火:general"},{"label":"星火大模型V2.0","value":"讯飞星火:generalv2"},{"label":"星火大模型V3.0","value":"讯飞星火:generalv3"},{"label":"通义千问 Turbo","value":"灵积:qwen-turbo"},{"label":"通义千问 Plus","value":"灵积:q
      ┗━━━━━━━━━━━  Logging Monitor ━━━━━━━━━━━
info: 2025-01-13 21:22:51.7938425 +08:00 星期一 L System.Logging.LoggingMonitor[0] #40 '00-96d8950245482ed4bd4bb2e6a638aeb8-e9ebcb6c727fabc4-00'
      [Furion.Pure.dll] async Task LoggingMonitorAttribute.MonitorAsync(MethodInfo actionMethod, IDictionary<string, object> parameterValues, FilterContext context, dynamic next)
      ┏━━━━━━━━━━━  Logging Monitor ━━━━━━━━━━━
      ┣ Admin.NET.Core.Service.SysEnumService.GetEnumDataList
      ┣ 
      ┣ 控制器名称：                SysEnumService
      ┣ 操作名称：                  GetEnumDataList
      ┣ 显示名称：                  通过枚举类型获取枚举值集合
      ┣ 路由信息：                  [area]: ; [controller]: sysEnum; [action]: enumDataList
      ┣ 请求方式：                  GET
      ┣ 请求地址：                  http://localhost:5005/api/sysEnum/enumDataList?EnumName=AIModelOptionEnum
      ┣ 来源地址：                  http://localhost:8888/
      ┣ 请求端源：                  client
      ┣ 浏览器标识：                Mozilla/5.0 (Windows NT 10.0; Win64; x64) AppleWebKit/537.36 (KHTML, like Gecko) Chrome/131.0.0.0 Safari/537.36
      ┣ 客户端区域语言：            zh-cn
      ┣ 客户端 IP 地址：            127.0.0.1
      ┣ 服务端 IP 地址：            127.0.0.1
      ┣ 客户端连接 ID：             00-96d8950245482ed4bd4bb2e6a638aeb8-e9ebcb6c727fabc4-00
      ┣ 服务线程 ID：               #40
      ┣ 执行耗时：                  0ms
      ┣ ━━━━━━━━━━━━━━━  Cookies ━━━━━━━━━━━━━━━
      ┣ 请求端：                    
      ┣ 响应端：                    
      ┣ ━━━━━━━━━━━━━━━  系统信息 ━━━━━━━━━━━━━━━
      ┣ 系统名称：                  Microsoft Windows 10.0.19045
      ┣ 系统架构：                  X64
      ┣ 基础框架：                  Furion.Pure v1.0.0.0
      ┣ .NET 架构：                 .NET 8.0.6
      ┣ ━━━━━━━━━━━━━━━  启动信息 ━━━━━━━━━━━━━━━
      ┣ 运行环境：                  Production
      ┣ 启动程序集：                Admin.NET.Web.Entry
      ┣ 进程名称：                  Admin.NET.Web.Entry
      ┣ 托管程序：                  Kestrel
      ┣ ━━━━━━━━━━━━━━━  请求头信息 ━━━━━━━━━━━━━━━
      ┣ 
      ┣ Accept：                    application/json, text/plain, */*
      ┣ Connection：                keep-alive
      ┣ Host：                      localhost:5005
      ┣ User-Agent：                Mozilla/5.0 (Windows NT 10.0; Win64; x64) AppleWebKit/537.36 (KHTML, like Gecko) Chrome/131.0.0.0 Safari/537.36
      ┣ Accept-Encoding：           gzip, deflate, br, zstd
      ┣ Accept-Language：           zh-cn
      ┣ Authorization：             Bearer eyJhbGciOiJIUzI1NiIsInR5cCI6IkpXVCJ9.eyJVc2VySWQiOjEzMDAwMDAwMDAxMDEsIlRlbmFudElkIjoxMzAwMDAwMDAwMDAxLCJBY2NvdW50Ijoic3VwZXJhZG1pbiIsIlJlYWxOYW1lIjoi6LaF57qn566h55CG5ZGYIiwiQWNjb3VudFR5cGUiOjk5OSwiT3JnSWQiOjAsIk9yZ05hbWUiOm51bGwsIk9yZ1R5cGUiOm51bGwsImlhdCI6MTczNjc3MzYzMCwibmJmIjoxNzM2NzczNjMwLCJleHAiOjE3MzczNzg0MzAsImlzcyI6Imd1eGluLmxpbmsiLCJhdWQiOiJndXhpbi5saW5rIn0.7yghNabJaXKI2uA1Ntrw8zMcPGWCeTTjXE-UINFnf5o
      ┣ Origin：                    http://localhost:8888
      ┣ Referer：                   http://localhost:8888/
      ┣ sec-ch-ua-platform：        "Windows"
      ┣ sec-ch-ua：                 "Google Chrome";v="131", "Chromium";v="131", "Not_A Brand";v="24"
      ┣ sec-ch-ua-mobile：          ?0
      ┣ DNT：                       1
      ┣ Sec-Fetch-Site：            same-site
      ┣ Sec-Fetch-Mode：            cors
      ┣ Sec-Fetch-Dest：            empty
      ┣ ━━━━━━━━━━━━━━━  参数列表 ━━━━━━━━━━━━━━━
      ┣ Content-Type：              
      ┣ 
      ┣ input (EnumInput)：         {"enumName":"AIModelOptionEnum"}
      ┣ ━━━━━━━━━━━━━━━  返回信息 ━━━━━━━━━━━━━━━
      ┣ HTTP响应状态码：            200
      ┣ 原始类型：                  System.Collections.Generic.List<Admin.NET.Core.EnumEntity>
      ┣ 最终类型：                  Admin.NET.Core.AdminResult<System.Object>
      ┣ 最终返回值：                {"code":200,"type":"success","message":"","result":[{"describe":"文本","name":"Text","value":0},{"describe":"数字","name":"Num","value":1},{"describe":"单选","name":"Radio","value":2},{"describe":"多选","name":"CheckBox","value":3},{"describe":"true，false","name":"Switch","value":4}],"extras":null,"time":"2025-01-13T21:22:51.7928203+08:00"}
      ┗━━━━━━━━━━━  Logging Monitor ━━━━━━━━━━━
info: 2025-01-13 21:22:51.8118267 +08:00 星期一 L System.Logging.LoggingMonitor[0] #28 '00-d767e07e72e91561973450a431cfd59c-0481331eb86cff1e-00'
      [Furion.Pure.dll] async Task LoggingMonitorAttribute.MonitorAsync(MethodInfo actionMethod, IDictionary<string, object> parameterValues, FilterContext context, dynamic next)
      ┏━━━━━━━━━━━  Logging Monitor ━━━━━━━━━━━
      ┣ Admin.NET.Core.Service.SysEnumService.GetEnumDataList
      ┣ 
      ┣ 控制器名称：                SysEnumService
      ┣ 操作名称：                  GetEnumDataList
      ┣ 显示名称：                  通过枚举类型获取枚举值集合
      ┣ 路由信息：                  [area]: ; [controller]: sysEnum; [action]: enumDataList
      ┣ 请求方式：                  GET
      ┣ 请求地址：                  http://localhost:5005/api/sysEnum/enumDataList?EnumName=AIModelOptionEnum
      ┣ 来源地址：                  http://localhost:8888/
      ┣ 请求端源：                  client
      ┣ 浏览器标识：                Mozilla/5.0 (Windows NT 10.0; Win64; x64) AppleWebKit/537.36 (KHTML, like Gecko) Chrome/131.0.0.0 Safari/537.36
      ┣ 客户端区域语言：            zh-cn
      ┣ 客户端 IP 地址：            127.0.0.1
      ┣ 服务端 IP 地址：            127.0.0.1
      ┣ 客户端连接 ID：             00-d767e07e72e91561973450a431cfd59c-0481331eb86cff1e-00
      ┣ 服务线程 ID：               #28
      ┣ 执行耗时：                  0ms
      ┣ ━━━━━━━━━━━━━━━  Cookies ━━━━━━━━━━━━━━━
      ┣ 请求端：                    
      ┣ 响应端：                    
      ┣ ━━━━━━━━━━━━━━━  系统信息 ━━━━━━━━━━━━━━━
      ┣ 系统名称：                  Microsoft Windows 10.0.19045
      ┣ 系统架构：                  X64
      ┣ 基础框架：                  Furion.Pure v1.0.0.0
      ┣ .NET 架构：                 .NET 8.0.6
      ┣ ━━━━━━━━━━━━━━━  启动信息 ━━━━━━━━━━━━━━━
      ┣ 运行环境：                  Production
      ┣ 启动程序集：                Admin.NET.Web.Entry
      ┣ 进程名称：                  Admin.NET.Web.Entry
      ┣ 托管程序：                  Kestrel
      ┣ ━━━━━━━━━━━━━━━  请求头信息 ━━━━━━━━━━━━━━━
      ┣ 
      ┣ Accept：                    application/json, text/plain, */*
      ┣ Connection：                keep-alive
      ┣ Host：                      localhost:5005
      ┣ User-Agent：                Mozilla/5.0 (Windows NT 10.0; Win64; x64) AppleWebKit/537.36 (KHTML, like Gecko) Chrome/131.0.0.0 Safari/537.36
      ┣ Accept-Encoding：           gzip, deflate, br, zstd
      ┣ Accept-Language：           zh-cn
      ┣ Authorization：             Bearer eyJhbGciOiJIUzI1NiIsInR5cCI6IkpXVCJ9.eyJVc2VySWQiOjEzMDAwMDAwMDAxMDEsIlRlbmFudElkIjoxMzAwMDAwMDAwMDAxLCJBY2NvdW50Ijoic3VwZXJhZG1pbiIsIlJlYWxOYW1lIjoi6LaF57qn566h55CG5ZGYIiwiQWNjb3VudFR5cGUiOjk5OSwiT3JnSWQiOjAsIk9yZ05hbWUiOm51bGwsIk9yZ1R5cGUiOm51bGwsImlhdCI6MTczNjc3MzYzMCwibmJmIjoxNzM2NzczNjMwLCJleHAiOjE3MzczNzg0MzAsImlzcyI6Imd1eGluLmxpbmsiLCJhdWQiOiJndXhpbi5saW5rIn0.7yghNabJaXKI2uA1Ntrw8zMcPGWCeTTjXE-UINFnf5o
      ┣ Origin：                    http://localhost:8888
      ┣ Referer：                   http://localhost:8888/
      ┣ sec-ch-ua-platform：        "Windows"
      ┣ sec-ch-ua：                 "Google Chrome";v="131", "Chromium";v="131", "Not_A Brand";v="24"
      ┣ sec-ch-ua-mobile：          ?0
      ┣ DNT：                       1
      ┣ Sec-Fetch-Site：            same-site
      ┣ Sec-Fetch-Mode：            cors
      ┣ Sec-Fetch-Dest：            empty
      ┣ ━━━━━━━━━━━━━━━  参数列表 ━━━━━━━━━━━━━━━
      ┣ Content-Type：              
      ┣ 
      ┣ input (EnumInput)：         {"enumName":"AIModelOptionEnum"}
      ┣ ━━━━━━━━━━━━━━━  返回信息 ━━━━━━━━━━━━━━━
      ┣ HTTP响应状态码：            200
      ┣ 原始类型：                  System.Collections.Generic.List<Admin.NET.Core.EnumEntity>
      ┣ 最终类型：                  Admin.NET.Core.AdminResult<System.Object>
      ┣ 最终返回值：                {"code":200,"type":"success","message":"","result":[{"describe":"文本","name":"Text","value":0},{"describe":"数字","name":"Num","value":1},{"describe":"单选","name":"Radio","value":2},{"describe":"多选","name":"CheckBox","value":3},{"describe":"true，false","name":"Switch","value":4}],"extras":null,"time":"2025-01-13T21:22:51.8110239+08:00"}
      ┗━━━━━━━━━━━  Logging Monitor ━━━━━━━━━━━
info: 2025-01-13 21:22:52.0145895 +08:00 星期一 L System.Logging.LoggingMonitor[0] #13 '00-d57d5701920faaace7bfb3aab7d7e063-a3c8774af2aebb8e-00'
      [Furion.Pure.dll] async Task LoggingMonitorAttribute.MonitorAsync(MethodInfo actionMethod, IDictionary<string, object> parameterValues, FilterContext context, dynamic next)
      ┏━━━━━━━━━━━  Logging Monitor ━━━━━━━━━━━
      ┣ Admin.NET.Application.ChatModelOptionsService.ModelDropdown
      ┣ 
      ┣ 控制器名称：                     ChatModelOptionsService
      ┣ 操作名称：                       ModelDropdown
      ┣ 显示名称：                       
      ┣ 路由信息：                       [area]: ; [controller]: chatModelOptions; [action]: modelDropdown
      ┣ 请求方式：                       GET
      ┣ 请求地址：                       http://localhost:5005/api/chatModelOptions/modelDropdown
      ┣ 来源地址：                       http://localhost:8888/
      ┣ 请求端源：                       client
      ┣ 浏览器标识：                     Mozilla/5.0 (Windows NT 10.0; Win64; x64) AppleWebKit/537.36 (KHTML, like Gecko) Chrome/131.0.0.0 Safari/537.36
      ┣ 客户端区域语言：                 zh-CN,zh;q=0.9
      ┣ 客户端 IP 地址：                 127.0.0.1
      ┣ 服务端 IP 地址：                 127.0.0.1
      ┣ 客户端连接 ID：                  00-d57d5701920faaace7bfb3aab7d7e063-a3c8774af2aebb8e-00
      ┣ 服务线程 ID：                    #13
      ┣ 执行耗时：                       50ms
      ┣ ━━━━━━━━━━━━━━━  Cookies ━━━━━━━━━━━━━━━
      ┣ 请求端：                         
      ┣ 响应端：                         
      ┣ ━━━━━━━━━━━━━━━  系统信息 ━━━━━━━━━━━━━━━
      ┣ 系统名称：                       Microsoft Windows 10.0.19045
      ┣ 系统架构：                       X64
      ┣ 基础框架：                       Furion.Pure v1.0.0.0
      ┣ .NET 架构：                      .NET 8.0.6
      ┣ ━━━━━━━━━━━━━━━  启动信息 ━━━━━━━━━━━━━━━
      ┣ 运行环境：                       Production
      ┣ 启动程序集：                     Admin.NET.Web.Entry
      ┣ 进程名称：                       Admin.NET.Web.Entry
      ┣ 托管程序：                       Kestrel
      ┣ ━━━━━━━━━━━━━━━  授权信息 ━━━━━━━━━━━━━━━
      ┣ JWT Token：                      Bearer eyJhbGciOiJIUzI1NiIsInR5cCI6IkpXVCJ9.eyJVc2VySWQiOjEzMDAwMDAwMDAxMDEsIlRlbmFudElkIjoxMzAwMDAwMDAwMDAxLCJBY2NvdW50Ijoic3VwZXJhZG1pbiIsIlJlYWxOYW1lIjoi6LaF57qn566h55CG5ZGYIiwiQWNjb3VudFR5cGUiOjk5OSwiT3JnSWQiOjAsIk9yZ05hbWUiOm51bGwsIk9yZ1R5cGUiOm51bGwsImlhdCI6MTczNjc3MzYzMCwibmJmIjoxNzM2NzczNjMwLCJleHAiOjE3MzczNzg0MzAsImlzcyI6Imd1eGluLmxpbmsiLCJhdWQiOiJndXhpbi5saW5rIn0.7yghNabJaXKI2uA1Ntrw8zMcPGWCeTTjXE-UINFnf5o
      ┣ 
      ┣ UserId (integer64)：             1300000000101
      ┣ TenantId (integer64)：           1300000000001
      ┣ Account (string)：               superadmin
      ┣ RealName (string)：              超级管理员
      ┣ AccountType (integer32)：        999
      ┣ OrgId (integer32)：              0
      ┣ OrgName (JSON_NULL)：            
      ┣ OrgType (JSON_NULL)：            
      ┣ iat (integer64)：                1736773630 (2025-01-13 21:07:10:0000(+08:00) 星期一 L)
      ┣ nbf (integer64)：                1736773630 (2025-01-13 21:07:10:0000(+08:00) 星期一 L)
      ┣ exp (integer64)：                1737378430 (2025-01-20 21:07:10:0000(+08:00) 星期一 L)
      ┣ iss (string)：                   guxin.link
      ┣ aud (string)：                   guxin.link
      ┣ ━━━━━━━━━━━━━━━  请求头信息 ━━━━━━━━━━━━━━━
      ┣ 
      ┣ Accept：                         application/json, text/plain, */*
      ┣ Connection：                     keep-alive
      ┣ Host：                           localhost:5005
      ┣ User-Agent：                     Mozilla/5.0 (Windows NT 10.0; Win64; x64) AppleWebKit/537.36 (KHTML, like Gecko) Chrome/131.0.0.0 Safari/537.36
      ┣ Accept-Encoding：                gzip, deflate, br, zstd
      ┣ Accept-Language：                zh-CN,zh;q=0.9
      ┣ Authorization：                  Bearer eyJhbGciOiJIUzI1NiIsInR5cCI6IkpXVCJ9.eyJVc2VySWQiOjEzMDAwMDAwMDAxMDEsIlRlbmFudElkIjoxMzAwMDAwMDAwMDAxLCJBY2NvdW50Ijoic3VwZXJhZG1pbiIsIlJlYWxOYW1lIjoi6LaF57qn566h55CG5ZGYIiwiQWNjb3VudFR5cGUiOjk5OSwiT3JnSWQiOjAsIk9yZ05hbWUiOm51bGwsIk9yZ1R5cGUiOm51bGwsImlhdCI6MTczNjc3MzYzMCwibmJmIjoxNzM2NzczNjMwLCJleHAiOjE3MzczNzg0MzAsImlzcyI6Imd1eGluLmxpbmsiLCJhdWQiOiJndXhpbi5saW5rIn0.7yghNabJaXKI2uA1Ntrw8zMcPGWCeTTjXE-UINFnf5o
      ┣ Origin：                         http://localhost:8888
      ┣ Referer：                        http://localhost:8888/
      ┣ sec-ch-ua-platform：             "Windows"
      ┣ sec-ch-ua：                      "Google Chrome";v="131", "Chromium";v="131", "Not_A Brand";v="24"
      ┣ DNT：                            1
      ┣ sec-ch-ua-mobile：               ?0
      ┣ Sec-Fetch-Site：                 same-site
      ┣ Sec-Fetch-Mode：                 cors
      ┣ Sec-Fetch-Dest：                 empty
      ┣ ━━━━━━━━━━━━━━━  返回信息 ━━━━━━━━━━━━━━━
      ┣ HTTP响应状态码：                 200
      ┣ 原始类型：                       System.Threading.Tasks.Task<System.Object>
      ┣ 最终类型：                       Admin.NET.Core.AdminResult<System.Object>
      ┣ 最终返回值：                     {"code":200,"type":"success","message":"","result":[{"label":"GPT-3.5","value":"gpt-3.5-turbo"},{"label":"GPT-3.5 16K","value":"3.5-turbo-16k"},{"label":"GPT-4","value":"gpt-4"},{"label":"GPT-4 Turbo","value":"pt-4-1106-preview"},{"label":"GPT-4V","value":"gpt-4-vision-preview"},{"label":"星火大模型V1.5","value":"讯飞星火:general"},{"label":"星火大模型V2.0","value":"讯飞星火:generalv2"},{"label":"星火大模型V3.0","value":"讯飞星火:generalv3"},{"label":"通义千问 Turbo","value":"灵积:qwen-turbo"},{"label":"通义千问 Plus","value":"灵积:q
      ┗━━━━━━━━━━━  Logging Monitor ━━━━━━━━━━━
info: 2025-01-13 21:22:52.0511954 +08:00 星期一 L System.Logging.LoggingMonitor[0] #40 '00-029d741621111e89f6b6d3c61f841926-6c7db666f317d939-00'
      [Furion.Pure.dll] async Task LoggingMonitorAttribute.MonitorAsync(MethodInfo actionMethod, IDictionary<string, object> parameterValues, FilterContext context, dynamic next)
      ┏━━━━━━━━━━━  Logging Monitor ━━━━━━━━━━━
      ┣ Admin.NET.Core.Service.SysEnumService.GetEnumDataList
      ┣ 
      ┣ 控制器名称：                SysEnumService
      ┣ 操作名称：                  GetEnumDataList
      ┣ 显示名称：                  通过枚举类型获取枚举值集合
      ┣ 路由信息：                  [area]: ; [controller]: sysEnum; [action]: enumDataList
      ┣ 请求方式：                  GET
      ┣ 请求地址：                  http://localhost:5005/api/sysEnum/enumDataList?EnumName=AIModelOptionEnum
      ┣ 来源地址：                  http://localhost:8888/
      ┣ 请求端源：                  client
      ┣ 浏览器标识：                Mozilla/5.0 (Windows NT 10.0; Win64; x64) AppleWebKit/537.36 (KHTML, like Gecko) Chrome/131.0.0.0 Safari/537.36
      ┣ 客户端区域语言：            zh-cn
      ┣ 客户端 IP 地址：            127.0.0.1
      ┣ 服务端 IP 地址：            127.0.0.1
      ┣ 客户端连接 ID：             00-029d741621111e89f6b6d3c61f841926-6c7db666f317d939-00
      ┣ 服务线程 ID：               #40
      ┣ 执行耗时：                  0ms
      ┣ ━━━━━━━━━━━━━━━  Cookies ━━━━━━━━━━━━━━━
      ┣ 请求端：                    
      ┣ 响应端：                    
      ┣ ━━━━━━━━━━━━━━━  系统信息 ━━━━━━━━━━━━━━━
      ┣ 系统名称：                  Microsoft Windows 10.0.19045
      ┣ 系统架构：                  X64
      ┣ 基础框架：                  Furion.Pure v1.0.0.0
      ┣ .NET 架构：                 .NET 8.0.6
      ┣ ━━━━━━━━━━━━━━━  启动信息 ━━━━━━━━━━━━━━━
      ┣ 运行环境：                  Production
      ┣ 启动程序集：                Admin.NET.Web.Entry
      ┣ 进程名称：                  Admin.NET.Web.Entry
      ┣ 托管程序：                  Kestrel
      ┣ ━━━━━━━━━━━━━━━  请求头信息 ━━━━━━━━━━━━━━━
      ┣ 
      ┣ Accept：                    application/json, text/plain, */*
      ┣ Connection：                keep-alive
      ┣ Host：                      localhost:5005
      ┣ User-Agent：                Mozilla/5.0 (Windows NT 10.0; Win64; x64) AppleWebKit/537.36 (KHTML, like Gecko) Chrome/131.0.0.0 Safari/537.36
      ┣ Accept-Encoding：           gzip, deflate, br, zstd
      ┣ Accept-Language：           zh-cn
      ┣ Authorization：             Bearer eyJhbGciOiJIUzI1NiIsInR5cCI6IkpXVCJ9.eyJVc2VySWQiOjEzMDAwMDAwMDAxMDEsIlRlbmFudElkIjoxMzAwMDAwMDAwMDAxLCJBY2NvdW50Ijoic3VwZXJhZG1pbiIsIlJlYWxOYW1lIjoi6LaF57qn566h55CG5ZGYIiwiQWNjb3VudFR5cGUiOjk5OSwiT3JnSWQiOjAsIk9yZ05hbWUiOm51bGwsIk9yZ1R5cGUiOm51bGwsImlhdCI6MTczNjc3MzYzMCwibmJmIjoxNzM2NzczNjMwLCJleHAiOjE3MzczNzg0MzAsImlzcyI6Imd1eGluLmxpbmsiLCJhdWQiOiJndXhpbi5saW5rIn0.7yghNabJaXKI2uA1Ntrw8zMcPGWCeTTjXE-UINFnf5o
      ┣ Origin：                    http://localhost:8888
      ┣ Referer：                   http://localhost:8888/
      ┣ sec-ch-ua-platform：        "Windows"
      ┣ sec-ch-ua：                 "Google Chrome";v="131", "Chromium";v="131", "Not_A Brand";v="24"
      ┣ sec-ch-ua-mobile：          ?0
      ┣ DNT：                       1
      ┣ Sec-Fetch-Site：            same-site
      ┣ Sec-Fetch-Mode：            cors
      ┣ Sec-Fetch-Dest：            empty
      ┣ ━━━━━━━━━━━━━━━  参数列表 ━━━━━━━━━━━━━━━
      ┣ Content-Type：              
      ┣ 
      ┣ input (EnumInput)：         {"enumName":"AIModelOptionEnum"}
      ┣ ━━━━━━━━━━━━━━━  返回信息 ━━━━━━━━━━━━━━━
      ┣ HTTP响应状态码：            200
      ┣ 原始类型：                  System.Collections.Generic.List<Admin.NET.Core.EnumEntity>
      ┣ 最终类型：                  Admin.NET.Core.AdminResult<System.Object>
      ┣ 最终返回值：                {"code":200,"type":"success","message":"","result":[{"describe":"文本","name":"Text","value":0},{"describe":"数字","name":"Num","value":1},{"describe":"单选","name":"Radio","value":2},{"describe":"多选","name":"CheckBox","value":3},{"describe":"true，false","name":"Switch","value":4}],"extras":null,"time":"2025-01-13T21:22:52.0503547+08:00"}
      ┗━━━━━━━━━━━  Logging Monitor ━━━━━━━━━━━
info: 2025-01-13 21:22:52.1909867 +08:00 星期一 L System.Logging.LoggingMonitor[0] #13 '00-e190bad892eb41e89f129945c2d793b9-58e93acc41935e4e-00'
      [Furion.Pure.dll] async Task LoggingMonitorAttribute.MonitorAsync(MethodInfo actionMethod, IDictionary<string, object> parameterValues, FilterContext context, dynamic next)
      ┏━━━━━━━━━━━  Logging Monitor ━━━━━━━━━━━
      ┣ Admin.NET.Application.ChatModelOptionsService.ModelDropdown
      ┣ 
      ┣ 控制器名称：                     ChatModelOptionsService
      ┣ 操作名称：                       ModelDropdown
      ┣ 显示名称：                       
      ┣ 路由信息：                       [area]: ; [controller]: chatModelOptions; [action]: modelDropdown
      ┣ 请求方式：                       GET
      ┣ 请求地址：                       http://localhost:5005/api/chatModelOptions/modelDropdown
      ┣ 来源地址：                       http://localhost:8888/
      ┣ 请求端源：                       client
      ┣ 浏览器标识：                     Mozilla/5.0 (Windows NT 10.0; Win64; x64) AppleWebKit/537.36 (KHTML, like Gecko) Chrome/131.0.0.0 Safari/537.36
      ┣ 客户端区域语言：                 zh-CN,zh;q=0.9
      ┣ 客户端 IP 地址：                 127.0.0.1
      ┣ 服务端 IP 地址：                 127.0.0.1
      ┣ 客户端连接 ID：                  00-e190bad892eb41e89f129945c2d793b9-58e93acc41935e4e-00
      ┣ 服务线程 ID：                    #13
      ┣ 执行耗时：                       57ms
      ┣ ━━━━━━━━━━━━━━━  Cookies ━━━━━━━━━━━━━━━
      ┣ 请求端：                         
      ┣ 响应端：                         
      ┣ ━━━━━━━━━━━━━━━  系统信息 ━━━━━━━━━━━━━━━
      ┣ 系统名称：                       Microsoft Windows 10.0.19045
      ┣ 系统架构：                       X64
      ┣ 基础框架：                       Furion.Pure v1.0.0.0
      ┣ .NET 架构：                      .NET 8.0.6
      ┣ ━━━━━━━━━━━━━━━  启动信息 ━━━━━━━━━━━━━━━
      ┣ 运行环境：                       Production
      ┣ 启动程序集：                     Admin.NET.Web.Entry
      ┣ 进程名称：                       Admin.NET.Web.Entry
      ┣ 托管程序：                       Kestrel
      ┣ ━━━━━━━━━━━━━━━  授权信息 ━━━━━━━━━━━━━━━
      ┣ JWT Token：                      Bearer eyJhbGciOiJIUzI1NiIsInR5cCI6IkpXVCJ9.eyJVc2VySWQiOjEzMDAwMDAwMDAxMDEsIlRlbmFudElkIjoxMzAwMDAwMDAwMDAxLCJBY2NvdW50Ijoic3VwZXJhZG1pbiIsIlJlYWxOYW1lIjoi6LaF57qn566h55CG5ZGYIiwiQWNjb3VudFR5cGUiOjk5OSwiT3JnSWQiOjAsIk9yZ05hbWUiOm51bGwsIk9yZ1R5cGUiOm51bGwsImlhdCI6MTczNjc3MzYzMCwibmJmIjoxNzM2NzczNjMwLCJleHAiOjE3MzczNzg0MzAsImlzcyI6Imd1eGluLmxpbmsiLCJhdWQiOiJndXhpbi5saW5rIn0.7yghNabJaXKI2uA1Ntrw8zMcPGWCeTTjXE-UINFnf5o
      ┣ 
      ┣ UserId (integer64)：             1300000000101
      ┣ TenantId (integer64)：           1300000000001
      ┣ Account (string)：               superadmin
      ┣ RealName (string)：              超级管理员
      ┣ AccountType (integer32)：        999
      ┣ OrgId (integer32)：              0
      ┣ OrgName (JSON_NULL)：            
      ┣ OrgType (JSON_NULL)：            
      ┣ iat (integer64)：                1736773630 (2025-01-13 21:07:10:0000(+08:00) 星期一 L)
      ┣ nbf (integer64)：                1736773630 (2025-01-13 21:07:10:0000(+08:00) 星期一 L)
      ┣ exp (integer64)：                1737378430 (2025-01-20 21:07:10:0000(+08:00) 星期一 L)
      ┣ iss (string)：                   guxin.link
      ┣ aud (string)：                   guxin.link
      ┣ ━━━━━━━━━━━━━━━  请求头信息 ━━━━━━━━━━━━━━━
      ┣ 
      ┣ Accept：                         application/json, text/plain, */*
      ┣ Connection：                     keep-alive
      ┣ Host：                           localhost:5005
      ┣ User-Agent：                     Mozilla/5.0 (Windows NT 10.0; Win64; x64) AppleWebKit/537.36 (KHTML, like Gecko) Chrome/131.0.0.0 Safari/537.36
      ┣ Accept-Encoding：                gzip, deflate, br, zstd
      ┣ Accept-Language：                zh-CN,zh;q=0.9
      ┣ Authorization：                  Bearer eyJhbGciOiJIUzI1NiIsInR5cCI6IkpXVCJ9.eyJVc2VySWQiOjEzMDAwMDAwMDAxMDEsIlRlbmFudElkIjoxMzAwMDAwMDAwMDAxLCJBY2NvdW50Ijoic3VwZXJhZG1pbiIsIlJlYWxOYW1lIjoi6LaF57qn566h55CG5ZGYIiwiQWNjb3VudFR5cGUiOjk5OSwiT3JnSWQiOjAsIk9yZ05hbWUiOm51bGwsIk9yZ1R5cGUiOm51bGwsImlhdCI6MTczNjc3MzYzMCwibmJmIjoxNzM2NzczNjMwLCJleHAiOjE3MzczNzg0MzAsImlzcyI6Imd1eGluLmxpbmsiLCJhdWQiOiJndXhpbi5saW5rIn0.7yghNabJaXKI2uA1Ntrw8zMcPGWCeTTjXE-UINFnf5o
      ┣ Origin：                         http://localhost:8888
      ┣ Referer：                        http://localhost:8888/
      ┣ sec-ch-ua-platform：             "Windows"
      ┣ sec-ch-ua：                      "Google Chrome";v="131", "Chromium";v="131", "Not_A Brand";v="24"
      ┣ DNT：                            1
      ┣ sec-ch-ua-mobile：               ?0
      ┣ Sec-Fetch-Site：                 same-site
      ┣ Sec-Fetch-Mode：                 cors
      ┣ Sec-Fetch-Dest：                 empty
      ┣ ━━━━━━━━━━━━━━━  返回信息 ━━━━━━━━━━━━━━━
      ┣ HTTP响应状态码：                 200
      ┣ 原始类型：                       System.Threading.Tasks.Task<System.Object>
      ┣ 最终类型：                       Admin.NET.Core.AdminResult<System.Object>
      ┣ 最终返回值：                     {"code":200,"type":"success","message":"","result":[{"label":"GPT-3.5","value":"gpt-3.5-turbo"},{"label":"GPT-3.5 16K","value":"3.5-turbo-16k"},{"label":"GPT-4","value":"gpt-4"},{"label":"GPT-4 Turbo","value":"pt-4-1106-preview"},{"label":"GPT-4V","value":"gpt-4-vision-preview"},{"label":"星火大模型V1.5","value":"讯飞星火:general"},{"label":"星火大模型V2.0","value":"讯飞星火:generalv2"},{"label":"星火大模型V3.0","value":"讯飞星火:generalv3"},{"label":"通义千问 Turbo","value":"灵积:qwen-turbo"},{"label":"通义千问 Plus","value":"灵积:q
      ┗━━━━━━━━━━━  Logging Monitor ━━━━━━━━━━━
info: 2025-01-13 21:22:52.3631740 +08:00 星期一 L System.Logging.LoggingMonitor[0] #28 '00-dd28172ee1140dcba3c1702cd328ac8a-b383922be1dfef09-00'
      [Furion.Pure.dll] async Task LoggingMonitorAttribute.MonitorAsync(MethodInfo actionMethod, IDictionary<string, object> parameterValues, FilterContext context, dynamic next)
      ┏━━━━━━━━━━━  Logging Monitor ━━━━━━━━━━━
      ┣ Admin.NET.Application.ChatModelOptionsService.ModelDropdown
      ┣ 
      ┣ 控制器名称：                     ChatModelOptionsService
      ┣ 操作名称：                       ModelDropdown
      ┣ 显示名称：                       
      ┣ 路由信息：                       [area]: ; [controller]: chatModelOptions; [action]: modelDropdown
      ┣ 请求方式：                       GET
      ┣ 请求地址：                       http://localhost:5005/api/chatModelOptions/modelDropdown
      ┣ 来源地址：                       http://localhost:8888/
      ┣ 请求端源：                       client
      ┣ 浏览器标识：                     Mozilla/5.0 (Windows NT 10.0; Win64; x64) AppleWebKit/537.36 (KHTML, like Gecko) Chrome/131.0.0.0 Safari/537.36
      ┣ 客户端区域语言：                 zh-CN,zh;q=0.9
      ┣ 客户端 IP 地址：                 127.0.0.1
      ┣ 服务端 IP 地址：                 127.0.0.1
      ┣ 客户端连接 ID：                  00-dd28172ee1140dcba3c1702cd328ac8a-b383922be1dfef09-00
      ┣ 服务线程 ID：                    #13
      ┣ 执行耗时：                       51ms
      ┣ ━━━━━━━━━━━━━━━  Cookies ━━━━━━━━━━━━━━━
      ┣ 请求端：                         
      ┣ 响应端：                         
      ┣ ━━━━━━━━━━━━━━━  系统信息 ━━━━━━━━━━━━━━━
      ┣ 系统名称：                       Microsoft Windows 10.0.19045
      ┣ 系统架构：                       X64
      ┣ 基础框架：                       Furion.Pure v1.0.0.0
      ┣ .NET 架构：                      .NET 8.0.6
      ┣ ━━━━━━━━━━━━━━━  启动信息 ━━━━━━━━━━━━━━━
      ┣ 运行环境：                       Production
      ┣ 启动程序集：                     Admin.NET.Web.Entry
      ┣ 进程名称：                       Admin.NET.Web.Entry
      ┣ 托管程序：                       Kestrel
      ┣ ━━━━━━━━━━━━━━━  授权信息 ━━━━━━━━━━━━━━━
      ┣ JWT Token：                      Bearer eyJhbGciOiJIUzI1NiIsInR5cCI6IkpXVCJ9.eyJVc2VySWQiOjEzMDAwMDAwMDAxMDEsIlRlbmFudElkIjoxMzAwMDAwMDAwMDAxLCJBY2NvdW50Ijoic3VwZXJhZG1pbiIsIlJlYWxOYW1lIjoi6LaF57qn566h55CG5ZGYIiwiQWNjb3VudFR5cGUiOjk5OSwiT3JnSWQiOjAsIk9yZ05hbWUiOm51bGwsIk9yZ1R5cGUiOm51bGwsImlhdCI6MTczNjc3MzYzMCwibmJmIjoxNzM2NzczNjMwLCJleHAiOjE3MzczNzg0MzAsImlzcyI6Imd1eGluLmxpbmsiLCJhdWQiOiJndXhpbi5saW5rIn0.7yghNabJaXKI2uA1Ntrw8zMcPGWCeTTjXE-UINFnf5o
      ┣ 
      ┣ UserId (integer64)：             1300000000101
      ┣ TenantId (integer64)：           1300000000001
      ┣ Account (string)：               superadmin
      ┣ RealName (string)：              超级管理员
      ┣ AccountType (integer32)：        999
      ┣ OrgId (integer32)：              0
      ┣ OrgName (JSON_NULL)：            
      ┣ OrgType (JSON_NULL)：            
      ┣ iat (integer64)：                1736773630 (2025-01-13 21:07:10:0000(+08:00) 星期一 L)
      ┣ nbf (integer64)：                1736773630 (2025-01-13 21:07:10:0000(+08:00) 星期一 L)
      ┣ exp (integer64)：                1737378430 (2025-01-20 21:07:10:0000(+08:00) 星期一 L)
      ┣ iss (string)：                   guxin.link
      ┣ aud (string)：                   guxin.link
      ┣ ━━━━━━━━━━━━━━━  请求头信息 ━━━━━━━━━━━━━━━
      ┣ 
      ┣ Accept：                         application/json, text/plain, */*
      ┣ Connection：                     keep-alive
      ┣ Host：                           localhost:5005
      ┣ User-Agent：                     Mozilla/5.0 (Windows NT 10.0; Win64; x64) AppleWebKit/537.36 (KHTML, like Gecko) Chrome/131.0.0.0 Safari/537.36
      ┣ Accept-Encoding：                gzip, deflate, br, zstd
      ┣ Accept-Language：                zh-CN,zh;q=0.9
      ┣ Authorization：                  Bearer eyJhbGciOiJIUzI1NiIsInR5cCI6IkpXVCJ9.eyJVc2VySWQiOjEzMDAwMDAwMDAxMDEsIlRlbmFudElkIjoxMzAwMDAwMDAwMDAxLCJBY2NvdW50Ijoic3VwZXJhZG1pbiIsIlJlYWxOYW1lIjoi6LaF57qn566h55CG5ZGYIiwiQWNjb3VudFR5cGUiOjk5OSwiT3JnSWQiOjAsIk9yZ05hbWUiOm51bGwsIk9yZ1R5cGUiOm51bGwsImlhdCI6MTczNjc3MzYzMCwibmJmIjoxNzM2NzczNjMwLCJleHAiOjE3MzczNzg0MzAsImlzcyI6Imd1eGluLmxpbmsiLCJhdWQiOiJndXhpbi5saW5rIn0.7yghNabJaXKI2uA1Ntrw8zMcPGWCeTTjXE-UINFnf5o
      ┣ Origin：                         http://localhost:8888
      ┣ Referer：                        http://localhost:8888/
      ┣ sec-ch-ua-platform：             "Windows"
      ┣ sec-ch-ua：                      "Google Chrome";v="131", "Chromium";v="131", "Not_A Brand";v="24"
      ┣ DNT：                            1
      ┣ sec-ch-ua-mobile：               ?0
      ┣ Sec-Fetch-Site：                 same-site
      ┣ Sec-Fetch-Mode：                 cors
      ┣ Sec-Fetch-Dest：                 empty
      ┣ ━━━━━━━━━━━━━━━  返回信息 ━━━━━━━━━━━━━━━
      ┣ HTTP响应状态码：                 200
      ┣ 原始类型：                       System.Threading.Tasks.Task<System.Object>
      ┣ 最终类型：                       Admin.NET.Core.AdminResult<System.Object>
      ┣ 最终返回值：                     {"code":200,"type":"success","message":"","result":[{"label":"GPT-3.5","value":"gpt-3.5-turbo"},{"label":"GPT-3.5 16K","value":"3.5-turbo-16k"},{"label":"GPT-4","value":"gpt-4"},{"label":"GPT-4 Turbo","value":"pt-4-1106-preview"},{"label":"GPT-4V","value":"gpt-4-vision-preview"},{"label":"星火大模型V1.5","value":"讯飞星火:general"},{"label":"星火大模型V2.0","value":"讯飞星火:generalv2"},{"label":"星火大模型V3.0","value":"讯飞星火:generalv3"},{"label":"通义千问 Turbo","value":"灵积:qwen-turbo"},{"label":"通义千问 Plus","value":"灵积:q
      ┗━━━━━━━━━━━  Logging Monitor ━━━━━━━━━━━
info: 2025-01-13 21:27:58.5635210 +08:00 星期一 L System.Logging.LoggingMonitor[0] #14 '00-2d047fc1c0eeaf7eef624dfe4f6ad938-56eda7d0757b2102-00'
      [Furion.Pure.dll] async Task LoggingMonitorAttribute.MonitorAsync(MethodInfo actionMethod, IDictionary<string, object> parameterValues, FilterContext context, dynamic next)
      ┏━━━━━━━━━━━  Logging Monitor ━━━━━━━━━━━
      ┣ Admin.NET.Core.Service.SysEnumService.GetEnumDataList
      ┣ 
      ┣ 控制器名称：                SysEnumService
      ┣ 操作名称：                  GetEnumDataList
      ┣ 显示名称：                  通过枚举类型获取枚举值集合
      ┣ 路由信息：                  [area]: ; [controller]: sysEnum; [action]: enumDataList
      ┣ 请求方式：                  GET
      ┣ 请求地址：                  http://localhost:5005/api/sysEnum/enumDataList?EnumName=AIModelOptionEnum
      ┣ 来源地址：                  http://localhost:8888/
      ┣ 请求端源：                  client
      ┣ 浏览器标识：                Mozilla/5.0 (Windows NT 10.0; Win64; x64) AppleWebKit/537.36 (KHTML, like Gecko) Chrome/131.0.0.0 Safari/537.36
      ┣ 客户端区域语言：            zh-cn
      ┣ 客户端 IP 地址：            127.0.0.1
      ┣ 服务端 IP 地址：            127.0.0.1
      ┣ 客户端连接 ID：             00-2d047fc1c0eeaf7eef624dfe4f6ad938-56eda7d0757b2102-00
      ┣ 服务线程 ID：               #14
      ┣ 执行耗时：                  0ms
      ┣ ━━━━━━━━━━━━━━━  Cookies ━━━━━━━━━━━━━━━
      ┣ 请求端：                    
      ┣ 响应端：                    
      ┣ ━━━━━━━━━━━━━━━  系统信息 ━━━━━━━━━━━━━━━
      ┣ 系统名称：                  Microsoft Windows 10.0.19045
      ┣ 系统架构：                  X64
      ┣ 基础框架：                  Furion.Pure v1.0.0.0
      ┣ .NET 架构：                 .NET 8.0.6
      ┣ ━━━━━━━━━━━━━━━  启动信息 ━━━━━━━━━━━━━━━
      ┣ 运行环境：                  Production
      ┣ 启动程序集：                Admin.NET.Web.Entry
      ┣ 进程名称：                  Admin.NET.Web.Entry
      ┣ 托管程序：                  Kestrel
      ┣ ━━━━━━━━━━━━━━━  请求头信息 ━━━━━━━━━━━━━━━
      ┣ 
      ┣ Accept：                    application/json, text/plain, */*
      ┣ Connection：                keep-alive
      ┣ Host：                      localhost:5005
      ┣ User-Agent：                Mozilla/5.0 (Windows NT 10.0; Win64; x64) AppleWebKit/537.36 (KHTML, like Gecko) Chrome/131.0.0.0 Safari/537.36
      ┣ Accept-Encoding：           gzip, deflate, br, zstd
      ┣ Accept-Language：           zh-cn
      ┣ Authorization：             Bearer eyJhbGciOiJIUzI1NiIsInR5cCI6IkpXVCJ9.eyJVc2VySWQiOjEzMDAwMDAwMDAxMDEsIlRlbmFudElkIjoxMzAwMDAwMDAwMDAxLCJBY2NvdW50Ijoic3VwZXJhZG1pbiIsIlJlYWxOYW1lIjoi6LaF57qn566h55CG5ZGYIiwiQWNjb3VudFR5cGUiOjk5OSwiT3JnSWQiOjAsIk9yZ05hbWUiOm51bGwsIk9yZ1R5cGUiOm51bGwsImlhdCI6MTczNjc3MzYzMCwibmJmIjoxNzM2NzczNjMwLCJleHAiOjE3MzczNzg0MzAsImlzcyI6Imd1eGluLmxpbmsiLCJhdWQiOiJndXhpbi5saW5rIn0.7yghNabJaXKI2uA1Ntrw8zMcPGWCeTTjXE-UINFnf5o
      ┣ Origin：                    http://localhost:8888
      ┣ Referer：                   http://localhost:8888/
      ┣ sec-ch-ua-platform：        "Windows"
      ┣ sec-ch-ua：                 "Google Chrome";v="131", "Chromium";v="131", "Not_A Brand";v="24"
      ┣ sec-ch-ua-mobile：          ?0
      ┣ DNT：                       1
      ┣ Sec-Fetch-Site：            same-site
      ┣ Sec-Fetch-Mode：            cors
      ┣ Sec-Fetch-Dest：            empty
      ┣ ━━━━━━━━━━━━━━━  参数列表 ━━━━━━━━━━━━━━━
      ┣ Content-Type：              
      ┣ 
      ┣ input (EnumInput)：         {"enumName":"AIModelOptionEnum"}
      ┣ ━━━━━━━━━━━━━━━  返回信息 ━━━━━━━━━━━━━━━
      ┣ HTTP响应状态码：            200
      ┣ 原始类型：                  System.Collections.Generic.List<Admin.NET.Core.EnumEntity>
      ┣ 最终类型：                  Admin.NET.Core.AdminResult<System.Object>
      ┣ 最终返回值：                {"code":200,"type":"success","message":"","result":[{"describe":"文本","name":"Text","value":0},{"describe":"数字","name":"Num","value":1},{"describe":"单选","name":"Radio","value":2},{"describe":"多选","name":"CheckBox","value":3},{"describe":"true，false","name":"Switch","value":4}],"extras":null,"time":"2025-01-13T21:27:58.562744+08:00"}
      ┗━━━━━━━━━━━  Logging Monitor ━━━━━━━━━━━
info: 2025-01-13 21:27:58.5803374 +08:00 星期一 L System.Logging.LoggingMonitor[0] #40 '00-f6eea9ea58de4b6dc63937a49e860433-72dc2be9a20f7e9b-00'
      [Furion.Pure.dll] async Task LoggingMonitorAttribute.MonitorAsync(MethodInfo actionMethod, IDictionary<string, object> parameterValues, FilterContext context, dynamic next)
      ┏━━━━━━━━━━━  Logging Monitor ━━━━━━━━━━━
      ┣ Admin.NET.Core.Service.SysEnumService.GetEnumDataList
      ┣ 
      ┣ 控制器名称：                SysEnumService
      ┣ 操作名称：                  GetEnumDataList
      ┣ 显示名称：                  通过枚举类型获取枚举值集合
      ┣ 路由信息：                  [area]: ; [controller]: sysEnum; [action]: enumDataList
      ┣ 请求方式：                  GET
      ┣ 请求地址：                  http://localhost:5005/api/sysEnum/enumDataList?EnumName=AIModelOptionEnum
      ┣ 来源地址：                  http://localhost:8888/
      ┣ 请求端源：                  client
      ┣ 浏览器标识：                Mozilla/5.0 (Windows NT 10.0; Win64; x64) AppleWebKit/537.36 (KHTML, like Gecko) Chrome/131.0.0.0 Safari/537.36
      ┣ 客户端区域语言：            zh-cn
      ┣ 客户端 IP 地址：            127.0.0.1
      ┣ 服务端 IP 地址：            127.0.0.1
      ┣ 客户端连接 ID：             00-f6eea9ea58de4b6dc63937a49e860433-72dc2be9a20f7e9b-00
      ┣ 服务线程 ID：               #40
      ┣ 执行耗时：                  0ms
      ┣ ━━━━━━━━━━━━━━━  Cookies ━━━━━━━━━━━━━━━
      ┣ 请求端：                    
      ┣ 响应端：                    
      ┣ ━━━━━━━━━━━━━━━  系统信息 ━━━━━━━━━━━━━━━
      ┣ 系统名称：                  Microsoft Windows 10.0.19045
      ┣ 系统架构：                  X64
      ┣ 基础框架：                  Furion.Pure v1.0.0.0
      ┣ .NET 架构：                 .NET 8.0.6
      ┣ ━━━━━━━━━━━━━━━  启动信息 ━━━━━━━━━━━━━━━
      ┣ 运行环境：                  Production
      ┣ 启动程序集：                Admin.NET.Web.Entry
      ┣ 进程名称：                  Admin.NET.Web.Entry
      ┣ 托管程序：                  Kestrel
      ┣ ━━━━━━━━━━━━━━━  请求头信息 ━━━━━━━━━━━━━━━
      ┣ 
      ┣ Accept：                    application/json, text/plain, */*
      ┣ Connection：                keep-alive
      ┣ Host：                      localhost:5005
      ┣ User-Agent：                Mozilla/5.0 (Windows NT 10.0; Win64; x64) AppleWebKit/537.36 (KHTML, like Gecko) Chrome/131.0.0.0 Safari/537.36
      ┣ Accept-Encoding：           gzip, deflate, br, zstd
      ┣ Accept-Language：           zh-cn
      ┣ Authorization：             Bearer eyJhbGciOiJIUzI1NiIsInR5cCI6IkpXVCJ9.eyJVc2VySWQiOjEzMDAwMDAwMDAxMDEsIlRlbmFudElkIjoxMzAwMDAwMDAwMDAxLCJBY2NvdW50Ijoic3VwZXJhZG1pbiIsIlJlYWxOYW1lIjoi6LaF57qn566h55CG5ZGYIiwiQWNjb3VudFR5cGUiOjk5OSwiT3JnSWQiOjAsIk9yZ05hbWUiOm51bGwsIk9yZ1R5cGUiOm51bGwsImlhdCI6MTczNjc3MzYzMCwibmJmIjoxNzM2NzczNjMwLCJleHAiOjE3MzczNzg0MzAsImlzcyI6Imd1eGluLmxpbmsiLCJhdWQiOiJndXhpbi5saW5rIn0.7yghNabJaXKI2uA1Ntrw8zMcPGWCeTTjXE-UINFnf5o
      ┣ Origin：                    http://localhost:8888
      ┣ Referer：                   http://localhost:8888/
      ┣ sec-ch-ua-platform：        "Windows"
      ┣ sec-ch-ua：                 "Google Chrome";v="131", "Chromium";v="131", "Not_A Brand";v="24"
      ┣ sec-ch-ua-mobile：          ?0
      ┣ DNT：                       1
      ┣ Sec-Fetch-Site：            same-site
      ┣ Sec-Fetch-Mode：            cors
      ┣ Sec-Fetch-Dest：            empty
      ┣ ━━━━━━━━━━━━━━━  参数列表 ━━━━━━━━━━━━━━━
      ┣ Content-Type：              
      ┣ 
      ┣ input (EnumInput)：         {"enumName":"AIModelOptionEnum"}
      ┣ ━━━━━━━━━━━━━━━  返回信息 ━━━━━━━━━━━━━━━
      ┣ HTTP响应状态码：            200
      ┣ 原始类型：                  System.Collections.Generic.List<Admin.NET.Core.EnumEntity>
      ┣ 最终类型：                  Admin.NET.Core.AdminResult<System.Object>
      ┣ 最终返回值：                {"code":200,"type":"success","message":"","result":[{"describe":"文本","name":"Text","value":0},{"describe":"数字","name":"Num","value":1},{"describe":"单选","name":"Radio","value":2},{"describe":"多选","name":"CheckBox","value":3},{"describe":"true，false","name":"Switch","value":4}],"extras":null,"time":"2025-01-13T21:27:58.5790678+08:00"}
      ┗━━━━━━━━━━━  Logging Monitor ━━━━━━━━━━━
info: 2025-01-13 21:27:58.8318566 +08:00 星期一 L System.Logging.LoggingMonitor[0] #14 '00-2577fc01cab125c0a03b3eb3cee9da92-8e2e3b473d644ab8-00'
      [Furion.Pure.dll] async Task LoggingMonitorAttribute.MonitorAsync(MethodInfo actionMethod, IDictionary<string, object> parameterValues, FilterContext context, dynamic next)
      ┏━━━━━━━━━━━  Logging Monitor ━━━━━━━━━━━
      ┣ Admin.NET.Core.Service.SysEnumService.GetEnumDataList
      ┣ 
      ┣ 控制器名称：                SysEnumService
      ┣ 操作名称：                  GetEnumDataList
      ┣ 显示名称：                  通过枚举类型获取枚举值集合
      ┣ 路由信息：                  [area]: ; [controller]: sysEnum; [action]: enumDataList
      ┣ 请求方式：                  GET
      ┣ 请求地址：                  http://localhost:5005/api/sysEnum/enumDataList?EnumName=AIModelOptionEnum
      ┣ 来源地址：                  http://localhost:8888/
      ┣ 请求端源：                  client
      ┣ 浏览器标识：                Mozilla/5.0 (Windows NT 10.0; Win64; x64) AppleWebKit/537.36 (KHTML, like Gecko) Chrome/131.0.0.0 Safari/537.36
      ┣ 客户端区域语言：            zh-cn
      ┣ 客户端 IP 地址：            127.0.0.1
      ┣ 服务端 IP 地址：            127.0.0.1
      ┣ 客户端连接 ID：             00-2577fc01cab125c0a03b3eb3cee9da92-8e2e3b473d644ab8-00
      ┣ 服务线程 ID：               #14
      ┣ 执行耗时：                  0ms
      ┣ ━━━━━━━━━━━━━━━  Cookies ━━━━━━━━━━━━━━━
      ┣ 请求端：                    
      ┣ 响应端：                    
      ┣ ━━━━━━━━━━━━━━━  系统信息 ━━━━━━━━━━━━━━━
      ┣ 系统名称：                  Microsoft Windows 10.0.19045
      ┣ 系统架构：                  X64
      ┣ 基础框架：                  Furion.Pure v1.0.0.0
      ┣ .NET 架构：                 .NET 8.0.6
      ┣ ━━━━━━━━━━━━━━━  启动信息 ━━━━━━━━━━━━━━━
      ┣ 运行环境：                  Production
      ┣ 启动程序集：                Admin.NET.Web.Entry
      ┣ 进程名称：                  Admin.NET.Web.Entry
      ┣ 托管程序：                  Kestrel
      ┣ ━━━━━━━━━━━━━━━  请求头信息 ━━━━━━━━━━━━━━━
      ┣ 
      ┣ Accept：                    application/json, text/plain, */*
      ┣ Connection：                keep-alive
      ┣ Host：                      localhost:5005
      ┣ User-Agent：                Mozilla/5.0 (Windows NT 10.0; Win64; x64) AppleWebKit/537.36 (KHTML, like Gecko) Chrome/131.0.0.0 Safari/537.36
      ┣ Accept-Encoding：           gzip, deflate, br, zstd
      ┣ Accept-Language：           zh-cn
      ┣ Authorization：             Bearer eyJhbGciOiJIUzI1NiIsInR5cCI6IkpXVCJ9.eyJVc2VySWQiOjEzMDAwMDAwMDAxMDEsIlRlbmFudElkIjoxMzAwMDAwMDAwMDAxLCJBY2NvdW50Ijoic3VwZXJhZG1pbiIsIlJlYWxOYW1lIjoi6LaF57qn566h55CG5ZGYIiwiQWNjb3VudFR5cGUiOjk5OSwiT3JnSWQiOjAsIk9yZ05hbWUiOm51bGwsIk9yZ1R5cGUiOm51bGwsImlhdCI6MTczNjc3MzYzMCwibmJmIjoxNzM2NzczNjMwLCJleHAiOjE3MzczNzg0MzAsImlzcyI6Imd1eGluLmxpbmsiLCJhdWQiOiJndXhpbi5saW5rIn0.7yghNabJaXKI2uA1Ntrw8zMcPGWCeTTjXE-UINFnf5o
      ┣ Origin：                    http://localhost:8888
      ┣ Referer：                   http://localhost:8888/
      ┣ sec-ch-ua-platform：        "Windows"
      ┣ sec-ch-ua：                 "Google Chrome";v="131", "Chromium";v="131", "Not_A Brand";v="24"
      ┣ sec-ch-ua-mobile：          ?0
      ┣ DNT：                       1
      ┣ Sec-Fetch-Site：            same-site
      ┣ Sec-Fetch-Mode：            cors
      ┣ Sec-Fetch-Dest：            empty
      ┣ ━━━━━━━━━━━━━━━  参数列表 ━━━━━━━━━━━━━━━
      ┣ Content-Type：              
      ┣ 
      ┣ input (EnumInput)：         {"enumName":"AIModelOptionEnum"}
      ┣ ━━━━━━━━━━━━━━━  返回信息 ━━━━━━━━━━━━━━━
      ┣ HTTP响应状态码：            200
      ┣ 原始类型：                  System.Collections.Generic.List<Admin.NET.Core.EnumEntity>
      ┣ 最终类型：                  Admin.NET.Core.AdminResult<System.Object>
      ┣ 最终返回值：                {"code":200,"type":"success","message":"","result":[{"describe":"文本","name":"Text","value":0},{"describe":"数字","name":"Num","value":1},{"describe":"单选","name":"Radio","value":2},{"describe":"多选","name":"CheckBox","value":3},{"describe":"true，false","name":"Switch","value":4}],"extras":null,"time":"2025-01-13T21:27:58.8311958+08:00"}
      ┗━━━━━━━━━━━  Logging Monitor ━━━━━━━━━━━
info: 2025-01-13 21:28:02.9140833 +08:00 星期一 L System.Logging.LoggingMonitor[0] #28 '00-69e2c306a9768bae63a7e16fb9dbf4cb-e0518871c49fc9a6-00'
      [Furion.Pure.dll] async Task LoggingMonitorAttribute.MonitorAsync(MethodInfo actionMethod, IDictionary<string, object> parameterValues, FilterContext context, dynamic next)
      ┏━━━━━━━━━━━  Logging Monitor ━━━━━━━━━━━
      ┣ Admin.NET.Application.ChatModelOptionsService.ModelDropdown
      ┣ 
      ┣ 控制器名称：                     ChatModelOptionsService
      ┣ 操作名称：                       ModelDropdown
      ┣ 显示名称：                       
      ┣ 路由信息：                       [area]: ; [controller]: chatModelOptions; [action]: modelDropdown
      ┣ 请求方式：                       GET
      ┣ 请求地址：                       http://localhost:5005/api/chatModelOptions/modelDropdown
      ┣ 来源地址：                       http://localhost:8888/
      ┣ 请求端源：                       client
      ┣ 浏览器标识：                     Mozilla/5.0 (Windows NT 10.0; Win64; x64) AppleWebKit/537.36 (KHTML, like Gecko) Chrome/131.0.0.0 Safari/537.36
      ┣ 客户端区域语言：                 zh-CN,zh;q=0.9
      ┣ 客户端 IP 地址：                 127.0.0.1
      ┣ 服务端 IP 地址：                 127.0.0.1
      ┣ 客户端连接 ID：                  00-69e2c306a9768bae63a7e16fb9dbf4cb-e0518871c49fc9a6-00
      ┣ 服务线程 ID：                    #13
      ┣ 执行耗时：                       131ms
      ┣ ━━━━━━━━━━━━━━━  Cookies ━━━━━━━━━━━━━━━
      ┣ 请求端：                         
      ┣ 响应端：                         
      ┣ ━━━━━━━━━━━━━━━  系统信息 ━━━━━━━━━━━━━━━
      ┣ 系统名称：                       Microsoft Windows 10.0.19045
      ┣ 系统架构：                       X64
      ┣ 基础框架：                       Furion.Pure v1.0.0.0
      ┣ .NET 架构：                      .NET 8.0.6
      ┣ ━━━━━━━━━━━━━━━  启动信息 ━━━━━━━━━━━━━━━
      ┣ 运行环境：                       Production
      ┣ 启动程序集：                     Admin.NET.Web.Entry
      ┣ 进程名称：                       Admin.NET.Web.Entry
      ┣ 托管程序：                       Kestrel
      ┣ ━━━━━━━━━━━━━━━  授权信息 ━━━━━━━━━━━━━━━
      ┣ JWT Token：                      Bearer eyJhbGciOiJIUzI1NiIsInR5cCI6IkpXVCJ9.eyJVc2VySWQiOjEzMDAwMDAwMDAxMDEsIlRlbmFudElkIjoxMzAwMDAwMDAwMDAxLCJBY2NvdW50Ijoic3VwZXJhZG1pbiIsIlJlYWxOYW1lIjoi6LaF57qn566h55CG5ZGYIiwiQWNjb3VudFR5cGUiOjk5OSwiT3JnSWQiOjAsIk9yZ05hbWUiOm51bGwsIk9yZ1R5cGUiOm51bGwsImlhdCI6MTczNjc3MzYzMCwibmJmIjoxNzM2NzczNjMwLCJleHAiOjE3MzczNzg0MzAsImlzcyI6Imd1eGluLmxpbmsiLCJhdWQiOiJndXhpbi5saW5rIn0.7yghNabJaXKI2uA1Ntrw8zMcPGWCeTTjXE-UINFnf5o
      ┣ 
      ┣ UserId (integer64)：             1300000000101
      ┣ TenantId (integer64)：           1300000000001
      ┣ Account (string)：               superadmin
      ┣ RealName (string)：              超级管理员
      ┣ AccountType (integer32)：        999
      ┣ OrgId (integer32)：              0
      ┣ OrgName (JSON_NULL)：            
      ┣ OrgType (JSON_NULL)：            
      ┣ iat (integer64)：                1736773630 (2025-01-13 21:07:10:0000(+08:00) 星期一 L)
      ┣ nbf (integer64)：                1736773630 (2025-01-13 21:07:10:0000(+08:00) 星期一 L)
      ┣ exp (integer64)：                1737378430 (2025-01-20 21:07:10:0000(+08:00) 星期一 L)
      ┣ iss (string)：                   guxin.link
      ┣ aud (string)：                   guxin.link
      ┣ ━━━━━━━━━━━━━━━  请求头信息 ━━━━━━━━━━━━━━━
      ┣ 
      ┣ Accept：                         application/json, text/plain, */*
      ┣ Connection：                     keep-alive
      ┣ Host：                           localhost:5005
      ┣ User-Agent：                     Mozilla/5.0 (Windows NT 10.0; Win64; x64) AppleWebKit/537.36 (KHTML, like Gecko) Chrome/131.0.0.0 Safari/537.36
      ┣ Accept-Encoding：                gzip, deflate, br, zstd
      ┣ Accept-Language：                zh-CN,zh;q=0.9
      ┣ Authorization：                  Bearer eyJhbGciOiJIUzI1NiIsInR5cCI6IkpXVCJ9.eyJVc2VySWQiOjEzMDAwMDAwMDAxMDEsIlRlbmFudElkIjoxMzAwMDAwMDAwMDAxLCJBY2NvdW50Ijoic3VwZXJhZG1pbiIsIlJlYWxOYW1lIjoi6LaF57qn566h55CG5ZGYIiwiQWNjb3VudFR5cGUiOjk5OSwiT3JnSWQiOjAsIk9yZ05hbWUiOm51bGwsIk9yZ1R5cGUiOm51bGwsImlhdCI6MTczNjc3MzYzMCwibmJmIjoxNzM2NzczNjMwLCJleHAiOjE3MzczNzg0MzAsImlzcyI6Imd1eGluLmxpbmsiLCJhdWQiOiJndXhpbi5saW5rIn0.7yghNabJaXKI2uA1Ntrw8zMcPGWCeTTjXE-UINFnf5o
      ┣ Origin：                         http://localhost:8888
      ┣ Referer：                        http://localhost:8888/
      ┣ sec-ch-ua-platform：             "Windows"
      ┣ sec-ch-ua：                      "Google Chrome";v="131", "Chromium";v="131", "Not_A Brand";v="24"
      ┣ DNT：                            1
      ┣ sec-ch-ua-mobile：               ?0
      ┣ Sec-Fetch-Site：                 same-site
      ┣ Sec-Fetch-Mode：                 cors
      ┣ Sec-Fetch-Dest：                 empty
      ┣ ━━━━━━━━━━━━━━━  返回信息 ━━━━━━━━━━━━━━━
      ┣ HTTP响应状态码：                 200
      ┣ 原始类型：                       System.Threading.Tasks.Task<System.Object>
      ┣ 最终类型：                       Admin.NET.Core.AdminResult<System.Object>
      ┣ 最终返回值：                     {"code":200,"type":"success","message":"","result":[{"label":"GPT-3.5","value":"gpt-3.5-turbo"},{"label":"GPT-3.5 16K","value":"3.5-turbo-16k"},{"label":"GPT-4","value":"gpt-4"},{"label":"GPT-4 Turbo","value":"pt-4-1106-preview"},{"label":"GPT-4V","value":"gpt-4-vision-preview"},{"label":"星火大模型V1.5","value":"讯飞星火:general"},{"label":"星火大模型V2.0","value":"讯飞星火:generalv2"},{"label":"星火大模型V3.0","value":"讯飞星火:generalv3"},{"label":"通义千问 Turbo","value":"灵积:qwen-turbo"},{"label":"通义千问 Plus","value":"灵积:q
      ┗━━━━━━━━━━━  Logging Monitor ━━━━━━━━━━━
info: 2025-01-13 21:28:03.0940597 +08:00 星期一 L System.Logging.LoggingMonitor[0] #28 '00-466a2baa22a37413a9531cfb51416693-7a834a5e564407b2-00'
      [Furion.Pure.dll] async Task LoggingMonitorAttribute.MonitorAsync(MethodInfo actionMethod, IDictionary<string, object> parameterValues, FilterContext context, dynamic next)
      ┏━━━━━━━━━━━  Logging Monitor ━━━━━━━━━━━
      ┣ Admin.NET.Application.ChatModelOptionsService.ModelDropdown
      ┣ 
      ┣ 控制器名称：                     ChatModelOptionsService
      ┣ 操作名称：                       ModelDropdown
      ┣ 显示名称：                       
      ┣ 路由信息：                       [area]: ; [controller]: chatModelOptions; [action]: modelDropdown
      ┣ 请求方式：                       GET
      ┣ 请求地址：                       http://localhost:5005/api/chatModelOptions/modelDropdown
      ┣ 来源地址：                       http://localhost:8888/
      ┣ 请求端源：                       client
      ┣ 浏览器标识：                     Mozilla/5.0 (Windows NT 10.0; Win64; x64) AppleWebKit/537.36 (KHTML, like Gecko) Chrome/131.0.0.0 Safari/537.36
      ┣ 客户端区域语言：                 zh-CN,zh;q=0.9
      ┣ 客户端 IP 地址：                 127.0.0.1
      ┣ 服务端 IP 地址：                 127.0.0.1
      ┣ 客户端连接 ID：                  00-466a2baa22a37413a9531cfb51416693-7a834a5e564407b2-00
      ┣ 服务线程 ID：                    #28
      ┣ 执行耗时：                       56ms
      ┣ ━━━━━━━━━━━━━━━  Cookies ━━━━━━━━━━━━━━━
      ┣ 请求端：                         
      ┣ 响应端：                         
      ┣ ━━━━━━━━━━━━━━━  系统信息 ━━━━━━━━━━━━━━━
      ┣ 系统名称：                       Microsoft Windows 10.0.19045
      ┣ 系统架构：                       X64
      ┣ 基础框架：                       Furion.Pure v1.0.0.0
      ┣ .NET 架构：                      .NET 8.0.6
      ┣ ━━━━━━━━━━━━━━━  启动信息 ━━━━━━━━━━━━━━━
      ┣ 运行环境：                       Production
      ┣ 启动程序集：                     Admin.NET.Web.Entry
      ┣ 进程名称：                       Admin.NET.Web.Entry
      ┣ 托管程序：                       Kestrel
      ┣ ━━━━━━━━━━━━━━━  授权信息 ━━━━━━━━━━━━━━━
      ┣ JWT Token：                      Bearer eyJhbGciOiJIUzI1NiIsInR5cCI6IkpXVCJ9.eyJVc2VySWQiOjEzMDAwMDAwMDAxMDEsIlRlbmFudElkIjoxMzAwMDAwMDAwMDAxLCJBY2NvdW50Ijoic3VwZXJhZG1pbiIsIlJlYWxOYW1lIjoi6LaF57qn566h55CG5ZGYIiwiQWNjb3VudFR5cGUiOjk5OSwiT3JnSWQiOjAsIk9yZ05hbWUiOm51bGwsIk9yZ1R5cGUiOm51bGwsImlhdCI6MTczNjc3MzYzMCwibmJmIjoxNzM2NzczNjMwLCJleHAiOjE3MzczNzg0MzAsImlzcyI6Imd1eGluLmxpbmsiLCJhdWQiOiJndXhpbi5saW5rIn0.7yghNabJaXKI2uA1Ntrw8zMcPGWCeTTjXE-UINFnf5o
      ┣ 
      ┣ UserId (integer64)：             1300000000101
      ┣ TenantId (integer64)：           1300000000001
      ┣ Account (string)：               superadmin
      ┣ RealName (string)：              超级管理员
      ┣ AccountType (integer32)：        999
      ┣ OrgId (integer32)：              0
      ┣ OrgName (JSON_NULL)：            
      ┣ OrgType (JSON_NULL)：            
      ┣ iat (integer64)：                1736773630 (2025-01-13 21:07:10:0000(+08:00) 星期一 L)
      ┣ nbf (integer64)：                1736773630 (2025-01-13 21:07:10:0000(+08:00) 星期一 L)
      ┣ exp (integer64)：                1737378430 (2025-01-20 21:07:10:0000(+08:00) 星期一 L)
      ┣ iss (string)：                   guxin.link
      ┣ aud (string)：                   guxin.link
      ┣ ━━━━━━━━━━━━━━━  请求头信息 ━━━━━━━━━━━━━━━
      ┣ 
      ┣ Accept：                         application/json, text/plain, */*
      ┣ Connection：                     keep-alive
      ┣ Host：                           localhost:5005
      ┣ User-Agent：                     Mozilla/5.0 (Windows NT 10.0; Win64; x64) AppleWebKit/537.36 (KHTML, like Gecko) Chrome/131.0.0.0 Safari/537.36
      ┣ Accept-Encoding：                gzip, deflate, br, zstd
      ┣ Accept-Language：                zh-CN,zh;q=0.9
      ┣ Authorization：                  Bearer eyJhbGciOiJIUzI1NiIsInR5cCI6IkpXVCJ9.eyJVc2VySWQiOjEzMDAwMDAwMDAxMDEsIlRlbmFudElkIjoxMzAwMDAwMDAwMDAxLCJBY2NvdW50Ijoic3VwZXJhZG1pbiIsIlJlYWxOYW1lIjoi6LaF57qn566h55CG5ZGYIiwiQWNjb3VudFR5cGUiOjk5OSwiT3JnSWQiOjAsIk9yZ05hbWUiOm51bGwsIk9yZ1R5cGUiOm51bGwsImlhdCI6MTczNjc3MzYzMCwibmJmIjoxNzM2NzczNjMwLCJleHAiOjE3MzczNzg0MzAsImlzcyI6Imd1eGluLmxpbmsiLCJhdWQiOiJndXhpbi5saW5rIn0.7yghNabJaXKI2uA1Ntrw8zMcPGWCeTTjXE-UINFnf5o
      ┣ Origin：                         http://localhost:8888
      ┣ Referer：                        http://localhost:8888/
      ┣ sec-ch-ua-platform：             "Windows"
      ┣ sec-ch-ua：                      "Google Chrome";v="131", "Chromium";v="131", "Not_A Brand";v="24"
      ┣ DNT：                            1
      ┣ sec-ch-ua-mobile：               ?0
      ┣ Sec-Fetch-Site：                 same-site
      ┣ Sec-Fetch-Mode：                 cors
      ┣ Sec-Fetch-Dest：                 empty
      ┣ ━━━━━━━━━━━━━━━  返回信息 ━━━━━━━━━━━━━━━
      ┣ HTTP响应状态码：                 200
      ┣ 原始类型：                       System.Threading.Tasks.Task<System.Object>
      ┣ 最终类型：                       Admin.NET.Core.AdminResult<System.Object>
      ┣ 最终返回值：                     {"code":200,"type":"success","message":"","result":[{"label":"GPT-3.5","value":"gpt-3.5-turbo"},{"label":"GPT-3.5 16K","value":"3.5-turbo-16k"},{"label":"GPT-4","value":"gpt-4"},{"label":"GPT-4 Turbo","value":"pt-4-1106-preview"},{"label":"GPT-4V","value":"gpt-4-vision-preview"},{"label":"星火大模型V1.5","value":"讯飞星火:general"},{"label":"星火大模型V2.0","value":"讯飞星火:generalv2"},{"label":"星火大模型V3.0","value":"讯飞星火:generalv3"},{"label":"通义千问 Turbo","value":"灵积:qwen-turbo"},{"label":"通义千问 Plus","value":"灵积:q
      ┗━━━━━━━━━━━  Logging Monitor ━━━━━━━━━━━
info: 2025-01-13 21:28:03.2763554 +08:00 星期一 L System.Logging.LoggingMonitor[0] #40 '00-861d3dd095f2d281d43e85ba63c25930-96936b163705ce1b-00'
      [Furion.Pure.dll] async Task LoggingMonitorAttribute.MonitorAsync(MethodInfo actionMethod, IDictionary<string, object> parameterValues, FilterContext context, dynamic next)
      ┏━━━━━━━━━━━  Logging Monitor ━━━━━━━━━━━
      ┣ Admin.NET.Application.ChatModelOptionsService.ModelDropdown
      ┣ 
      ┣ 控制器名称：                     ChatModelOptionsService
      ┣ 操作名称：                       ModelDropdown
      ┣ 显示名称：                       
      ┣ 路由信息：                       [area]: ; [controller]: chatModelOptions; [action]: modelDropdown
      ┣ 请求方式：                       GET
      ┣ 请求地址：                       http://localhost:5005/api/chatModelOptions/modelDropdown
      ┣ 来源地址：                       http://localhost:8888/
      ┣ 请求端源：                       client
      ┣ 浏览器标识：                     Mozilla/5.0 (Windows NT 10.0; Win64; x64) AppleWebKit/537.36 (KHTML, like Gecko) Chrome/131.0.0.0 Safari/537.36
      ┣ 客户端区域语言：                 zh-CN,zh;q=0.9
      ┣ 客户端 IP 地址：                 127.0.0.1
      ┣ 服务端 IP 地址：                 127.0.0.1
      ┣ 客户端连接 ID：                  00-861d3dd095f2d281d43e85ba63c25930-96936b163705ce1b-00
      ┣ 服务线程 ID：                    #40
      ┣ 执行耗时：                       53ms
      ┣ ━━━━━━━━━━━━━━━  Cookies ━━━━━━━━━━━━━━━
      ┣ 请求端：                         
      ┣ 响应端：                         
      ┣ ━━━━━━━━━━━━━━━  系统信息 ━━━━━━━━━━━━━━━
      ┣ 系统名称：                       Microsoft Windows 10.0.19045
      ┣ 系统架构：                       X64
      ┣ 基础框架：                       Furion.Pure v1.0.0.0
      ┣ .NET 架构：                      .NET 8.0.6
      ┣ ━━━━━━━━━━━━━━━  启动信息 ━━━━━━━━━━━━━━━
      ┣ 运行环境：                       Production
      ┣ 启动程序集：                     Admin.NET.Web.Entry
      ┣ 进程名称：                       Admin.NET.Web.Entry
      ┣ 托管程序：                       Kestrel
      ┣ ━━━━━━━━━━━━━━━  授权信息 ━━━━━━━━━━━━━━━
      ┣ JWT Token：                      Bearer eyJhbGciOiJIUzI1NiIsInR5cCI6IkpXVCJ9.eyJVc2VySWQiOjEzMDAwMDAwMDAxMDEsIlRlbmFudElkIjoxMzAwMDAwMDAwMDAxLCJBY2NvdW50Ijoic3VwZXJhZG1pbiIsIlJlYWxOYW1lIjoi6LaF57qn566h55CG5ZGYIiwiQWNjb3VudFR5cGUiOjk5OSwiT3JnSWQiOjAsIk9yZ05hbWUiOm51bGwsIk9yZ1R5cGUiOm51bGwsImlhdCI6MTczNjc3MzYzMCwibmJmIjoxNzM2NzczNjMwLCJleHAiOjE3MzczNzg0MzAsImlzcyI6Imd1eGluLmxpbmsiLCJhdWQiOiJndXhpbi5saW5rIn0.7yghNabJaXKI2uA1Ntrw8zMcPGWCeTTjXE-UINFnf5o
      ┣ 
      ┣ UserId (integer64)：             1300000000101
      ┣ TenantId (integer64)：           1300000000001
      ┣ Account (string)：               superadmin
      ┣ RealName (string)：              超级管理员
      ┣ AccountType (integer32)：        999
      ┣ OrgId (integer32)：              0
      ┣ OrgName (JSON_NULL)：            
      ┣ OrgType (JSON_NULL)：            
      ┣ iat (integer64)：                1736773630 (2025-01-13 21:07:10:0000(+08:00) 星期一 L)
      ┣ nbf (integer64)：                1736773630 (2025-01-13 21:07:10:0000(+08:00) 星期一 L)
      ┣ exp (integer64)：                1737378430 (2025-01-20 21:07:10:0000(+08:00) 星期一 L)
      ┣ iss (string)：                   guxin.link
      ┣ aud (string)：                   guxin.link
      ┣ ━━━━━━━━━━━━━━━  请求头信息 ━━━━━━━━━━━━━━━
      ┣ 
      ┣ Accept：                         application/json, text/plain, */*
      ┣ Connection：                     keep-alive
      ┣ Host：                           localhost:5005
      ┣ User-Agent：                     Mozilla/5.0 (Windows NT 10.0; Win64; x64) AppleWebKit/537.36 (KHTML, like Gecko) Chrome/131.0.0.0 Safari/537.36
      ┣ Accept-Encoding：                gzip, deflate, br, zstd
      ┣ Accept-Language：                zh-CN,zh;q=0.9
      ┣ Authorization：                  Bearer eyJhbGciOiJIUzI1NiIsInR5cCI6IkpXVCJ9.eyJVc2VySWQiOjEzMDAwMDAwMDAxMDEsIlRlbmFudElkIjoxMzAwMDAwMDAwMDAxLCJBY2NvdW50Ijoic3VwZXJhZG1pbiIsIlJlYWxOYW1lIjoi6LaF57qn566h55CG5ZGYIiwiQWNjb3VudFR5cGUiOjk5OSwiT3JnSWQiOjAsIk9yZ05hbWUiOm51bGwsIk9yZ1R5cGUiOm51bGwsImlhdCI6MTczNjc3MzYzMCwibmJmIjoxNzM2NzczNjMwLCJleHAiOjE3MzczNzg0MzAsImlzcyI6Imd1eGluLmxpbmsiLCJhdWQiOiJndXhpbi5saW5rIn0.7yghNabJaXKI2uA1Ntrw8zMcPGWCeTTjXE-UINFnf5o
      ┣ Origin：                         http://localhost:8888
      ┣ Referer：                        http://localhost:8888/
      ┣ sec-ch-ua-platform：             "Windows"
      ┣ sec-ch-ua：                      "Google Chrome";v="131", "Chromium";v="131", "Not_A Brand";v="24"
      ┣ DNT：                            1
      ┣ sec-ch-ua-mobile：               ?0
      ┣ Sec-Fetch-Site：                 same-site
      ┣ Sec-Fetch-Mode：                 cors
      ┣ Sec-Fetch-Dest：                 empty
      ┣ ━━━━━━━━━━━━━━━  返回信息 ━━━━━━━━━━━━━━━
      ┣ HTTP响应状态码：                 200
      ┣ 原始类型：                       System.Threading.Tasks.Task<System.Object>
      ┣ 最终类型：                       Admin.NET.Core.AdminResult<System.Object>
      ┣ 最终返回值：                     {"code":200,"type":"success","message":"","result":[{"label":"GPT-3.5","value":"gpt-3.5-turbo"},{"label":"GPT-3.5 16K","value":"3.5-turbo-16k"},{"label":"GPT-4","value":"gpt-4"},{"label":"GPT-4 Turbo","value":"pt-4-1106-preview"},{"label":"GPT-4V","value":"gpt-4-vision-preview"},{"label":"星火大模型V1.5","value":"讯飞星火:general"},{"label":"星火大模型V2.0","value":"讯飞星火:generalv2"},{"label":"星火大模型V3.0","value":"讯飞星火:generalv3"},{"label":"通义千问 Turbo","value":"灵积:qwen-turbo"},{"label":"通义千问 Plus","value":"灵积:q
      ┗━━━━━━━━━━━  Logging Monitor ━━━━━━━━━━━
info: 2025-01-13 21:28:27.0278720 +08:00 星期一 L System.Logging.LoggingMonitor[0] #13 '00-6a2f5c518f8e828236e03e9a0a7f876a-eb51248465c535b6-00'
      [Furion.Pure.dll] async Task LoggingMonitorAttribute.MonitorAsync(MethodInfo actionMethod, IDictionary<string, object> parameterValues, FilterContext context, dynamic next)
      ┏━━━━━━━━━━━  Logging Monitor ━━━━━━━━━━━
      ┣ Admin.NET.Core.Service.SysAuthService.GetUserInfo
      ┣ 
      ┣ 控制器名称：                     SysAuthService
      ┣ 操作名称：                       GetUserInfo
      ┣ 显示名称：                       获取登录账号
      ┣ 路由信息：                       [area]: ; [controller]: sysAuth; [action]: userInfo
      ┣ 请求方式：                       GET
      ┣ 请求地址：                       http://localhost:5005/api/sysAuth/userInfo
      ┣ 来源地址：                       http://localhost:8888/
      ┣ 请求端源：                       client
      ┣ 浏览器标识：                     Mozilla/5.0 (Windows NT 10.0; Win64; x64) AppleWebKit/537.36 (KHTML, like Gecko) Chrome/131.0.0.0 Safari/537.36
      ┣ 客户端区域语言：                 zh-cn
      ┣ 客户端 IP 地址：                 127.0.0.1
      ┣ 服务端 IP 地址：                 127.0.0.1
      ┣ 客户端连接 ID：                  00-6a2f5c518f8e828236e03e9a0a7f876a-eb51248465c535b6-00
      ┣ 服务线程 ID：                    #13
      ┣ 执行耗时：                       209ms
      ┣ ━━━━━━━━━━━━━━━  Cookies ━━━━━━━━━━━━━━━
      ┣ 请求端：                         
      ┣ 响应端：                         
      ┣ ━━━━━━━━━━━━━━━  系统信息 ━━━━━━━━━━━━━━━
      ┣ 系统名称：                       Microsoft Windows 10.0.19045
      ┣ 系统架构：                       X64
      ┣ 基础框架：                       Furion.Pure v1.0.0.0
      ┣ .NET 架构：                      .NET 8.0.6
      ┣ ━━━━━━━━━━━━━━━  启动信息 ━━━━━━━━━━━━━━━
      ┣ 运行环境：                       Production
      ┣ 启动程序集：                     Admin.NET.Web.Entry
      ┣ 进程名称：                       Admin.NET.Web.Entry
      ┣ 托管程序：                       Kestrel
      ┣ ━━━━━━━━━━━━━━━  授权信息 ━━━━━━━━━━━━━━━
      ┣ JWT Token：                      Bearer eyJhbGciOiJIUzI1NiIsInR5cCI6IkpXVCJ9.eyJVc2VySWQiOjEzMDAwMDAwMDAxMDEsIlRlbmFudElkIjoxMzAwMDAwMDAwMDAxLCJBY2NvdW50Ijoic3VwZXJhZG1pbiIsIlJlYWxOYW1lIjoi6LaF57qn566h55CG5ZGYIiwiQWNjb3VudFR5cGUiOjk5OSwiT3JnSWQiOjAsIk9yZ05hbWUiOm51bGwsIk9yZ1R5cGUiOm51bGwsImlhdCI6MTczNjc3MzYzMCwibmJmIjoxNzM2NzczNjMwLCJleHAiOjE3MzczNzg0MzAsImlzcyI6Imd1eGluLmxpbmsiLCJhdWQiOiJndXhpbi5saW5rIn0.7yghNabJaXKI2uA1Ntrw8zMcPGWCeTTjXE-UINFnf5o
      ┣ 
      ┣ UserId (integer64)：             1300000000101
      ┣ TenantId (integer64)：           1300000000001
      ┣ Account (string)：               superadmin
      ┣ RealName (string)：              超级管理员
      ┣ AccountType (integer32)：        999
      ┣ OrgId (integer32)：              0
      ┣ OrgName (JSON_NULL)：            
      ┣ OrgType (JSON_NULL)：            
      ┣ iat (integer64)：                1736773630 (2025-01-13 21:07:10:0000(+08:00) 星期一 L)
      ┣ nbf (integer64)：                1736773630 (2025-01-13 21:07:10:0000(+08:00) 星期一 L)
      ┣ exp (integer64)：                1737378430 (2025-01-20 21:07:10:0000(+08:00) 星期一 L)
      ┣ iss (string)：                   guxin.link
      ┣ aud (string)：                   guxin.link
      ┣ ━━━━━━━━━━━━━━━  请求头信息 ━━━━━━━━━━━━━━━
      ┣ 
      ┣ Accept：                         application/json, text/plain, */*
      ┣ Connection：                     keep-alive
      ┣ Host：                           localhost:5005
      ┣ User-Agent：                     Mozilla/5.0 (Windows NT 10.0; Win64; x64) AppleWebKit/537.36 (KHTML, like Gecko) Chrome/131.0.0.0 Safari/537.36
      ┣ Accept-Encoding：                gzip, deflate, br, zstd
      ┣ Accept-Language：                zh-cn
      ┣ Authorization：                  Bearer eyJhbGciOiJIUzI1NiIsInR5cCI6IkpXVCJ9.eyJVc2VySWQiOjEzMDAwMDAwMDAxMDEsIlRlbmFudElkIjoxMzAwMDAwMDAwMDAxLCJBY2NvdW50Ijoic3VwZXJhZG1pbiIsIlJlYWxOYW1lIjoi6LaF57qn566h55CG5ZGYIiwiQWNjb3VudFR5cGUiOjk5OSwiT3JnSWQiOjAsIk9yZ05hbWUiOm51bGwsIk9yZ1R5cGUiOm51bGwsImlhdCI6MTczNjc3MzYzMCwibmJmIjoxNzM2NzczNjMwLCJleHAiOjE3MzczNzg0MzAsImlzcyI6Imd1eGluLmxpbmsiLCJhdWQiOiJndXhpbi5saW5rIn0.7yghNabJaXKI2uA1Ntrw8zMcPGWCeTTjXE-UINFnf5o
      ┣ Cache-Control：                  no-cache
      ┣ Origin：                         http://localhost:8888
      ┣ Pragma：                         no-cache
      ┣ Referer：                        http://localhost:8888/
      ┣ sec-ch-ua-platform：             "Windows"
      ┣ sec-ch-ua：                      "Google Chrome";v="131", "Chromium";v="131", "Not_A Brand";v="24"
      ┣ sec-ch-ua-mobile：               ?0
      ┣ DNT：                            1
      ┣ Sec-Fetch-Site：                 same-site
      ┣ Sec-Fetch-Mode：                 cors
      ┣ Sec-Fetch-Dest：                 empty
      ┣ ━━━━━━━━━━━━━━━  返回信息 ━━━━━━━━━━━━━━━
      ┣ HTTP响应状态码：                 200
      ┣ 原始类型：                       System.Threading.Tasks.Task<Admin.NET.Core.Service.LoginUserOutput>
      ┣ 最终类型：                       Admin.NET.Core.AdminResult<System.Object>
      ┣ 最终返回值：                     {"code":200,"type":"success","message":"","result":{"id":"1300000000101","account":"superadmin","realName":"超级管理员","accountType":999,"avatar":null,"introduction":null,"address":null,"signature":null,"orgId":"0","orgName":null,"orgType":null,"posName":null,"buttons":["sysUser:page","sysUser:update","sysUser:add","sysUser:delete","sysUser:detail","sysUser:grantRole","sysUser:resetPwd","sysUser:setStatus","sysOnlineUser:forceOffline","sysRole:page","sysRole:update","sysRole:add","sysRole:delete","s
      ┗━━━━━━━━━━━  Logging Monitor ━━━━━━━━━━━
info: 2025-01-13 21:28:27.3895793 +08:00 星期一 L System.Logging.LoggingMonitor[0] #13 '00-35652bffb6d855065f91a614a447db51-a5880f9fb67e5b4f-00'
      [Furion.Pure.dll] async Task LoggingMonitorAttribute.MonitorAsync(MethodInfo actionMethod, IDictionary<string, object> parameterValues, FilterContext context, dynamic next)
      ┏━━━━━━━━━━━  Logging Monitor ━━━━━━━━━━━
      ┣ Admin.NET.Core.Service.SysMenuService.GetLoginMenuTree
      ┣ 
      ┣ 控制器名称：                     SysMenuService
      ┣ 操作名称：                       GetLoginMenuTree
      ┣ 显示名称：                       获取登录菜单树
      ┣ 路由信息：                       [area]: ; [controller]: sysMenu; [action]: loginMenuTree
      ┣ 请求方式：                       GET
      ┣ 请求地址：                       http://localhost:5005/api/sysMenu/loginMenuTree
      ┣ 来源地址：                       http://localhost:8888/
      ┣ 请求端源：                       client
      ┣ 浏览器标识：                     Mozilla/5.0 (Windows NT 10.0; Win64; x64) AppleWebKit/537.36 (KHTML, like Gecko) Chrome/131.0.0.0 Safari/537.36
      ┣ 客户端区域语言：                 zh-cn
      ┣ 客户端 IP 地址：                 127.0.0.1
      ┣ 服务端 IP 地址：                 127.0.0.1
      ┣ 客户端连接 ID：                  00-35652bffb6d855065f91a614a447db51-a5880f9fb67e5b4f-00
      ┣ 服务线程 ID：                    #13
      ┣ 执行耗时：                       101ms
      ┣ ━━━━━━━━━━━━━━━  Cookies ━━━━━━━━━━━━━━━
      ┣ 请求端：                         
      ┣ 响应端：                         
      ┣ ━━━━━━━━━━━━━━━  系统信息 ━━━━━━━━━━━━━━━
      ┣ 系统名称：                       Microsoft Windows 10.0.19045
      ┣ 系统架构：                       X64
      ┣ 基础框架：                       Furion.Pure v1.0.0.0
      ┣ .NET 架构：                      .NET 8.0.6
      ┣ ━━━━━━━━━━━━━━━  启动信息 ━━━━━━━━━━━━━━━
      ┣ 运行环境：                       Production
      ┣ 启动程序集：                     Admin.NET.Web.Entry
      ┣ 进程名称：                       Admin.NET.Web.Entry
      ┣ 托管程序：                       Kestrel
      ┣ ━━━━━━━━━━━━━━━  授权信息 ━━━━━━━━━━━━━━━
      ┣ JWT Token：                      Bearer eyJhbGciOiJIUzI1NiIsInR5cCI6IkpXVCJ9.eyJVc2VySWQiOjEzMDAwMDAwMDAxMDEsIlRlbmFudElkIjoxMzAwMDAwMDAwMDAxLCJBY2NvdW50Ijoic3VwZXJhZG1pbiIsIlJlYWxOYW1lIjoi6LaF57qn566h55CG5ZGYIiwiQWNjb3VudFR5cGUiOjk5OSwiT3JnSWQiOjAsIk9yZ05hbWUiOm51bGwsIk9yZ1R5cGUiOm51bGwsImlhdCI6MTczNjc3MzYzMCwibmJmIjoxNzM2NzczNjMwLCJleHAiOjE3MzczNzg0MzAsImlzcyI6Imd1eGluLmxpbmsiLCJhdWQiOiJndXhpbi5saW5rIn0.7yghNabJaXKI2uA1Ntrw8zMcPGWCeTTjXE-UINFnf5o
      ┣ 
      ┣ UserId (integer64)：             1300000000101
      ┣ TenantId (integer64)：           1300000000001
      ┣ Account (string)：               superadmin
      ┣ RealName (string)：              超级管理员
      ┣ AccountType (integer32)：        999
      ┣ OrgId (integer32)：              0
      ┣ OrgName (JSON_NULL)：            
      ┣ OrgType (JSON_NULL)：            
      ┣ iat (integer64)：                1736773630 (2025-01-13 21:07:10:0000(+08:00) 星期一 L)
      ┣ nbf (integer64)：                1736773630 (2025-01-13 21:07:10:0000(+08:00) 星期一 L)
      ┣ exp (integer64)：                1737378430 (2025-01-20 21:07:10:0000(+08:00) 星期一 L)
      ┣ iss (string)：                   guxin.link
      ┣ aud (string)：                   guxin.link
      ┣ ━━━━━━━━━━━━━━━  请求头信息 ━━━━━━━━━━━━━━━
      ┣ 
      ┣ Accept：                         application/json, text/plain, */*
      ┣ Connection：                     keep-alive
      ┣ Host：                           localhost:5005
      ┣ User-Agent：                     Mozilla/5.0 (Windows NT 10.0; Win64; x64) AppleWebKit/537.36 (KHTML, like Gecko) Chrome/131.0.0.0 Safari/537.36
      ┣ Accept-Encoding：                gzip, deflate, br, zstd
      ┣ Accept-Language：                zh-cn
      ┣ Authorization：                  Bearer eyJhbGciOiJIUzI1NiIsInR5cCI6IkpXVCJ9.eyJVc2VySWQiOjEzMDAwMDAwMDAxMDEsIlRlbmFudElkIjoxMzAwMDAwMDAwMDAxLCJBY2NvdW50Ijoic3VwZXJhZG1pbiIsIlJlYWxOYW1lIjoi6LaF57qn566h55CG5ZGYIiwiQWNjb3VudFR5cGUiOjk5OSwiT3JnSWQiOjAsIk9yZ05hbWUiOm51bGwsIk9yZ1R5cGUiOm51bGwsImlhdCI6MTczNjc3MzYzMCwibmJmIjoxNzM2NzczNjMwLCJleHAiOjE3MzczNzg0MzAsImlzcyI6Imd1eGluLmxpbmsiLCJhdWQiOiJndXhpbi5saW5rIn0.7yghNabJaXKI2uA1Ntrw8zMcPGWCeTTjXE-UINFnf5o
      ┣ Cache-Control：                  no-cache
      ┣ Origin：                         http://localhost:8888
      ┣ Pragma：                         no-cache
      ┣ Referer：                        http://localhost:8888/
      ┣ sec-ch-ua-platform：             "Windows"
      ┣ sec-ch-ua：                      "Google Chrome";v="131", "Chromium";v="131", "Not_A Brand";v="24"
      ┣ sec-ch-ua-mobile：               ?0
      ┣ DNT：                            1
      ┣ Sec-Fetch-Site：                 same-site
      ┣ Sec-Fetch-Mode：                 cors
      ┣ Sec-Fetch-Dest：                 empty
      ┣ ━━━━━━━━━━━━━━━  返回信息 ━━━━━━━━━━━━━━━
      ┣ HTTP响应状态码：                 200
      ┣ 原始类型：                       System.Threading.Tasks.Task<System.Collections.Generic.List<Admin.NET.Core.Service.MenuOutput>>
      ┣ 最终类型：                       Admin.NET.Core.AdminResult<System.Object>
      ┣ 最终返回值：                     {"code":200,"type":"success","message":"","result":[{"id":"1300000000101","pid":"0","type":1,"name":"dashboard","path":"/dashboard","component":"Layout","permission":null,"redirect":null,"orderNo":0,"status":1,"remark":null,"createTime":"2023-12-25T01:49:24","updateTime":"2024-09-17T00:41:21","createUserName":null,"updateUserName":null,"meta":{"title":"工作台","icon":"ele-HomeFilled","isIframe":false,"isLink":null,"isHide":false,"isKeepAlive":true,"isAffix":false},"children":[{"id":"1300000000111",
      ┗━━━━━━━━━━━  Logging Monitor ━━━━━━━━━━━
info: 2025-01-13 21:28:27.7023948 +08:00 星期一 L System.Logging.LoggingMonitor[0] #13 '00-9eadbca24dd57be9614462852d607aa3-8bcf63b7c8a27f5d-00'
      [Furion.Pure.dll] async Task LoggingMonitorAttribute.MonitorAsync(MethodInfo actionMethod, IDictionary<string, object> parameterValues, FilterContext context, dynamic next)
      ┏━━━━━━━━━━━  Logging Monitor ━━━━━━━━━━━
      ┣ Admin.NET.Core.Service.SysEnumService.GetEnumDataList
      ┣ 
      ┣ 控制器名称：                SysEnumService
      ┣ 操作名称：                  GetEnumDataList
      ┣ 显示名称：                  通过枚举类型获取枚举值集合
      ┣ 路由信息：                  [area]: ; [controller]: sysEnum; [action]: enumDataList
      ┣ 请求方式：                  GET
      ┣ 请求地址：                  http://localhost:5005/api/sysEnum/enumDataList?EnumName=AIModelOptionEnum
      ┣ 来源地址：                  http://localhost:8888/
      ┣ 请求端源：                  client
      ┣ 浏览器标识：                Mozilla/5.0 (Windows NT 10.0; Win64; x64) AppleWebKit/537.36 (KHTML, like Gecko) Chrome/131.0.0.0 Safari/537.36
      ┣ 客户端区域语言：            zh-cn
      ┣ 客户端 IP 地址：            127.0.0.1
      ┣ 服务端 IP 地址：            127.0.0.1
      ┣ 客户端连接 ID：             00-9eadbca24dd57be9614462852d607aa3-8bcf63b7c8a27f5d-00
      ┣ 服务线程 ID：               #13
      ┣ 执行耗时：                  0ms
      ┣ ━━━━━━━━━━━━━━━  Cookies ━━━━━━━━━━━━━━━
      ┣ 请求端：                    
      ┣ 响应端：                    
      ┣ ━━━━━━━━━━━━━━━  系统信息 ━━━━━━━━━━━━━━━
      ┣ 系统名称：                  Microsoft Windows 10.0.19045
      ┣ 系统架构：                  X64
      ┣ 基础框架：                  Furion.Pure v1.0.0.0
      ┣ .NET 架构：                 .NET 8.0.6
      ┣ ━━━━━━━━━━━━━━━  启动信息 ━━━━━━━━━━━━━━━
      ┣ 运行环境：                  Production
      ┣ 启动程序集：                Admin.NET.Web.Entry
      ┣ 进程名称：                  Admin.NET.Web.Entry
      ┣ 托管程序：                  Kestrel
      ┣ ━━━━━━━━━━━━━━━  请求头信息 ━━━━━━━━━━━━━━━
      ┣ 
      ┣ Accept：                    application/json, text/plain, */*
      ┣ Connection：                keep-alive
      ┣ Host：                      localhost:5005
      ┣ User-Agent：                Mozilla/5.0 (Windows NT 10.0; Win64; x64) AppleWebKit/537.36 (KHTML, like Gecko) Chrome/131.0.0.0 Safari/537.36
      ┣ Accept-Encoding：           gzip, deflate, br, zstd
      ┣ Accept-Language：           zh-cn
      ┣ Authorization：             Bearer eyJhbGciOiJIUzI1NiIsInR5cCI6IkpXVCJ9.eyJVc2VySWQiOjEzMDAwMDAwMDAxMDEsIlRlbmFudElkIjoxMzAwMDAwMDAwMDAxLCJBY2NvdW50Ijoic3VwZXJhZG1pbiIsIlJlYWxOYW1lIjoi6LaF57qn566h55CG5ZGYIiwiQWNjb3VudFR5cGUiOjk5OSwiT3JnSWQiOjAsIk9yZ05hbWUiOm51bGwsIk9yZ1R5cGUiOm51bGwsImlhdCI6MTczNjc3MzYzMCwibmJmIjoxNzM2NzczNjMwLCJleHAiOjE3MzczNzg0MzAsImlzcyI6Imd1eGluLmxpbmsiLCJhdWQiOiJndXhpbi5saW5rIn0.7yghNabJaXKI2uA1Ntrw8zMcPGWCeTTjXE-UINFnf5o
      ┣ Cache-Control：             no-cache
      ┣ Origin：                    http://localhost:8888
      ┣ Pragma：                    no-cache
      ┣ Referer：                   http://localhost:8888/
      ┣ sec-ch-ua-platform：        "Windows"
      ┣ sec-ch-ua：                 "Google Chrome";v="131", "Chromium";v="131", "Not_A Brand";v="24"
      ┣ sec-ch-ua-mobile：          ?0
      ┣ DNT：                       1
      ┣ Sec-Fetch-Site：            same-site
      ┣ Sec-Fetch-Mode：            cors
      ┣ Sec-Fetch-Dest：            empty
      ┣ ━━━━━━━━━━━━━━━  参数列表 ━━━━━━━━━━━━━━━
      ┣ Content-Type：              
      ┣ 
      ┣ input (EnumInput)：         {"enumName":"AIModelOptionEnum"}
      ┣ ━━━━━━━━━━━━━━━  返回信息 ━━━━━━━━━━━━━━━
      ┣ HTTP响应状态码：            200
      ┣ 原始类型：                  System.Collections.Generic.List<Admin.NET.Core.EnumEntity>
      ┣ 最终类型：                  Admin.NET.Core.AdminResult<System.Object>
      ┣ 最终返回值：                {"code":200,"type":"success","message":"","result":[{"describe":"文本","name":"Text","value":0},{"describe":"数字","name":"Num","value":1},{"describe":"单选","name":"Radio","value":2},{"describe":"多选","name":"CheckBox","value":3},{"describe":"true，false","name":"Switch","value":4}],"extras":null,"time":"2025-01-13T21:28:27.7013582+08:00"}
      ┗━━━━━━━━━━━  Logging Monitor ━━━━━━━━━━━
info: 2025-01-13 21:28:27.9145789 +08:00 星期一 L System.Logging.LoggingMonitor[0] #14 '00-12b9da4fad1752cd24c2d0e38538ebb1-d15e003c7c592399-00'
      [Furion.Pure.dll] async Task LoggingMonitorAttribute.MonitorAsync(MethodInfo actionMethod, IDictionary<string, object> parameterValues, FilterContext context, dynamic next)
      ┏━━━━━━━━━━━  Logging Monitor ━━━━━━━━━━━
      ┣ Admin.NET.Application.ChatModelOptionsService.Page
      ┣ 
      ┣ 控制器名称：                           ChatModelOptionsService
      ┣ 操作名称：                             Page
      ┣ 显示名称：                             
      ┣ 路由信息：                             [area]: ; [controller]: chatModelOptions; [action]: page
      ┣ 请求方式：                             POST
      ┣ 请求地址：                             http://localhost:5005/api/chatModelOptions/page
      ┣ 来源地址：                             http://localhost:8888/
      ┣ 请求端源：                             client
      ┣ 浏览器标识：                           Mozilla/5.0 (Windows NT 10.0; Win64; x64) AppleWebKit/537.36 (KHTML, like Gecko) Chrome/131.0.0.0 Safari/537.36
      ┣ 客户端区域语言：                       zh-CN,zh;q=0.9
      ┣ 客户端 IP 地址：                       127.0.0.1
      ┣ 服务端 IP 地址：                       127.0.0.1
      ┣ 客户端连接 ID：                        00-12b9da4fad1752cd24c2d0e38538ebb1-d15e003c7c592399-00
      ┣ 服务线程 ID：                          #14
      ┣ 执行耗时：                             117ms
      ┣ ━━━━━━━━━━━━━━━  Cookies ━━━━━━━━━━━━━━━
      ┣ 请求端：                               
      ┣ 响应端：                               
      ┣ ━━━━━━━━━━━━━━━  系统信息 ━━━━━━━━━━━━━━━
      ┣ 系统名称：                             Microsoft Windows 10.0.19045
      ┣ 系统架构：                             X64
      ┣ 基础框架：                             Furion.Pure v1.0.0.0
      ┣ .NET 架构：                            .NET 8.0.6
      ┣ ━━━━━━━━━━━━━━━  启动信息 ━━━━━━━━━━━━━━━
      ┣ 运行环境：                             Production
      ┣ 启动程序集：                           Admin.NET.Web.Entry
      ┣ 进程名称：                             Admin.NET.Web.Entry
      ┣ 托管程序：                             Kestrel
      ┣ ━━━━━━━━━━━━━━━  授权信息 ━━━━━━━━━━━━━━━
      ┣ JWT Token：                            Bearer eyJhbGciOiJIUzI1NiIsInR5cCI6IkpXVCJ9.eyJVc2VySWQiOjEzMDAwMDAwMDAxMDEsIlRlbmFudElkIjoxMzAwMDAwMDAwMDAxLCJBY2NvdW50Ijoic3VwZXJhZG1pbiIsIlJlYWxOYW1lIjoi6LaF57qn566h55CG5ZGYIiwiQWNjb3VudFR5cGUiOjk5OSwiT3JnSWQiOjAsIk9yZ05hbWUiOm51bGwsIk9yZ1R5cGUiOm51bGwsImlhdCI6MTczNjc3MzYzMCwibmJmIjoxNzM2NzczNjMwLCJleHAiOjE3MzczNzg0MzAsImlzcyI6Imd1eGluLmxpbmsiLCJhdWQiOiJndXhpbi5saW5rIn0.7yghNabJaXKI2uA1Ntrw8zMcPGWCeTTjXE-UINFnf5o
      ┣ 
      ┣ UserId (integer64)：                   1300000000101
      ┣ TenantId (integer64)：                 1300000000001
      ┣ Account (string)：                     superadmin
      ┣ RealName (string)：                    超级管理员
      ┣ AccountType (integer32)：              999
      ┣ OrgId (integer32)：                    0
      ┣ OrgName (JSON_NULL)：                  
      ┣ OrgType (JSON_NULL)：                  
      ┣ iat (integer64)：                      1736773630 (2025-01-13 21:07:10:0000(+08:00) 星期一 L)
      ┣ nbf (integer64)：                      1736773630 (2025-01-13 21:07:10:0000(+08:00) 星期一 L)
      ┣ exp (integer64)：                      1737378430 (2025-01-20 21:07:10:0000(+08:00) 星期一 L)
      ┣ iss (string)：                         guxin.link
      ┣ aud (string)：                         guxin.link
      ┣ ━━━━━━━━━━━━━━━  请求头信息 ━━━━━━━━━━━━━━━
      ┣ 
      ┣ Accept：                               application/json, text/plain, */*
      ┣ Connection：                           keep-alive
      ┣ Host：                                 localhost:5005
      ┣ User-Agent：                           Mozilla/5.0 (Windows NT 10.0; Win64; x64) AppleWebKit/537.36 (KHTML, like Gecko) Chrome/131.0.0.0 Safari/537.36
      ┣ Accept-Encoding：                      gzip, deflate, br, zstd
      ┣ Accept-Language：                      zh-CN,zh;q=0.9
      ┣ Authorization：                        Bearer eyJhbGciOiJIUzI1NiIsInR5cCI6IkpXVCJ9.eyJVc2VySWQiOjEzMDAwMDAwMDAxMDEsIlRlbmFudElkIjoxMzAwMDAwMDAwMDAxLCJBY2NvdW50Ijoic3VwZXJhZG1pbiIsIlJlYWxOYW1lIjoi6LaF57qn566h55CG5ZGYIiwiQWNjb3VudFR5cGUiOjk5OSwiT3JnSWQiOjAsIk9yZ05hbWUiOm51bGwsIk9yZ1R5cGUiOm51bGwsImlhdCI6MTczNjc3MzYzMCwibmJmIjoxNzM2NzczNjMwLCJleHAiOjE3MzczNzg0MzAsImlzcyI6Imd1eGluLmxpbmsiLCJhdWQiOiJndXhpbi5saW5rIn0.7yghNabJaXKI2uA1Ntrw8zMcPGWCeTTjXE-UINFnf5o
      ┣ Cache-Control：                        no-cache
      ┣ Content-Type：                         application/json
      ┣ Origin：                               http://localhost:8888
      ┣ Pragma：                               no-cache
      ┣ Referer：                              http://localhost:8888/
      ┣ Content-Length：                       34
      ┣ sec-ch-ua-platform：                   "Windows"
      ┣ sec-ch-ua：                            "Google Chrome";v="131", "Chromium";v="131", "Not_A Brand";v="24"
      ┣ sec-ch-ua-mobile：                     ?0
      ┣ DNT：                                  1
      ┣ Sec-Fetch-Site：                       same-site
      ┣ Sec-Fetch-Mode：                       cors
      ┣ Sec-Fetch-Dest：                       empty
      ┣ ━━━━━━━━━━━━━━━  参数列表 ━━━━━━━━━━━━━━━
      ┣ Content-Type：                         application/json
      ┣ 
      ┣ input (ChatModelOptionsInput)：        {"searchKey":null,"modelId":null,"name":null,"optionType":null,"field":null,"page":1,"pageSize":10,"order":null,"descStr":"descending"}
      ┣ ━━━━━━━━━━━━━━━  返回信息 ━━━━━━━━━━━━━━━
      ┣ HTTP响应状态码：                       200
      ┣ 原始类型：                             System.Threading.Tasks.Task<Admin.NET.Core.SqlSugarPagedList<Admin.NET.Application.ChatModelOptionsOutput>>
      ┣ 最终类型：                             Admin.NET.Core.AdminResult<System.Object>
      ┣ 最终返回值：                           {"code":200,"type":"success","message":"","result":{"page":1,"pageSize":10,"total":0,"totalPages":0,"items":[],"hasPrevPage":false,"hasNextPage":false},"extras":null,"time":"2025-01-13T21:28:27.9136783+08:00"}
      ┗━━━━━━━━━━━  Logging Monitor ━━━━━━━━━━━
info: 2025-01-13 21:28:28.0057436 +08:00 星期一 L System.Logging.LoggingMonitor[0] #14 '00-05e4837954421b7b19c210c9e5774187-4c3f22cd959773a6-00'
      [Furion.Pure.dll] async Task LoggingMonitorAttribute.MonitorAsync(MethodInfo actionMethod, IDictionary<string, object> parameterValues, FilterContext context, dynamic next)
      ┏━━━━━━━━━━━  Logging Monitor ━━━━━━━━━━━
      ┣ Admin.NET.Application.ChatModelOptionsService.ModelDropdown
      ┣ 
      ┣ 控制器名称：                     ChatModelOptionsService
      ┣ 操作名称：                       ModelDropdown
      ┣ 显示名称：                       
      ┣ 路由信息：                       [area]: ; [controller]: chatModelOptions; [action]: modelDropdown
      ┣ 请求方式：                       GET
      ┣ 请求地址：                       http://localhost:5005/api/chatModelOptions/modelDropdown
      ┣ 来源地址：                       http://localhost:8888/
      ┣ 请求端源：                       client
      ┣ 浏览器标识：                     Mozilla/5.0 (Windows NT 10.0; Win64; x64) AppleWebKit/537.36 (KHTML, like Gecko) Chrome/131.0.0.0 Safari/537.36
      ┣ 客户端区域语言：                 zh-CN,zh;q=0.9
      ┣ 客户端 IP 地址：                 127.0.0.1
      ┣ 服务端 IP 地址：                 127.0.0.1
      ┣ 客户端连接 ID：                  00-05e4837954421b7b19c210c9e5774187-4c3f22cd959773a6-00
      ┣ 服务线程 ID：                    #40
      ┣ 执行耗时：                       59ms
      ┣ ━━━━━━━━━━━━━━━  Cookies ━━━━━━━━━━━━━━━
      ┣ 请求端：                         
      ┣ 响应端：                         
      ┣ ━━━━━━━━━━━━━━━  系统信息 ━━━━━━━━━━━━━━━
      ┣ 系统名称：                       Microsoft Windows 10.0.19045
      ┣ 系统架构：                       X64
      ┣ 基础框架：                       Furion.Pure v1.0.0.0
      ┣ .NET 架构：                      .NET 8.0.6
      ┣ ━━━━━━━━━━━━━━━  启动信息 ━━━━━━━━━━━━━━━
      ┣ 运行环境：                       Production
      ┣ 启动程序集：                     Admin.NET.Web.Entry
      ┣ 进程名称：                       Admin.NET.Web.Entry
      ┣ 托管程序：                       Kestrel
      ┣ ━━━━━━━━━━━━━━━  授权信息 ━━━━━━━━━━━━━━━
      ┣ JWT Token：                      Bearer eyJhbGciOiJIUzI1NiIsInR5cCI6IkpXVCJ9.eyJVc2VySWQiOjEzMDAwMDAwMDAxMDEsIlRlbmFudElkIjoxMzAwMDAwMDAwMDAxLCJBY2NvdW50Ijoic3VwZXJhZG1pbiIsIlJlYWxOYW1lIjoi6LaF57qn566h55CG5ZGYIiwiQWNjb3VudFR5cGUiOjk5OSwiT3JnSWQiOjAsIk9yZ05hbWUiOm51bGwsIk9yZ1R5cGUiOm51bGwsImlhdCI6MTczNjc3MzYzMCwibmJmIjoxNzM2NzczNjMwLCJleHAiOjE3MzczNzg0MzAsImlzcyI6Imd1eGluLmxpbmsiLCJhdWQiOiJndXhpbi5saW5rIn0.7yghNabJaXKI2uA1Ntrw8zMcPGWCeTTjXE-UINFnf5o
      ┣ 
      ┣ UserId (integer64)：             1300000000101
      ┣ TenantId (integer64)：           1300000000001
      ┣ Account (string)：               superadmin
      ┣ RealName (string)：              超级管理员
      ┣ AccountType (integer32)：        999
      ┣ OrgId (integer32)：              0
      ┣ OrgName (JSON_NULL)：            
      ┣ OrgType (JSON_NULL)：            
      ┣ iat (integer64)：                1736773630 (2025-01-13 21:07:10:0000(+08:00) 星期一 L)
      ┣ nbf (integer64)：                1736773630 (2025-01-13 21:07:10:0000(+08:00) 星期一 L)
      ┣ exp (integer64)：                1737378430 (2025-01-20 21:07:10:0000(+08:00) 星期一 L)
      ┣ iss (string)：                   guxin.link
      ┣ aud (string)：                   guxin.link
      ┣ ━━━━━━━━━━━━━━━  请求头信息 ━━━━━━━━━━━━━━━
      ┣ 
      ┣ Accept：                         application/json, text/plain, */*
      ┣ Connection：                     keep-alive
      ┣ Host：                           localhost:5005
      ┣ User-Agent：                     Mozilla/5.0 (Windows NT 10.0; Win64; x64) AppleWebKit/537.36 (KHTML, like Gecko) Chrome/131.0.0.0 Safari/537.36
      ┣ Accept-Encoding：                gzip, deflate, br, zstd
      ┣ Accept-Language：                zh-CN,zh;q=0.9
      ┣ Authorization：                  Bearer eyJhbGciOiJIUzI1NiIsInR5cCI6IkpXVCJ9.eyJVc2VySWQiOjEzMDAwMDAwMDAxMDEsIlRlbmFudElkIjoxMzAwMDAwMDAwMDAxLCJBY2NvdW50Ijoic3VwZXJhZG1pbiIsIlJlYWxOYW1lIjoi6LaF57qn566h55CG5ZGYIiwiQWNjb3VudFR5cGUiOjk5OSwiT3JnSWQiOjAsIk9yZ05hbWUiOm51bGwsIk9yZ1R5cGUiOm51bGwsImlhdCI6MTczNjc3MzYzMCwibmJmIjoxNzM2NzczNjMwLCJleHAiOjE3MzczNzg0MzAsImlzcyI6Imd1eGluLmxpbmsiLCJhdWQiOiJndXhpbi5saW5rIn0.7yghNabJaXKI2uA1Ntrw8zMcPGWCeTTjXE-UINFnf5o
      ┣ Cache-Control：                  no-cache
      ┣ Origin：                         http://localhost:8888
      ┣ Pragma：                         no-cache
      ┣ Referer：                        http://localhost:8888/
      ┣ sec-ch-ua-platform：             "Windows"
      ┣ sec-ch-ua：                      "Google Chrome";v="131", "Chromium";v="131", "Not_A Brand";v="24"
      ┣ DNT：                            1
      ┣ sec-ch-ua-mobile：               ?0
      ┣ Sec-Fetch-Site：                 same-site
      ┣ Sec-Fetch-Mode：                 cors
      ┣ Sec-Fetch-Dest：                 empty
      ┣ ━━━━━━━━━━━━━━━  返回信息 ━━━━━━━━━━━━━━━
      ┣ HTTP响应状态码：                 200
      ┣ 原始类型：                       System.Threading.Tasks.Task<System.Object>
      ┣ 最终类型：                       Admin.NET.Core.AdminResult<System.Object>
      ┣ 最终返回值：                     {"code":200,"type":"success","message":"","result":[{"label":"GPT-3.5","value":"gpt-3.5-turbo"},{"label":"GPT-3.5 16K","value":"3.5-turbo-16k"},{"label":"GPT-4","value":"gpt-4"},{"label":"GPT-4 Turbo","value":"pt-4-1106-preview"},{"label":"GPT-4V","value":"gpt-4-vision-preview"},{"label":"星火大模型V1.5","value":"讯飞星火:general"},{"label":"星火大模型V2.0","value":"讯飞星火:generalv2"},{"label":"星火大模型V3.0","value":"讯飞星火:generalv3"},{"label":"通义千问 Turbo","value":"灵积:qwen-turbo"},{"label":"通义千问 Plus","value":"灵积:q
      ┗━━━━━━━━━━━  Logging Monitor ━━━━━━━━━━━
info: 2025-01-13 21:28:28.0579669 +08:00 星期一 L System.Logging.LoggingMonitor[0] #40 '00-6bbc7267d2362d77c577156d668ed8d0-d88f6217257d7ea5-00'
      [Furion.Pure.dll] async Task LoggingMonitorAttribute.MonitorAsync(MethodInfo actionMethod, IDictionary<string, object> parameterValues, FilterContext context, dynamic next)
      ┏━━━━━━━━━━━  Logging Monitor ━━━━━━━━━━━
      ┣ Admin.NET.Core.Service.SysEnumService.GetEnumDataList
      ┣ 
      ┣ 控制器名称：                SysEnumService
      ┣ 操作名称：                  GetEnumDataList
      ┣ 显示名称：                  通过枚举类型获取枚举值集合
      ┣ 路由信息：                  [area]: ; [controller]: sysEnum; [action]: enumDataList
      ┣ 请求方式：                  GET
      ┣ 请求地址：                  http://localhost:5005/api/sysEnum/enumDataList?EnumName=AIModelOptionEnum
      ┣ 来源地址：                  http://localhost:8888/
      ┣ 请求端源：                  client
      ┣ 浏览器标识：                Mozilla/5.0 (Windows NT 10.0; Win64; x64) AppleWebKit/537.36 (KHTML, like Gecko) Chrome/131.0.0.0 Safari/537.36
      ┣ 客户端区域语言：            zh-cn
      ┣ 客户端 IP 地址：            127.0.0.1
      ┣ 服务端 IP 地址：            127.0.0.1
      ┣ 客户端连接 ID：             00-6bbc7267d2362d77c577156d668ed8d0-d88f6217257d7ea5-00
      ┣ 服务线程 ID：               #40
      ┣ 执行耗时：                  1ms
      ┣ ━━━━━━━━━━━━━━━  Cookies ━━━━━━━━━━━━━━━
      ┣ 请求端：                    
      ┣ 响应端：                    
      ┣ ━━━━━━━━━━━━━━━  系统信息 ━━━━━━━━━━━━━━━
      ┣ 系统名称：                  Microsoft Windows 10.0.19045
      ┣ 系统架构：                  X64
      ┣ 基础框架：                  Furion.Pure v1.0.0.0
      ┣ .NET 架构：                 .NET 8.0.6
      ┣ ━━━━━━━━━━━━━━━  启动信息 ━━━━━━━━━━━━━━━
      ┣ 运行环境：                  Production
      ┣ 启动程序集：                Admin.NET.Web.Entry
      ┣ 进程名称：                  Admin.NET.Web.Entry
      ┣ 托管程序：                  Kestrel
      ┣ ━━━━━━━━━━━━━━━  请求头信息 ━━━━━━━━━━━━━━━
      ┣ 
      ┣ Accept：                    application/json, text/plain, */*
      ┣ Connection：                keep-alive
      ┣ Host：                      localhost:5005
      ┣ User-Agent：                Mozilla/5.0 (Windows NT 10.0; Win64; x64) AppleWebKit/537.36 (KHTML, like Gecko) Chrome/131.0.0.0 Safari/537.36
      ┣ Accept-Encoding：           gzip, deflate, br, zstd
      ┣ Accept-Language：           zh-cn
      ┣ Authorization：             Bearer eyJhbGciOiJIUzI1NiIsInR5cCI6IkpXVCJ9.eyJVc2VySWQiOjEzMDAwMDAwMDAxMDEsIlRlbmFudElkIjoxMzAwMDAwMDAwMDAxLCJBY2NvdW50Ijoic3VwZXJhZG1pbiIsIlJlYWxOYW1lIjoi6LaF57qn566h55CG5ZGYIiwiQWNjb3VudFR5cGUiOjk5OSwiT3JnSWQiOjAsIk9yZ05hbWUiOm51bGwsIk9yZ1R5cGUiOm51bGwsImlhdCI6MTczNjc3MzYzMCwibmJmIjoxNzM2NzczNjMwLCJleHAiOjE3MzczNzg0MzAsImlzcyI6Imd1eGluLmxpbmsiLCJhdWQiOiJndXhpbi5saW5rIn0.7yghNabJaXKI2uA1Ntrw8zMcPGWCeTTjXE-UINFnf5o
      ┣ Cache-Control：             no-cache
      ┣ Origin：                    http://localhost:8888
      ┣ Pragma：                    no-cache
      ┣ Referer：                   http://localhost:8888/
      ┣ sec-ch-ua-platform：        "Windows"
      ┣ sec-ch-ua：                 "Google Chrome";v="131", "Chromium";v="131", "Not_A Brand";v="24"
      ┣ sec-ch-ua-mobile：          ?0
      ┣ DNT：                       1
      ┣ Sec-Fetch-Site：            same-site
      ┣ Sec-Fetch-Mode：            cors
      ┣ Sec-Fetch-Dest：            empty
      ┣ ━━━━━━━━━━━━━━━  参数列表 ━━━━━━━━━━━━━━━
      ┣ Content-Type：              
      ┣ 
      ┣ input (EnumInput)：         {"enumName":"AIModelOptionEnum"}
      ┣ ━━━━━━━━━━━━━━━  返回信息 ━━━━━━━━━━━━━━━
      ┣ HTTP响应状态码：            200
      ┣ 原始类型：                  System.Collections.Generic.List<Admin.NET.Core.EnumEntity>
      ┣ 最终类型：                  Admin.NET.Core.AdminResult<System.Object>
      ┣ 最终返回值：                {"code":200,"type":"success","message":"","result":[{"describe":"文本","name":"Text","value":0},{"describe":"数字","name":"Num","value":1},{"describe":"单选","name":"Radio","value":2},{"describe":"多选","name":"CheckBox","value":3},{"describe":"true，false","name":"Switch","value":4}],"extras":null,"time":"2025-01-13T21:28:28.0563439+08:00"}
      ┗━━━━━━━━━━━  Logging Monitor ━━━━━━━━━━━
info: 2025-01-13 21:28:28.3188149 +08:00 星期一 L System.Logging.LoggingMonitor[0] #7 '00-c163ef85ee8ea8c41966866b926df568-4fbc55479976e207-00'
      [Furion.Pure.dll] async Task LoggingMonitorAttribute.MonitorAsync(MethodInfo actionMethod, IDictionary<string, object> parameterValues, FilterContext context, dynamic next)
      ┏━━━━━━━━━━━  Logging Monitor ━━━━━━━━━━━
      ┣ Admin.NET.Core.Service.SysNoticeService.GetUnReadList
      ┣ 
      ┣ 控制器名称：                     SysNoticeService
      ┣ 操作名称：                       GetUnReadList
      ┣ 显示名称：                       获取未读的通知公告
      ┣ 路由信息：                       [area]: ; [controller]: sysNotice; [action]: unReadList
      ┣ 请求方式：                       GET
      ┣ 请求地址：                       http://localhost:5005/api/sysNotice/unReadList
      ┣ 来源地址：                       http://localhost:8888/
      ┣ 请求端源：                       client
      ┣ 浏览器标识：                     Mozilla/5.0 (Windows NT 10.0; Win64; x64) AppleWebKit/537.36 (KHTML, like Gecko) Chrome/131.0.0.0 Safari/537.36
      ┣ 客户端区域语言：                 zh-cn
      ┣ 客户端 IP 地址：                 127.0.0.1
      ┣ 服务端 IP 地址：                 127.0.0.1
      ┣ 客户端连接 ID：                  00-c163ef85ee8ea8c41966866b926df568-4fbc55479976e207-00
      ┣ 服务线程 ID：                    #28
      ┣ 执行耗时：                       73ms
      ┣ ━━━━━━━━━━━━━━━  Cookies ━━━━━━━━━━━━━━━
      ┣ 请求端：                         
      ┣ 响应端：                         
      ┣ ━━━━━━━━━━━━━━━  系统信息 ━━━━━━━━━━━━━━━
      ┣ 系统名称：                       Microsoft Windows 10.0.19045
      ┣ 系统架构：                       X64
      ┣ 基础框架：                       Furion.Pure v1.0.0.0
      ┣ .NET 架构：                      .NET 8.0.6
      ┣ ━━━━━━━━━━━━━━━  启动信息 ━━━━━━━━━━━━━━━
      ┣ 运行环境：                       Production
      ┣ 启动程序集：                     Admin.NET.Web.Entry
      ┣ 进程名称：                       Admin.NET.Web.Entry
      ┣ 托管程序：                       Kestrel
      ┣ ━━━━━━━━━━━━━━━  授权信息 ━━━━━━━━━━━━━━━
      ┣ JWT Token：                      Bearer eyJhbGciOiJIUzI1NiIsInR5cCI6IkpXVCJ9.eyJVc2VySWQiOjEzMDAwMDAwMDAxMDEsIlRlbmFudElkIjoxMzAwMDAwMDAwMDAxLCJBY2NvdW50Ijoic3VwZXJhZG1pbiIsIlJlYWxOYW1lIjoi6LaF57qn566h55CG5ZGYIiwiQWNjb3VudFR5cGUiOjk5OSwiT3JnSWQiOjAsIk9yZ05hbWUiOm51bGwsIk9yZ1R5cGUiOm51bGwsImlhdCI6MTczNjc3MzYzMCwibmJmIjoxNzM2NzczNjMwLCJleHAiOjE3MzczNzg0MzAsImlzcyI6Imd1eGluLmxpbmsiLCJhdWQiOiJndXhpbi5saW5rIn0.7yghNabJaXKI2uA1Ntrw8zMcPGWCeTTjXE-UINFnf5o
      ┣ 
      ┣ UserId (integer64)：             1300000000101
      ┣ TenantId (integer64)：           1300000000001
      ┣ Account (string)：               superadmin
      ┣ RealName (string)：              超级管理员
      ┣ AccountType (integer32)：        999
      ┣ OrgId (integer32)：              0
      ┣ OrgName (JSON_NULL)：            
      ┣ OrgType (JSON_NULL)：            
      ┣ iat (integer64)：                1736773630 (2025-01-13 21:07:10:0000(+08:00) 星期一 L)
      ┣ nbf (integer64)：                1736773630 (2025-01-13 21:07:10:0000(+08:00) 星期一 L)
      ┣ exp (integer64)：                1737378430 (2025-01-20 21:07:10:0000(+08:00) 星期一 L)
      ┣ iss (string)：                   guxin.link
      ┣ aud (string)：                   guxin.link
      ┣ ━━━━━━━━━━━━━━━  请求头信息 ━━━━━━━━━━━━━━━
      ┣ 
      ┣ Accept：                         application/json, text/plain, */*
      ┣ Connection：                     keep-alive
      ┣ Host：                           localhost:5005
      ┣ User-Agent：                     Mozilla/5.0 (Windows NT 10.0; Win64; x64) AppleWebKit/537.36 (KHTML, like Gecko) Chrome/131.0.0.0 Safari/537.36
      ┣ Accept-Encoding：                gzip, deflate, br, zstd
      ┣ Accept-Language：                zh-cn
      ┣ Authorization：                  Bearer eyJhbGciOiJIUzI1NiIsInR5cCI6IkpXVCJ9.eyJVc2VySWQiOjEzMDAwMDAwMDAxMDEsIlRlbmFudElkIjoxMzAwMDAwMDAwMDAxLCJBY2NvdW50Ijoic3VwZXJhZG1pbiIsIlJlYWxOYW1lIjoi6LaF57qn566h55CG5ZGYIiwiQWNjb3VudFR5cGUiOjk5OSwiT3JnSWQiOjAsIk9yZ05hbWUiOm51bGwsIk9yZ1R5cGUiOm51bGwsImlhdCI6MTczNjc3MzYzMCwibmJmIjoxNzM2NzczNjMwLCJleHAiOjE3MzczNzg0MzAsImlzcyI6Imd1eGluLmxpbmsiLCJhdWQiOiJndXhpbi5saW5rIn0.7yghNabJaXKI2uA1Ntrw8zMcPGWCeTTjXE-UINFnf5o
      ┣ Cache-Control：                  no-cache
      ┣ Origin：                         http://localhost:8888
      ┣ Pragma：                         no-cache
      ┣ Referer：                        http://localhost:8888/
      ┣ sec-ch-ua-platform：             "Windows"
      ┣ sec-ch-ua：                      "Google Chrome";v="131", "Chromium";v="131", "Not_A Brand";v="24"
      ┣ sec-ch-ua-mobile：               ?0
      ┣ DNT：                            1
      ┣ Sec-Fetch-Site：                 same-site
      ┣ Sec-Fetch-Mode：                 cors
      ┣ Sec-Fetch-Dest：                 empty
      ┣ ━━━━━━━━━━━━━━━  返回信息 ━━━━━━━━━━━━━━━
      ┣ HTTP响应状态码：                 200
      ┣ 原始类型：                       System.Threading.Tasks.Task<System.Collections.Generic.List<Admin.NET.Core.SysNotice>>
      ┣ 最终类型：                       Admin.NET.Core.AdminResult<System.Object>
      ┣ 最终返回值：                     {"code":200,"type":"success","message":"","result":[],"extras":null,"time":"2025-01-13T21:28:28.3166372+08:00"}
      ┗━━━━━━━━━━━  Logging Monitor ━━━━━━━━━━━
info: 2025-01-13 21:29:29.4733281 +08:00 星期一 L System.Logging.LoggingMonitor[0] #4 '00-819f75372a5c49c9bfb91629c10e3b41-f250f8e3c3e8418f-00'
      [Furion.Pure.dll] async Task LoggingMonitorAttribute.MonitorAsync(MethodInfo actionMethod, IDictionary<string, object> parameterValues, FilterContext context, dynamic next)
      ┏━━━━━━━━━━━  Logging Monitor ━━━━━━━━━━━
      ┣ Admin.NET.Core.Service.SysAuthService.GetUserInfo
      ┣ 
      ┣ 控制器名称：                     SysAuthService
      ┣ 操作名称：                       GetUserInfo
      ┣ 显示名称：                       获取登录账号
      ┣ 路由信息：                       [area]: ; [controller]: sysAuth; [action]: userInfo
      ┣ 请求方式：                       GET
      ┣ 请求地址：                       http://localhost:5005/api/sysAuth/userInfo
      ┣ 来源地址：                       http://localhost:8888/
      ┣ 请求端源：                       client
      ┣ 浏览器标识：                     Mozilla/5.0 (Windows NT 10.0; Win64; x64) AppleWebKit/537.36 (KHTML, like Gecko) Chrome/131.0.0.0 Safari/537.36
      ┣ 客户端区域语言：                 zh-cn
      ┣ 客户端 IP 地址：                 127.0.0.1
      ┣ 服务端 IP 地址：                 127.0.0.1
      ┣ 客户端连接 ID：                  00-819f75372a5c49c9bfb91629c10e3b41-f250f8e3c3e8418f-00
      ┣ 服务线程 ID：                    #40
      ┣ 执行耗时：                       192ms
      ┣ ━━━━━━━━━━━━━━━  Cookies ━━━━━━━━━━━━━━━
      ┣ 请求端：                         
      ┣ 响应端：                         
      ┣ ━━━━━━━━━━━━━━━  系统信息 ━━━━━━━━━━━━━━━
      ┣ 系统名称：                       Microsoft Windows 10.0.19045
      ┣ 系统架构：                       X64
      ┣ 基础框架：                       Furion.Pure v1.0.0.0
      ┣ .NET 架构：                      .NET 8.0.6
      ┣ ━━━━━━━━━━━━━━━  启动信息 ━━━━━━━━━━━━━━━
      ┣ 运行环境：                       Production
      ┣ 启动程序集：                     Admin.NET.Web.Entry
      ┣ 进程名称：                       Admin.NET.Web.Entry
      ┣ 托管程序：                       Kestrel
      ┣ ━━━━━━━━━━━━━━━  授权信息 ━━━━━━━━━━━━━━━
      ┣ JWT Token：                      Bearer eyJhbGciOiJIUzI1NiIsInR5cCI6IkpXVCJ9.eyJVc2VySWQiOjEzMDAwMDAwMDAxMDEsIlRlbmFudElkIjoxMzAwMDAwMDAwMDAxLCJBY2NvdW50Ijoic3VwZXJhZG1pbiIsIlJlYWxOYW1lIjoi6LaF57qn566h55CG5ZGYIiwiQWNjb3VudFR5cGUiOjk5OSwiT3JnSWQiOjAsIk9yZ05hbWUiOm51bGwsIk9yZ1R5cGUiOm51bGwsImlhdCI6MTczNjc3MzYzMCwibmJmIjoxNzM2NzczNjMwLCJleHAiOjE3MzczNzg0MzAsImlzcyI6Imd1eGluLmxpbmsiLCJhdWQiOiJndXhpbi5saW5rIn0.7yghNabJaXKI2uA1Ntrw8zMcPGWCeTTjXE-UINFnf5o
      ┣ 
      ┣ UserId (integer64)：             1300000000101
      ┣ TenantId (integer64)：           1300000000001
      ┣ Account (string)：               superadmin
      ┣ RealName (string)：              超级管理员
      ┣ AccountType (integer32)：        999
      ┣ OrgId (integer32)：              0
      ┣ OrgName (JSON_NULL)：            
      ┣ OrgType (JSON_NULL)：            
      ┣ iat (integer64)：                1736773630 (2025-01-13 21:07:10:0000(+08:00) 星期一 L)
      ┣ nbf (integer64)：                1736773630 (2025-01-13 21:07:10:0000(+08:00) 星期一 L)
      ┣ exp (integer64)：                1737378430 (2025-01-20 21:07:10:0000(+08:00) 星期一 L)
      ┣ iss (string)：                   guxin.link
      ┣ aud (string)：                   guxin.link
      ┣ ━━━━━━━━━━━━━━━  请求头信息 ━━━━━━━━━━━━━━━
      ┣ 
      ┣ Accept：                         application/json, text/plain, */*
      ┣ Connection：                     keep-alive
      ┣ Host：                           localhost:5005
      ┣ User-Agent：                     Mozilla/5.0 (Windows NT 10.0; Win64; x64) AppleWebKit/537.36 (KHTML, like Gecko) Chrome/131.0.0.0 Safari/537.36
      ┣ Accept-Encoding：                gzip, deflate, br, zstd
      ┣ Accept-Language：                zh-cn
      ┣ Authorization：                  Bearer eyJhbGciOiJIUzI1NiIsInR5cCI6IkpXVCJ9.eyJVc2VySWQiOjEzMDAwMDAwMDAxMDEsIlRlbmFudElkIjoxMzAwMDAwMDAwMDAxLCJBY2NvdW50Ijoic3VwZXJhZG1pbiIsIlJlYWxOYW1lIjoi6LaF57qn566h55CG5ZGYIiwiQWNjb3VudFR5cGUiOjk5OSwiT3JnSWQiOjAsIk9yZ05hbWUiOm51bGwsIk9yZ1R5cGUiOm51bGwsImlhdCI6MTczNjc3MzYzMCwibmJmIjoxNzM2NzczNjMwLCJleHAiOjE3MzczNzg0MzAsImlzcyI6Imd1eGluLmxpbmsiLCJhdWQiOiJndXhpbi5saW5rIn0.7yghNabJaXKI2uA1Ntrw8zMcPGWCeTTjXE-UINFnf5o
      ┣ Cache-Control：                  no-cache
      ┣ Origin：                         http://localhost:8888
      ┣ Pragma：                         no-cache
      ┣ Referer：                        http://localhost:8888/
      ┣ sec-ch-ua-platform：             "Windows"
      ┣ sec-ch-ua：                      "Google Chrome";v="131", "Chromium";v="131", "Not_A Brand";v="24"
      ┣ sec-ch-ua-mobile：               ?0
      ┣ DNT：                            1
      ┣ Sec-Fetch-Site：                 same-site
      ┣ Sec-Fetch-Mode：                 cors
      ┣ Sec-Fetch-Dest：                 empty
      ┣ ━━━━━━━━━━━━━━━  返回信息 ━━━━━━━━━━━━━━━
      ┣ HTTP响应状态码：                 200
      ┣ 原始类型：                       System.Threading.Tasks.Task<Admin.NET.Core.Service.LoginUserOutput>
      ┣ 最终类型：                       Admin.NET.Core.AdminResult<System.Object>
      ┣ 最终返回值：                     {"code":200,"type":"success","message":"","result":{"id":"1300000000101","account":"superadmin","realName":"超级管理员","accountType":999,"avatar":null,"introduction":null,"address":null,"signature":null,"orgId":"0","orgName":null,"orgType":null,"posName":null,"buttons":["sysUser:page","sysUser:update","sysUser:add","sysUser:delete","sysUser:detail","sysUser:grantRole","sysUser:resetPwd","sysUser:setStatus","sysOnlineUser:forceOffline","sysRole:page","sysRole:update","sysRole:add","sysRole:delete","s
      ┗━━━━━━━━━━━  Logging Monitor ━━━━━━━━━━━
info: 2025-01-13 21:29:29.8532102 +08:00 星期一 L System.Logging.LoggingMonitor[0] #4 '00-f108d7c7a7d3b63f2552d30ab5f46bb5-13ff720db0d493cc-00'
      [Furion.Pure.dll] async Task LoggingMonitorAttribute.MonitorAsync(MethodInfo actionMethod, IDictionary<string, object> parameterValues, FilterContext context, dynamic next)
      ┏━━━━━━━━━━━  Logging Monitor ━━━━━━━━━━━
      ┣ Admin.NET.Core.Service.SysMenuService.GetLoginMenuTree
      ┣ 
      ┣ 控制器名称：                     SysMenuService
      ┣ 操作名称：                       GetLoginMenuTree
      ┣ 显示名称：                       获取登录菜单树
      ┣ 路由信息：                       [area]: ; [controller]: sysMenu; [action]: loginMenuTree
      ┣ 请求方式：                       GET
      ┣ 请求地址：                       http://localhost:5005/api/sysMenu/loginMenuTree
      ┣ 来源地址：                       http://localhost:8888/
      ┣ 请求端源：                       client
      ┣ 浏览器标识：                     Mozilla/5.0 (Windows NT 10.0; Win64; x64) AppleWebKit/537.36 (KHTML, like Gecko) Chrome/131.0.0.0 Safari/537.36
      ┣ 客户端区域语言：                 zh-cn
      ┣ 客户端 IP 地址：                 127.0.0.1
      ┣ 服务端 IP 地址：                 127.0.0.1
      ┣ 客户端连接 ID：                  00-f108d7c7a7d3b63f2552d30ab5f46bb5-13ff720db0d493cc-00
      ┣ 服务线程 ID：                    #4
      ┣ 执行耗时：                       63ms
      ┣ ━━━━━━━━━━━━━━━  Cookies ━━━━━━━━━━━━━━━
      ┣ 请求端：                         
      ┣ 响应端：                         
      ┣ ━━━━━━━━━━━━━━━  系统信息 ━━━━━━━━━━━━━━━
      ┣ 系统名称：                       Microsoft Windows 10.0.19045
      ┣ 系统架构：                       X64
      ┣ 基础框架：                       Furion.Pure v1.0.0.0
      ┣ .NET 架构：                      .NET 8.0.6
      ┣ ━━━━━━━━━━━━━━━  启动信息 ━━━━━━━━━━━━━━━
      ┣ 运行环境：                       Production
      ┣ 启动程序集：                     Admin.NET.Web.Entry
      ┣ 进程名称：                       Admin.NET.Web.Entry
      ┣ 托管程序：                       Kestrel
      ┣ ━━━━━━━━━━━━━━━  授权信息 ━━━━━━━━━━━━━━━
      ┣ JWT Token：                      Bearer eyJhbGciOiJIUzI1NiIsInR5cCI6IkpXVCJ9.eyJVc2VySWQiOjEzMDAwMDAwMDAxMDEsIlRlbmFudElkIjoxMzAwMDAwMDAwMDAxLCJBY2NvdW50Ijoic3VwZXJhZG1pbiIsIlJlYWxOYW1lIjoi6LaF57qn566h55CG5ZGYIiwiQWNjb3VudFR5cGUiOjk5OSwiT3JnSWQiOjAsIk9yZ05hbWUiOm51bGwsIk9yZ1R5cGUiOm51bGwsImlhdCI6MTczNjc3MzYzMCwibmJmIjoxNzM2NzczNjMwLCJleHAiOjE3MzczNzg0MzAsImlzcyI6Imd1eGluLmxpbmsiLCJhdWQiOiJndXhpbi5saW5rIn0.7yghNabJaXKI2uA1Ntrw8zMcPGWCeTTjXE-UINFnf5o
      ┣ 
      ┣ UserId (integer64)：             1300000000101
      ┣ TenantId (integer64)：           1300000000001
      ┣ Account (string)：               superadmin
      ┣ RealName (string)：              超级管理员
      ┣ AccountType (integer32)：        999
      ┣ OrgId (integer32)：              0
      ┣ OrgName (JSON_NULL)：            
      ┣ OrgType (JSON_NULL)：            
      ┣ iat (integer64)：                1736773630 (2025-01-13 21:07:10:0000(+08:00) 星期一 L)
      ┣ nbf (integer64)：                1736773630 (2025-01-13 21:07:10:0000(+08:00) 星期一 L)
      ┣ exp (integer64)：                1737378430 (2025-01-20 21:07:10:0000(+08:00) 星期一 L)
      ┣ iss (string)：                   guxin.link
      ┣ aud (string)：                   guxin.link
      ┣ ━━━━━━━━━━━━━━━  请求头信息 ━━━━━━━━━━━━━━━
      ┣ 
      ┣ Accept：                         application/json, text/plain, */*
      ┣ Connection：                     keep-alive
      ┣ Host：                           localhost:5005
      ┣ User-Agent：                     Mozilla/5.0 (Windows NT 10.0; Win64; x64) AppleWebKit/537.36 (KHTML, like Gecko) Chrome/131.0.0.0 Safari/537.36
      ┣ Accept-Encoding：                gzip, deflate, br, zstd
      ┣ Accept-Language：                zh-cn
      ┣ Authorization：                  Bearer eyJhbGciOiJIUzI1NiIsInR5cCI6IkpXVCJ9.eyJVc2VySWQiOjEzMDAwMDAwMDAxMDEsIlRlbmFudElkIjoxMzAwMDAwMDAwMDAxLCJBY2NvdW50Ijoic3VwZXJhZG1pbiIsIlJlYWxOYW1lIjoi6LaF57qn566h55CG5ZGYIiwiQWNjb3VudFR5cGUiOjk5OSwiT3JnSWQiOjAsIk9yZ05hbWUiOm51bGwsIk9yZ1R5cGUiOm51bGwsImlhdCI6MTczNjc3MzYzMCwibmJmIjoxNzM2NzczNjMwLCJleHAiOjE3MzczNzg0MzAsImlzcyI6Imd1eGluLmxpbmsiLCJhdWQiOiJndXhpbi5saW5rIn0.7yghNabJaXKI2uA1Ntrw8zMcPGWCeTTjXE-UINFnf5o
      ┣ Cache-Control：                  no-cache
      ┣ Origin：                         http://localhost:8888
      ┣ Pragma：                         no-cache
      ┣ Referer：                        http://localhost:8888/
      ┣ sec-ch-ua-platform：             "Windows"
      ┣ sec-ch-ua：                      "Google Chrome";v="131", "Chromium";v="131", "Not_A Brand";v="24"
      ┣ sec-ch-ua-mobile：               ?0
      ┣ DNT：                            1
      ┣ Sec-Fetch-Site：                 same-site
      ┣ Sec-Fetch-Mode：                 cors
      ┣ Sec-Fetch-Dest：                 empty
      ┣ ━━━━━━━━━━━━━━━  返回信息 ━━━━━━━━━━━━━━━
      ┣ HTTP响应状态码：                 200
      ┣ 原始类型：                       System.Threading.Tasks.Task<System.Collections.Generic.List<Admin.NET.Core.Service.MenuOutput>>
      ┣ 最终类型：                       Admin.NET.Core.AdminResult<System.Object>
      ┣ 最终返回值：                     {"code":200,"type":"success","message":"","result":[{"id":"1300000000101","pid":"0","type":1,"name":"dashboard","path":"/dashboard","component":"Layout","permission":null,"redirect":null,"orderNo":0,"status":1,"remark":null,"createTime":"2023-12-25T01:49:24","updateTime":"2024-09-17T00:41:21","createUserName":null,"updateUserName":null,"meta":{"title":"工作台","icon":"ele-HomeFilled","isIframe":false,"isLink":null,"isHide":false,"isKeepAlive":true,"isAffix":false},"children":[{"id":"1300000000111",
      ┗━━━━━━━━━━━  Logging Monitor ━━━━━━━━━━━
info: 2025-01-13 21:29:30.1068151 +08:00 星期一 L System.Logging.LoggingMonitor[0] #26 '00-4fc73ad4b244c4403d8efc38d0eafbc3-de1a76fe8ae441d9-00'
      [Furion.Pure.dll] async Task LoggingMonitorAttribute.MonitorAsync(MethodInfo actionMethod, IDictionary<string, object> parameterValues, FilterContext context, dynamic next)
      ┏━━━━━━━━━━━  Logging Monitor ━━━━━━━━━━━
      ┣ Admin.NET.Core.Service.SysEnumService.GetEnumDataList
      ┣ 
      ┣ 控制器名称：                SysEnumService
      ┣ 操作名称：                  GetEnumDataList
      ┣ 显示名称：                  通过枚举类型获取枚举值集合
      ┣ 路由信息：                  [area]: ; [controller]: sysEnum; [action]: enumDataList
      ┣ 请求方式：                  GET
      ┣ 请求地址：                  http://localhost:5005/api/sysEnum/enumDataList?EnumName=AIModelOptionEnum
      ┣ 来源地址：                  http://localhost:8888/
      ┣ 请求端源：                  client
      ┣ 浏览器标识：                Mozilla/5.0 (Windows NT 10.0; Win64; x64) AppleWebKit/537.36 (KHTML, like Gecko) Chrome/131.0.0.0 Safari/537.36
      ┣ 客户端区域语言：            zh-cn
      ┣ 客户端 IP 地址：            127.0.0.1
      ┣ 服务端 IP 地址：            127.0.0.1
      ┣ 客户端连接 ID：             00-4fc73ad4b244c4403d8efc38d0eafbc3-de1a76fe8ae441d9-00
      ┣ 服务线程 ID：               #26
      ┣ 执行耗时：                  0ms
      ┣ ━━━━━━━━━━━━━━━  Cookies ━━━━━━━━━━━━━━━
      ┣ 请求端：                    
      ┣ 响应端：                    
      ┣ ━━━━━━━━━━━━━━━  系统信息 ━━━━━━━━━━━━━━━
      ┣ 系统名称：                  Microsoft Windows 10.0.19045
      ┣ 系统架构：                  X64
      ┣ 基础框架：                  Furion.Pure v1.0.0.0
      ┣ .NET 架构：                 .NET 8.0.6
      ┣ ━━━━━━━━━━━━━━━  启动信息 ━━━━━━━━━━━━━━━
      ┣ 运行环境：                  Production
      ┣ 启动程序集：                Admin.NET.Web.Entry
      ┣ 进程名称：                  Admin.NET.Web.Entry
      ┣ 托管程序：                  Kestrel
      ┣ ━━━━━━━━━━━━━━━  请求头信息 ━━━━━━━━━━━━━━━
      ┣ 
      ┣ Accept：                    application/json, text/plain, */*
      ┣ Connection：                keep-alive
      ┣ Host：                      localhost:5005
      ┣ User-Agent：                Mozilla/5.0 (Windows NT 10.0; Win64; x64) AppleWebKit/537.36 (KHTML, like Gecko) Chrome/131.0.0.0 Safari/537.36
      ┣ Accept-Encoding：           gzip, deflate, br, zstd
      ┣ Accept-Language：           zh-cn
      ┣ Authorization：             Bearer eyJhbGciOiJIUzI1NiIsInR5cCI6IkpXVCJ9.eyJVc2VySWQiOjEzMDAwMDAwMDAxMDEsIlRlbmFudElkIjoxMzAwMDAwMDAwMDAxLCJBY2NvdW50Ijoic3VwZXJhZG1pbiIsIlJlYWxOYW1lIjoi6LaF57qn566h55CG5ZGYIiwiQWNjb3VudFR5cGUiOjk5OSwiT3JnSWQiOjAsIk9yZ05hbWUiOm51bGwsIk9yZ1R5cGUiOm51bGwsImlhdCI6MTczNjc3MzYzMCwibmJmIjoxNzM2NzczNjMwLCJleHAiOjE3MzczNzg0MzAsImlzcyI6Imd1eGluLmxpbmsiLCJhdWQiOiJndXhpbi5saW5rIn0.7yghNabJaXKI2uA1Ntrw8zMcPGWCeTTjXE-UINFnf5o
      ┣ Cache-Control：             no-cache
      ┣ Origin：                    http://localhost:8888
      ┣ Pragma：                    no-cache
      ┣ Referer：                   http://localhost:8888/
      ┣ sec-ch-ua-platform：        "Windows"
      ┣ sec-ch-ua：                 "Google Chrome";v="131", "Chromium";v="131", "Not_A Brand";v="24"
      ┣ sec-ch-ua-mobile：          ?0
      ┣ DNT：                       1
      ┣ Sec-Fetch-Site：            same-site
      ┣ Sec-Fetch-Mode：            cors
      ┣ Sec-Fetch-Dest：            empty
      ┣ ━━━━━━━━━━━━━━━  参数列表 ━━━━━━━━━━━━━━━
      ┣ Content-Type：              
      ┣ 
      ┣ input (EnumInput)：         {"enumName":"AIModelOptionEnum"}
      ┣ ━━━━━━━━━━━━━━━  返回信息 ━━━━━━━━━━━━━━━
      ┣ HTTP响应状态码：            200
      ┣ 原始类型：                  System.Collections.Generic.List<Admin.NET.Core.EnumEntity>
      ┣ 最终类型：                  Admin.NET.Core.AdminResult<System.Object>
      ┣ 最终返回值：                {"code":200,"type":"success","message":"","result":[{"describe":"文本","name":"Text","value":0},{"describe":"数字","name":"Num","value":1},{"describe":"单选","name":"Radio","value":2},{"describe":"多选","name":"CheckBox","value":3},{"describe":"true，false","name":"Switch","value":4}],"extras":null,"time":"2025-01-13T21:29:30.1054623+08:00"}
      ┗━━━━━━━━━━━  Logging Monitor ━━━━━━━━━━━
info: 2025-01-13 21:29:30.3024052 +08:00 星期一 L System.Logging.LoggingMonitor[0] #40 '00-6345ed7dbcade86cc8d4e976b69a7d6b-6724b0b34269f6f6-00'
      [Furion.Pure.dll] async Task LoggingMonitorAttribute.MonitorAsync(MethodInfo actionMethod, IDictionary<string, object> parameterValues, FilterContext context, dynamic next)
      ┏━━━━━━━━━━━  Logging Monitor ━━━━━━━━━━━
      ┣ Admin.NET.Application.ChatModelOptionsService.Page
      ┣ 
      ┣ 控制器名称：                           ChatModelOptionsService
      ┣ 操作名称：                             Page
      ┣ 显示名称：                             
      ┣ 路由信息：                             [area]: ; [controller]: chatModelOptions; [action]: page
      ┣ 请求方式：                             POST
      ┣ 请求地址：                             http://localhost:5005/api/chatModelOptions/page
      ┣ 来源地址：                             http://localhost:8888/
      ┣ 请求端源：                             client
      ┣ 浏览器标识：                           Mozilla/5.0 (Windows NT 10.0; Win64; x64) AppleWebKit/537.36 (KHTML, like Gecko) Chrome/131.0.0.0 Safari/537.36
      ┣ 客户端区域语言：                       zh-CN,zh;q=0.9
      ┣ 客户端 IP 地址：                       127.0.0.1
      ┣ 服务端 IP 地址：                       127.0.0.1
      ┣ 客户端连接 ID：                        00-6345ed7dbcade86cc8d4e976b69a7d6b-6724b0b34269f6f6-00
      ┣ 服务线程 ID：                          #4
      ┣ 执行耗时：                             111ms
      ┣ ━━━━━━━━━━━━━━━  Cookies ━━━━━━━━━━━━━━━
      ┣ 请求端：                               
      ┣ 响应端：                               
      ┣ ━━━━━━━━━━━━━━━  系统信息 ━━━━━━━━━━━━━━━
      ┣ 系统名称：                             Microsoft Windows 10.0.19045
      ┣ 系统架构：                             X64
      ┣ 基础框架：                             Furion.Pure v1.0.0.0
      ┣ .NET 架构：                            .NET 8.0.6
      ┣ ━━━━━━━━━━━━━━━  启动信息 ━━━━━━━━━━━━━━━
      ┣ 运行环境：                             Production
      ┣ 启动程序集：                           Admin.NET.Web.Entry
      ┣ 进程名称：                             Admin.NET.Web.Entry
      ┣ 托管程序：                             Kestrel
      ┣ ━━━━━━━━━━━━━━━  授权信息 ━━━━━━━━━━━━━━━
      ┣ JWT Token：                            Bearer eyJhbGciOiJIUzI1NiIsInR5cCI6IkpXVCJ9.eyJVc2VySWQiOjEzMDAwMDAwMDAxMDEsIlRlbmFudElkIjoxMzAwMDAwMDAwMDAxLCJBY2NvdW50Ijoic3VwZXJhZG1pbiIsIlJlYWxOYW1lIjoi6LaF57qn566h55CG5ZGYIiwiQWNjb3VudFR5cGUiOjk5OSwiT3JnSWQiOjAsIk9yZ05hbWUiOm51bGwsIk9yZ1R5cGUiOm51bGwsImlhdCI6MTczNjc3MzYzMCwibmJmIjoxNzM2NzczNjMwLCJleHAiOjE3MzczNzg0MzAsImlzcyI6Imd1eGluLmxpbmsiLCJhdWQiOiJndXhpbi5saW5rIn0.7yghNabJaXKI2uA1Ntrw8zMcPGWCeTTjXE-UINFnf5o
      ┣ 
      ┣ UserId (integer64)：                   1300000000101
      ┣ TenantId (integer64)：                 1300000000001
      ┣ Account (string)：                     superadmin
      ┣ RealName (string)：                    超级管理员
      ┣ AccountType (integer32)：              999
      ┣ OrgId (integer32)：                    0
      ┣ OrgName (JSON_NULL)：                  
      ┣ OrgType (JSON_NULL)：                  
      ┣ iat (integer64)：                      1736773630 (2025-01-13 21:07:10:0000(+08:00) 星期一 L)
      ┣ nbf (integer64)：                      1736773630 (2025-01-13 21:07:10:0000(+08:00) 星期一 L)
      ┣ exp (integer64)：                      1737378430 (2025-01-20 21:07:10:0000(+08:00) 星期一 L)
      ┣ iss (string)：                         guxin.link
      ┣ aud (string)：                         guxin.link
      ┣ ━━━━━━━━━━━━━━━  请求头信息 ━━━━━━━━━━━━━━━
      ┣ 
      ┣ Accept：                               application/json, text/plain, */*
      ┣ Connection：                           keep-alive
      ┣ Host：                                 localhost:5005
      ┣ User-Agent：                           Mozilla/5.0 (Windows NT 10.0; Win64; x64) AppleWebKit/537.36 (KHTML, like Gecko) Chrome/131.0.0.0 Safari/537.36
      ┣ Accept-Encoding：                      gzip, deflate, br, zstd
      ┣ Accept-Language：                      zh-CN,zh;q=0.9
      ┣ Authorization：                        Bearer eyJhbGciOiJIUzI1NiIsInR5cCI6IkpXVCJ9.eyJVc2VySWQiOjEzMDAwMDAwMDAxMDEsIlRlbmFudElkIjoxMzAwMDAwMDAwMDAxLCJBY2NvdW50Ijoic3VwZXJhZG1pbiIsIlJlYWxOYW1lIjoi6LaF57qn566h55CG5ZGYIiwiQWNjb3VudFR5cGUiOjk5OSwiT3JnSWQiOjAsIk9yZ05hbWUiOm51bGwsIk9yZ1R5cGUiOm51bGwsImlhdCI6MTczNjc3MzYzMCwibmJmIjoxNzM2NzczNjMwLCJleHAiOjE3MzczNzg0MzAsImlzcyI6Imd1eGluLmxpbmsiLCJhdWQiOiJndXhpbi5saW5rIn0.7yghNabJaXKI2uA1Ntrw8zMcPGWCeTTjXE-UINFnf5o
      ┣ Cache-Control：                        no-cache
      ┣ Content-Type：                         application/json
      ┣ Origin：                               http://localhost:8888
      ┣ Pragma：                               no-cache
      ┣ Referer：                              http://localhost:8888/
      ┣ Content-Length：                       34
      ┣ sec-ch-ua-platform：                   "Windows"
      ┣ sec-ch-ua：                            "Google Chrome";v="131", "Chromium";v="131", "Not_A Brand";v="24"
      ┣ sec-ch-ua-mobile：                     ?0
      ┣ DNT：                                  1
      ┣ Sec-Fetch-Site：                       same-site
      ┣ Sec-Fetch-Mode：                       cors
      ┣ Sec-Fetch-Dest：                       empty
      ┣ ━━━━━━━━━━━━━━━  参数列表 ━━━━━━━━━━━━━━━
      ┣ Content-Type：                         application/json
      ┣ 
      ┣ input (ChatModelOptionsInput)：        {"searchKey":null,"modelId":null,"name":null,"optionType":null,"field":null,"page":1,"pageSize":10,"order":null,"descStr":"descending"}
      ┣ ━━━━━━━━━━━━━━━  返回信息 ━━━━━━━━━━━━━━━
      ┣ HTTP响应状态码：                       200
      ┣ 原始类型：                             System.Threading.Tasks.Task<Admin.NET.Core.SqlSugarPagedList<Admin.NET.Application.ChatModelOptionsOutput>>
      ┣ 最终类型：                             Admin.NET.Core.AdminResult<System.Object>
      ┣ 最终返回值：                           {"code":200,"type":"success","message":"","result":{"page":1,"pageSize":10,"total":0,"totalPages":0,"items":[],"hasPrevPage":false,"hasNextPage":false},"extras":null,"time":"2025-01-13T21:29:30.3012976+08:00"}
      ┗━━━━━━━━━━━  Logging Monitor ━━━━━━━━━━━
info: 2025-01-13 21:29:30.3529614 +08:00 星期一 L System.Logging.LoggingMonitor[0] #40 '00-89a6de6a4dcd66e38dbc8e7c7dc388a4-be50a92f2e99ea8c-00'
      [Furion.Pure.dll] async Task LoggingMonitorAttribute.MonitorAsync(MethodInfo actionMethod, IDictionary<string, object> parameterValues, FilterContext context, dynamic next)
      ┏━━━━━━━━━━━  Logging Monitor ━━━━━━━━━━━
      ┣ Admin.NET.Application.ChatModelOptionsService.ModelDropdown
      ┣ 
      ┣ 控制器名称：                     ChatModelOptionsService
      ┣ 操作名称：                       ModelDropdown
      ┣ 显示名称：                       
      ┣ 路由信息：                       [area]: ; [controller]: chatModelOptions; [action]: modelDropdown
      ┣ 请求方式：                       GET
      ┣ 请求地址：                       http://localhost:5005/api/chatModelOptions/modelDropdown
      ┣ 来源地址：                       http://localhost:8888/
      ┣ 请求端源：                       client
      ┣ 浏览器标识：                     Mozilla/5.0 (Windows NT 10.0; Win64; x64) AppleWebKit/537.36 (KHTML, like Gecko) Chrome/131.0.0.0 Safari/537.36
      ┣ 客户端区域语言：                 zh-CN,zh;q=0.9
      ┣ 客户端 IP 地址：                 127.0.0.1
      ┣ 服务端 IP 地址：                 127.0.0.1
      ┣ 客户端连接 ID：                  00-89a6de6a4dcd66e38dbc8e7c7dc388a4-be50a92f2e99ea8c-00
      ┣ 服务线程 ID：                    #40
      ┣ 执行耗时：                       128ms
      ┣ ━━━━━━━━━━━━━━━  Cookies ━━━━━━━━━━━━━━━
      ┣ 请求端：                         
      ┣ 响应端：                         
      ┣ ━━━━━━━━━━━━━━━  系统信息 ━━━━━━━━━━━━━━━
      ┣ 系统名称：                       Microsoft Windows 10.0.19045
      ┣ 系统架构：                       X64
      ┣ 基础框架：                       Furion.Pure v1.0.0.0
      ┣ .NET 架构：                      .NET 8.0.6
      ┣ ━━━━━━━━━━━━━━━  启动信息 ━━━━━━━━━━━━━━━
      ┣ 运行环境：                       Production
      ┣ 启动程序集：                     Admin.NET.Web.Entry
      ┣ 进程名称：                       Admin.NET.Web.Entry
      ┣ 托管程序：                       Kestrel
      ┣ ━━━━━━━━━━━━━━━  授权信息 ━━━━━━━━━━━━━━━
      ┣ JWT Token：                      Bearer eyJhbGciOiJIUzI1NiIsInR5cCI6IkpXVCJ9.eyJVc2VySWQiOjEzMDAwMDAwMDAxMDEsIlRlbmFudElkIjoxMzAwMDAwMDAwMDAxLCJBY2NvdW50Ijoic3VwZXJhZG1pbiIsIlJlYWxOYW1lIjoi6LaF57qn566h55CG5ZGYIiwiQWNjb3VudFR5cGUiOjk5OSwiT3JnSWQiOjAsIk9yZ05hbWUiOm51bGwsIk9yZ1R5cGUiOm51bGwsImlhdCI6MTczNjc3MzYzMCwibmJmIjoxNzM2NzczNjMwLCJleHAiOjE3MzczNzg0MzAsImlzcyI6Imd1eGluLmxpbmsiLCJhdWQiOiJndXhpbi5saW5rIn0.7yghNabJaXKI2uA1Ntrw8zMcPGWCeTTjXE-UINFnf5o
      ┣ 
      ┣ UserId (integer64)：             1300000000101
      ┣ TenantId (integer64)：           1300000000001
      ┣ Account (string)：               superadmin
      ┣ RealName (string)：              超级管理员
      ┣ AccountType (integer32)：        999
      ┣ OrgId (integer32)：              0
      ┣ OrgName (JSON_NULL)：            
      ┣ OrgType (JSON_NULL)：            
      ┣ iat (integer64)：                1736773630 (2025-01-13 21:07:10:0000(+08:00) 星期一 L)
      ┣ nbf (integer64)：                1736773630 (2025-01-13 21:07:10:0000(+08:00) 星期一 L)
      ┣ exp (integer64)：                1737378430 (2025-01-20 21:07:10:0000(+08:00) 星期一 L)
      ┣ iss (string)：                   guxin.link
      ┣ aud (string)：                   guxin.link
      ┣ ━━━━━━━━━━━━━━━  请求头信息 ━━━━━━━━━━━━━━━
      ┣ 
      ┣ Accept：                         application/json, text/plain, */*
      ┣ Connection：                     keep-alive
      ┣ Host：                           localhost:5005
      ┣ User-Agent：                     Mozilla/5.0 (Windows NT 10.0; Win64; x64) AppleWebKit/537.36 (KHTML, like Gecko) Chrome/131.0.0.0 Safari/537.36
      ┣ Accept-Encoding：                gzip, deflate, br, zstd
      ┣ Accept-Language：                zh-CN,zh;q=0.9
      ┣ Authorization：                  Bearer eyJhbGciOiJIUzI1NiIsInR5cCI6IkpXVCJ9.eyJVc2VySWQiOjEzMDAwMDAwMDAxMDEsIlRlbmFudElkIjoxMzAwMDAwMDAwMDAxLCJBY2NvdW50Ijoic3VwZXJhZG1pbiIsIlJlYWxOYW1lIjoi6LaF57qn566h55CG5ZGYIiwiQWNjb3VudFR5cGUiOjk5OSwiT3JnSWQiOjAsIk9yZ05hbWUiOm51bGwsIk9yZ1R5cGUiOm51bGwsImlhdCI6MTczNjc3MzYzMCwibmJmIjoxNzM2NzczNjMwLCJleHAiOjE3MzczNzg0MzAsImlzcyI6Imd1eGluLmxpbmsiLCJhdWQiOiJndXhpbi5saW5rIn0.7yghNabJaXKI2uA1Ntrw8zMcPGWCeTTjXE-UINFnf5o
      ┣ Cache-Control：                  no-cache
      ┣ Origin：                         http://localhost:8888
      ┣ Pragma：                         no-cache
      ┣ Referer：                        http://localhost:8888/
      ┣ sec-ch-ua-platform：             "Windows"
      ┣ sec-ch-ua：                      "Google Chrome";v="131", "Chromium";v="131", "Not_A Brand";v="24"
      ┣ DNT：                            1
      ┣ sec-ch-ua-mobile：               ?0
      ┣ Sec-Fetch-Site：                 same-site
      ┣ Sec-Fetch-Mode：                 cors
      ┣ Sec-Fetch-Dest：                 empty
      ┣ ━━━━━━━━━━━━━━━  返回信息 ━━━━━━━━━━━━━━━
      ┣ HTTP响应状态码：                 200
      ┣ 原始类型：                       System.Threading.Tasks.Task<System.Object>
      ┣ 最终类型：                       Admin.NET.Core.AdminResult<System.Object>
      ┣ 最终返回值：                     {"code":200,"type":"success","message":"","result":[{"label":"GPT-3.5","value":"gpt-3.5-turbo"},{"label":"GPT-3.5 16K","value":"3.5-turbo-16k"},{"label":"GPT-4","value":"gpt-4"},{"label":"GPT-4 Turbo","value":"pt-4-1106-preview"},{"label":"GPT-4V","value":"gpt-4-vision-preview"},{"label":"星火大模型V1.5","value":"讯飞星火:general"},{"label":"星火大模型V2.0","value":"讯飞星火:generalv2"},{"label":"星火大模型V3.0","value":"讯飞星火:generalv3"},{"label":"通义千问 Turbo","value":"灵积:qwen-turbo"},{"label":"通义千问 Plus","value":"灵积:q
      ┗━━━━━━━━━━━  Logging Monitor ━━━━━━━━━━━
info: 2025-01-13 21:29:30.4116678 +08:00 星期一 L System.Logging.LoggingMonitor[0] #40 '00-8c38d7257980286dee4bed3df2e9ae2c-97787c45f8523464-00'
      [Furion.Pure.dll] async Task LoggingMonitorAttribute.MonitorAsync(MethodInfo actionMethod, IDictionary<string, object> parameterValues, FilterContext context, dynamic next)
      ┏━━━━━━━━━━━  Logging Monitor ━━━━━━━━━━━
      ┣ Admin.NET.Core.Service.SysEnumService.GetEnumDataList
      ┣ 
      ┣ 控制器名称：                SysEnumService
      ┣ 操作名称：                  GetEnumDataList
      ┣ 显示名称：                  通过枚举类型获取枚举值集合
      ┣ 路由信息：                  [area]: ; [controller]: sysEnum; [action]: enumDataList
      ┣ 请求方式：                  GET
      ┣ 请求地址：                  http://localhost:5005/api/sysEnum/enumDataList?EnumName=AIModelOptionEnum
      ┣ 来源地址：                  http://localhost:8888/
      ┣ 请求端源：                  client
      ┣ 浏览器标识：                Mozilla/5.0 (Windows NT 10.0; Win64; x64) AppleWebKit/537.36 (KHTML, like Gecko) Chrome/131.0.0.0 Safari/537.36
      ┣ 客户端区域语言：            zh-cn
      ┣ 客户端 IP 地址：            127.0.0.1
      ┣ 服务端 IP 地址：            127.0.0.1
      ┣ 客户端连接 ID：             00-8c38d7257980286dee4bed3df2e9ae2c-97787c45f8523464-00
      ┣ 服务线程 ID：               #40
      ┣ 执行耗时：                  0ms
      ┣ ━━━━━━━━━━━━━━━  Cookies ━━━━━━━━━━━━━━━
      ┣ 请求端：                    
      ┣ 响应端：                    
      ┣ ━━━━━━━━━━━━━━━  系统信息 ━━━━━━━━━━━━━━━
      ┣ 系统名称：                  Microsoft Windows 10.0.19045
      ┣ 系统架构：                  X64
      ┣ 基础框架：                  Furion.Pure v1.0.0.0
      ┣ .NET 架构：                 .NET 8.0.6
      ┣ ━━━━━━━━━━━━━━━  启动信息 ━━━━━━━━━━━━━━━
      ┣ 运行环境：                  Production
      ┣ 启动程序集：                Admin.NET.Web.Entry
      ┣ 进程名称：                  Admin.NET.Web.Entry
      ┣ 托管程序：                  Kestrel
      ┣ ━━━━━━━━━━━━━━━  请求头信息 ━━━━━━━━━━━━━━━
      ┣ 
      ┣ Accept：                    application/json, text/plain, */*
      ┣ Connection：                keep-alive
      ┣ Host：                      localhost:5005
      ┣ User-Agent：                Mozilla/5.0 (Windows NT 10.0; Win64; x64) AppleWebKit/537.36 (KHTML, like Gecko) Chrome/131.0.0.0 Safari/537.36
      ┣ Accept-Encoding：           gzip, deflate, br, zstd
      ┣ Accept-Language：           zh-cn
      ┣ Authorization：             Bearer eyJhbGciOiJIUzI1NiIsInR5cCI6IkpXVCJ9.eyJVc2VySWQiOjEzMDAwMDAwMDAxMDEsIlRlbmFudElkIjoxMzAwMDAwMDAwMDAxLCJBY2NvdW50Ijoic3VwZXJhZG1pbiIsIlJlYWxOYW1lIjoi6LaF57qn566h55CG5ZGYIiwiQWNjb3VudFR5cGUiOjk5OSwiT3JnSWQiOjAsIk9yZ05hbWUiOm51bGwsIk9yZ1R5cGUiOm51bGwsImlhdCI6MTczNjc3MzYzMCwibmJmIjoxNzM2NzczNjMwLCJleHAiOjE3MzczNzg0MzAsImlzcyI6Imd1eGluLmxpbmsiLCJhdWQiOiJndXhpbi5saW5rIn0.7yghNabJaXKI2uA1Ntrw8zMcPGWCeTTjXE-UINFnf5o
      ┣ Cache-Control：             no-cache
      ┣ Origin：                    http://localhost:8888
      ┣ Pragma：                    no-cache
      ┣ Referer：                   http://localhost:8888/
      ┣ sec-ch-ua-platform：        "Windows"
      ┣ sec-ch-ua：                 "Google Chrome";v="131", "Chromium";v="131", "Not_A Brand";v="24"
      ┣ sec-ch-ua-mobile：          ?0
      ┣ DNT：                       1
      ┣ Sec-Fetch-Site：            same-site
      ┣ Sec-Fetch-Mode：            cors
      ┣ Sec-Fetch-Dest：            empty
      ┣ ━━━━━━━━━━━━━━━  参数列表 ━━━━━━━━━━━━━━━
      ┣ Content-Type：              
      ┣ 
      ┣ input (EnumInput)：         {"enumName":"AIModelOptionEnum"}
      ┣ ━━━━━━━━━━━━━━━  返回信息 ━━━━━━━━━━━━━━━
      ┣ HTTP响应状态码：            200
      ┣ 原始类型：                  System.Collections.Generic.List<Admin.NET.Core.EnumEntity>
      ┣ 最终类型：                  Admin.NET.Core.AdminResult<System.Object>
      ┣ 最终返回值：                {"code":200,"type":"success","message":"","result":[{"describe":"文本","name":"Text","value":0},{"describe":"数字","name":"Num","value":1},{"describe":"单选","name":"Radio","value":2},{"describe":"多选","name":"CheckBox","value":3},{"describe":"true，false","name":"Switch","value":4}],"extras":null,"time":"2025-01-13T21:29:30.4110071+08:00"}
      ┗━━━━━━━━━━━  Logging Monitor ━━━━━━━━━━━
info: 2025-01-13 21:29:30.5091905 +08:00 星期一 L System.Logging.LoggingMonitor[0] #6 '00-06d490fc121461f1d9961bb2b0c35294-5db925b0e8728420-00'
      [Furion.Pure.dll] async Task LoggingMonitorAttribute.MonitorAsync(MethodInfo actionMethod, IDictionary<string, object> parameterValues, FilterContext context, dynamic next)
      ┏━━━━━━━━━━━  Logging Monitor ━━━━━━━━━━━
      ┣ Admin.NET.Core.Service.SysNoticeService.GetUnReadList
      ┣ 
      ┣ 控制器名称：                     SysNoticeService
      ┣ 操作名称：                       GetUnReadList
      ┣ 显示名称：                       获取未读的通知公告
      ┣ 路由信息：                       [area]: ; [controller]: sysNotice; [action]: unReadList
      ┣ 请求方式：                       GET
      ┣ 请求地址：                       http://localhost:5005/api/sysNotice/unReadList
      ┣ 来源地址：                       http://localhost:8888/
      ┣ 请求端源：                       client
      ┣ 浏览器标识：                     Mozilla/5.0 (Windows NT 10.0; Win64; x64) AppleWebKit/537.36 (KHTML, like Gecko) Chrome/131.0.0.0 Safari/537.36
      ┣ 客户端区域语言：                 zh-cn
      ┣ 客户端 IP 地址：                 127.0.0.1
      ┣ 服务端 IP 地址：                 127.0.0.1
      ┣ 客户端连接 ID：                  00-06d490fc121461f1d9961bb2b0c35294-5db925b0e8728420-00
      ┣ 服务线程 ID：                    #6
      ┣ 执行耗时：                       55ms
      ┣ ━━━━━━━━━━━━━━━  Cookies ━━━━━━━━━━━━━━━
      ┣ 请求端：                         
      ┣ 响应端：                         
      ┣ ━━━━━━━━━━━━━━━  系统信息 ━━━━━━━━━━━━━━━
      ┣ 系统名称：                       Microsoft Windows 10.0.19045
      ┣ 系统架构：                       X64
      ┣ 基础框架：                       Furion.Pure v1.0.0.0
      ┣ .NET 架构：                      .NET 8.0.6
      ┣ ━━━━━━━━━━━━━━━  启动信息 ━━━━━━━━━━━━━━━
      ┣ 运行环境：                       Production
      ┣ 启动程序集：                     Admin.NET.Web.Entry
      ┣ 进程名称：                       Admin.NET.Web.Entry
      ┣ 托管程序：                       Kestrel
      ┣ ━━━━━━━━━━━━━━━  授权信息 ━━━━━━━━━━━━━━━
      ┣ JWT Token：                      Bearer eyJhbGciOiJIUzI1NiIsInR5cCI6IkpXVCJ9.eyJVc2VySWQiOjEzMDAwMDAwMDAxMDEsIlRlbmFudElkIjoxMzAwMDAwMDAwMDAxLCJBY2NvdW50Ijoic3VwZXJhZG1pbiIsIlJlYWxOYW1lIjoi6LaF57qn566h55CG5ZGYIiwiQWNjb3VudFR5cGUiOjk5OSwiT3JnSWQiOjAsIk9yZ05hbWUiOm51bGwsIk9yZ1R5cGUiOm51bGwsImlhdCI6MTczNjc3MzYzMCwibmJmIjoxNzM2NzczNjMwLCJleHAiOjE3MzczNzg0MzAsImlzcyI6Imd1eGluLmxpbmsiLCJhdWQiOiJndXhpbi5saW5rIn0.7yghNabJaXKI2uA1Ntrw8zMcPGWCeTTjXE-UINFnf5o
      ┣ 
      ┣ UserId (integer64)：             1300000000101
      ┣ TenantId (integer64)：           1300000000001
      ┣ Account (string)：               superadmin
      ┣ RealName (string)：              超级管理员
      ┣ AccountType (integer32)：        999
      ┣ OrgId (integer32)：              0
      ┣ OrgName (JSON_NULL)：            
      ┣ OrgType (JSON_NULL)：            
      ┣ iat (integer64)：                1736773630 (2025-01-13 21:07:10:0000(+08:00) 星期一 L)
      ┣ nbf (integer64)：                1736773630 (2025-01-13 21:07:10:0000(+08:00) 星期一 L)
      ┣ exp (integer64)：                1737378430 (2025-01-20 21:07:10:0000(+08:00) 星期一 L)
      ┣ iss (string)：                   guxin.link
      ┣ aud (string)：                   guxin.link
      ┣ ━━━━━━━━━━━━━━━  请求头信息 ━━━━━━━━━━━━━━━
      ┣ 
      ┣ Accept：                         application/json, text/plain, */*
      ┣ Connection：                     keep-alive
      ┣ Host：                           localhost:5005
      ┣ User-Agent：                     Mozilla/5.0 (Windows NT 10.0; Win64; x64) AppleWebKit/537.36 (KHTML, like Gecko) Chrome/131.0.0.0 Safari/537.36
      ┣ Accept-Encoding：                gzip, deflate, br, zstd
      ┣ Accept-Language：                zh-cn
      ┣ Authorization：                  Bearer eyJhbGciOiJIUzI1NiIsInR5cCI6IkpXVCJ9.eyJVc2VySWQiOjEzMDAwMDAwMDAxMDEsIlRlbmFudElkIjoxMzAwMDAwMDAwMDAxLCJBY2NvdW50Ijoic3VwZXJhZG1pbiIsIlJlYWxOYW1lIjoi6LaF57qn566h55CG5ZGYIiwiQWNjb3VudFR5cGUiOjk5OSwiT3JnSWQiOjAsIk9yZ05hbWUiOm51bGwsIk9yZ1R5cGUiOm51bGwsImlhdCI6MTczNjc3MzYzMCwibmJmIjoxNzM2NzczNjMwLCJleHAiOjE3MzczNzg0MzAsImlzcyI6Imd1eGluLmxpbmsiLCJhdWQiOiJndXhpbi5saW5rIn0.7yghNabJaXKI2uA1Ntrw8zMcPGWCeTTjXE-UINFnf5o
      ┣ Cache-Control：                  no-cache
      ┣ Origin：                         http://localhost:8888
      ┣ Pragma：                         no-cache
      ┣ Referer：                        http://localhost:8888/
      ┣ sec-ch-ua-platform：             "Windows"
      ┣ sec-ch-ua：                      "Google Chrome";v="131", "Chromium";v="131", "Not_A Brand";v="24"
      ┣ sec-ch-ua-mobile：               ?0
      ┣ DNT：                            1
      ┣ Sec-Fetch-Site：                 same-site
      ┣ Sec-Fetch-Mode：                 cors
      ┣ Sec-Fetch-Dest：                 empty
      ┣ ━━━━━━━━━━━━━━━  返回信息 ━━━━━━━━━━━━━━━
      ┣ HTTP响应状态码：                 200
      ┣ 原始类型：                       System.Threading.Tasks.Task<System.Collections.Generic.List<Admin.NET.Core.SysNotice>>
      ┣ 最终类型：                       Admin.NET.Core.AdminResult<System.Object>
      ┣ 最终返回值：                     {"code":200,"type":"success","message":"","result":[],"extras":null,"time":"2025-01-13T21:29:30.5084068+08:00"}
      ┗━━━━━━━━━━━  Logging Monitor ━━━━━━━━━━━
info: 2025-01-13 21:30:16.8396060 +08:00 星期一 L System.Logging.TaskQueueService[0] #1
      [Microsoft.Extensions.Logging.Abstractions.dll] void Microsoft.Extensions.Logging.LoggerExtensions.LogInformation(ILogger logger, string message, params object[] args)
      TaskQueue hosted service is running.
info: 2025-01-13 21:30:16.8760199 +08:00 星期一 L System.Logging.ScheduleService[0] #1
      [Furion.Pure.dll] void Furion.Schedule.ScheduleLogger.Log(LogLevel logLevel, string message, object[] args, Exception ex)
      Schedule hosted service is running.
info: 2025-01-13 21:30:16.8786364 +08:00 星期一 L System.Logging.ScheduleService[0] #1
      [Furion.Pure.dll] void Furion.Schedule.ScheduleLogger.Log(LogLevel logLevel, string message, object[] args, Exception ex)
      Schedule hosted service is preloading...
info: 2025-01-13 21:30:17.5132979 +08:00 星期一 L System.Logging.ScheduleService[0] #1
      [Furion.Pure.dll] void Furion.Schedule.ScheduleLogger.Log(LogLevel logLevel, string message, object[] args, Exception ex)
      The <trigger_log> trigger for scheduler of <job_log> successfully appended and updated to the schedule.
info: 2025-01-13 21:30:17.5153341 +08:00 星期一 L System.Logging.ScheduleService[0] #1
      [Furion.Pure.dll] void Furion.Schedule.ScheduleLogger.Log(LogLevel logLevel, string message, object[] args, Exception ex)
      The scheduler of <job_log> successfully appended and updated to the schedule.
info: 2025-01-13 21:30:17.5233254 +08:00 星期一 L System.Logging.ScheduleService[0] #1
      [Furion.Pure.dll] void Furion.Schedule.ScheduleLogger.Log(LogLevel logLevel, string message, object[] args, Exception ex)
      The <trigger_onlineUser> trigger for scheduler of <job_onlineUser> successfully appended and updated to the schedule.
info: 2025-01-13 21:30:17.5245652 +08:00 星期一 L System.Logging.ScheduleService[0] #1
      [Furion.Pure.dll] void Furion.Schedule.ScheduleLogger.Log(LogLevel logLevel, string message, object[] args, Exception ex)
      The scheduler of <job_onlineUser> successfully appended and updated to the schedule.
info: 2025-01-13 21:53:26.9262190 +08:00 星期一 L System.Logging.LoggingMonitor[0] #42 '00-9c0968671c57bf1d3a4679ab27f69c80-ec09b10eaba1955c-00'
      [Furion.Pure.dll] async Task LoggingMonitorAttribute.MonitorAsync(MethodInfo actionMethod, IDictionary<string, object> parameterValues, FilterContext context, dynamic next)
      ┏━━━━━━━━━━━  Logging Monitor ━━━━━━━━━━━
      ┣ Admin.NET.Core.Service.SysEnumService.GetEnumDataList
      ┣ 
      ┣ 控制器名称：                SysEnumService
      ┣ 操作名称：                  GetEnumDataList
      ┣ 显示名称：                  通过枚举类型获取枚举值集合
      ┣ 路由信息：                  [area]: ; [controller]: sysEnum; [action]: enumDataList
      ┣ 请求方式：                  GET
      ┣ 请求地址：                  http://localhost:5005/api/sysEnum/enumDataList?EnumName=AIModelOptionEnum
      ┣ 来源地址：                  http://localhost:8888/
      ┣ 请求端源：                  client
      ┣ 浏览器标识：                Mozilla/5.0 (Windows NT 10.0; Win64; x64) AppleWebKit/537.36 (KHTML, like Gecko) Chrome/131.0.0.0 Safari/537.36
      ┣ 客户端区域语言：            zh-cn
      ┣ 客户端 IP 地址：            127.0.0.1
      ┣ 服务端 IP 地址：            127.0.0.1
      ┣ 客户端连接 ID：             00-9c0968671c57bf1d3a4679ab27f69c80-ec09b10eaba1955c-00
      ┣ 服务线程 ID：               #42
      ┣ 执行耗时：                  13ms
      ┣ ━━━━━━━━━━━━━━━  Cookies ━━━━━━━━━━━━━━━
      ┣ 请求端：                    
      ┣ 响应端：                    
      ┣ ━━━━━━━━━━━━━━━  系统信息 ━━━━━━━━━━━━━━━
      ┣ 系统名称：                  Microsoft Windows 10.0.19045
      ┣ 系统架构：                  X64
      ┣ 基础框架：                  Furion.Pure v1.0.0.0
      ┣ .NET 架构：                 .NET 8.0.6
      ┣ ━━━━━━━━━━━━━━━  启动信息 ━━━━━━━━━━━━━━━
      ┣ 运行环境：                  Production
      ┣ 启动程序集：                Admin.NET.Web.Entry
      ┣ 进程名称：                  Admin.NET.Web.Entry
      ┣ 托管程序：                  Kestrel
      ┣ ━━━━━━━━━━━━━━━  请求头信息 ━━━━━━━━━━━━━━━
      ┣ 
      ┣ Accept：                    application/json, text/plain, */*
      ┣ Connection：                keep-alive
      ┣ Host：                      localhost:5005
      ┣ User-Agent：                Mozilla/5.0 (Windows NT 10.0; Win64; x64) AppleWebKit/537.36 (KHTML, like Gecko) Chrome/131.0.0.0 Safari/537.36
      ┣ Accept-Encoding：           gzip, deflate, br, zstd
      ┣ Accept-Language：           zh-cn
      ┣ Authorization：             Bearer eyJhbGciOiJIUzI1NiIsInR5cCI6IkpXVCJ9.eyJVc2VySWQiOjEzMDAwMDAwMDAxMDEsIlRlbmFudElkIjoxMzAwMDAwMDAwMDAxLCJBY2NvdW50Ijoic3VwZXJhZG1pbiIsIlJlYWxOYW1lIjoi6LaF57qn566h55CG5ZGYIiwiQWNjb3VudFR5cGUiOjk5OSwiT3JnSWQiOjAsIk9yZ05hbWUiOm51bGwsIk9yZ1R5cGUiOm51bGwsImlhdCI6MTczNjc3MzYzMCwibmJmIjoxNzM2NzczNjMwLCJleHAiOjE3MzczNzg0MzAsImlzcyI6Imd1eGluLmxpbmsiLCJhdWQiOiJndXhpbi5saW5rIn0.7yghNabJaXKI2uA1Ntrw8zMcPGWCeTTjXE-UINFnf5o
      ┣ Cache-Control：             no-cache
      ┣ Origin：                    http://localhost:8888
      ┣ Pragma：                    no-cache
      ┣ Referer：                   http://localhost:8888/
      ┣ sec-ch-ua-platform：        "Windows"
      ┣ sec-ch-ua：                 "Google Chrome";v="131", "Chromium";v="131", "Not_A Brand";v="24"
      ┣ sec-ch-ua-mobile：          ?0
      ┣ DNT：                       1
      ┣ Sec-Fetch-Site：            same-site
      ┣ Sec-Fetch-Mode：            cors
      ┣ Sec-Fetch-Dest：            empty
      ┣ ━━━━━━━━━━━━━━━  参数列表 ━━━━━━━━━━━━━━━
      ┣ Content-Type：              
      ┣ 
      ┣ input (EnumInput)：         {"enumName":"AIModelOptionEnum"}
      ┣ ━━━━━━━━━━━━━━━  返回信息 ━━━━━━━━━━━━━━━
      ┣ HTTP响应状态码：            200
      ┣ 原始类型：                  System.Collections.Generic.List<Admin.NET.Core.EnumEntity>
      ┣ 最终类型：                  Admin.NET.Core.AdminResult<System.Object>
      ┣ 最终返回值：                {"code":200,"type":"success","message":"","result":[{"describe":"文本","name":"Text","value":0},{"describe":"数字","name":"Num","value":1},{"describe":"单选","name":"Radio","value":2},{"describe":"多选","name":"CheckBox","value":3},{"describe":"true，false","name":"Switch","value":4}],"extras":null,"time":"2025-01-13T21:53:26.8884597+08:00"}
      ┗━━━━━━━━━━━  Logging Monitor ━━━━━━━━━━━
info: 2025-01-13 21:53:27.4996151 +08:00 星期一 L System.Logging.LoggingMonitor[0] #48 '00-7785d783ad5e8d3dd389d0bd406e803d-c4b0651fd0fe6bcb-00'
      [Furion.Pure.dll] async Task LoggingMonitorAttribute.MonitorAsync(MethodInfo actionMethod, IDictionary<string, object> parameterValues, FilterContext context, dynamic next)
      ┏━━━━━━━━━━━  Logging Monitor ━━━━━━━━━━━
      ┣ Admin.NET.Application.ChatModelOptionsService.ModelDropdown
      ┣ 
      ┣ 控制器名称：                     ChatModelOptionsService
      ┣ 操作名称：                       ModelDropdown
      ┣ 显示名称：                       
      ┣ 路由信息：                       [area]: ; [controller]: chatModelOptions; [action]: modelDropdown
      ┣ 请求方式：                       GET
      ┣ 请求地址：                       http://localhost:5005/api/chatModelOptions/modelDropdown
      ┣ 来源地址：                       http://localhost:8888/
      ┣ 请求端源：                       client
      ┣ 浏览器标识：                     Mozilla/5.0 (Windows NT 10.0; Win64; x64) AppleWebKit/537.36 (KHTML, like Gecko) Chrome/131.0.0.0 Safari/537.36
      ┣ 客户端区域语言：                 zh-CN,zh;q=0.9
      ┣ 客户端 IP 地址：                 127.0.0.1
      ┣ 服务端 IP 地址：                 127.0.0.1
      ┣ 客户端连接 ID：                  00-7785d783ad5e8d3dd389d0bd406e803d-c4b0651fd0fe6bcb-00
      ┣ 服务线程 ID：                    #46
      ┣ 执行耗时：                       288ms
      ┣ ━━━━━━━━━━━━━━━  Cookies ━━━━━━━━━━━━━━━
      ┣ 请求端：                         
      ┣ 响应端：                         
      ┣ ━━━━━━━━━━━━━━━  系统信息 ━━━━━━━━━━━━━━━
      ┣ 系统名称：                       Microsoft Windows 10.0.19045
      ┣ 系统架构：                       X64
      ┣ 基础框架：                       Furion.Pure v1.0.0.0
      ┣ .NET 架构：                      .NET 8.0.6
      ┣ ━━━━━━━━━━━━━━━  启动信息 ━━━━━━━━━━━━━━━
      ┣ 运行环境：                       Production
      ┣ 启动程序集：                     Admin.NET.Web.Entry
      ┣ 进程名称：                       Admin.NET.Web.Entry
      ┣ 托管程序：                       Kestrel
      ┣ ━━━━━━━━━━━━━━━  授权信息 ━━━━━━━━━━━━━━━
      ┣ JWT Token：                      Bearer eyJhbGciOiJIUzI1NiIsInR5cCI6IkpXVCJ9.eyJVc2VySWQiOjEzMDAwMDAwMDAxMDEsIlRlbmFudElkIjoxMzAwMDAwMDAwMDAxLCJBY2NvdW50Ijoic3VwZXJhZG1pbiIsIlJlYWxOYW1lIjoi6LaF57qn566h55CG5ZGYIiwiQWNjb3VudFR5cGUiOjk5OSwiT3JnSWQiOjAsIk9yZ05hbWUiOm51bGwsIk9yZ1R5cGUiOm51bGwsImlhdCI6MTczNjc3MzYzMCwibmJmIjoxNzM2NzczNjMwLCJleHAiOjE3MzczNzg0MzAsImlzcyI6Imd1eGluLmxpbmsiLCJhdWQiOiJndXhpbi5saW5rIn0.7yghNabJaXKI2uA1Ntrw8zMcPGWCeTTjXE-UINFnf5o
      ┣ 
      ┣ UserId (integer64)：             1300000000101
      ┣ TenantId (integer64)：           1300000000001
      ┣ Account (string)：               superadmin
      ┣ RealName (string)：              超级管理员
      ┣ AccountType (integer32)：        999
      ┣ OrgId (integer32)：              0
      ┣ OrgName (JSON_NULL)：            
      ┣ OrgType (JSON_NULL)：            
      ┣ iat (integer64)：                1736773630 (2025-01-13 21:07:10:0000(+08:00) 星期一 L)
      ┣ nbf (integer64)：                1736773630 (2025-01-13 21:07:10:0000(+08:00) 星期一 L)
      ┣ exp (integer64)：                1737378430 (2025-01-20 21:07:10:0000(+08:00) 星期一 L)
      ┣ iss (string)：                   guxin.link
      ┣ aud (string)：                   guxin.link
      ┣ ━━━━━━━━━━━━━━━  请求头信息 ━━━━━━━━━━━━━━━
      ┣ 
      ┣ Accept：                         application/json, text/plain, */*
      ┣ Connection：                     keep-alive
      ┣ Host：                           localhost:5005
      ┣ User-Agent：                     Mozilla/5.0 (Windows NT 10.0; Win64; x64) AppleWebKit/537.36 (KHTML, like Gecko) Chrome/131.0.0.0 Safari/537.36
      ┣ Accept-Encoding：                gzip, deflate, br, zstd
      ┣ Accept-Language：                zh-CN,zh;q=0.9
      ┣ Authorization：                  Bearer eyJhbGciOiJIUzI1NiIsInR5cCI6IkpXVCJ9.eyJVc2VySWQiOjEzMDAwMDAwMDAxMDEsIlRlbmFudElkIjoxMzAwMDAwMDAwMDAxLCJBY2NvdW50Ijoic3VwZXJhZG1pbiIsIlJlYWxOYW1lIjoi6LaF57qn566h55CG5ZGYIiwiQWNjb3VudFR5cGUiOjk5OSwiT3JnSWQiOjAsIk9yZ05hbWUiOm51bGwsIk9yZ1R5cGUiOm51bGwsImlhdCI6MTczNjc3MzYzMCwibmJmIjoxNzM2NzczNjMwLCJleHAiOjE3MzczNzg0MzAsImlzcyI6Imd1eGluLmxpbmsiLCJhdWQiOiJndXhpbi5saW5rIn0.7yghNabJaXKI2uA1Ntrw8zMcPGWCeTTjXE-UINFnf5o
      ┣ Cache-Control：                  no-cache
      ┣ Origin：                         http://localhost:8888
      ┣ Pragma：                         no-cache
      ┣ Referer：                        http://localhost:8888/
      ┣ sec-ch-ua-platform：             "Windows"
      ┣ sec-ch-ua：                      "Google Chrome";v="131", "Chromium";v="131", "Not_A Brand";v="24"
      ┣ DNT：                            1
      ┣ sec-ch-ua-mobile：               ?0
      ┣ Sec-Fetch-Site：                 same-site
      ┣ Sec-Fetch-Mode：                 cors
      ┣ Sec-Fetch-Dest：                 empty
      ┣ ━━━━━━━━━━━━━━━  返回信息 ━━━━━━━━━━━━━━━
      ┣ HTTP响应状态码：                 200
      ┣ 原始类型：                       System.Threading.Tasks.Task<System.Object>
      ┣ 最终类型：                       Admin.NET.Core.AdminResult<System.Object>
      ┣ 最终返回值：                     {"code":200,"type":"success","message":"","result":[{"label":"通义千问 Max","value":"灵积:qwen-max","service":"灵积"},{"label":"GPT-3.5 16K","value":"3.5-turbo-16k","service":"openai"},{"label":"通义千问 7B","value":"灵积:qwen-7b-chat","service":"灵积"},{"label":"星火大模型V1.5","value":"讯飞星火:general","service":"讯飞星火"},{"label":"通义千问 Turbo","value":"灵积:qwen-turbo","service":"灵积"},{"label":"通义千问 Plus","value":"灵积:qwen-plus","service":"灵积"},{"label":"GPT-4","value":"gpt-4","service":"openai"},{"label":"腾讯混元大模型","value
      ┗━━━━━━━━━━━  Logging Monitor ━━━━━━━━━━━
info: 2025-01-13 21:53:27.6095686 +08:00 星期一 L System.Logging.LoggingMonitor[0] #48 '00-6a90dbec9dcbde1145bca74527c29be2-3479af54a697fe79-00'
      [Furion.Pure.dll] async Task LoggingMonitorAttribute.MonitorAsync(MethodInfo actionMethod, IDictionary<string, object> parameterValues, FilterContext context, dynamic next)
      ┏━━━━━━━━━━━  Logging Monitor ━━━━━━━━━━━
      ┣ Admin.NET.Application.ChatModelOptionsService.Page
      ┣ 
      ┣ 控制器名称：                           ChatModelOptionsService
      ┣ 操作名称：                             Page
      ┣ 显示名称：                             
      ┣ 路由信息：                             [area]: ; [controller]: chatModelOptions; [action]: page
      ┣ 请求方式：                             POST
      ┣ 请求地址：                             http://localhost:5005/api/chatModelOptions/page
      ┣ 来源地址：                             http://localhost:8888/
      ┣ 请求端源：                             client
      ┣ 浏览器标识：                           Mozilla/5.0 (Windows NT 10.0; Win64; x64) AppleWebKit/537.36 (KHTML, like Gecko) Chrome/131.0.0.0 Safari/537.36
      ┣ 客户端区域语言：                       zh-CN,zh;q=0.9
      ┣ 客户端 IP 地址：                       127.0.0.1
      ┣ 服务端 IP 地址：                       127.0.0.1
      ┣ 客户端连接 ID：                        00-6a90dbec9dcbde1145bca74527c29be2-3479af54a697fe79-00
      ┣ 服务线程 ID：                          #45
      ┣ 执行耗时：                             484ms
      ┣ ━━━━━━━━━━━━━━━  Cookies ━━━━━━━━━━━━━━━
      ┣ 请求端：                               
      ┣ 响应端：                               
      ┣ ━━━━━━━━━━━━━━━  系统信息 ━━━━━━━━━━━━━━━
      ┣ 系统名称：                             Microsoft Windows 10.0.19045
      ┣ 系统架构：                             X64
      ┣ 基础框架：                             Furion.Pure v1.0.0.0
      ┣ .NET 架构：                            .NET 8.0.6
      ┣ ━━━━━━━━━━━━━━━  启动信息 ━━━━━━━━━━━━━━━
      ┣ 运行环境：                             Production
      ┣ 启动程序集：                           Admin.NET.Web.Entry
      ┣ 进程名称：                             Admin.NET.Web.Entry
      ┣ 托管程序：                             Kestrel
      ┣ ━━━━━━━━━━━━━━━  授权信息 ━━━━━━━━━━━━━━━
      ┣ JWT Token：                            Bearer eyJhbGciOiJIUzI1NiIsInR5cCI6IkpXVCJ9.eyJVc2VySWQiOjEzMDAwMDAwMDAxMDEsIlRlbmFudElkIjoxMzAwMDAwMDAwMDAxLCJBY2NvdW50Ijoic3VwZXJhZG1pbiIsIlJlYWxOYW1lIjoi6LaF57qn566h55CG5ZGYIiwiQWNjb3VudFR5cGUiOjk5OSwiT3JnSWQiOjAsIk9yZ05hbWUiOm51bGwsIk9yZ1R5cGUiOm51bGwsImlhdCI6MTczNjc3MzYzMCwibmJmIjoxNzM2NzczNjMwLCJleHAiOjE3MzczNzg0MzAsImlzcyI6Imd1eGluLmxpbmsiLCJhdWQiOiJndXhpbi5saW5rIn0.7yghNabJaXKI2uA1Ntrw8zMcPGWCeTTjXE-UINFnf5o
      ┣ 
      ┣ UserId (integer64)：                   1300000000101
      ┣ TenantId (integer64)：                 1300000000001
      ┣ Account (string)：                     superadmin
      ┣ RealName (string)：                    超级管理员
      ┣ AccountType (integer32)：              999
      ┣ OrgId (integer32)：                    0
      ┣ OrgName (JSON_NULL)：                  
      ┣ OrgType (JSON_NULL)：                  
      ┣ iat (integer64)：                      1736773630 (2025-01-13 21:07:10:0000(+08:00) 星期一 L)
      ┣ nbf (integer64)：                      1736773630 (2025-01-13 21:07:10:0000(+08:00) 星期一 L)
      ┣ exp (integer64)：                      1737378430 (2025-01-20 21:07:10:0000(+08:00) 星期一 L)
      ┣ iss (string)：                         guxin.link
      ┣ aud (string)：                         guxin.link
      ┣ ━━━━━━━━━━━━━━━  请求头信息 ━━━━━━━━━━━━━━━
      ┣ 
      ┣ Accept：                               application/json, text/plain, */*
      ┣ Connection：                           keep-alive
      ┣ Host：                                 localhost:5005
      ┣ User-Agent：                           Mozilla/5.0 (Windows NT 10.0; Win64; x64) AppleWebKit/537.36 (KHTML, like Gecko) Chrome/131.0.0.0 Safari/537.36
      ┣ Accept-Encoding：                      gzip, deflate, br, zstd
      ┣ Accept-Language：                      zh-CN,zh;q=0.9
      ┣ Authorization：                        Bearer eyJhbGciOiJIUzI1NiIsInR5cCI6IkpXVCJ9.eyJVc2VySWQiOjEzMDAwMDAwMDAxMDEsIlRlbmFudElkIjoxMzAwMDAwMDAwMDAxLCJBY2NvdW50Ijoic3VwZXJhZG1pbiIsIlJlYWxOYW1lIjoi6LaF57qn566h55CG5ZGYIiwiQWNjb3VudFR5cGUiOjk5OSwiT3JnSWQiOjAsIk9yZ05hbWUiOm51bGwsIk9yZ1R5cGUiOm51bGwsImlhdCI6MTczNjc3MzYzMCwibmJmIjoxNzM2NzczNjMwLCJleHAiOjE3MzczNzg0MzAsImlzcyI6Imd1eGluLmxpbmsiLCJhdWQiOiJndXhpbi5saW5rIn0.7yghNabJaXKI2uA1Ntrw8zMcPGWCeTTjXE-UINFnf5o
      ┣ Cache-Control：                        no-cache
      ┣ Content-Type：                         application/json
      ┣ Origin：                               http://localhost:8888
      ┣ Pragma：                               no-cache
      ┣ Referer：                              http://localhost:8888/
      ┣ Content-Length：                       34
      ┣ sec-ch-ua-platform：                   "Windows"
      ┣ sec-ch-ua：                            "Google Chrome";v="131", "Chromium";v="131", "Not_A Brand";v="24"
      ┣ sec-ch-ua-mobile：                     ?0
      ┣ DNT：                                  1
      ┣ Sec-Fetch-Site：                       same-site
      ┣ Sec-Fetch-Mode：                       cors
      ┣ Sec-Fetch-Dest：                       empty
      ┣ ━━━━━━━━━━━━━━━  参数列表 ━━━━━━━━━━━━━━━
      ┣ Content-Type：                         application/json
      ┣ 
      ┣ input (ChatModelOptionsInput)：        {"searchKey":null,"modelId":null,"name":null,"optionType":null,"field":null,"page":1,"pageSize":10,"order":null,"descStr":"descending"}
      ┣ ━━━━━━━━━━━━━━━  返回信息 ━━━━━━━━━━━━━━━
      ┣ HTTP响应状态码：                       200
      ┣ 原始类型：                             System.Threading.Tasks.Task<Admin.NET.Core.SqlSugarPagedList<Admin.NET.Application.ChatModelOptionsOutput>>
      ┣ 最终类型：                             Admin.NET.Core.AdminResult<System.Object>
      ┣ 最终返回值：                           {"code":200,"type":"success","message":"","result":{"page":1,"pageSize":10,"total":0,"totalPages":0,"items":[],"hasPrevPage":false,"hasNextPage":false},"extras":null,"time":"2025-01-13T21:53:27.6039679+08:00"}
      ┗━━━━━━━━━━━  Logging Monitor ━━━━━━━━━━━
info: 2025-01-13 21:53:27.7039880 +08:00 星期一 L System.Logging.LoggingMonitor[0] #46 '00-237f090067118e12bc59e0412819ec86-058a255a8e83dd8d-00'
      [Furion.Pure.dll] async Task LoggingMonitorAttribute.MonitorAsync(MethodInfo actionMethod, IDictionary<string, object> parameterValues, FilterContext context, dynamic next)
      ┏━━━━━━━━━━━  Logging Monitor ━━━━━━━━━━━
      ┣ Admin.NET.Core.Service.SysEnumService.GetEnumDataList
      ┣ 
      ┣ 控制器名称：                SysEnumService
      ┣ 操作名称：                  GetEnumDataList
      ┣ 显示名称：                  通过枚举类型获取枚举值集合
      ┣ 路由信息：                  [area]: ; [controller]: sysEnum; [action]: enumDataList
      ┣ 请求方式：                  GET
      ┣ 请求地址：                  http://localhost:5005/api/sysEnum/enumDataList?EnumName=AIModelOptionEnum
      ┣ 来源地址：                  http://localhost:8888/
      ┣ 请求端源：                  client
      ┣ 浏览器标识：                Mozilla/5.0 (Windows NT 10.0; Win64; x64) AppleWebKit/537.36 (KHTML, like Gecko) Chrome/131.0.0.0 Safari/537.36
      ┣ 客户端区域语言：            zh-cn
      ┣ 客户端 IP 地址：            127.0.0.1
      ┣ 服务端 IP 地址：            127.0.0.1
      ┣ 客户端连接 ID：             00-237f090067118e12bc59e0412819ec86-058a255a8e83dd8d-00
      ┣ 服务线程 ID：               #46
      ┣ 执行耗时：                  0ms
      ┣ ━━━━━━━━━━━━━━━  Cookies ━━━━━━━━━━━━━━━
      ┣ 请求端：                    
      ┣ 响应端：                    
      ┣ ━━━━━━━━━━━━━━━  系统信息 ━━━━━━━━━━━━━━━
      ┣ 系统名称：                  Microsoft Windows 10.0.19045
      ┣ 系统架构：                  X64
      ┣ 基础框架：                  Furion.Pure v1.0.0.0
      ┣ .NET 架构：                 .NET 8.0.6
      ┣ ━━━━━━━━━━━━━━━  启动信息 ━━━━━━━━━━━━━━━
      ┣ 运行环境：                  Production
      ┣ 启动程序集：                Admin.NET.Web.Entry
      ┣ 进程名称：                  Admin.NET.Web.Entry
      ┣ 托管程序：                  Kestrel
      ┣ ━━━━━━━━━━━━━━━  请求头信息 ━━━━━━━━━━━━━━━
      ┣ 
      ┣ Accept：                    application/json, text/plain, */*
      ┣ Connection：                keep-alive
      ┣ Host：                      localhost:5005
      ┣ User-Agent：                Mozilla/5.0 (Windows NT 10.0; Win64; x64) AppleWebKit/537.36 (KHTML, like Gecko) Chrome/131.0.0.0 Safari/537.36
      ┣ Accept-Encoding：           gzip, deflate, br, zstd
      ┣ Accept-Language：           zh-cn
      ┣ Authorization：             Bearer eyJhbGciOiJIUzI1NiIsInR5cCI6IkpXVCJ9.eyJVc2VySWQiOjEzMDAwMDAwMDAxMDEsIlRlbmFudElkIjoxMzAwMDAwMDAwMDAxLCJBY2NvdW50Ijoic3VwZXJhZG1pbiIsIlJlYWxOYW1lIjoi6LaF57qn566h55CG5ZGYIiwiQWNjb3VudFR5cGUiOjk5OSwiT3JnSWQiOjAsIk9yZ05hbWUiOm51bGwsIk9yZ1R5cGUiOm51bGwsImlhdCI6MTczNjc3MzYzMCwibmJmIjoxNzM2NzczNjMwLCJleHAiOjE3MzczNzg0MzAsImlzcyI6Imd1eGluLmxpbmsiLCJhdWQiOiJndXhpbi5saW5rIn0.7yghNabJaXKI2uA1Ntrw8zMcPGWCeTTjXE-UINFnf5o
      ┣ Cache-Control：             no-cache
      ┣ Origin：                    http://localhost:8888
      ┣ Pragma：                    no-cache
      ┣ Referer：                   http://localhost:8888/
      ┣ sec-ch-ua-platform：        "Windows"
      ┣ sec-ch-ua：                 "Google Chrome";v="131", "Chromium";v="131", "Not_A Brand";v="24"
      ┣ sec-ch-ua-mobile：          ?0
      ┣ DNT：                       1
      ┣ Sec-Fetch-Site：            same-site
      ┣ Sec-Fetch-Mode：            cors
      ┣ Sec-Fetch-Dest：            empty
      ┣ ━━━━━━━━━━━━━━━  参数列表 ━━━━━━━━━━━━━━━
      ┣ Content-Type：              
      ┣ 
      ┣ input (EnumInput)：         {"enumName":"AIModelOptionEnum"}
      ┣ ━━━━━━━━━━━━━━━  返回信息 ━━━━━━━━━━━━━━━
      ┣ HTTP响应状态码：            200
      ┣ 原始类型：                  System.Collections.Generic.List<Admin.NET.Core.EnumEntity>
      ┣ 最终类型：                  Admin.NET.Core.AdminResult<System.Object>
      ┣ 最终返回值：                {"code":200,"type":"success","message":"","result":[{"describe":"文本","name":"Text","value":0},{"describe":"数字","name":"Num","value":1},{"describe":"单选","name":"Radio","value":2},{"describe":"多选","name":"CheckBox","value":3},{"describe":"true，false","name":"Switch","value":4}],"extras":null,"time":"2025-01-13T21:53:27.7028688+08:00"}
      ┗━━━━━━━━━━━  Logging Monitor ━━━━━━━━━━━
info: 2025-01-13 21:54:43.0314385 +08:00 星期一 L System.Logging.LoggingMonitor[0] #50 '00-7c2c84825769898e16adb7d791a56062-1dca8c4f266dc4c3-00'
      [Furion.Pure.dll] async Task LoggingMonitorAttribute.MonitorAsync(MethodInfo actionMethod, IDictionary<string, object> parameterValues, FilterContext context, dynamic next)
      ┏━━━━━━━━━━━  Logging Monitor ━━━━━━━━━━━
      ┣ Admin.NET.Core.Service.SysEnumService.GetEnumDataList
      ┣ 
      ┣ 控制器名称：                SysEnumService
      ┣ 操作名称：                  GetEnumDataList
      ┣ 显示名称：                  通过枚举类型获取枚举值集合
      ┣ 路由信息：                  [area]: ; [controller]: sysEnum; [action]: enumDataList
      ┣ 请求方式：                  GET
      ┣ 请求地址：                  http://localhost:5005/api/sysEnum/enumDataList?EnumName=AIModelEnum
      ┣ 来源地址：                  http://localhost:8888/
      ┣ 请求端源：                  client
      ┣ 浏览器标识：                Mozilla/5.0 (Windows NT 10.0; Win64; x64) AppleWebKit/537.36 (KHTML, like Gecko) Chrome/131.0.0.0 Safari/537.36
      ┣ 客户端区域语言：            zh-cn
      ┣ 客户端 IP 地址：            127.0.0.1
      ┣ 服务端 IP 地址：            127.0.0.1
      ┣ 客户端连接 ID：             00-7c2c84825769898e16adb7d791a56062-1dca8c4f266dc4c3-00
      ┣ 服务线程 ID：               #50
      ┣ 执行耗时：                  2ms
      ┣ ━━━━━━━━━━━━━━━  Cookies ━━━━━━━━━━━━━━━
      ┣ 请求端：                    
      ┣ 响应端：                    
      ┣ ━━━━━━━━━━━━━━━  系统信息 ━━━━━━━━━━━━━━━
      ┣ 系统名称：                  Microsoft Windows 10.0.19045
      ┣ 系统架构：                  X64
      ┣ 基础框架：                  Furion.Pure v1.0.0.0
      ┣ .NET 架构：                 .NET 8.0.6
      ┣ ━━━━━━━━━━━━━━━  启动信息 ━━━━━━━━━━━━━━━
      ┣ 运行环境：                  Production
      ┣ 启动程序集：                Admin.NET.Web.Entry
      ┣ 进程名称：                  Admin.NET.Web.Entry
      ┣ 托管程序：                  Kestrel
      ┣ ━━━━━━━━━━━━━━━  请求头信息 ━━━━━━━━━━━━━━━
      ┣ 
      ┣ Accept：                    application/json, text/plain, */*
      ┣ Connection：                keep-alive
      ┣ Host：                      localhost:5005
      ┣ User-Agent：                Mozilla/5.0 (Windows NT 10.0; Win64; x64) AppleWebKit/537.36 (KHTML, like Gecko) Chrome/131.0.0.0 Safari/537.36
      ┣ Accept-Encoding：           gzip, deflate, br, zstd
      ┣ Accept-Language：           zh-cn
      ┣ Authorization：             Bearer eyJhbGciOiJIUzI1NiIsInR5cCI6IkpXVCJ9.eyJVc2VySWQiOjEzMDAwMDAwMDAxMDEsIlRlbmFudElkIjoxMzAwMDAwMDAwMDAxLCJBY2NvdW50Ijoic3VwZXJhZG1pbiIsIlJlYWxOYW1lIjoi6LaF57qn566h55CG5ZGYIiwiQWNjb3VudFR5cGUiOjk5OSwiT3JnSWQiOjAsIk9yZ05hbWUiOm51bGwsIk9yZ1R5cGUiOm51bGwsImlhdCI6MTczNjc3MzYzMCwibmJmIjoxNzM2NzczNjMwLCJleHAiOjE3MzczNzg0MzAsImlzcyI6Imd1eGluLmxpbmsiLCJhdWQiOiJndXhpbi5saW5rIn0.7yghNabJaXKI2uA1Ntrw8zMcPGWCeTTjXE-UINFnf5o
      ┣ Cache-Control：             no-cache
      ┣ Origin：                    http://localhost:8888
      ┣ Pragma：                    no-cache
      ┣ Referer：                   http://localhost:8888/
      ┣ sec-ch-ua-platform：        "Windows"
      ┣ sec-ch-ua：                 "Google Chrome";v="131", "Chromium";v="131", "Not_A Brand";v="24"
      ┣ sec-ch-ua-mobile：          ?0
      ┣ DNT：                       1
      ┣ Sec-Fetch-Site：            same-site
      ┣ Sec-Fetch-Mode：            cors
      ┣ Sec-Fetch-Dest：            empty
      ┣ ━━━━━━━━━━━━━━━  参数列表 ━━━━━━━━━━━━━━━
      ┣ Content-Type：              
      ┣ 
      ┣ input (EnumInput)：         {"enumName":"AIModelEnum"}
      ┣ ━━━━━━━━━━━━━━━  返回信息 ━━━━━━━━━━━━━━━
      ┣ HTTP响应状态码：            200
      ┣ 原始类型：                  System.Collections.Generic.List<Admin.NET.Core.EnumEntity>
      ┣ 最终类型：                  Admin.NET.Core.AdminResult<System.Object>
      ┣ 最终返回值：                {"code":200,"type":"success","message":"","result":[{"describe":"聊天","name":"Chat","value":0},{"describe":"绘画","name":"Image","value":1},{"describe":"文本","name":"Text","value":2},{"describe":"其他","name":"Other","value":3}],"extras":null,"time":"2025-01-13T21:54:43.0284577+08:00"}
      ┗━━━━━━━━━━━  Logging Monitor ━━━━━━━━━━━
info: 2025-01-13 21:54:43.2480034 +08:00 星期一 L System.Logging.LoggingMonitor[0] #50 '00-e956ac047120ecd53c1f21a109fee709-3e6baf4a850ad9dd-00'
      [Furion.Pure.dll] async Task LoggingMonitorAttribute.MonitorAsync(MethodInfo actionMethod, IDictionary<string, object> parameterValues, FilterContext context, dynamic next)
      ┏━━━━━━━━━━━  Logging Monitor ━━━━━━━━━━━
      ┣ Admin.NET.Application.ChatModelService.Page
      ┣ 
      ┣ 控制器名称：                     ChatModelService
      ┣ 操作名称：                       Page
      ┣ 显示名称：                       
      ┣ 路由信息：                       [area]: ; [controller]: chatModel; [action]: page
      ┣ 请求方式：                       POST
      ┣ 请求地址：                       http://localhost:5005/api/chatModel/page
      ┣ 来源地址：                       http://localhost:8888/
      ┣ 请求端源：                       client
      ┣ 浏览器标识：                     Mozilla/5.0 (Windows NT 10.0; Win64; x64) AppleWebKit/537.36 (KHTML, like Gecko) Chrome/131.0.0.0 Safari/537.36
      ┣ 客户端区域语言：                 zh-CN,zh;q=0.9
      ┣ 客户端 IP 地址：                 127.0.0.1
      ┣ 服务端 IP 地址：                 127.0.0.1
      ┣ 客户端连接 ID：                  00-e956ac047120ecd53c1f21a109fee709-3e6baf4a850ad9dd-00
      ┣ 服务线程 ID：                    #52
      ┣ 执行耗时：                       119ms
      ┣ ━━━━━━━━━━━━━━━  Cookies ━━━━━━━━━━━━━━━
      ┣ 请求端：                         
      ┣ 响应端：                         
      ┣ ━━━━━━━━━━━━━━━  系统信息 ━━━━━━━━━━━━━━━
      ┣ 系统名称：                       Microsoft Windows 10.0.19045
      ┣ 系统架构：                       X64
      ┣ 基础框架：                       Furion.Pure v1.0.0.0
      ┣ .NET 架构：                      .NET 8.0.6
      ┣ ━━━━━━━━━━━━━━━  启动信息 ━━━━━━━━━━━━━━━
      ┣ 运行环境：                       Production
      ┣ 启动程序集：                     Admin.NET.Web.Entry
      ┣ 进程名称：                       Admin.NET.Web.Entry
      ┣ 托管程序：                       Kestrel
      ┣ ━━━━━━━━━━━━━━━  授权信息 ━━━━━━━━━━━━━━━
      ┣ JWT Token：                      Bearer eyJhbGciOiJIUzI1NiIsInR5cCI6IkpXVCJ9.eyJVc2VySWQiOjEzMDAwMDAwMDAxMDEsIlRlbmFudElkIjoxMzAwMDAwMDAwMDAxLCJBY2NvdW50Ijoic3VwZXJhZG1pbiIsIlJlYWxOYW1lIjoi6LaF57qn566h55CG5ZGYIiwiQWNjb3VudFR5cGUiOjk5OSwiT3JnSWQiOjAsIk9yZ05hbWUiOm51bGwsIk9yZ1R5cGUiOm51bGwsImlhdCI6MTczNjc3MzYzMCwibmJmIjoxNzM2NzczNjMwLCJleHAiOjE3MzczNzg0MzAsImlzcyI6Imd1eGluLmxpbmsiLCJhdWQiOiJndXhpbi5saW5rIn0.7yghNabJaXKI2uA1Ntrw8zMcPGWCeTTjXE-UINFnf5o
      ┣ 
      ┣ UserId (integer64)：             1300000000101
      ┣ TenantId (integer64)：           1300000000001
      ┣ Account (string)：               superadmin
      ┣ RealName (string)：              超级管理员
      ┣ AccountType (integer32)：        999
      ┣ OrgId (integer32)：              0
      ┣ OrgName (JSON_NULL)：            
      ┣ OrgType (JSON_NULL)：            
      ┣ iat (integer64)：                1736773630 (2025-01-13 21:07:10:0000(+08:00) 星期一 L)
      ┣ nbf (integer64)：                1736773630 (2025-01-13 21:07:10:0000(+08:00) 星期一 L)
      ┣ exp (integer64)：                1737378430 (2025-01-20 21:07:10:0000(+08:00) 星期一 L)
      ┣ iss (string)：                   guxin.link
      ┣ aud (string)：                   guxin.link
      ┣ ━━━━━━━━━━━━━━━  请求头信息 ━━━━━━━━━━━━━━━
      ┣ 
      ┣ Accept：                         application/json, text/plain, */*
      ┣ Connection：                     keep-alive
      ┣ Host：                           localhost:5005
      ┣ User-Agent：                     Mozilla/5.0 (Windows NT 10.0; Win64; x64) AppleWebKit/537.36 (KHTML, like Gecko) Chrome/131.0.0.0 Safari/537.36
      ┣ Accept-Encoding：                gzip, deflate, br, zstd
      ┣ Accept-Language：                zh-CN,zh;q=0.9
      ┣ Authorization：                  Bearer eyJhbGciOiJIUzI1NiIsInR5cCI6IkpXVCJ9.eyJVc2VySWQiOjEzMDAwMDAwMDAxMDEsIlRlbmFudElkIjoxMzAwMDAwMDAwMDAxLCJBY2NvdW50Ijoic3VwZXJhZG1pbiIsIlJlYWxOYW1lIjoi6LaF57qn566h55CG5ZGYIiwiQWNjb3VudFR5cGUiOjk5OSwiT3JnSWQiOjAsIk9yZ05hbWUiOm51bGwsIk9yZ1R5cGUiOm51bGwsImlhdCI6MTczNjc3MzYzMCwibmJmIjoxNzM2NzczNjMwLCJleHAiOjE3MzczNzg0MzAsImlzcyI6Imd1eGluLmxpbmsiLCJhdWQiOiJndXhpbi5saW5rIn0.7yghNabJaXKI2uA1Ntrw8zMcPGWCeTTjXE-UINFnf5o
      ┣ Cache-Control：                  no-cache
      ┣ Content-Type：                   application/json
      ┣ Origin：                         http://localhost:8888
      ┣ Pragma：                         no-cache
      ┣ Referer：                        http://localhost:8888/
      ┣ Content-Length：                 34
      ┣ sec-ch-ua-platform：             "Windows"
      ┣ sec-ch-ua：                      "Google Chrome";v="131", "Chromium";v="131", "Not_A Brand";v="24"
      ┣ sec-ch-ua-mobile：               ?0
      ┣ DNT：                            1
      ┣ Sec-Fetch-Site：                 same-site
      ┣ Sec-Fetch-Mode：                 cors
      ┣ Sec-Fetch-Dest：                 empty
      ┣ ━━━━━━━━━━━━━━━  参数列表 ━━━━━━━━━━━━━━━
      ┣ Content-Type：                   application/json
      ┣ 
      ┣ input (ChatModelInput)：         {"searchKey":null,"modelId":null,"name":null,"modelType":null,"service":null,"desc":null,"page":1,"pageSize":10,"field":null,"order":null,"descStr":"descending"}
      ┣ ━━━━━━━━━━━━━━━  返回信息 ━━━━━━━━━━━━━━━
      ┣ HTTP响应状态码：                 200
      ┣ 原始类型：                       System.Threading.Tasks.Task<Admin.NET.Core.SqlSugarPagedList<Admin.NET.Application.ChatModelOutput>>
      ┣ 最终类型：                       Admin.NET.Core.AdminResult<System.Object>
      ┣ 最终返回值：                     {"code":200,"type":"success","message":"","result":{"page":1,"pageSize":10,"total":19,"totalPages":2,"items":[{"id":"39492343540293","modelId":"completions_pro","name":"ERNIE-4.0-8K","shortName":"文心一言4.0-8K","avatarUrl":"https://oss.juai.link/juai/juai/prompt/wenxinyiyan-4.png","modelType":0,"url":null,"desc":"百度文心系列中效果最强大的⼤语⾔模型，理解、生成、逻辑、记忆能力达到业界顶尖水平。","createTime":"2025-01-09T22:16:09","updateTime":"2025-01-09T22:31:48","createUserId":"1300000000101","updateUserId":"1300000000101","isDelete":fa
      ┗━━━━━━━━━━━  Logging Monitor ━━━━━━━━━━━
info: 2025-01-13 21:54:43.3505252 +08:00 星期一 L System.Logging.LoggingMonitor[0] #52 '00-a6fa33d34eb1067f30fc4a4d5b5d9f5d-7d91a708726e401a-00'
      [Furion.Pure.dll] async Task LoggingMonitorAttribute.MonitorAsync(MethodInfo actionMethod, IDictionary<string, object> parameterValues, FilterContext context, dynamic next)
      ┏━━━━━━━━━━━  Logging Monitor ━━━━━━━━━━━
      ┣ Admin.NET.Core.Service.SysEnumService.GetEnumDataList
      ┣ 
      ┣ 控制器名称：                SysEnumService
      ┣ 操作名称：                  GetEnumDataList
      ┣ 显示名称：                  通过枚举类型获取枚举值集合
      ┣ 路由信息：                  [area]: ; [controller]: sysEnum; [action]: enumDataList
      ┣ 请求方式：                  GET
      ┣ 请求地址：                  http://localhost:5005/api/sysEnum/enumDataList?EnumName=AIModelEnum
      ┣ 来源地址：                  http://localhost:8888/
      ┣ 请求端源：                  client
      ┣ 浏览器标识：                Mozilla/5.0 (Windows NT 10.0; Win64; x64) AppleWebKit/537.36 (KHTML, like Gecko) Chrome/131.0.0.0 Safari/537.36
      ┣ 客户端区域语言：            zh-cn
      ┣ 客户端 IP 地址：            127.0.0.1
      ┣ 服务端 IP 地址：            127.0.0.1
      ┣ 客户端连接 ID：             00-a6fa33d34eb1067f30fc4a4d5b5d9f5d-7d91a708726e401a-00
      ┣ 服务线程 ID：               #52
      ┣ 执行耗时：                  0ms
      ┣ ━━━━━━━━━━━━━━━  Cookies ━━━━━━━━━━━━━━━
      ┣ 请求端：                    
      ┣ 响应端：                    
      ┣ ━━━━━━━━━━━━━━━  系统信息 ━━━━━━━━━━━━━━━
      ┣ 系统名称：                  Microsoft Windows 10.0.19045
      ┣ 系统架构：                  X64
      ┣ 基础框架：                  Furion.Pure v1.0.0.0
      ┣ .NET 架构：                 .NET 8.0.6
      ┣ ━━━━━━━━━━━━━━━  启动信息 ━━━━━━━━━━━━━━━
      ┣ 运行环境：                  Production
      ┣ 启动程序集：                Admin.NET.Web.Entry
      ┣ 进程名称：                  Admin.NET.Web.Entry
      ┣ 托管程序：                  Kestrel
      ┣ ━━━━━━━━━━━━━━━  请求头信息 ━━━━━━━━━━━━━━━
      ┣ 
      ┣ Accept：                    application/json, text/plain, */*
      ┣ Connection：                keep-alive
      ┣ Host：                      localhost:5005
      ┣ User-Agent：                Mozilla/5.0 (Windows NT 10.0; Win64; x64) AppleWebKit/537.36 (KHTML, like Gecko) Chrome/131.0.0.0 Safari/537.36
      ┣ Accept-Encoding：           gzip, deflate, br, zstd
      ┣ Accept-Language：           zh-cn
      ┣ Authorization：             Bearer eyJhbGciOiJIUzI1NiIsInR5cCI6IkpXVCJ9.eyJVc2VySWQiOjEzMDAwMDAwMDAxMDEsIlRlbmFudElkIjoxMzAwMDAwMDAwMDAxLCJBY2NvdW50Ijoic3VwZXJhZG1pbiIsIlJlYWxOYW1lIjoi6LaF57qn566h55CG5ZGYIiwiQWNjb3VudFR5cGUiOjk5OSwiT3JnSWQiOjAsIk9yZ05hbWUiOm51bGwsIk9yZ1R5cGUiOm51bGwsImlhdCI6MTczNjc3MzYzMCwibmJmIjoxNzM2NzczNjMwLCJleHAiOjE3MzczNzg0MzAsImlzcyI6Imd1eGluLmxpbmsiLCJhdWQiOiJndXhpbi5saW5rIn0.7yghNabJaXKI2uA1Ntrw8zMcPGWCeTTjXE-UINFnf5o
      ┣ Cache-Control：             no-cache
      ┣ Origin：                    http://localhost:8888
      ┣ Pragma：                    no-cache
      ┣ Referer：                   http://localhost:8888/
      ┣ sec-ch-ua-platform：        "Windows"
      ┣ sec-ch-ua：                 "Google Chrome";v="131", "Chromium";v="131", "Not_A Brand";v="24"
      ┣ sec-ch-ua-mobile：          ?0
      ┣ DNT：                       1
      ┣ Sec-Fetch-Site：            same-site
      ┣ Sec-Fetch-Mode：            cors
      ┣ Sec-Fetch-Dest：            empty
      ┣ ━━━━━━━━━━━━━━━  参数列表 ━━━━━━━━━━━━━━━
      ┣ Content-Type：              
      ┣ 
      ┣ input (EnumInput)：         {"enumName":"AIModelEnum"}
      ┣ ━━━━━━━━━━━━━━━  返回信息 ━━━━━━━━━━━━━━━
      ┣ HTTP响应状态码：            200
      ┣ 原始类型：                  System.Collections.Generic.List<Admin.NET.Core.EnumEntity>
      ┣ 最终类型：                  Admin.NET.Core.AdminResult<System.Object>
      ┣ 最终返回值：                {"code":200,"type":"success","message":"","result":[{"describe":"聊天","name":"Chat","value":0},{"describe":"绘画","name":"Image","value":1},{"describe":"文本","name":"Text","value":2},{"describe":"其他","name":"Other","value":3}],"extras":null,"time":"2025-01-13T21:54:43.3495273+08:00"}
      ┗━━━━━━━━━━━  Logging Monitor ━━━━━━━━━━━
info: 2025-01-13 21:54:47.7515275 +08:00 星期一 L System.Logging.LoggingMonitor[0] #42 '00-d32913cd95f1308df6d50ea28fb24a32-3764193208418bc6-00'
      [Furion.Pure.dll] async Task LoggingMonitorAttribute.MonitorAsync(MethodInfo actionMethod, IDictionary<string, object> parameterValues, FilterContext context, dynamic next)
      ┏━━━━━━━━━━━  Logging Monitor ━━━━━━━━━━━
      ┣ Admin.NET.Application.ChatModelService.Detail
      ┣ 
      ┣ 控制器名称：                             ChatModelService
      ┣ 操作名称：                               Detail
      ┣ 显示名称：                               
      ┣ 路由信息：                               [area]: ; [controller]: chatModel; [action]: detail
      ┣ 请求方式：                               GET
      ┣ 请求地址：                               http://localhost:5005/api/chatModel/detail?id=39492343540293
      ┣ 来源地址：                               http://localhost:8888/
      ┣ 请求端源：                               client
      ┣ 浏览器标识：                             Mozilla/5.0 (Windows NT 10.0; Win64; x64) AppleWebKit/537.36 (KHTML, like Gecko) Chrome/131.0.0.0 Safari/537.36
      ┣ 客户端区域语言：                         zh-CN,zh;q=0.9
      ┣ 客户端 IP 地址：                         127.0.0.1
      ┣ 服务端 IP 地址：                         127.0.0.1
      ┣ 客户端连接 ID：                          00-d32913cd95f1308df6d50ea28fb24a32-3764193208418bc6-00
      ┣ 服务线程 ID：                            #42
      ┣ 执行耗时：                               63ms
      ┣ ━━━━━━━━━━━━━━━  Cookies ━━━━━━━━━━━━━━━
      ┣ 请求端：                                 
      ┣ 响应端：                                 
      ┣ ━━━━━━━━━━━━━━━  系统信息 ━━━━━━━━━━━━━━━
      ┣ 系统名称：                               Microsoft Windows 10.0.19045
      ┣ 系统架构：                               X64
      ┣ 基础框架：                               Furion.Pure v1.0.0.0
      ┣ .NET 架构：                              .NET 8.0.6
      ┣ ━━━━━━━━━━━━━━━  启动信息 ━━━━━━━━━━━━━━━
      ┣ 运行环境：                               Production
      ┣ 启动程序集：                             Admin.NET.Web.Entry
      ┣ 进程名称：                               Admin.NET.Web.Entry
      ┣ 托管程序：                               Kestrel
      ┣ ━━━━━━━━━━━━━━━  授权信息 ━━━━━━━━━━━━━━━
      ┣ JWT Token：                              Bearer eyJhbGciOiJIUzI1NiIsInR5cCI6IkpXVCJ9.eyJVc2VySWQiOjEzMDAwMDAwMDAxMDEsIlRlbmFudElkIjoxMzAwMDAwMDAwMDAxLCJBY2NvdW50Ijoic3VwZXJhZG1pbiIsIlJlYWxOYW1lIjoi6LaF57qn566h55CG5ZGYIiwiQWNjb3VudFR5cGUiOjk5OSwiT3JnSWQiOjAsIk9yZ05hbWUiOm51bGwsIk9yZ1R5cGUiOm51bGwsImlhdCI6MTczNjc3MzYzMCwibmJmIjoxNzM2NzczNjMwLCJleHAiOjE3MzczNzg0MzAsImlzcyI6Imd1eGluLmxpbmsiLCJhdWQiOiJndXhpbi5saW5rIn0.7yghNabJaXKI2uA1Ntrw8zMcPGWCeTTjXE-UINFnf5o
      ┣ 
      ┣ UserId (integer64)：                     1300000000101
      ┣ TenantId (integer64)：                   1300000000001
      ┣ Account (string)：                       superadmin
      ┣ RealName (string)：                      超级管理员
      ┣ AccountType (integer32)：                999
      ┣ OrgId (integer32)：                      0
      ┣ OrgName (JSON_NULL)：                    
      ┣ OrgType (JSON_NULL)：                    
      ┣ iat (integer64)：                        1736773630 (2025-01-13 21:07:10:0000(+08:00) 星期一 L)
      ┣ nbf (integer64)：                        1736773630 (2025-01-13 21:07:10:0000(+08:00) 星期一 L)
      ┣ exp (integer64)：                        1737378430 (2025-01-20 21:07:10:0000(+08:00) 星期一 L)
      ┣ iss (string)：                           guxin.link
      ┣ aud (string)：                           guxin.link
      ┣ ━━━━━━━━━━━━━━━  请求头信息 ━━━━━━━━━━━━━━━
      ┣ 
      ┣ Accept：                                 application/json, text/plain, */*
      ┣ Connection：                             keep-alive
      ┣ Host：                                   localhost:5005
      ┣ User-Agent：                             Mozilla/5.0 (Windows NT 10.0; Win64; x64) AppleWebKit/537.36 (KHTML, like Gecko) Chrome/131.0.0.0 Safari/537.36
      ┣ Accept-Encoding：                        gzip, deflate, br, zstd
      ┣ Accept-Language：                        zh-CN,zh;q=0.9
      ┣ Authorization：                          Bearer eyJhbGciOiJIUzI1NiIsInR5cCI6IkpXVCJ9.eyJVc2VySWQiOjEzMDAwMDAwMDAxMDEsIlRlbmFudElkIjoxMzAwMDAwMDAwMDAxLCJBY2NvdW50Ijoic3VwZXJhZG1pbiIsIlJlYWxOYW1lIjoi6LaF57qn566h55CG5ZGYIiwiQWNjb3VudFR5cGUiOjk5OSwiT3JnSWQiOjAsIk9yZ05hbWUiOm51bGwsIk9yZ1R5cGUiOm51bGwsImlhdCI6MTczNjc3MzYzMCwibmJmIjoxNzM2NzczNjMwLCJleHAiOjE3MzczNzg0MzAsImlzcyI6Imd1eGluLmxpbmsiLCJhdWQiOiJndXhpbi5saW5rIn0.7yghNabJaXKI2uA1Ntrw8zMcPGWCeTTjXE-UINFnf5o
      ┣ Cache-Control：                          no-cache
      ┣ Content-Type：                           application/json
      ┣ Origin：                                 http://localhost:8888
      ┣ Pragma：                                 no-cache
      ┣ Referer：                                http://localhost:8888/
      ┣ sec-ch-ua-platform：                     "Windows"
      ┣ sec-ch-ua：                              "Google Chrome";v="131", "Chromium";v="131", "Not_A Brand";v="24"
      ┣ sec-ch-ua-mobile：                       ?0
      ┣ DNT：                                    1
      ┣ Sec-Fetch-Site：                         same-site
      ┣ Sec-Fetch-Mode：                         cors
      ┣ Sec-Fetch-Dest：                         empty
      ┣ ━━━━━━━━━━━━━━━  参数列表 ━━━━━━━━━━━━━━━
      ┣ Content-Type：                           application/json
      ┣ 
      ┣ input (QueryByIdChatModelInput)：        {"id":"39492343540293"}
      ┣ ━━━━━━━━━━━━━━━  返回信息 ━━━━━━━━━━━━━━━
      ┣ HTTP响应状态码：                         200
      ┣ 原始类型：                               System.Threading.Tasks.Task<Admin.NET.Core.JuAI.ChatModel>
      ┣ 最终类型：                               Admin.NET.Core.AdminResult<System.Object>
      ┣ 最终返回值：                             {"code":200,"type":"success","message":"","result":{"modelId":"completions_pro","name":"ERNIE-4.0-8K","shortName":"文心一言4.0-8K","avatarUrl":"https://oss.juai.link/juai/juai/prompt/wenxinyiyan-4.png","modelType":0,"service":"百度","url":null,"serviceUrl":"https://aip.baidubce.com/rpc/2.0/ai_custom/v1/wenxinworkshop/chat/completions_pro","inputToken":5000,"outputToken":2000,"inputYuan":0.03,"outputYuan":0.09,"tags":"聊天,百度文心","desc":"百度文心系列中效果最强大的⼤语⾔模型，理解、生成、逻辑、记忆能力达到业界顶尖水平。","extends":"\"\\\"\\\"\"",
      ┗━━━━━━━━━━━  Logging Monitor ━━━━━━━━━━━
info: 2025-01-13 21:55:15.5169027 +08:00 星期一 L System.Logging.LoggingMonitor[0] #50 '00-20e70c888b3617950e5c11eaa708fa1b-ecf3a85c86ab844f-00'
      [Furion.Pure.dll] async Task LoggingMonitorAttribute.MonitorAsync(MethodInfo actionMethod, IDictionary<string, object> parameterValues, FilterContext context, dynamic next)
      ┏━━━━━━━━━━━  Logging Monitor ━━━━━━━━━━━
      ┣ Admin.NET.Application.ChatModelService.Update
      ┣ 
      ┣ 控制器名称：                          ChatModelService
      ┣ 操作名称：                            Update
      ┣ 显示名称：                            
      ┣ 路由信息：                            [area]: ; [controller]: chatModel; [action]: update
      ┣ 请求方式：                            POST
      ┣ 请求地址：                            http://localhost:5005/api/chatModel/update
      ┣ 来源地址：                            http://localhost:8888/
      ┣ 请求端源：                            client
      ┣ 浏览器标识：                          Mozilla/5.0 (Windows NT 10.0; Win64; x64) AppleWebKit/537.36 (KHTML, like Gecko) Chrome/131.0.0.0 Safari/537.36
      ┣ 客户端区域语言：                      zh-CN,zh;q=0.9
      ┣ 客户端 IP 地址：                      127.0.0.1
      ┣ 服务端 IP 地址：                      127.0.0.1
      ┣ 客户端连接 ID：                       00-20e70c888b3617950e5c11eaa708fa1b-ecf3a85c86ab844f-00
      ┣ 服务线程 ID：                         #42
      ┣ 执行耗时：                            223ms
      ┣ ━━━━━━━━━━━━━━━  Cookies ━━━━━━━━━━━━━━━
      ┣ 请求端：                              
      ┣ 响应端：                              
      ┣ ━━━━━━━━━━━━━━━  系统信息 ━━━━━━━━━━━━━━━
      ┣ 系统名称：                            Microsoft Windows 10.0.19045
      ┣ 系统架构：                            X64
      ┣ 基础框架：                            Furion.Pure v1.0.0.0
      ┣ .NET 架构：                           .NET 8.0.6
      ┣ ━━━━━━━━━━━━━━━  启动信息 ━━━━━━━━━━━━━━━
      ┣ 运行环境：                            Production
      ┣ 启动程序集：                          Admin.NET.Web.Entry
      ┣ 进程名称：                            Admin.NET.Web.Entry
      ┣ 托管程序：                            Kestrel
      ┣ ━━━━━━━━━━━━━━━  授权信息 ━━━━━━━━━━━━━━━
      ┣ JWT Token：                           Bearer eyJhbGciOiJIUzI1NiIsInR5cCI6IkpXVCJ9.eyJVc2VySWQiOjEzMDAwMDAwMDAxMDEsIlRlbmFudElkIjoxMzAwMDAwMDAwMDAxLCJBY2NvdW50Ijoic3VwZXJhZG1pbiIsIlJlYWxOYW1lIjoi6LaF57qn566h55CG5ZGYIiwiQWNjb3VudFR5cGUiOjk5OSwiT3JnSWQiOjAsIk9yZ05hbWUiOm51bGwsIk9yZ1R5cGUiOm51bGwsImlhdCI6MTczNjc3MzYzMCwibmJmIjoxNzM2NzczNjMwLCJleHAiOjE3MzczNzg0MzAsImlzcyI6Imd1eGluLmxpbmsiLCJhdWQiOiJndXhpbi5saW5rIn0.7yghNabJaXKI2uA1Ntrw8zMcPGWCeTTjXE-UINFnf5o
      ┣ 
      ┣ UserId (integer64)：                  1300000000101
      ┣ TenantId (integer64)：                1300000000001
      ┣ Account (string)：                    superadmin
      ┣ RealName (string)：                   超级管理员
      ┣ AccountType (integer32)：             999
      ┣ OrgId (integer32)：                   0
      ┣ OrgName (JSON_NULL)：                 
      ┣ OrgType (JSON_NULL)：                 
      ┣ iat (integer64)：                     1736773630 (2025-01-13 21:07:10:0000(+08:00) 星期一 L)
      ┣ nbf (integer64)：                     1736773630 (2025-01-13 21:07:10:0000(+08:00) 星期一 L)
      ┣ exp (integer64)：                     1737378430 (2025-01-20 21:07:10:0000(+08:00) 星期一 L)
      ┣ iss (string)：                        guxin.link
      ┣ aud (string)：                        guxin.link
      ┣ ━━━━━━━━━━━━━━━  请求头信息 ━━━━━━━━━━━━━━━
      ┣ 
      ┣ Accept：                              application/json, text/plain, */*
      ┣ Connection：                          keep-alive
      ┣ Host：                                localhost:5005
      ┣ User-Agent：                          Mozilla/5.0 (Windows NT 10.0; Win64; x64) AppleWebKit/537.36 (KHTML, like Gecko) Chrome/131.0.0.0 Safari/537.36
      ┣ Accept-Encoding：                     gzip, deflate, br, zstd
      ┣ Accept-Language：                     zh-CN,zh;q=0.9
      ┣ Authorization：                       Bearer eyJhbGciOiJIUzI1NiIsInR5cCI6IkpXVCJ9.eyJVc2VySWQiOjEzMDAwMDAwMDAxMDEsIlRlbmFudElkIjoxMzAwMDAwMDAwMDAxLCJBY2NvdW50Ijoic3VwZXJhZG1pbiIsIlJlYWxOYW1lIjoi6LaF57qn566h55CG5ZGYIiwiQWNjb3VudFR5cGUiOjk5OSwiT3JnSWQiOjAsIk9yZ05hbWUiOm51bGwsIk9yZ1R5cGUiOm51bGwsImlhdCI6MTczNjc3MzYzMCwibmJmIjoxNzM2NzczNjMwLCJleHAiOjE3MzczNzg0MzAsImlzcyI6Imd1eGluLmxpbmsiLCJhdWQiOiJndXhpbi5saW5rIn0.7yghNabJaXKI2uA1Ntrw8zMcPGWCeTTjXE-UINFnf5o
      ┣ Cache-Control：                       no-cache
      ┣ Content-Type：                        application/json
      ┣ Origin：                              http://localhost:8888
      ┣ Pragma：                              no-cache
      ┣ Referer：                             http://localhost:8888/
      ┣ Content-Length：                      804
      ┣ sec-ch-ua-platform：                  "Windows"
      ┣ sec-ch-ua：                           "Google Chrome";v="131", "Chromium";v="131", "Not_A Brand";v="24"
      ┣ sec-ch-ua-mobile：                    ?0
      ┣ DNT：                                 1
      ┣ Sec-Fetch-Site：                      same-site
      ┣ Sec-Fetch-Mode：                      cors
      ┣ Sec-Fetch-Dest：                      empty
      ┣ ━━━━━━━━━━━━━━━  参数列表 ━━━━━━━━━━━━━━━
      ┣ Content-Type：                        application/json
      ┣ 
      ┣ input (UpdateChatModelInput)：        {"id":"39492343540293","modelId":"completions_pro","name":"ERNIE-4.0-8K","shortName":"文心一言4.0-8K","avatarUrl":"https://oss.juai.link/juai/juai/prompt/wenxinyiyan-4.png","modelType":0,"service":"百度","url":null,"serviceUrl":"https://aip.baidubce.com/rpc/2.0/ai_custom/v1/wenxinworkshop/chat/completions_pro","inputToken":5000,"outputToken":2000,"desc":"百度文心系列中效果最强大的⼤语⾔模型，理解、生成、逻辑、记忆能力达到业界顶尖水平。","createTime":"2025-01-09T22:16:09+08:00","updateTime":"2025-01-09T22:31:48+08:00","createUserId":"1300000000101","updateUserId":"1300000000101","isDelete":false,"inputYuan":0.03,"outputYuan":0.09,"tags":"文本生成,中文,英文,联网搜索,人设增强,记忆机制,4K-16K","extends":"\"\\\"\\\"\"","sequence":0}
      ┣ ━━━━━━━━━━━━━━━  返回信息 ━━━━━━━━━━━━━━━
      ┣ HTTP响应状态码：                      200
      ┣ 原始类型：                            System.Threading.Tasks.Task
      ┣ 最终类型：                            Admin.NET.Core.AdminResult<System.Object>
      ┣ 最终返回值：                          {"code":200,"type":"success","message":"","result":null,"extras":null,"time":"2025-01-13T21:55:15.5116253+08:00"}
      ┗━━━━━━━━━━━  Logging Monitor ━━━━━━━━━━━
info: 2025-01-13 21:55:15.8064962 +08:00 星期一 L System.Logging.LoggingMonitor[0] #42 '00-6194dad00cb1391df5cd60cfb08b6c58-ec483816dea747b7-00'
      [Furion.Pure.dll] async Task LoggingMonitorAttribute.MonitorAsync(MethodInfo actionMethod, IDictionary<string, object> parameterValues, FilterContext context, dynamic next)
      ┏━━━━━━━━━━━  Logging Monitor ━━━━━━━━━━━
      ┣ Admin.NET.Application.ChatModelService.Page
      ┣ 
      ┣ 控制器名称：                     ChatModelService
      ┣ 操作名称：                       Page
      ┣ 显示名称：                       
      ┣ 路由信息：                       [area]: ; [controller]: chatModel; [action]: page
      ┣ 请求方式：                       POST
      ┣ 请求地址：                       http://localhost:5005/api/chatModel/page
      ┣ 来源地址：                       http://localhost:8888/
      ┣ 请求端源：                       client
      ┣ 浏览器标识：                     Mozilla/5.0 (Windows NT 10.0; Win64; x64) AppleWebKit/537.36 (KHTML, like Gecko) Chrome/131.0.0.0 Safari/537.36
      ┣ 客户端区域语言：                 zh-CN,zh;q=0.9
      ┣ 客户端 IP 地址：                 127.0.0.1
      ┣ 服务端 IP 地址：                 127.0.0.1
      ┣ 客户端连接 ID：                  00-6194dad00cb1391df5cd60cfb08b6c58-ec483816dea747b7-00
      ┣ 服务线程 ID：                    #42
      ┣ 执行耗时：                       117ms
      ┣ ━━━━━━━━━━━━━━━  Cookies ━━━━━━━━━━━━━━━
      ┣ 请求端：                         
      ┣ 响应端：                         
      ┣ ━━━━━━━━━━━━━━━  系统信息 ━━━━━━━━━━━━━━━
      ┣ 系统名称：                       Microsoft Windows 10.0.19045
      ┣ 系统架构：                       X64
      ┣ 基础框架：                       Furion.Pure v1.0.0.0
      ┣ .NET 架构：                      .NET 8.0.6
      ┣ ━━━━━━━━━━━━━━━  启动信息 ━━━━━━━━━━━━━━━
      ┣ 运行环境：                       Production
      ┣ 启动程序集：                     Admin.NET.Web.Entry
      ┣ 进程名称：                       Admin.NET.Web.Entry
      ┣ 托管程序：                       Kestrel
      ┣ ━━━━━━━━━━━━━━━  授权信息 ━━━━━━━━━━━━━━━
      ┣ JWT Token：                      Bearer eyJhbGciOiJIUzI1NiIsInR5cCI6IkpXVCJ9.eyJVc2VySWQiOjEzMDAwMDAwMDAxMDEsIlRlbmFudElkIjoxMzAwMDAwMDAwMDAxLCJBY2NvdW50Ijoic3VwZXJhZG1pbiIsIlJlYWxOYW1lIjoi6LaF57qn566h55CG5ZGYIiwiQWNjb3VudFR5cGUiOjk5OSwiT3JnSWQiOjAsIk9yZ05hbWUiOm51bGwsIk9yZ1R5cGUiOm51bGwsImlhdCI6MTczNjc3MzYzMCwibmJmIjoxNzM2NzczNjMwLCJleHAiOjE3MzczNzg0MzAsImlzcyI6Imd1eGluLmxpbmsiLCJhdWQiOiJndXhpbi5saW5rIn0.7yghNabJaXKI2uA1Ntrw8zMcPGWCeTTjXE-UINFnf5o
      ┣ 
      ┣ UserId (integer64)：             1300000000101
      ┣ TenantId (integer64)：           1300000000001
      ┣ Account (string)：               superadmin
      ┣ RealName (string)：              超级管理员
      ┣ AccountType (integer32)：        999
      ┣ OrgId (integer32)：              0
      ┣ OrgName (JSON_NULL)：            
      ┣ OrgType (JSON_NULL)：            
      ┣ iat (integer64)：                1736773630 (2025-01-13 21:07:10:0000(+08:00) 星期一 L)
      ┣ nbf (integer64)：                1736773630 (2025-01-13 21:07:10:0000(+08:00) 星期一 L)
      ┣ exp (integer64)：                1737378430 (2025-01-20 21:07:10:0000(+08:00) 星期一 L)
      ┣ iss (string)：                   guxin.link
      ┣ aud (string)：                   guxin.link
      ┣ ━━━━━━━━━━━━━━━  请求头信息 ━━━━━━━━━━━━━━━
      ┣ 
      ┣ Accept：                         application/json, text/plain, */*
      ┣ Connection：                     keep-alive
      ┣ Host：                           localhost:5005
      ┣ User-Agent：                     Mozilla/5.0 (Windows NT 10.0; Win64; x64) AppleWebKit/537.36 (KHTML, like Gecko) Chrome/131.0.0.0 Safari/537.36
      ┣ Accept-Encoding：                gzip, deflate, br, zstd
      ┣ Accept-Language：                zh-CN,zh;q=0.9
      ┣ Authorization：                  Bearer eyJhbGciOiJIUzI1NiIsInR5cCI6IkpXVCJ9.eyJVc2VySWQiOjEzMDAwMDAwMDAxMDEsIlRlbmFudElkIjoxMzAwMDAwMDAwMDAxLCJBY2NvdW50Ijoic3VwZXJhZG1pbiIsIlJlYWxOYW1lIjoi6LaF57qn566h55CG5ZGYIiwiQWNjb3VudFR5cGUiOjk5OSwiT3JnSWQiOjAsIk9yZ05hbWUiOm51bGwsIk9yZ1R5cGUiOm51bGwsImlhdCI6MTczNjc3MzYzMCwibmJmIjoxNzM2NzczNjMwLCJleHAiOjE3MzczNzg0MzAsImlzcyI6Imd1eGluLmxpbmsiLCJhdWQiOiJndXhpbi5saW5rIn0.7yghNabJaXKI2uA1Ntrw8zMcPGWCeTTjXE-UINFnf5o
      ┣ Cache-Control：                  no-cache
      ┣ Content-Type：                   application/json
      ┣ Origin：                         http://localhost:8888
      ┣ Pragma：                         no-cache
      ┣ Referer：                        http://localhost:8888/
      ┣ Content-Length：                 35
      ┣ sec-ch-ua-platform：             "Windows"
      ┣ sec-ch-ua：                      "Google Chrome";v="131", "Chromium";v="131", "Not_A Brand";v="24"
      ┣ sec-ch-ua-mobile：               ?0
      ┣ DNT：                            1
      ┣ Sec-Fetch-Site：                 same-site
      ┣ Sec-Fetch-Mode：                 cors
      ┣ Sec-Fetch-Dest：                 empty
      ┣ ━━━━━━━━━━━━━━━  参数列表 ━━━━━━━━━━━━━━━
      ┣ Content-Type：                   application/json
      ┣ 
      ┣ input (ChatModelInput)：         {"searchKey":null,"modelId":null,"name":null,"modelType":null,"service":null,"desc":null,"page":1,"pageSize":10,"field":null,"order":null,"descStr":"descending"}
      ┣ ━━━━━━━━━━━━━━━  返回信息 ━━━━━━━━━━━━━━━
      ┣ HTTP响应状态码：                 200
      ┣ 原始类型：                       System.Threading.Tasks.Task<Admin.NET.Core.SqlSugarPagedList<Admin.NET.Application.ChatModelOutput>>
      ┣ 最终类型：                       Admin.NET.Core.AdminResult<System.Object>
      ┣ 最终返回值：                     {"code":200,"type":"success","message":"","result":{"page":1,"pageSize":10,"total":19,"totalPages":2,"items":[{"id":"39492343540293","modelId":"completions_pro","name":"ERNIE-4.0-8K","shortName":"文心一言4.0-8K","avatarUrl":"https://oss.juai.link/juai/juai/prompt/wenxinyiyan-4.png","modelType":0,"url":null,"desc":"百度文心系列中效果最强大的⼤语⾔模型，理解、生成、逻辑、记忆能力达到业界顶尖水平。","createTime":"2025-01-09T22:16:09","updateTime":"2025-01-13T21:55:15","createUserId":"1300000000101","updateUserId":"1300000000101","isDelete":fa
      ┗━━━━━━━━━━━  Logging Monitor ━━━━━━━━━━━
info: 2025-01-13 21:55:15.8984516 +08:00 星期一 L System.Logging.LoggingMonitor[0] #52 '00-5de167d15e9a211dff896249c23a0f68-49f9b683124dc515-00'
      [Furion.Pure.dll] async Task LoggingMonitorAttribute.MonitorAsync(MethodInfo actionMethod, IDictionary<string, object> parameterValues, FilterContext context, dynamic next)
      ┏━━━━━━━━━━━  Logging Monitor ━━━━━━━━━━━
      ┣ Admin.NET.Core.Service.SysEnumService.GetEnumDataList
      ┣ 
      ┣ 控制器名称：                SysEnumService
      ┣ 操作名称：                  GetEnumDataList
      ┣ 显示名称：                  通过枚举类型获取枚举值集合
      ┣ 路由信息：                  [area]: ; [controller]: sysEnum; [action]: enumDataList
      ┣ 请求方式：                  GET
      ┣ 请求地址：                  http://localhost:5005/api/sysEnum/enumDataList?EnumName=AIModelEnum
      ┣ 来源地址：                  http://localhost:8888/
      ┣ 请求端源：                  client
      ┣ 浏览器标识：                Mozilla/5.0 (Windows NT 10.0; Win64; x64) AppleWebKit/537.36 (KHTML, like Gecko) Chrome/131.0.0.0 Safari/537.36
      ┣ 客户端区域语言：            zh-cn
      ┣ 客户端 IP 地址：            127.0.0.1
      ┣ 服务端 IP 地址：            127.0.0.1
      ┣ 客户端连接 ID：             00-5de167d15e9a211dff896249c23a0f68-49f9b683124dc515-00
      ┣ 服务线程 ID：               #52
      ┣ 执行耗时：                  0ms
      ┣ ━━━━━━━━━━━━━━━  Cookies ━━━━━━━━━━━━━━━
      ┣ 请求端：                    
      ┣ 响应端：                    
      ┣ ━━━━━━━━━━━━━━━  系统信息 ━━━━━━━━━━━━━━━
      ┣ 系统名称：                  Microsoft Windows 10.0.19045
      ┣ 系统架构：                  X64
      ┣ 基础框架：                  Furion.Pure v1.0.0.0
      ┣ .NET 架构：                 .NET 8.0.6
      ┣ ━━━━━━━━━━━━━━━  启动信息 ━━━━━━━━━━━━━━━
      ┣ 运行环境：                  Production
      ┣ 启动程序集：                Admin.NET.Web.Entry
      ┣ 进程名称：                  Admin.NET.Web.Entry
      ┣ 托管程序：                  Kestrel
      ┣ ━━━━━━━━━━━━━━━  请求头信息 ━━━━━━━━━━━━━━━
      ┣ 
      ┣ Accept：                    application/json, text/plain, */*
      ┣ Connection：                keep-alive
      ┣ Host：                      localhost:5005
      ┣ User-Agent：                Mozilla/5.0 (Windows NT 10.0; Win64; x64) AppleWebKit/537.36 (KHTML, like Gecko) Chrome/131.0.0.0 Safari/537.36
      ┣ Accept-Encoding：           gzip, deflate, br, zstd
      ┣ Accept-Language：           zh-cn
      ┣ Authorization：             Bearer eyJhbGciOiJIUzI1NiIsInR5cCI6IkpXVCJ9.eyJVc2VySWQiOjEzMDAwMDAwMDAxMDEsIlRlbmFudElkIjoxMzAwMDAwMDAwMDAxLCJBY2NvdW50Ijoic3VwZXJhZG1pbiIsIlJlYWxOYW1lIjoi6LaF57qn566h55CG5ZGYIiwiQWNjb3VudFR5cGUiOjk5OSwiT3JnSWQiOjAsIk9yZ05hbWUiOm51bGwsIk9yZ1R5cGUiOm51bGwsImlhdCI6MTczNjc3MzYzMCwibmJmIjoxNzM2NzczNjMwLCJleHAiOjE3MzczNzg0MzAsImlzcyI6Imd1eGluLmxpbmsiLCJhdWQiOiJndXhpbi5saW5rIn0.7yghNabJaXKI2uA1Ntrw8zMcPGWCeTTjXE-UINFnf5o
      ┣ Cache-Control：             no-cache
      ┣ Origin：                    http://localhost:8888
      ┣ Pragma：                    no-cache
      ┣ Referer：                   http://localhost:8888/
      ┣ sec-ch-ua-platform：        "Windows"
      ┣ sec-ch-ua：                 "Google Chrome";v="131", "Chromium";v="131", "Not_A Brand";v="24"
      ┣ sec-ch-ua-mobile：          ?0
      ┣ DNT：                       1
      ┣ Sec-Fetch-Site：            same-site
      ┣ Sec-Fetch-Mode：            cors
      ┣ Sec-Fetch-Dest：            empty
      ┣ ━━━━━━━━━━━━━━━  参数列表 ━━━━━━━━━━━━━━━
      ┣ Content-Type：              
      ┣ 
      ┣ input (EnumInput)：         {"enumName":"AIModelEnum"}
      ┣ ━━━━━━━━━━━━━━━  返回信息 ━━━━━━━━━━━━━━━
      ┣ HTTP响应状态码：            200
      ┣ 原始类型：                  System.Collections.Generic.List<Admin.NET.Core.EnumEntity>
      ┣ 最终类型：                  Admin.NET.Core.AdminResult<System.Object>
      ┣ 最终返回值：                {"code":200,"type":"success","message":"","result":[{"describe":"聊天","name":"Chat","value":0},{"describe":"绘画","name":"Image","value":1},{"describe":"文本","name":"Text","value":2},{"describe":"其他","name":"Other","value":3}],"extras":null,"time":"2025-01-13T21:55:15.8956388+08:00"}
      ┗━━━━━━━━━━━  Logging Monitor ━━━━━━━━━━━
info: 2025-01-13 21:58:32.4164724 +08:00 星期一 L System.Logging.LoggingMonitor[0] #49 '00-671866869c6e8e69fafeb62b1983d54b-4e4e3ca6a17d3f99-00'
      [Furion.Pure.dll] async Task LoggingMonitorAttribute.MonitorAsync(MethodInfo actionMethod, IDictionary<string, object> parameterValues, FilterContext context, dynamic next)
      ┏━━━━━━━━━━━  Logging Monitor ━━━━━━━━━━━
      ┣ Admin.NET.Core.Service.SysEnumService.GetEnumDataList
      ┣ 
      ┣ 控制器名称：                SysEnumService
      ┣ 操作名称：                  GetEnumDataList
      ┣ 显示名称：                  通过枚举类型获取枚举值集合
      ┣ 路由信息：                  [area]: ; [controller]: sysEnum; [action]: enumDataList
      ┣ 请求方式：                  GET
      ┣ 请求地址：                  http://localhost:5005/api/sysEnum/enumDataList?EnumName=AIModelOptionEnum
      ┣ 来源地址：                  http://localhost:8888/
      ┣ 请求端源：                  client
      ┣ 浏览器标识：                Mozilla/5.0 (Windows NT 10.0; Win64; x64) AppleWebKit/537.36 (KHTML, like Gecko) Chrome/131.0.0.0 Safari/537.36
      ┣ 客户端区域语言：            zh-cn
      ┣ 客户端 IP 地址：            127.0.0.1
      ┣ 服务端 IP 地址：            127.0.0.1
      ┣ 客户端连接 ID：             00-671866869c6e8e69fafeb62b1983d54b-4e4e3ca6a17d3f99-00
      ┣ 服务线程 ID：               #49
      ┣ 执行耗时：                  0ms
      ┣ ━━━━━━━━━━━━━━━  Cookies ━━━━━━━━━━━━━━━
      ┣ 请求端：                    
      ┣ 响应端：                    
      ┣ ━━━━━━━━━━━━━━━  系统信息 ━━━━━━━━━━━━━━━
      ┣ 系统名称：                  Microsoft Windows 10.0.19045
      ┣ 系统架构：                  X64
      ┣ 基础框架：                  Furion.Pure v1.0.0.0
      ┣ .NET 架构：                 .NET 8.0.6
      ┣ ━━━━━━━━━━━━━━━  启动信息 ━━━━━━━━━━━━━━━
      ┣ 运行环境：                  Production
      ┣ 启动程序集：                Admin.NET.Web.Entry
      ┣ 进程名称：                  Admin.NET.Web.Entry
      ┣ 托管程序：                  Kestrel
      ┣ ━━━━━━━━━━━━━━━  请求头信息 ━━━━━━━━━━━━━━━
      ┣ 
      ┣ Accept：                    application/json, text/plain, */*
      ┣ Connection：                keep-alive
      ┣ Host：                      localhost:5005
      ┣ User-Agent：                Mozilla/5.0 (Windows NT 10.0; Win64; x64) AppleWebKit/537.36 (KHTML, like Gecko) Chrome/131.0.0.0 Safari/537.36
      ┣ Accept-Encoding：           gzip, deflate, br, zstd
      ┣ Accept-Language：           zh-cn
      ┣ Authorization：             Bearer eyJhbGciOiJIUzI1NiIsInR5cCI6IkpXVCJ9.eyJVc2VySWQiOjEzMDAwMDAwMDAxMDEsIlRlbmFudElkIjoxMzAwMDAwMDAwMDAxLCJBY2NvdW50Ijoic3VwZXJhZG1pbiIsIlJlYWxOYW1lIjoi6LaF57qn566h55CG5ZGYIiwiQWNjb3VudFR5cGUiOjk5OSwiT3JnSWQiOjAsIk9yZ05hbWUiOm51bGwsIk9yZ1R5cGUiOm51bGwsImlhdCI6MTczNjc3MzYzMCwibmJmIjoxNzM2NzczNjMwLCJleHAiOjE3MzczNzg0MzAsImlzcyI6Imd1eGluLmxpbmsiLCJhdWQiOiJndXhpbi5saW5rIn0.7yghNabJaXKI2uA1Ntrw8zMcPGWCeTTjXE-UINFnf5o
      ┣ Cache-Control：             no-cache
      ┣ Origin：                    http://localhost:8888
      ┣ Pragma：                    no-cache
      ┣ Referer：                   http://localhost:8888/
      ┣ sec-ch-ua-platform：        "Windows"
      ┣ sec-ch-ua：                 "Google Chrome";v="131", "Chromium";v="131", "Not_A Brand";v="24"
      ┣ sec-ch-ua-mobile：          ?0
      ┣ DNT：                       1
      ┣ Sec-Fetch-Site：            same-site
      ┣ Sec-Fetch-Mode：            cors
      ┣ Sec-Fetch-Dest：            empty
      ┣ ━━━━━━━━━━━━━━━  参数列表 ━━━━━━━━━━━━━━━
      ┣ Content-Type：              
      ┣ 
      ┣ input (EnumInput)：         {"enumName":"AIModelOptionEnum"}
      ┣ ━━━━━━━━━━━━━━━  返回信息 ━━━━━━━━━━━━━━━
      ┣ HTTP响应状态码：            200
      ┣ 原始类型：                  System.Collections.Generic.List<Admin.NET.Core.EnumEntity>
      ┣ 最终类型：                  Admin.NET.Core.AdminResult<System.Object>
      ┣ 最终返回值：                {"code":200,"type":"success","message":"","result":[{"describe":"文本","name":"Text","value":0},{"describe":"数字","name":"Num","value":1},{"describe":"单选","name":"Radio","value":2},{"describe":"多选","name":"CheckBox","value":3},{"describe":"true，false","name":"Switch","value":4}],"extras":null,"time":"2025-01-13T21:58:32.4149074+08:00"}
      ┗━━━━━━━━━━━  Logging Monitor ━━━━━━━━━━━
info: 2025-01-13 21:58:32.5827328 +08:00 星期一 L System.Logging.LoggingMonitor[0] #49 '00-f36a565781d887ff09c1ce9ba2bf33b7-68ce9bed05455fe7-00'
      [Furion.Pure.dll] async Task LoggingMonitorAttribute.MonitorAsync(MethodInfo actionMethod, IDictionary<string, object> parameterValues, FilterContext context, dynamic next)
      ┏━━━━━━━━━━━  Logging Monitor ━━━━━━━━━━━
      ┣ Admin.NET.Application.ChatModelOptionsService.ModelDropdown
      ┣ 
      ┣ 控制器名称：                     ChatModelOptionsService
      ┣ 操作名称：                       ModelDropdown
      ┣ 显示名称：                       
      ┣ 路由信息：                       [area]: ; [controller]: chatModelOptions; [action]: modelDropdown
      ┣ 请求方式：                       GET
      ┣ 请求地址：                       http://localhost:5005/api/chatModelOptions/modelDropdown
      ┣ 来源地址：                       http://localhost:8888/
      ┣ 请求端源：                       client
      ┣ 浏览器标识：                     Mozilla/5.0 (Windows NT 10.0; Win64; x64) AppleWebKit/537.36 (KHTML, like Gecko) Chrome/131.0.0.0 Safari/537.36
      ┣ 客户端区域语言：                 zh-CN,zh;q=0.9
      ┣ 客户端 IP 地址：                 127.0.0.1
      ┣ 服务端 IP 地址：                 127.0.0.1
      ┣ 客户端连接 ID：                  00-f36a565781d887ff09c1ce9ba2bf33b7-68ce9bed05455fe7-00
      ┣ 服务线程 ID：                    #49
      ┣ 执行耗时：                       52ms
      ┣ ━━━━━━━━━━━━━━━  Cookies ━━━━━━━━━━━━━━━
      ┣ 请求端：                         
      ┣ 响应端：                         
      ┣ ━━━━━━━━━━━━━━━  系统信息 ━━━━━━━━━━━━━━━
      ┣ 系统名称：                       Microsoft Windows 10.0.19045
      ┣ 系统架构：                       X64
      ┣ 基础框架：                       Furion.Pure v1.0.0.0
      ┣ .NET 架构：                      .NET 8.0.6
      ┣ ━━━━━━━━━━━━━━━  启动信息 ━━━━━━━━━━━━━━━
      ┣ 运行环境：                       Production
      ┣ 启动程序集：                     Admin.NET.Web.Entry
      ┣ 进程名称：                       Admin.NET.Web.Entry
      ┣ 托管程序：                       Kestrel
      ┣ ━━━━━━━━━━━━━━━  授权信息 ━━━━━━━━━━━━━━━
      ┣ JWT Token：                      Bearer eyJhbGciOiJIUzI1NiIsInR5cCI6IkpXVCJ9.eyJVc2VySWQiOjEzMDAwMDAwMDAxMDEsIlRlbmFudElkIjoxMzAwMDAwMDAwMDAxLCJBY2NvdW50Ijoic3VwZXJhZG1pbiIsIlJlYWxOYW1lIjoi6LaF57qn566h55CG5ZGYIiwiQWNjb3VudFR5cGUiOjk5OSwiT3JnSWQiOjAsIk9yZ05hbWUiOm51bGwsIk9yZ1R5cGUiOm51bGwsImlhdCI6MTczNjc3MzYzMCwibmJmIjoxNzM2NzczNjMwLCJleHAiOjE3MzczNzg0MzAsImlzcyI6Imd1eGluLmxpbmsiLCJhdWQiOiJndXhpbi5saW5rIn0.7yghNabJaXKI2uA1Ntrw8zMcPGWCeTTjXE-UINFnf5o
      ┣ 
      ┣ UserId (integer64)：             1300000000101
      ┣ TenantId (integer64)：           1300000000001
      ┣ Account (string)：               superadmin
      ┣ RealName (string)：              超级管理员
      ┣ AccountType (integer32)：        999
      ┣ OrgId (integer32)：              0
      ┣ OrgName (JSON_NULL)：            
      ┣ OrgType (JSON_NULL)：            
      ┣ iat (integer64)：                1736773630 (2025-01-13 21:07:10:0000(+08:00) 星期一 L)
      ┣ nbf (integer64)：                1736773630 (2025-01-13 21:07:10:0000(+08:00) 星期一 L)
      ┣ exp (integer64)：                1737378430 (2025-01-20 21:07:10:0000(+08:00) 星期一 L)
      ┣ iss (string)：                   guxin.link
      ┣ aud (string)：                   guxin.link
      ┣ ━━━━━━━━━━━━━━━  请求头信息 ━━━━━━━━━━━━━━━
      ┣ 
      ┣ Accept：                         application/json, text/plain, */*
      ┣ Connection：                     keep-alive
      ┣ Host：                           localhost:5005
      ┣ User-Agent：                     Mozilla/5.0 (Windows NT 10.0; Win64; x64) AppleWebKit/537.36 (KHTML, like Gecko) Chrome/131.0.0.0 Safari/537.36
      ┣ Accept-Encoding：                gzip, deflate, br, zstd
      ┣ Accept-Language：                zh-CN,zh;q=0.9
      ┣ Authorization：                  Bearer eyJhbGciOiJIUzI1NiIsInR5cCI6IkpXVCJ9.eyJVc2VySWQiOjEzMDAwMDAwMDAxMDEsIlRlbmFudElkIjoxMzAwMDAwMDAwMDAxLCJBY2NvdW50Ijoic3VwZXJhZG1pbiIsIlJlYWxOYW1lIjoi6LaF57qn566h55CG5ZGYIiwiQWNjb3VudFR5cGUiOjk5OSwiT3JnSWQiOjAsIk9yZ05hbWUiOm51bGwsIk9yZ1R5cGUiOm51bGwsImlhdCI6MTczNjc3MzYzMCwibmJmIjoxNzM2NzczNjMwLCJleHAiOjE3MzczNzg0MzAsImlzcyI6Imd1eGluLmxpbmsiLCJhdWQiOiJndXhpbi5saW5rIn0.7yghNabJaXKI2uA1Ntrw8zMcPGWCeTTjXE-UINFnf5o
      ┣ Cache-Control：                  no-cache
      ┣ Origin：                         http://localhost:8888
      ┣ Pragma：                         no-cache
      ┣ Referer：                        http://localhost:8888/
      ┣ sec-ch-ua-platform：             "Windows"
      ┣ sec-ch-ua：                      "Google Chrome";v="131", "Chromium";v="131", "Not_A Brand";v="24"
      ┣ DNT：                            1
      ┣ sec-ch-ua-mobile：               ?0
      ┣ Sec-Fetch-Site：                 same-site
      ┣ Sec-Fetch-Mode：                 cors
      ┣ Sec-Fetch-Dest：                 empty
      ┣ ━━━━━━━━━━━━━━━  返回信息 ━━━━━━━━━━━━━━━
      ┣ HTTP响应状态码：                 200
      ┣ 原始类型：                       System.Threading.Tasks.Task<System.Object>
      ┣ 最终类型：                       Admin.NET.Core.AdminResult<System.Object>
      ┣ 最终返回值：                     {"code":200,"type":"success","message":"","result":[{"label":"通义千问 Max","value":"灵积:qwen-max","service":"灵积"},{"label":"GPT-3.5 16K","value":"3.5-turbo-16k","service":"openai"},{"label":"通义千问 7B","value":"灵积:qwen-7b-chat","service":"灵积"},{"label":"星火大模型V1.5","value":"讯飞星火:general","service":"讯飞星火"},{"label":"通义千问 Turbo","value":"灵积:qwen-turbo","service":"灵积"},{"label":"通义千问 Plus","value":"灵积:qwen-plus","service":"灵积"},{"label":"GPT-4","value":"gpt-4","service":"openai"},{"label":"腾讯混元大模型","value
      ┗━━━━━━━━━━━  Logging Monitor ━━━━━━━━━━━
info: 2025-01-13 22:02:11.2739155 +08:00 星期一 L System.Logging.LoggingMonitor[0] #33 '00-395bcf77698121cd7cb75163800801e9-974830401668cb79-00'
      [Furion.Pure.dll] async Task LoggingMonitorAttribute.MonitorAsync(MethodInfo actionMethod, IDictionary<string, object> parameterValues, FilterContext context, dynamic next)
      ┏━━━━━━━━━━━  Logging Monitor ━━━━━━━━━━━
      ┣ Admin.NET.Core.Service.SysAuthService.GetUserInfo
      ┣ 
      ┣ 控制器名称：                     SysAuthService
      ┣ 操作名称：                       GetUserInfo
      ┣ 显示名称：                       获取登录账号
      ┣ 路由信息：                       [area]: ; [controller]: sysAuth; [action]: userInfo
      ┣ 请求方式：                       GET
      ┣ 请求地址：                       http://localhost:5005/api/sysAuth/userInfo
      ┣ 来源地址：                       http://localhost:8888/
      ┣ 请求端源：                       client
      ┣ 浏览器标识：                     Mozilla/5.0 (Windows NT 10.0; Win64; x64) AppleWebKit/537.36 (KHTML, like Gecko) Chrome/131.0.0.0 Safari/537.36
      ┣ 客户端区域语言：                 zh-cn
      ┣ 客户端 IP 地址：                 127.0.0.1
      ┣ 服务端 IP 地址：                 127.0.0.1
      ┣ 客户端连接 ID：                  00-395bcf77698121cd7cb75163800801e9-974830401668cb79-00
      ┣ 服务线程 ID：                    #33
      ┣ 执行耗时：                       310ms
      ┣ ━━━━━━━━━━━━━━━  Cookies ━━━━━━━━━━━━━━━
      ┣ 请求端：                         
      ┣ 响应端：                         
      ┣ ━━━━━━━━━━━━━━━  系统信息 ━━━━━━━━━━━━━━━
      ┣ 系统名称：                       Microsoft Windows 10.0.19045
      ┣ 系统架构：                       X64
      ┣ 基础框架：                       Furion.Pure v1.0.0.0
      ┣ .NET 架构：                      .NET 8.0.6
      ┣ ━━━━━━━━━━━━━━━  启动信息 ━━━━━━━━━━━━━━━
      ┣ 运行环境：                       Production
      ┣ 启动程序集：                     Admin.NET.Web.Entry
      ┣ 进程名称：                       Admin.NET.Web.Entry
      ┣ 托管程序：                       Kestrel
      ┣ ━━━━━━━━━━━━━━━  授权信息 ━━━━━━━━━━━━━━━
      ┣ JWT Token：                      Bearer eyJhbGciOiJIUzI1NiIsInR5cCI6IkpXVCJ9.eyJVc2VySWQiOjEzMDAwMDAwMDAxMDEsIlRlbmFudElkIjoxMzAwMDAwMDAwMDAxLCJBY2NvdW50Ijoic3VwZXJhZG1pbiIsIlJlYWxOYW1lIjoi6LaF57qn566h55CG5ZGYIiwiQWNjb3VudFR5cGUiOjk5OSwiT3JnSWQiOjAsIk9yZ05hbWUiOm51bGwsIk9yZ1R5cGUiOm51bGwsImlhdCI6MTczNjc3MzYzMCwibmJmIjoxNzM2NzczNjMwLCJleHAiOjE3MzczNzg0MzAsImlzcyI6Imd1eGluLmxpbmsiLCJhdWQiOiJndXhpbi5saW5rIn0.7yghNabJaXKI2uA1Ntrw8zMcPGWCeTTjXE-UINFnf5o
      ┣ 
      ┣ UserId (integer64)：             1300000000101
      ┣ TenantId (integer64)：           1300000000001
      ┣ Account (string)：               superadmin
      ┣ RealName (string)：              超级管理员
      ┣ AccountType (integer32)：        999
      ┣ OrgId (integer32)：              0
      ┣ OrgName (JSON_NULL)：            
      ┣ OrgType (JSON_NULL)：            
      ┣ iat (integer64)：                1736773630 (2025-01-13 21:07:10:0000(+08:00) 星期一 L)
      ┣ nbf (integer64)：                1736773630 (2025-01-13 21:07:10:0000(+08:00) 星期一 L)
      ┣ exp (integer64)：                1737378430 (2025-01-20 21:07:10:0000(+08:00) 星期一 L)
      ┣ iss (string)：                   guxin.link
      ┣ aud (string)：                   guxin.link
      ┣ ━━━━━━━━━━━━━━━  请求头信息 ━━━━━━━━━━━━━━━
      ┣ 
      ┣ Accept：                         application/json, text/plain, */*
      ┣ Connection：                     keep-alive
      ┣ Host：                           localhost:5005
      ┣ User-Agent：                     Mozilla/5.0 (Windows NT 10.0; Win64; x64) AppleWebKit/537.36 (KHTML, like Gecko) Chrome/131.0.0.0 Safari/537.36
      ┣ Accept-Encoding：                gzip, deflate, br, zstd
      ┣ Accept-Language：                zh-cn
      ┣ Authorization：                  Bearer eyJhbGciOiJIUzI1NiIsInR5cCI6IkpXVCJ9.eyJVc2VySWQiOjEzMDAwMDAwMDAxMDEsIlRlbmFudElkIjoxMzAwMDAwMDAwMDAxLCJBY2NvdW50Ijoic3VwZXJhZG1pbiIsIlJlYWxOYW1lIjoi6LaF57qn566h55CG5ZGYIiwiQWNjb3VudFR5cGUiOjk5OSwiT3JnSWQiOjAsIk9yZ05hbWUiOm51bGwsIk9yZ1R5cGUiOm51bGwsImlhdCI6MTczNjc3MzYzMCwibmJmIjoxNzM2NzczNjMwLCJleHAiOjE3MzczNzg0MzAsImlzcyI6Imd1eGluLmxpbmsiLCJhdWQiOiJndXhpbi5saW5rIn0.7yghNabJaXKI2uA1Ntrw8zMcPGWCeTTjXE-UINFnf5o
      ┣ Cache-Control：                  no-cache
      ┣ Origin：                         http://localhost:8888
      ┣ Pragma：                         no-cache
      ┣ Referer：                        http://localhost:8888/
      ┣ sec-ch-ua-platform：             "Windows"
      ┣ sec-ch-ua：                      "Google Chrome";v="131", "Chromium";v="131", "Not_A Brand";v="24"
      ┣ sec-ch-ua-mobile：               ?0
      ┣ DNT：                            1
      ┣ Sec-Fetch-Site：                 same-site
      ┣ Sec-Fetch-Mode：                 cors
      ┣ Sec-Fetch-Dest：                 empty
      ┣ ━━━━━━━━━━━━━━━  返回信息 ━━━━━━━━━━━━━━━
      ┣ HTTP响应状态码：                 200
      ┣ 原始类型：                       System.Threading.Tasks.Task<Admin.NET.Core.Service.LoginUserOutput>
      ┣ 最终类型：                       Admin.NET.Core.AdminResult<System.Object>
      ┣ 最终返回值：                     {"code":200,"type":"success","message":"","result":{"id":"1300000000101","account":"superadmin","realName":"超级管理员","accountType":999,"avatar":null,"introduction":null,"address":null,"signature":null,"orgId":"0","orgName":null,"orgType":null,"posName":null,"buttons":["sysUser:page","sysUser:update","sysUser:add","sysUser:delete","sysUser:detail","sysUser:grantRole","sysUser:resetPwd","sysUser:setStatus","sysOnlineUser:forceOffline","sysRole:page","sysRole:update","sysRole:add","sysRole:delete","s
      ┗━━━━━━━━━━━  Logging Monitor ━━━━━━━━━━━
info: 2025-01-13 22:02:11.7258703 +08:00 星期一 L System.Logging.LoggingMonitor[0] #25 '00-37b8ae63e18753b2e5b14b79f4680519-26dee808d7fb78b7-00'
      [Furion.Pure.dll] async Task LoggingMonitorAttribute.MonitorAsync(MethodInfo actionMethod, IDictionary<string, object> parameterValues, FilterContext context, dynamic next)
      ┏━━━━━━━━━━━  Logging Monitor ━━━━━━━━━━━
      ┣ Admin.NET.Core.Service.SysMenuService.GetLoginMenuTree
      ┣ 
      ┣ 控制器名称：                     SysMenuService
      ┣ 操作名称：                       GetLoginMenuTree
      ┣ 显示名称：                       获取登录菜单树
      ┣ 路由信息：                       [area]: ; [controller]: sysMenu; [action]: loginMenuTree
      ┣ 请求方式：                       GET
      ┣ 请求地址：                       http://localhost:5005/api/sysMenu/loginMenuTree
      ┣ 来源地址：                       http://localhost:8888/
      ┣ 请求端源：                       client
      ┣ 浏览器标识：                     Mozilla/5.0 (Windows NT 10.0; Win64; x64) AppleWebKit/537.36 (KHTML, like Gecko) Chrome/131.0.0.0 Safari/537.36
      ┣ 客户端区域语言：                 zh-cn
      ┣ 客户端 IP 地址：                 127.0.0.1
      ┣ 服务端 IP 地址：                 127.0.0.1
      ┣ 客户端连接 ID：                  00-37b8ae63e18753b2e5b14b79f4680519-26dee808d7fb78b7-00
      ┣ 服务线程 ID：                    #25
      ┣ 执行耗时：                       103ms
      ┣ ━━━━━━━━━━━━━━━  Cookies ━━━━━━━━━━━━━━━
      ┣ 请求端：                         
      ┣ 响应端：                         
      ┣ ━━━━━━━━━━━━━━━  系统信息 ━━━━━━━━━━━━━━━
      ┣ 系统名称：                       Microsoft Windows 10.0.19045
      ┣ 系统架构：                       X64
      ┣ 基础框架：                       Furion.Pure v1.0.0.0
      ┣ .NET 架构：                      .NET 8.0.6
      ┣ ━━━━━━━━━━━━━━━  启动信息 ━━━━━━━━━━━━━━━
      ┣ 运行环境：                       Production
      ┣ 启动程序集：                     Admin.NET.Web.Entry
      ┣ 进程名称：                       Admin.NET.Web.Entry
      ┣ 托管程序：                       Kestrel
      ┣ ━━━━━━━━━━━━━━━  授权信息 ━━━━━━━━━━━━━━━
      ┣ JWT Token：                      Bearer eyJhbGciOiJIUzI1NiIsInR5cCI6IkpXVCJ9.eyJVc2VySWQiOjEzMDAwMDAwMDAxMDEsIlRlbmFudElkIjoxMzAwMDAwMDAwMDAxLCJBY2NvdW50Ijoic3VwZXJhZG1pbiIsIlJlYWxOYW1lIjoi6LaF57qn566h55CG5ZGYIiwiQWNjb3VudFR5cGUiOjk5OSwiT3JnSWQiOjAsIk9yZ05hbWUiOm51bGwsIk9yZ1R5cGUiOm51bGwsImlhdCI6MTczNjc3MzYzMCwibmJmIjoxNzM2NzczNjMwLCJleHAiOjE3MzczNzg0MzAsImlzcyI6Imd1eGluLmxpbmsiLCJhdWQiOiJndXhpbi5saW5rIn0.7yghNabJaXKI2uA1Ntrw8zMcPGWCeTTjXE-UINFnf5o
      ┣ 
      ┣ UserId (integer64)：             1300000000101
      ┣ TenantId (integer64)：           1300000000001
      ┣ Account (string)：               superadmin
      ┣ RealName (string)：              超级管理员
      ┣ AccountType (integer32)：        999
      ┣ OrgId (integer32)：              0
      ┣ OrgName (JSON_NULL)：            
      ┣ OrgType (JSON_NULL)：            
      ┣ iat (integer64)：                1736773630 (2025-01-13 21:07:10:0000(+08:00) 星期一 L)
      ┣ nbf (integer64)：                1736773630 (2025-01-13 21:07:10:0000(+08:00) 星期一 L)
      ┣ exp (integer64)：                1737378430 (2025-01-20 21:07:10:0000(+08:00) 星期一 L)
      ┣ iss (string)：                   guxin.link
      ┣ aud (string)：                   guxin.link
      ┣ ━━━━━━━━━━━━━━━  请求头信息 ━━━━━━━━━━━━━━━
      ┣ 
      ┣ Accept：                         application/json, text/plain, */*
      ┣ Connection：                     keep-alive
      ┣ Host：                           localhost:5005
      ┣ User-Agent：                     Mozilla/5.0 (Windows NT 10.0; Win64; x64) AppleWebKit/537.36 (KHTML, like Gecko) Chrome/131.0.0.0 Safari/537.36
      ┣ Accept-Encoding：                gzip, deflate, br, zstd
      ┣ Accept-Language：                zh-cn
      ┣ Authorization：                  Bearer eyJhbGciOiJIUzI1NiIsInR5cCI6IkpXVCJ9.eyJVc2VySWQiOjEzMDAwMDAwMDAxMDEsIlRlbmFudElkIjoxMzAwMDAwMDAwMDAxLCJBY2NvdW50Ijoic3VwZXJhZG1pbiIsIlJlYWxOYW1lIjoi6LaF57qn566h55CG5ZGYIiwiQWNjb3VudFR5cGUiOjk5OSwiT3JnSWQiOjAsIk9yZ05hbWUiOm51bGwsIk9yZ1R5cGUiOm51bGwsImlhdCI6MTczNjc3MzYzMCwibmJmIjoxNzM2NzczNjMwLCJleHAiOjE3MzczNzg0MzAsImlzcyI6Imd1eGluLmxpbmsiLCJhdWQiOiJndXhpbi5saW5rIn0.7yghNabJaXKI2uA1Ntrw8zMcPGWCeTTjXE-UINFnf5o
      ┣ Cache-Control：                  no-cache
      ┣ Origin：                         http://localhost:8888
      ┣ Pragma：                         no-cache
      ┣ Referer：                        http://localhost:8888/
      ┣ sec-ch-ua-platform：             "Windows"
      ┣ sec-ch-ua：                      "Google Chrome";v="131", "Chromium";v="131", "Not_A Brand";v="24"
      ┣ sec-ch-ua-mobile：               ?0
      ┣ DNT：                            1
      ┣ Sec-Fetch-Site：                 same-site
      ┣ Sec-Fetch-Mode：                 cors
      ┣ Sec-Fetch-Dest：                 empty
      ┣ ━━━━━━━━━━━━━━━  返回信息 ━━━━━━━━━━━━━━━
      ┣ HTTP响应状态码：                 200
      ┣ 原始类型：                       System.Threading.Tasks.Task<System.Collections.Generic.List<Admin.NET.Core.Service.MenuOutput>>
      ┣ 最终类型：                       Admin.NET.Core.AdminResult<System.Object>
      ┣ 最终返回值：                     {"code":200,"type":"success","message":"","result":[{"id":"1300000000101","pid":"0","type":1,"name":"dashboard","path":"/dashboard","component":"Layout","permission":null,"redirect":null,"orderNo":0,"status":1,"remark":null,"createTime":"2023-12-25T01:49:24","updateTime":"2024-09-17T00:41:21","createUserName":null,"updateUserName":null,"meta":{"title":"工作台","icon":"ele-HomeFilled","isIframe":false,"isLink":null,"isHide":false,"isKeepAlive":true,"isAffix":false},"children":[{"id":"1300000000111",
      ┗━━━━━━━━━━━  Logging Monitor ━━━━━━━━━━━
info: 2025-01-13 22:02:12.0293293 +08:00 星期一 L System.Logging.LoggingMonitor[0] #31 '00-a6bebfe109d078e8597df7595c4e2cad-1b5909647a30599f-00'
      [Furion.Pure.dll] async Task LoggingMonitorAttribute.MonitorAsync(MethodInfo actionMethod, IDictionary<string, object> parameterValues, FilterContext context, dynamic next)
      ┏━━━━━━━━━━━  Logging Monitor ━━━━━━━━━━━
      ┣ Admin.NET.Core.Service.SysEnumService.GetEnumDataList
      ┣ 
      ┣ 控制器名称：                SysEnumService
      ┣ 操作名称：                  GetEnumDataList
      ┣ 显示名称：                  通过枚举类型获取枚举值集合
      ┣ 路由信息：                  [area]: ; [controller]: sysEnum; [action]: enumDataList
      ┣ 请求方式：                  GET
      ┣ 请求地址：                  http://localhost:5005/api/sysEnum/enumDataList?EnumName=AIModelOptionEnum
      ┣ 来源地址：                  http://localhost:8888/
      ┣ 请求端源：                  client
      ┣ 浏览器标识：                Mozilla/5.0 (Windows NT 10.0; Win64; x64) AppleWebKit/537.36 (KHTML, like Gecko) Chrome/131.0.0.0 Safari/537.36
      ┣ 客户端区域语言：            zh-cn
      ┣ 客户端 IP 地址：            127.0.0.1
      ┣ 服务端 IP 地址：            127.0.0.1
      ┣ 客户端连接 ID：             00-a6bebfe109d078e8597df7595c4e2cad-1b5909647a30599f-00
      ┣ 服务线程 ID：               #31
      ┣ 执行耗时：                  0ms
      ┣ ━━━━━━━━━━━━━━━  Cookies ━━━━━━━━━━━━━━━
      ┣ 请求端：                    
      ┣ 响应端：                    
      ┣ ━━━━━━━━━━━━━━━  系统信息 ━━━━━━━━━━━━━━━
      ┣ 系统名称：                  Microsoft Windows 10.0.19045
      ┣ 系统架构：                  X64
      ┣ 基础框架：                  Furion.Pure v1.0.0.0
      ┣ .NET 架构：                 .NET 8.0.6
      ┣ ━━━━━━━━━━━━━━━  启动信息 ━━━━━━━━━━━━━━━
      ┣ 运行环境：                  Production
      ┣ 启动程序集：                Admin.NET.Web.Entry
      ┣ 进程名称：                  Admin.NET.Web.Entry
      ┣ 托管程序：                  Kestrel
      ┣ ━━━━━━━━━━━━━━━  请求头信息 ━━━━━━━━━━━━━━━
      ┣ 
      ┣ Accept：                    application/json, text/plain, */*
      ┣ Connection：                keep-alive
      ┣ Host：                      localhost:5005
      ┣ User-Agent：                Mozilla/5.0 (Windows NT 10.0; Win64; x64) AppleWebKit/537.36 (KHTML, like Gecko) Chrome/131.0.0.0 Safari/537.36
      ┣ Accept-Encoding：           gzip, deflate, br, zstd
      ┣ Accept-Language：           zh-cn
      ┣ Authorization：             Bearer eyJhbGciOiJIUzI1NiIsInR5cCI6IkpXVCJ9.eyJVc2VySWQiOjEzMDAwMDAwMDAxMDEsIlRlbmFudElkIjoxMzAwMDAwMDAwMDAxLCJBY2NvdW50Ijoic3VwZXJhZG1pbiIsIlJlYWxOYW1lIjoi6LaF57qn566h55CG5ZGYIiwiQWNjb3VudFR5cGUiOjk5OSwiT3JnSWQiOjAsIk9yZ05hbWUiOm51bGwsIk9yZ1R5cGUiOm51bGwsImlhdCI6MTczNjc3MzYzMCwibmJmIjoxNzM2NzczNjMwLCJleHAiOjE3MzczNzg0MzAsImlzcyI6Imd1eGluLmxpbmsiLCJhdWQiOiJndXhpbi5saW5rIn0.7yghNabJaXKI2uA1Ntrw8zMcPGWCeTTjXE-UINFnf5o
      ┣ Cache-Control：             no-cache
      ┣ Origin：                    http://localhost:8888
      ┣ Pragma：                    no-cache
      ┣ Referer：                   http://localhost:8888/
      ┣ sec-ch-ua-platform：        "Windows"
      ┣ sec-ch-ua：                 "Google Chrome";v="131", "Chromium";v="131", "Not_A Brand";v="24"
      ┣ sec-ch-ua-mobile：          ?0
      ┣ DNT：                       1
      ┣ Sec-Fetch-Site：            same-site
      ┣ Sec-Fetch-Mode：            cors
      ┣ Sec-Fetch-Dest：            empty
      ┣ ━━━━━━━━━━━━━━━  参数列表 ━━━━━━━━━━━━━━━
      ┣ Content-Type：              
      ┣ 
      ┣ input (EnumInput)：         {"enumName":"AIModelOptionEnum"}
      ┣ ━━━━━━━━━━━━━━━  返回信息 ━━━━━━━━━━━━━━━
      ┣ HTTP响应状态码：            200
      ┣ 原始类型：                  System.Collections.Generic.List<Admin.NET.Core.EnumEntity>
      ┣ 最终类型：                  Admin.NET.Core.AdminResult<System.Object>
      ┣ 最终返回值：                {"code":200,"type":"success","message":"","result":[{"describe":"文本","name":"Text","value":0},{"describe":"数字","name":"Num","value":1},{"describe":"单选","name":"Radio","value":2},{"describe":"多选","name":"CheckBox","value":3},{"describe":"true，false","name":"Switch","value":4}],"extras":null,"time":"2025-01-13T22:02:12.0282136+08:00"}
      ┗━━━━━━━━━━━  Logging Monitor ━━━━━━━━━━━
info: 2025-01-13 22:02:12.3151300 +08:00 星期一 L System.Logging.LoggingMonitor[0] #48 '00-de5b861c5c43722486f2cd4a7500171e-974a94a193720548-00'
      [Furion.Pure.dll] async Task LoggingMonitorAttribute.MonitorAsync(MethodInfo actionMethod, IDictionary<string, object> parameterValues, FilterContext context, dynamic next)
      ┏━━━━━━━━━━━  Logging Monitor ━━━━━━━━━━━
      ┣ Admin.NET.Application.ChatModelOptionsService.Page
      ┣ 
      ┣ 控制器名称：                           ChatModelOptionsService
      ┣ 操作名称：                             Page
      ┣ 显示名称：                             
      ┣ 路由信息：                             [area]: ; [controller]: chatModelOptions; [action]: page
      ┣ 请求方式：                             POST
      ┣ 请求地址：                             http://localhost:5005/api/chatModelOptions/page
      ┣ 来源地址：                             http://localhost:8888/
      ┣ 请求端源：                             client
      ┣ 浏览器标识：                           Mozilla/5.0 (Windows NT 10.0; Win64; x64) AppleWebKit/537.36 (KHTML, like Gecko) Chrome/131.0.0.0 Safari/537.36
      ┣ 客户端区域语言：                       zh-CN,zh;q=0.9
      ┣ 客户端 IP 地址：                       127.0.0.1
      ┣ 服务端 IP 地址：                       127.0.0.1
      ┣ 客户端连接 ID：                        00-de5b861c5c43722486f2cd4a7500171e-974a94a193720548-00
      ┣ 服务线程 ID：                          #33
      ┣ 执行耗时：                             187ms
      ┣ ━━━━━━━━━━━━━━━  Cookies ━━━━━━━━━━━━━━━
      ┣ 请求端：                               
      ┣ 响应端：                               
      ┣ ━━━━━━━━━━━━━━━  系统信息 ━━━━━━━━━━━━━━━
      ┣ 系统名称：                             Microsoft Windows 10.0.19045
      ┣ 系统架构：                             X64
      ┣ 基础框架：                             Furion.Pure v1.0.0.0
      ┣ .NET 架构：                            .NET 8.0.6
      ┣ ━━━━━━━━━━━━━━━  启动信息 ━━━━━━━━━━━━━━━
      ┣ 运行环境：                             Production
      ┣ 启动程序集：                           Admin.NET.Web.Entry
      ┣ 进程名称：                             Admin.NET.Web.Entry
      ┣ 托管程序：                             Kestrel
      ┣ ━━━━━━━━━━━━━━━  授权信息 ━━━━━━━━━━━━━━━
      ┣ JWT Token：                            Bearer eyJhbGciOiJIUzI1NiIsInR5cCI6IkpXVCJ9.eyJVc2VySWQiOjEzMDAwMDAwMDAxMDEsIlRlbmFudElkIjoxMzAwMDAwMDAwMDAxLCJBY2NvdW50Ijoic3VwZXJhZG1pbiIsIlJlYWxOYW1lIjoi6LaF57qn566h55CG5ZGYIiwiQWNjb3VudFR5cGUiOjk5OSwiT3JnSWQiOjAsIk9yZ05hbWUiOm51bGwsIk9yZ1R5cGUiOm51bGwsImlhdCI6MTczNjc3MzYzMCwibmJmIjoxNzM2NzczNjMwLCJleHAiOjE3MzczNzg0MzAsImlzcyI6Imd1eGluLmxpbmsiLCJhdWQiOiJndXhpbi5saW5rIn0.7yghNabJaXKI2uA1Ntrw8zMcPGWCeTTjXE-UINFnf5o
      ┣ 
      ┣ UserId (integer64)：                   1300000000101
      ┣ TenantId (integer64)：                 1300000000001
      ┣ Account (string)：                     superadmin
      ┣ RealName (string)：                    超级管理员
      ┣ AccountType (integer32)：              999
      ┣ OrgId (integer32)：                    0
      ┣ OrgName (JSON_NULL)：                  
      ┣ OrgType (JSON_NULL)：                  
      ┣ iat (integer64)：                      1736773630 (2025-01-13 21:07:10:0000(+08:00) 星期一 L)
      ┣ nbf (integer64)：                      1736773630 (2025-01-13 21:07:10:0000(+08:00) 星期一 L)
      ┣ exp (integer64)：                      1737378430 (2025-01-20 21:07:10:0000(+08:00) 星期一 L)
      ┣ iss (string)：                         guxin.link
      ┣ aud (string)：                         guxin.link
      ┣ ━━━━━━━━━━━━━━━  请求头信息 ━━━━━━━━━━━━━━━
      ┣ 
      ┣ Accept：                               application/json, text/plain, */*
      ┣ Connection：                           keep-alive
      ┣ Host：                                 localhost:5005
      ┣ User-Agent：                           Mozilla/5.0 (Windows NT 10.0; Win64; x64) AppleWebKit/537.36 (KHTML, like Gecko) Chrome/131.0.0.0 Safari/537.36
      ┣ Accept-Encoding：                      gzip, deflate, br, zstd
      ┣ Accept-Language：                      zh-CN,zh;q=0.9
      ┣ Authorization：                        Bearer eyJhbGciOiJIUzI1NiIsInR5cCI6IkpXVCJ9.eyJVc2VySWQiOjEzMDAwMDAwMDAxMDEsIlRlbmFudElkIjoxMzAwMDAwMDAwMDAxLCJBY2NvdW50Ijoic3VwZXJhZG1pbiIsIlJlYWxOYW1lIjoi6LaF57qn566h55CG5ZGYIiwiQWNjb3VudFR5cGUiOjk5OSwiT3JnSWQiOjAsIk9yZ05hbWUiOm51bGwsIk9yZ1R5cGUiOm51bGwsImlhdCI6MTczNjc3MzYzMCwibmJmIjoxNzM2NzczNjMwLCJleHAiOjE3MzczNzg0MzAsImlzcyI6Imd1eGluLmxpbmsiLCJhdWQiOiJndXhpbi5saW5rIn0.7yghNabJaXKI2uA1Ntrw8zMcPGWCeTTjXE-UINFnf5o
      ┣ Cache-Control：                        no-cache
      ┣ Content-Type：                         application/json
      ┣ Origin：                               http://localhost:8888
      ┣ Pragma：                               no-cache
      ┣ Referer：                              http://localhost:8888/
      ┣ Content-Length：                       34
      ┣ sec-ch-ua-platform：                   "Windows"
      ┣ sec-ch-ua：                            "Google Chrome";v="131", "Chromium";v="131", "Not_A Brand";v="24"
      ┣ sec-ch-ua-mobile：                     ?0
      ┣ DNT：                                  1
      ┣ Sec-Fetch-Site：                       same-site
      ┣ Sec-Fetch-Mode：                       cors
      ┣ Sec-Fetch-Dest：                       empty
      ┣ ━━━━━━━━━━━━━━━  参数列表 ━━━━━━━━━━━━━━━
      ┣ Content-Type：                         application/json
      ┣ 
      ┣ input (ChatModelOptionsInput)：        {"searchKey":null,"modelId":null,"name":null,"optionType":null,"field":null,"page":1,"pageSize":10,"order":null,"descStr":"descending"}
      ┣ ━━━━━━━━━━━━━━━  返回信息 ━━━━━━━━━━━━━━━
      ┣ HTTP响应状态码：                       200
      ┣ 原始类型：                             System.Threading.Tasks.Task<Admin.NET.Core.SqlSugarPagedList<Admin.NET.Application.ChatModelOptionsOutput>>
      ┣ 最终类型：                             Admin.NET.Core.AdminResult<System.Object>
      ┣ 最终返回值：                           {"code":200,"type":"success","message":"","result":{"page":1,"pageSize":10,"total":0,"totalPages":0,"items":[],"hasPrevPage":false,"hasNextPage":false},"extras":null,"time":"2025-01-13T22:02:12.3141935+08:00"}
      ┗━━━━━━━━━━━  Logging Monitor ━━━━━━━━━━━
info: 2025-01-13 22:02:12.4429270 +08:00 星期一 L System.Logging.LoggingMonitor[0] #25 '00-b5f107d9e43dd15fde651dd38537d682-fae454b1b095af90-00'
      [Furion.Pure.dll] async Task LoggingMonitorAttribute.MonitorAsync(MethodInfo actionMethod, IDictionary<string, object> parameterValues, FilterContext context, dynamic next)
      ┏━━━━━━━━━━━  Logging Monitor ━━━━━━━━━━━
      ┣ Admin.NET.Application.ChatModelOptionsService.ModelDropdown
      ┣ 
      ┣ 控制器名称：                     ChatModelOptionsService
      ┣ 操作名称：                       ModelDropdown
      ┣ 显示名称：                       
      ┣ 路由信息：                       [area]: ; [controller]: chatModelOptions; [action]: modelDropdown
      ┣ 请求方式：                       GET
      ┣ 请求地址：                       http://localhost:5005/api/chatModelOptions/modelDropdown
      ┣ 来源地址：                       http://localhost:8888/
      ┣ 请求端源：                       client
      ┣ 浏览器标识：                     Mozilla/5.0 (Windows NT 10.0; Win64; x64) AppleWebKit/537.36 (KHTML, like Gecko) Chrome/131.0.0.0 Safari/537.36
      ┣ 客户端区域语言：                 zh-CN,zh;q=0.9
      ┣ 客户端 IP 地址：                 127.0.0.1
      ┣ 服务端 IP 地址：                 127.0.0.1
      ┣ 客户端连接 ID：                  00-b5f107d9e43dd15fde651dd38537d682-fae454b1b095af90-00
      ┣ 服务线程 ID：                    #25
      ┣ 执行耗时：                       181ms
      ┣ ━━━━━━━━━━━━━━━  Cookies ━━━━━━━━━━━━━━━
      ┣ 请求端：                         
      ┣ 响应端：                         
      ┣ ━━━━━━━━━━━━━━━  系统信息 ━━━━━━━━━━━━━━━
      ┣ 系统名称：                       Microsoft Windows 10.0.19045
      ┣ 系统架构：                       X64
      ┣ 基础框架：                       Furion.Pure v1.0.0.0
      ┣ .NET 架构：                      .NET 8.0.6
      ┣ ━━━━━━━━━━━━━━━  启动信息 ━━━━━━━━━━━━━━━
      ┣ 运行环境：                       Production
      ┣ 启动程序集：                     Admin.NET.Web.Entry
      ┣ 进程名称：                       Admin.NET.Web.Entry
      ┣ 托管程序：                       Kestrel
      ┣ ━━━━━━━━━━━━━━━  授权信息 ━━━━━━━━━━━━━━━
      ┣ JWT Token：                      Bearer eyJhbGciOiJIUzI1NiIsInR5cCI6IkpXVCJ9.eyJVc2VySWQiOjEzMDAwMDAwMDAxMDEsIlRlbmFudElkIjoxMzAwMDAwMDAwMDAxLCJBY2NvdW50Ijoic3VwZXJhZG1pbiIsIlJlYWxOYW1lIjoi6LaF57qn566h55CG5ZGYIiwiQWNjb3VudFR5cGUiOjk5OSwiT3JnSWQiOjAsIk9yZ05hbWUiOm51bGwsIk9yZ1R5cGUiOm51bGwsImlhdCI6MTczNjc3MzYzMCwibmJmIjoxNzM2NzczNjMwLCJleHAiOjE3MzczNzg0MzAsImlzcyI6Imd1eGluLmxpbmsiLCJhdWQiOiJndXhpbi5saW5rIn0.7yghNabJaXKI2uA1Ntrw8zMcPGWCeTTjXE-UINFnf5o
      ┣ 
      ┣ UserId (integer64)：             1300000000101
      ┣ TenantId (integer64)：           1300000000001
      ┣ Account (string)：               superadmin
      ┣ RealName (string)：              超级管理员
      ┣ AccountType (integer32)：        999
      ┣ OrgId (integer32)：              0
      ┣ OrgName (JSON_NULL)：            
      ┣ OrgType (JSON_NULL)：            
      ┣ iat (integer64)：                1736773630 (2025-01-13 21:07:10:0000(+08:00) 星期一 L)
      ┣ nbf (integer64)：                1736773630 (2025-01-13 21:07:10:0000(+08:00) 星期一 L)
      ┣ exp (integer64)：                1737378430 (2025-01-20 21:07:10:0000(+08:00) 星期一 L)
      ┣ iss (string)：                   guxin.link
      ┣ aud (string)：                   guxin.link
      ┣ ━━━━━━━━━━━━━━━  请求头信息 ━━━━━━━━━━━━━━━
      ┣ 
      ┣ Accept：                         application/json, text/plain, */*
      ┣ Connection：                     keep-alive
      ┣ Host：                           localhost:5005
      ┣ User-Agent：                     Mozilla/5.0 (Windows NT 10.0; Win64; x64) AppleWebKit/537.36 (KHTML, like Gecko) Chrome/131.0.0.0 Safari/537.36
      ┣ Accept-Encoding：                gzip, deflate, br, zstd
      ┣ Accept-Language：                zh-CN,zh;q=0.9
      ┣ Authorization：                  Bearer eyJhbGciOiJIUzI1NiIsInR5cCI6IkpXVCJ9.eyJVc2VySWQiOjEzMDAwMDAwMDAxMDEsIlRlbmFudElkIjoxMzAwMDAwMDAwMDAxLCJBY2NvdW50Ijoic3VwZXJhZG1pbiIsIlJlYWxOYW1lIjoi6LaF57qn566h55CG5ZGYIiwiQWNjb3VudFR5cGUiOjk5OSwiT3JnSWQiOjAsIk9yZ05hbWUiOm51bGwsIk9yZ1R5cGUiOm51bGwsImlhdCI6MTczNjc3MzYzMCwibmJmIjoxNzM2NzczNjMwLCJleHAiOjE3MzczNzg0MzAsImlzcyI6Imd1eGluLmxpbmsiLCJhdWQiOiJndXhpbi5saW5rIn0.7yghNabJaXKI2uA1Ntrw8zMcPGWCeTTjXE-UINFnf5o
      ┣ Cache-Control：                  no-cache
      ┣ Origin：                         http://localhost:8888
      ┣ Pragma：                         no-cache
      ┣ Referer：                        http://localhost:8888/
      ┣ sec-ch-ua-platform：             "Windows"
      ┣ sec-ch-ua：                      "Google Chrome";v="131", "Chromium";v="131", "Not_A Brand";v="24"
      ┣ DNT：                            1
      ┣ sec-ch-ua-mobile：               ?0
      ┣ Sec-Fetch-Site：                 same-site
      ┣ Sec-Fetch-Mode：                 cors
      ┣ Sec-Fetch-Dest：                 empty
      ┣ ━━━━━━━━━━━━━━━  返回信息 ━━━━━━━━━━━━━━━
      ┣ HTTP响应状态码：                 200
      ┣ 原始类型：                       System.Threading.Tasks.Task<System.Object>
      ┣ 最终类型：                       Admin.NET.Core.AdminResult<System.Object>
      ┣ 最终返回值：                     {"code":200,"type":"success","message":"","result":[{"label":"通义千问 Max","value":"灵积:qwen-max","service":"灵积"},{"label":"GPT-3.5 16K","value":"3.5-turbo-16k","service":"openai"},{"label":"通义千问 7B","value":"灵积:qwen-7b-chat","service":"灵积"},{"label":"星火大模型V1.5","value":"讯飞星火:general","service":"讯飞星火"},{"label":"通义千问 Turbo","value":"灵积:qwen-turbo","service":"灵积"},{"label":"通义千问 Plus","value":"灵积:qwen-plus","service":"灵积"},{"label":"GPT-4","value":"gpt-4","service":"openai"},{"label":"腾讯混元大模型","value
      ┗━━━━━━━━━━━  Logging Monitor ━━━━━━━━━━━
info: 2025-01-13 22:02:12.4826627 +08:00 星期一 L System.Logging.LoggingMonitor[0] #33 '00-938b71e5ddd37a999b6a32593bf2f493-7fdbb36a7a1998a7-00'
      [Furion.Pure.dll] async Task LoggingMonitorAttribute.MonitorAsync(MethodInfo actionMethod, IDictionary<string, object> parameterValues, FilterContext context, dynamic next)
      ┏━━━━━━━━━━━  Logging Monitor ━━━━━━━━━━━
      ┣ Admin.NET.Core.Service.SysEnumService.GetEnumDataList
      ┣ 
      ┣ 控制器名称：                SysEnumService
      ┣ 操作名称：                  GetEnumDataList
      ┣ 显示名称：                  通过枚举类型获取枚举值集合
      ┣ 路由信息：                  [area]: ; [controller]: sysEnum; [action]: enumDataList
      ┣ 请求方式：                  GET
      ┣ 请求地址：                  http://localhost:5005/api/sysEnum/enumDataList?EnumName=AIModelOptionEnum
      ┣ 来源地址：                  http://localhost:8888/
      ┣ 请求端源：                  client
      ┣ 浏览器标识：                Mozilla/5.0 (Windows NT 10.0; Win64; x64) AppleWebKit/537.36 (KHTML, like Gecko) Chrome/131.0.0.0 Safari/537.36
      ┣ 客户端区域语言：            zh-cn
      ┣ 客户端 IP 地址：            127.0.0.1
      ┣ 服务端 IP 地址：            127.0.0.1
      ┣ 客户端连接 ID：             00-938b71e5ddd37a999b6a32593bf2f493-7fdbb36a7a1998a7-00
      ┣ 服务线程 ID：               #33
      ┣ 执行耗时：                  0ms
      ┣ ━━━━━━━━━━━━━━━  Cookies ━━━━━━━━━━━━━━━
      ┣ 请求端：                    
      ┣ 响应端：                    
      ┣ ━━━━━━━━━━━━━━━  系统信息 ━━━━━━━━━━━━━━━
      ┣ 系统名称：                  Microsoft Windows 10.0.19045
      ┣ 系统架构：                  X64
      ┣ 基础框架：                  Furion.Pure v1.0.0.0
      ┣ .NET 架构：                 .NET 8.0.6
      ┣ ━━━━━━━━━━━━━━━  启动信息 ━━━━━━━━━━━━━━━
      ┣ 运行环境：                  Production
      ┣ 启动程序集：                Admin.NET.Web.Entry
      ┣ 进程名称：                  Admin.NET.Web.Entry
      ┣ 托管程序：                  Kestrel
      ┣ ━━━━━━━━━━━━━━━  请求头信息 ━━━━━━━━━━━━━━━
      ┣ 
      ┣ Accept：                    application/json, text/plain, */*
      ┣ Connection：                keep-alive
      ┣ Host：                      localhost:5005
      ┣ User-Agent：                Mozilla/5.0 (Windows NT 10.0; Win64; x64) AppleWebKit/537.36 (KHTML, like Gecko) Chrome/131.0.0.0 Safari/537.36
      ┣ Accept-Encoding：           gzip, deflate, br, zstd
      ┣ Accept-Language：           zh-cn
      ┣ Authorization：             Bearer eyJhbGciOiJIUzI1NiIsInR5cCI6IkpXVCJ9.eyJVc2VySWQiOjEzMDAwMDAwMDAxMDEsIlRlbmFudElkIjoxMzAwMDAwMDAwMDAxLCJBY2NvdW50Ijoic3VwZXJhZG1pbiIsIlJlYWxOYW1lIjoi6LaF57qn566h55CG5ZGYIiwiQWNjb3VudFR5cGUiOjk5OSwiT3JnSWQiOjAsIk9yZ05hbWUiOm51bGwsIk9yZ1R5cGUiOm51bGwsImlhdCI6MTczNjc3MzYzMCwibmJmIjoxNzM2NzczNjMwLCJleHAiOjE3MzczNzg0MzAsImlzcyI6Imd1eGluLmxpbmsiLCJhdWQiOiJndXhpbi5saW5rIn0.7yghNabJaXKI2uA1Ntrw8zMcPGWCeTTjXE-UINFnf5o
      ┣ Cache-Control：             no-cache
      ┣ Origin：                    http://localhost:8888
      ┣ Pragma：                    no-cache
      ┣ Referer：                   http://localhost:8888/
      ┣ sec-ch-ua-platform：        "Windows"
      ┣ sec-ch-ua：                 "Google Chrome";v="131", "Chromium";v="131", "Not_A Brand";v="24"
      ┣ sec-ch-ua-mobile：          ?0
      ┣ DNT：                       1
      ┣ Sec-Fetch-Site：            same-site
      ┣ Sec-Fetch-Mode：            cors
      ┣ Sec-Fetch-Dest：            empty
      ┣ ━━━━━━━━━━━━━━━  参数列表 ━━━━━━━━━━━━━━━
      ┣ Content-Type：              
      ┣ 
      ┣ input (EnumInput)：         {"enumName":"AIModelOptionEnum"}
      ┣ ━━━━━━━━━━━━━━━  返回信息 ━━━━━━━━━━━━━━━
      ┣ HTTP响应状态码：            200
      ┣ 原始类型：                  System.Collections.Generic.List<Admin.NET.Core.EnumEntity>
      ┣ 最终类型：                  Admin.NET.Core.AdminResult<System.Object>
      ┣ 最终返回值：                {"code":200,"type":"success","message":"","result":[{"describe":"文本","name":"Text","value":0},{"describe":"数字","name":"Num","value":1},{"describe":"单选","name":"Radio","value":2},{"describe":"多选","name":"CheckBox","value":3},{"describe":"true，false","name":"Switch","value":4}],"extras":null,"time":"2025-01-13T22:02:12.4817875+08:00"}
      ┗━━━━━━━━━━━  Logging Monitor ━━━━━━━━━━━
info: 2025-01-13 22:02:12.6003626 +08:00 星期一 L System.Logging.LoggingMonitor[0] #25 '00-65eb65c09a3268bc2ff4cbcc0afd75d7-0cd90f589f578e6d-00'
      [Furion.Pure.dll] async Task LoggingMonitorAttribute.MonitorAsync(MethodInfo actionMethod, IDictionary<string, object> parameterValues, FilterContext context, dynamic next)
      ┏━━━━━━━━━━━  Logging Monitor ━━━━━━━━━━━
      ┣ Admin.NET.Core.Service.SysNoticeService.GetUnReadList
      ┣ 
      ┣ 控制器名称：                     SysNoticeService
      ┣ 操作名称：                       GetUnReadList
      ┣ 显示名称：                       获取未读的通知公告
      ┣ 路由信息：                       [area]: ; [controller]: sysNotice; [action]: unReadList
      ┣ 请求方式：                       GET
      ┣ 请求地址：                       http://localhost:5005/api/sysNotice/unReadList
      ┣ 来源地址：                       http://localhost:8888/
      ┣ 请求端源：                       client
      ┣ 浏览器标识：                     Mozilla/5.0 (Windows NT 10.0; Win64; x64) AppleWebKit/537.36 (KHTML, like Gecko) Chrome/131.0.0.0 Safari/537.36
      ┣ 客户端区域语言：                 zh-cn
      ┣ 客户端 IP 地址：                 127.0.0.1
      ┣ 服务端 IP 地址：                 127.0.0.1
      ┣ 客户端连接 ID：                  00-65eb65c09a3268bc2ff4cbcc0afd75d7-0cd90f589f578e6d-00
      ┣ 服务线程 ID：                    #43
      ┣ 执行耗时：                       96ms
      ┣ ━━━━━━━━━━━━━━━  Cookies ━━━━━━━━━━━━━━━
      ┣ 请求端：                         
      ┣ 响应端：                         
      ┣ ━━━━━━━━━━━━━━━  系统信息 ━━━━━━━━━━━━━━━
      ┣ 系统名称：                       Microsoft Windows 10.0.19045
      ┣ 系统架构：                       X64
      ┣ 基础框架：                       Furion.Pure v1.0.0.0
      ┣ .NET 架构：                      .NET 8.0.6
      ┣ ━━━━━━━━━━━━━━━  启动信息 ━━━━━━━━━━━━━━━
      ┣ 运行环境：                       Production
      ┣ 启动程序集：                     Admin.NET.Web.Entry
      ┣ 进程名称：                       Admin.NET.Web.Entry
      ┣ 托管程序：                       Kestrel
      ┣ ━━━━━━━━━━━━━━━  授权信息 ━━━━━━━━━━━━━━━
      ┣ JWT Token：                      Bearer eyJhbGciOiJIUzI1NiIsInR5cCI6IkpXVCJ9.eyJVc2VySWQiOjEzMDAwMDAwMDAxMDEsIlRlbmFudElkIjoxMzAwMDAwMDAwMDAxLCJBY2NvdW50Ijoic3VwZXJhZG1pbiIsIlJlYWxOYW1lIjoi6LaF57qn566h55CG5ZGYIiwiQWNjb3VudFR5cGUiOjk5OSwiT3JnSWQiOjAsIk9yZ05hbWUiOm51bGwsIk9yZ1R5cGUiOm51bGwsImlhdCI6MTczNjc3MzYzMCwibmJmIjoxNzM2NzczNjMwLCJleHAiOjE3MzczNzg0MzAsImlzcyI6Imd1eGluLmxpbmsiLCJhdWQiOiJndXhpbi5saW5rIn0.7yghNabJaXKI2uA1Ntrw8zMcPGWCeTTjXE-UINFnf5o
      ┣ 
      ┣ UserId (integer64)：             1300000000101
      ┣ TenantId (integer64)：           1300000000001
      ┣ Account (string)：               superadmin
      ┣ RealName (string)：              超级管理员
      ┣ AccountType (integer32)：        999
      ┣ OrgId (integer32)：              0
      ┣ OrgName (JSON_NULL)：            
      ┣ OrgType (JSON_NULL)：            
      ┣ iat (integer64)：                1736773630 (2025-01-13 21:07:10:0000(+08:00) 星期一 L)
      ┣ nbf (integer64)：                1736773630 (2025-01-13 21:07:10:0000(+08:00) 星期一 L)
      ┣ exp (integer64)：                1737378430 (2025-01-20 21:07:10:0000(+08:00) 星期一 L)
      ┣ iss (string)：                   guxin.link
      ┣ aud (string)：                   guxin.link
      ┣ ━━━━━━━━━━━━━━━  请求头信息 ━━━━━━━━━━━━━━━
      ┣ 
      ┣ Accept：                         application/json, text/plain, */*
      ┣ Connection：                     keep-alive
      ┣ Host：                           localhost:5005
      ┣ User-Agent：                     Mozilla/5.0 (Windows NT 10.0; Win64; x64) AppleWebKit/537.36 (KHTML, like Gecko) Chrome/131.0.0.0 Safari/537.36
      ┣ Accept-Encoding：                gzip, deflate, br, zstd
      ┣ Accept-Language：                zh-cn
      ┣ Authorization：                  Bearer eyJhbGciOiJIUzI1NiIsInR5cCI6IkpXVCJ9.eyJVc2VySWQiOjEzMDAwMDAwMDAxMDEsIlRlbmFudElkIjoxMzAwMDAwMDAwMDAxLCJBY2NvdW50Ijoic3VwZXJhZG1pbiIsIlJlYWxOYW1lIjoi6LaF57qn566h55CG5ZGYIiwiQWNjb3VudFR5cGUiOjk5OSwiT3JnSWQiOjAsIk9yZ05hbWUiOm51bGwsIk9yZ1R5cGUiOm51bGwsImlhdCI6MTczNjc3MzYzMCwibmJmIjoxNzM2NzczNjMwLCJleHAiOjE3MzczNzg0MzAsImlzcyI6Imd1eGluLmxpbmsiLCJhdWQiOiJndXhpbi5saW5rIn0.7yghNabJaXKI2uA1Ntrw8zMcPGWCeTTjXE-UINFnf5o
      ┣ Cache-Control：                  no-cache
      ┣ Origin：                         http://localhost:8888
      ┣ Pragma：                         no-cache
      ┣ Referer：                        http://localhost:8888/
      ┣ sec-ch-ua-platform：             "Windows"
      ┣ sec-ch-ua：                      "Google Chrome";v="131", "Chromium";v="131", "Not_A Brand";v="24"
      ┣ sec-ch-ua-mobile：               ?0
      ┣ DNT：                            1
      ┣ Sec-Fetch-Site：                 same-site
      ┣ Sec-Fetch-Mode：                 cors
      ┣ Sec-Fetch-Dest：                 empty
      ┣ ━━━━━━━━━━━━━━━  返回信息 ━━━━━━━━━━━━━━━
      ┣ HTTP响应状态码：                 200
      ┣ 原始类型：                       System.Threading.Tasks.Task<System.Collections.Generic.List<Admin.NET.Core.SysNotice>>
      ┣ 最终类型：                       Admin.NET.Core.AdminResult<System.Object>
      ┣ 最终返回值：                     {"code":200,"type":"success","message":"","result":[],"extras":null,"time":"2025-01-13T22:02:12.5988238+08:00"}
      ┗━━━━━━━━━━━  Logging Monitor ━━━━━━━━━━━
info: 2025-01-13 22:04:25.2068890 +08:00 星期一 L System.Logging.LoggingMonitor[0] #46 '00-97b1db6ef9faccada02ad30945c03779-d06dafe593d01d5c-00'
      [Furion.Pure.dll] async Task LoggingMonitorAttribute.MonitorAsync(MethodInfo actionMethod, IDictionary<string, object> parameterValues, FilterContext context, dynamic next)
      ┏━━━━━━━━━━━  Logging Monitor ━━━━━━━━━━━
      ┣ Admin.NET.Core.Service.SysAuthService.GetUserInfo
      ┣ 
      ┣ 控制器名称：                     SysAuthService
      ┣ 操作名称：                       GetUserInfo
      ┣ 显示名称：                       获取登录账号
      ┣ 路由信息：                       [area]: ; [controller]: sysAuth; [action]: userInfo
      ┣ 请求方式：                       GET
      ┣ 请求地址：                       http://localhost:5005/api/sysAuth/userInfo
      ┣ 来源地址：                       http://localhost:8888/
      ┣ 请求端源：                       client
      ┣ 浏览器标识：                     Mozilla/5.0 (Windows NT 10.0; Win64; x64) AppleWebKit/537.36 (KHTML, like Gecko) Chrome/131.0.0.0 Safari/537.36
      ┣ 客户端区域语言：                 zh-cn
      ┣ 客户端 IP 地址：                 127.0.0.1
      ┣ 服务端 IP 地址：                 127.0.0.1
      ┣ 客户端连接 ID：                  00-97b1db6ef9faccada02ad30945c03779-d06dafe593d01d5c-00
      ┣ 服务线程 ID：                    #41
      ┣ 执行耗时：                       189ms
      ┣ ━━━━━━━━━━━━━━━  Cookies ━━━━━━━━━━━━━━━
      ┣ 请求端：                         
      ┣ 响应端：                         
      ┣ ━━━━━━━━━━━━━━━  系统信息 ━━━━━━━━━━━━━━━
      ┣ 系统名称：                       Microsoft Windows 10.0.19045
      ┣ 系统架构：                       X64
      ┣ 基础框架：                       Furion.Pure v1.0.0.0
      ┣ .NET 架构：                      .NET 8.0.6
      ┣ ━━━━━━━━━━━━━━━  启动信息 ━━━━━━━━━━━━━━━
      ┣ 运行环境：                       Production
      ┣ 启动程序集：                     Admin.NET.Web.Entry
      ┣ 进程名称：                       Admin.NET.Web.Entry
      ┣ 托管程序：                       Kestrel
      ┣ ━━━━━━━━━━━━━━━  授权信息 ━━━━━━━━━━━━━━━
      ┣ JWT Token：                      Bearer eyJhbGciOiJIUzI1NiIsInR5cCI6IkpXVCJ9.eyJVc2VySWQiOjEzMDAwMDAwMDAxMDEsIlRlbmFudElkIjoxMzAwMDAwMDAwMDAxLCJBY2NvdW50Ijoic3VwZXJhZG1pbiIsIlJlYWxOYW1lIjoi6LaF57qn566h55CG5ZGYIiwiQWNjb3VudFR5cGUiOjk5OSwiT3JnSWQiOjAsIk9yZ05hbWUiOm51bGwsIk9yZ1R5cGUiOm51bGwsImlhdCI6MTczNjc3MzYzMCwibmJmIjoxNzM2NzczNjMwLCJleHAiOjE3MzczNzg0MzAsImlzcyI6Imd1eGluLmxpbmsiLCJhdWQiOiJndXhpbi5saW5rIn0.7yghNabJaXKI2uA1Ntrw8zMcPGWCeTTjXE-UINFnf5o
      ┣ 
      ┣ UserId (integer64)：             1300000000101
      ┣ TenantId (integer64)：           1300000000001
      ┣ Account (string)：               superadmin
      ┣ RealName (string)：              超级管理员
      ┣ AccountType (integer32)：        999
      ┣ OrgId (integer32)：              0
      ┣ OrgName (JSON_NULL)：            
      ┣ OrgType (JSON_NULL)：            
      ┣ iat (integer64)：                1736773630 (2025-01-13 21:07:10:0000(+08:00) 星期一 L)
      ┣ nbf (integer64)：                1736773630 (2025-01-13 21:07:10:0000(+08:00) 星期一 L)
      ┣ exp (integer64)：                1737378430 (2025-01-20 21:07:10:0000(+08:00) 星期一 L)
      ┣ iss (string)：                   guxin.link
      ┣ aud (string)：                   guxin.link
      ┣ ━━━━━━━━━━━━━━━  请求头信息 ━━━━━━━━━━━━━━━
      ┣ 
      ┣ Accept：                         application/json, text/plain, */*
      ┣ Connection：                     keep-alive
      ┣ Host：                           localhost:5005
      ┣ User-Agent：                     Mozilla/5.0 (Windows NT 10.0; Win64; x64) AppleWebKit/537.36 (KHTML, like Gecko) Chrome/131.0.0.0 Safari/537.36
      ┣ Accept-Encoding：                gzip, deflate, br, zstd
      ┣ Accept-Language：                zh-cn
      ┣ Authorization：                  Bearer eyJhbGciOiJIUzI1NiIsInR5cCI6IkpXVCJ9.eyJVc2VySWQiOjEzMDAwMDAwMDAxMDEsIlRlbmFudElkIjoxMzAwMDAwMDAwMDAxLCJBY2NvdW50Ijoic3VwZXJhZG1pbiIsIlJlYWxOYW1lIjoi6LaF57qn566h55CG5ZGYIiwiQWNjb3VudFR5cGUiOjk5OSwiT3JnSWQiOjAsIk9yZ05hbWUiOm51bGwsIk9yZ1R5cGUiOm51bGwsImlhdCI6MTczNjc3MzYzMCwibmJmIjoxNzM2NzczNjMwLCJleHAiOjE3MzczNzg0MzAsImlzcyI6Imd1eGluLmxpbmsiLCJhdWQiOiJndXhpbi5saW5rIn0.7yghNabJaXKI2uA1Ntrw8zMcPGWCeTTjXE-UINFnf5o
      ┣ Cache-Control：                  no-cache
      ┣ Origin：                         http://localhost:8888
      ┣ Pragma：                         no-cache
      ┣ Referer：                        http://localhost:8888/
      ┣ sec-ch-ua-platform：             "Windows"
      ┣ sec-ch-ua：                      "Google Chrome";v="131", "Chromium";v="131", "Not_A Brand";v="24"
      ┣ sec-ch-ua-mobile：               ?0
      ┣ DNT：                            1
      ┣ Sec-Fetch-Site：                 same-site
      ┣ Sec-Fetch-Mode：                 cors
      ┣ Sec-Fetch-Dest：                 empty
      ┣ ━━━━━━━━━━━━━━━  返回信息 ━━━━━━━━━━━━━━━
      ┣ HTTP响应状态码：                 200
      ┣ 原始类型：                       System.Threading.Tasks.Task<Admin.NET.Core.Service.LoginUserOutput>
      ┣ 最终类型：                       Admin.NET.Core.AdminResult<System.Object>
      ┣ 最终返回值：                     {"code":200,"type":"success","message":"","result":{"id":"1300000000101","account":"superadmin","realName":"超级管理员","accountType":999,"avatar":null,"introduction":null,"address":null,"signature":null,"orgId":"0","orgName":null,"orgType":null,"posName":null,"buttons":["sysUser:page","sysUser:update","sysUser:add","sysUser:delete","sysUser:detail","sysUser:grantRole","sysUser:resetPwd","sysUser:setStatus","sysOnlineUser:forceOffline","sysRole:page","sysRole:update","sysRole:add","sysRole:delete","s
      ┗━━━━━━━━━━━  Logging Monitor ━━━━━━━━━━━
info: 2025-01-13 22:04:25.5460946 +08:00 星期一 L System.Logging.LoggingMonitor[0] #41 '00-20e96989e66f15da3ddad0b29b43533f-fdba3f8f9f471b7d-00'
      [Furion.Pure.dll] async Task LoggingMonitorAttribute.MonitorAsync(MethodInfo actionMethod, IDictionary<string, object> parameterValues, FilterContext context, dynamic next)
      ┏━━━━━━━━━━━  Logging Monitor ━━━━━━━━━━━
      ┣ Admin.NET.Core.Service.SysMenuService.GetLoginMenuTree
      ┣ 
      ┣ 控制器名称：                     SysMenuService
      ┣ 操作名称：                       GetLoginMenuTree
      ┣ 显示名称：                       获取登录菜单树
      ┣ 路由信息：                       [area]: ; [controller]: sysMenu; [action]: loginMenuTree
      ┣ 请求方式：                       GET
      ┣ 请求地址：                       http://localhost:5005/api/sysMenu/loginMenuTree
      ┣ 来源地址：                       http://localhost:8888/
      ┣ 请求端源：                       client
      ┣ 浏览器标识：                     Mozilla/5.0 (Windows NT 10.0; Win64; x64) AppleWebKit/537.36 (KHTML, like Gecko) Chrome/131.0.0.0 Safari/537.36
      ┣ 客户端区域语言：                 zh-cn
      ┣ 客户端 IP 地址：                 127.0.0.1
      ┣ 服务端 IP 地址：                 127.0.0.1
      ┣ 客户端连接 ID：                  00-20e96989e66f15da3ddad0b29b43533f-fdba3f8f9f471b7d-00
      ┣ 服务线程 ID：                    #41
      ┣ 执行耗时：                       53ms
      ┣ ━━━━━━━━━━━━━━━  Cookies ━━━━━━━━━━━━━━━
      ┣ 请求端：                         
      ┣ 响应端：                         
      ┣ ━━━━━━━━━━━━━━━  系统信息 ━━━━━━━━━━━━━━━
      ┣ 系统名称：                       Microsoft Windows 10.0.19045
      ┣ 系统架构：                       X64
      ┣ 基础框架：                       Furion.Pure v1.0.0.0
      ┣ .NET 架构：                      .NET 8.0.6
      ┣ ━━━━━━━━━━━━━━━  启动信息 ━━━━━━━━━━━━━━━
      ┣ 运行环境：                       Production
      ┣ 启动程序集：                     Admin.NET.Web.Entry
      ┣ 进程名称：                       Admin.NET.Web.Entry
      ┣ 托管程序：                       Kestrel
      ┣ ━━━━━━━━━━━━━━━  授权信息 ━━━━━━━━━━━━━━━
      ┣ JWT Token：                      Bearer eyJhbGciOiJIUzI1NiIsInR5cCI6IkpXVCJ9.eyJVc2VySWQiOjEzMDAwMDAwMDAxMDEsIlRlbmFudElkIjoxMzAwMDAwMDAwMDAxLCJBY2NvdW50Ijoic3VwZXJhZG1pbiIsIlJlYWxOYW1lIjoi6LaF57qn566h55CG5ZGYIiwiQWNjb3VudFR5cGUiOjk5OSwiT3JnSWQiOjAsIk9yZ05hbWUiOm51bGwsIk9yZ1R5cGUiOm51bGwsImlhdCI6MTczNjc3MzYzMCwibmJmIjoxNzM2NzczNjMwLCJleHAiOjE3MzczNzg0MzAsImlzcyI6Imd1eGluLmxpbmsiLCJhdWQiOiJndXhpbi5saW5rIn0.7yghNabJaXKI2uA1Ntrw8zMcPGWCeTTjXE-UINFnf5o
      ┣ 
      ┣ UserId (integer64)：             1300000000101
      ┣ TenantId (integer64)：           1300000000001
      ┣ Account (string)：               superadmin
      ┣ RealName (string)：              超级管理员
      ┣ AccountType (integer32)：        999
      ┣ OrgId (integer32)：              0
      ┣ OrgName (JSON_NULL)：            
      ┣ OrgType (JSON_NULL)：            
      ┣ iat (integer64)：                1736773630 (2025-01-13 21:07:10:0000(+08:00) 星期一 L)
      ┣ nbf (integer64)：                1736773630 (2025-01-13 21:07:10:0000(+08:00) 星期一 L)
      ┣ exp (integer64)：                1737378430 (2025-01-20 21:07:10:0000(+08:00) 星期一 L)
      ┣ iss (string)：                   guxin.link
      ┣ aud (string)：                   guxin.link
      ┣ ━━━━━━━━━━━━━━━  请求头信息 ━━━━━━━━━━━━━━━
      ┣ 
      ┣ Accept：                         application/json, text/plain, */*
      ┣ Connection：                     keep-alive
      ┣ Host：                           localhost:5005
      ┣ User-Agent：                     Mozilla/5.0 (Windows NT 10.0; Win64; x64) AppleWebKit/537.36 (KHTML, like Gecko) Chrome/131.0.0.0 Safari/537.36
      ┣ Accept-Encoding：                gzip, deflate, br, zstd
      ┣ Accept-Language：                zh-cn
      ┣ Authorization：                  Bearer eyJhbGciOiJIUzI1NiIsInR5cCI6IkpXVCJ9.eyJVc2VySWQiOjEzMDAwMDAwMDAxMDEsIlRlbmFudElkIjoxMzAwMDAwMDAwMDAxLCJBY2NvdW50Ijoic3VwZXJhZG1pbiIsIlJlYWxOYW1lIjoi6LaF57qn566h55CG5ZGYIiwiQWNjb3VudFR5cGUiOjk5OSwiT3JnSWQiOjAsIk9yZ05hbWUiOm51bGwsIk9yZ1R5cGUiOm51bGwsImlhdCI6MTczNjc3MzYzMCwibmJmIjoxNzM2NzczNjMwLCJleHAiOjE3MzczNzg0MzAsImlzcyI6Imd1eGluLmxpbmsiLCJhdWQiOiJndXhpbi5saW5rIn0.7yghNabJaXKI2uA1Ntrw8zMcPGWCeTTjXE-UINFnf5o
      ┣ Cache-Control：                  no-cache
      ┣ Origin：                         http://localhost:8888
      ┣ Pragma：                         no-cache
      ┣ Referer：                        http://localhost:8888/
      ┣ sec-ch-ua-platform：             "Windows"
      ┣ sec-ch-ua：                      "Google Chrome";v="131", "Chromium";v="131", "Not_A Brand";v="24"
      ┣ sec-ch-ua-mobile：               ?0
      ┣ DNT：                            1
      ┣ Sec-Fetch-Site：                 same-site
      ┣ Sec-Fetch-Mode：                 cors
      ┣ Sec-Fetch-Dest：                 empty
      ┣ ━━━━━━━━━━━━━━━  返回信息 ━━━━━━━━━━━━━━━
      ┣ HTTP响应状态码：                 200
      ┣ 原始类型：                       System.Threading.Tasks.Task<System.Collections.Generic.List<Admin.NET.Core.Service.MenuOutput>>
      ┣ 最终类型：                       Admin.NET.Core.AdminResult<System.Object>
      ┣ 最终返回值：                     {"code":200,"type":"success","message":"","result":[{"id":"1300000000101","pid":"0","type":1,"name":"dashboard","path":"/dashboard","component":"Layout","permission":null,"redirect":null,"orderNo":0,"status":1,"remark":null,"createTime":"2023-12-25T01:49:24","updateTime":"2024-09-17T00:41:21","createUserName":null,"updateUserName":null,"meta":{"title":"工作台","icon":"ele-HomeFilled","isIframe":false,"isLink":null,"isHide":false,"isKeepAlive":true,"isAffix":false},"children":[{"id":"1300000000111",
      ┗━━━━━━━━━━━  Logging Monitor ━━━━━━━━━━━
info: 2025-01-13 22:04:25.8012752 +08:00 星期一 L System.Logging.LoggingMonitor[0] #33 '00-bd21eaef9f9c787811cff899e3e2ea8c-63196df9d51ab30c-00'
      [Furion.Pure.dll] async Task LoggingMonitorAttribute.MonitorAsync(MethodInfo actionMethod, IDictionary<string, object> parameterValues, FilterContext context, dynamic next)
      ┏━━━━━━━━━━━  Logging Monitor ━━━━━━━━━━━
      ┣ Admin.NET.Core.Service.SysEnumService.GetEnumDataList
      ┣ 
      ┣ 控制器名称：                SysEnumService
      ┣ 操作名称：                  GetEnumDataList
      ┣ 显示名称：                  通过枚举类型获取枚举值集合
      ┣ 路由信息：                  [area]: ; [controller]: sysEnum; [action]: enumDataList
      ┣ 请求方式：                  GET
      ┣ 请求地址：                  http://localhost:5005/api/sysEnum/enumDataList?EnumName=AIModelOptionEnum
      ┣ 来源地址：                  http://localhost:8888/
      ┣ 请求端源：                  client
      ┣ 浏览器标识：                Mozilla/5.0 (Windows NT 10.0; Win64; x64) AppleWebKit/537.36 (KHTML, like Gecko) Chrome/131.0.0.0 Safari/537.36
      ┣ 客户端区域语言：            zh-cn
      ┣ 客户端 IP 地址：            127.0.0.1
      ┣ 服务端 IP 地址：            127.0.0.1
      ┣ 客户端连接 ID：             00-bd21eaef9f9c787811cff899e3e2ea8c-63196df9d51ab30c-00
      ┣ 服务线程 ID：               #33
      ┣ 执行耗时：                  0ms
      ┣ ━━━━━━━━━━━━━━━  Cookies ━━━━━━━━━━━━━━━
      ┣ 请求端：                    
      ┣ 响应端：                    
      ┣ ━━━━━━━━━━━━━━━  系统信息 ━━━━━━━━━━━━━━━
      ┣ 系统名称：                  Microsoft Windows 10.0.19045
      ┣ 系统架构：                  X64
      ┣ 基础框架：                  Furion.Pure v1.0.0.0
      ┣ .NET 架构：                 .NET 8.0.6
      ┣ ━━━━━━━━━━━━━━━  启动信息 ━━━━━━━━━━━━━━━
      ┣ 运行环境：                  Production
      ┣ 启动程序集：                Admin.NET.Web.Entry
      ┣ 进程名称：                  Admin.NET.Web.Entry
      ┣ 托管程序：                  Kestrel
      ┣ ━━━━━━━━━━━━━━━  请求头信息 ━━━━━━━━━━━━━━━
      ┣ 
      ┣ Accept：                    application/json, text/plain, */*
      ┣ Connection：                keep-alive
      ┣ Host：                      localhost:5005
      ┣ User-Agent：                Mozilla/5.0 (Windows NT 10.0; Win64; x64) AppleWebKit/537.36 (KHTML, like Gecko) Chrome/131.0.0.0 Safari/537.36
      ┣ Accept-Encoding：           gzip, deflate, br, zstd
      ┣ Accept-Language：           zh-cn
      ┣ Authorization：             Bearer eyJhbGciOiJIUzI1NiIsInR5cCI6IkpXVCJ9.eyJVc2VySWQiOjEzMDAwMDAwMDAxMDEsIlRlbmFudElkIjoxMzAwMDAwMDAwMDAxLCJBY2NvdW50Ijoic3VwZXJhZG1pbiIsIlJlYWxOYW1lIjoi6LaF57qn566h55CG5ZGYIiwiQWNjb3VudFR5cGUiOjk5OSwiT3JnSWQiOjAsIk9yZ05hbWUiOm51bGwsIk9yZ1R5cGUiOm51bGwsImlhdCI6MTczNjc3MzYzMCwibmJmIjoxNzM2NzczNjMwLCJleHAiOjE3MzczNzg0MzAsImlzcyI6Imd1eGluLmxpbmsiLCJhdWQiOiJndXhpbi5saW5rIn0.7yghNabJaXKI2uA1Ntrw8zMcPGWCeTTjXE-UINFnf5o
      ┣ Cache-Control：             no-cache
      ┣ Origin：                    http://localhost:8888
      ┣ Pragma：                    no-cache
      ┣ Referer：                   http://localhost:8888/
      ┣ sec-ch-ua-platform：        "Windows"
      ┣ sec-ch-ua：                 "Google Chrome";v="131", "Chromium";v="131", "Not_A Brand";v="24"
      ┣ sec-ch-ua-mobile：          ?0
      ┣ DNT：                       1
      ┣ Sec-Fetch-Site：            same-site
      ┣ Sec-Fetch-Mode：            cors
      ┣ Sec-Fetch-Dest：            empty
      ┣ ━━━━━━━━━━━━━━━  参数列表 ━━━━━━━━━━━━━━━
      ┣ Content-Type：              
      ┣ 
      ┣ input (EnumInput)：         {"enumName":"AIModelOptionEnum"}
      ┣ ━━━━━━━━━━━━━━━  返回信息 ━━━━━━━━━━━━━━━
      ┣ HTTP响应状态码：            200
      ┣ 原始类型：                  System.Collections.Generic.List<Admin.NET.Core.EnumEntity>
      ┣ 最终类型：                  Admin.NET.Core.AdminResult<System.Object>
      ┣ 最终返回值：                {"code":200,"type":"success","message":"","result":[{"describe":"文本","name":"Text","value":0},{"describe":"数字","name":"Num","value":1},{"describe":"单选","name":"Radio","value":2},{"describe":"多选","name":"CheckBox","value":3},{"describe":"true，false","name":"Switch","value":4}],"extras":null,"time":"2025-01-13T22:04:25.7999413+08:00"}
      ┗━━━━━━━━━━━  Logging Monitor ━━━━━━━━━━━
info: 2025-01-13 22:04:25.9899731 +08:00 星期一 L System.Logging.LoggingMonitor[0] #3 '00-5cbbda985cd6ba4fd2de86d536ce5efa-99b8194a0e930212-00'
      [Furion.Pure.dll] async Task LoggingMonitorAttribute.MonitorAsync(MethodInfo actionMethod, IDictionary<string, object> parameterValues, FilterContext context, dynamic next)
      ┏━━━━━━━━━━━  Logging Monitor ━━━━━━━━━━━
      ┣ Admin.NET.Application.ChatModelOptionsService.Page
      ┣ 
      ┣ 控制器名称：                           ChatModelOptionsService
      ┣ 操作名称：                             Page
      ┣ 显示名称：                             
      ┣ 路由信息：                             [area]: ; [controller]: chatModelOptions; [action]: page
      ┣ 请求方式：                             POST
      ┣ 请求地址：                             http://localhost:5005/api/chatModelOptions/page
      ┣ 来源地址：                             http://localhost:8888/
      ┣ 请求端源：                             client
      ┣ 浏览器标识：                           Mozilla/5.0 (Windows NT 10.0; Win64; x64) AppleWebKit/537.36 (KHTML, like Gecko) Chrome/131.0.0.0 Safari/537.36
      ┣ 客户端区域语言：                       zh-CN,zh;q=0.9
      ┣ 客户端 IP 地址：                       127.0.0.1
      ┣ 服务端 IP 地址：                       127.0.0.1
      ┣ 客户端连接 ID：                        00-5cbbda985cd6ba4fd2de86d536ce5efa-99b8194a0e930212-00
      ┣ 服务线程 ID：                          #46
      ┣ 执行耗时：                             112ms
      ┣ ━━━━━━━━━━━━━━━  Cookies ━━━━━━━━━━━━━━━
      ┣ 请求端：                               
      ┣ 响应端：                               
      ┣ ━━━━━━━━━━━━━━━  系统信息 ━━━━━━━━━━━━━━━
      ┣ 系统名称：                             Microsoft Windows 10.0.19045
      ┣ 系统架构：                             X64
      ┣ 基础框架：                             Furion.Pure v1.0.0.0
      ┣ .NET 架构：                            .NET 8.0.6
      ┣ ━━━━━━━━━━━━━━━  启动信息 ━━━━━━━━━━━━━━━
      ┣ 运行环境：                             Production
      ┣ 启动程序集：                           Admin.NET.Web.Entry
      ┣ 进程名称：                             Admin.NET.Web.Entry
      ┣ 托管程序：                             Kestrel
      ┣ ━━━━━━━━━━━━━━━  授权信息 ━━━━━━━━━━━━━━━
      ┣ JWT Token：                            Bearer eyJhbGciOiJIUzI1NiIsInR5cCI6IkpXVCJ9.eyJVc2VySWQiOjEzMDAwMDAwMDAxMDEsIlRlbmFudElkIjoxMzAwMDAwMDAwMDAxLCJBY2NvdW50Ijoic3VwZXJhZG1pbiIsIlJlYWxOYW1lIjoi6LaF57qn566h55CG5ZGYIiwiQWNjb3VudFR5cGUiOjk5OSwiT3JnSWQiOjAsIk9yZ05hbWUiOm51bGwsIk9yZ1R5cGUiOm51bGwsImlhdCI6MTczNjc3MzYzMCwibmJmIjoxNzM2NzczNjMwLCJleHAiOjE3MzczNzg0MzAsImlzcyI6Imd1eGluLmxpbmsiLCJhdWQiOiJndXhpbi5saW5rIn0.7yghNabJaXKI2uA1Ntrw8zMcPGWCeTTjXE-UINFnf5o
      ┣ 
      ┣ UserId (integer64)：                   1300000000101
      ┣ TenantId (integer64)：                 1300000000001
      ┣ Account (string)：                     superadmin
      ┣ RealName (string)：                    超级管理员
      ┣ AccountType (integer32)：              999
      ┣ OrgId (integer32)：                    0
      ┣ OrgName (JSON_NULL)：                  
      ┣ OrgType (JSON_NULL)：                  
      ┣ iat (integer64)：                      1736773630 (2025-01-13 21:07:10:0000(+08:00) 星期一 L)
      ┣ nbf (integer64)：                      1736773630 (2025-01-13 21:07:10:0000(+08:00) 星期一 L)
      ┣ exp (integer64)：                      1737378430 (2025-01-20 21:07:10:0000(+08:00) 星期一 L)
      ┣ iss (string)：                         guxin.link
      ┣ aud (string)：                         guxin.link
      ┣ ━━━━━━━━━━━━━━━  请求头信息 ━━━━━━━━━━━━━━━
      ┣ 
      ┣ Accept：                               application/json, text/plain, */*
      ┣ Connection：                           keep-alive
      ┣ Host：                                 localhost:5005
      ┣ User-Agent：                           Mozilla/5.0 (Windows NT 10.0; Win64; x64) AppleWebKit/537.36 (KHTML, like Gecko) Chrome/131.0.0.0 Safari/537.36
      ┣ Accept-Encoding：                      gzip, deflate, br, zstd
      ┣ Accept-Language：                      zh-CN,zh;q=0.9
      ┣ Authorization：                        Bearer eyJhbGciOiJIUzI1NiIsInR5cCI6IkpXVCJ9.eyJVc2VySWQiOjEzMDAwMDAwMDAxMDEsIlRlbmFudElkIjoxMzAwMDAwMDAwMDAxLCJBY2NvdW50Ijoic3VwZXJhZG1pbiIsIlJlYWxOYW1lIjoi6LaF57qn566h55CG5ZGYIiwiQWNjb3VudFR5cGUiOjk5OSwiT3JnSWQiOjAsIk9yZ05hbWUiOm51bGwsIk9yZ1R5cGUiOm51bGwsImlhdCI6MTczNjc3MzYzMCwibmJmIjoxNzM2NzczNjMwLCJleHAiOjE3MzczNzg0MzAsImlzcyI6Imd1eGluLmxpbmsiLCJhdWQiOiJndXhpbi5saW5rIn0.7yghNabJaXKI2uA1Ntrw8zMcPGWCeTTjXE-UINFnf5o
      ┣ Cache-Control：                        no-cache
      ┣ Content-Type：                         application/json
      ┣ Origin：                               http://localhost:8888
      ┣ Pragma：                               no-cache
      ┣ Referer：                              http://localhost:8888/
      ┣ Content-Length：                       34
      ┣ sec-ch-ua-platform：                   "Windows"
      ┣ sec-ch-ua：                            "Google Chrome";v="131", "Chromium";v="131", "Not_A Brand";v="24"
      ┣ sec-ch-ua-mobile：                     ?0
      ┣ DNT：                                  1
      ┣ Sec-Fetch-Site：                       same-site
      ┣ Sec-Fetch-Mode：                       cors
      ┣ Sec-Fetch-Dest：                       empty
      ┣ ━━━━━━━━━━━━━━━  参数列表 ━━━━━━━━━━━━━━━
      ┣ Content-Type：                         application/json
      ┣ 
      ┣ input (ChatModelOptionsInput)：        {"searchKey":null,"modelId":null,"name":null,"optionType":null,"field":null,"page":1,"pageSize":10,"order":null,"descStr":"descending"}
      ┣ ━━━━━━━━━━━━━━━  返回信息 ━━━━━━━━━━━━━━━
      ┣ HTTP响应状态码：                       200
      ┣ 原始类型：                             System.Threading.Tasks.Task<Admin.NET.Core.SqlSugarPagedList<Admin.NET.Application.ChatModelOptionsOutput>>
      ┣ 最终类型：                             Admin.NET.Core.AdminResult<System.Object>
      ┣ 最终返回值：                           {"code":200,"type":"success","message":"","result":{"page":1,"pageSize":10,"total":0,"totalPages":0,"items":[],"hasPrevPage":false,"hasNextPage":false},"extras":null,"time":"2025-01-13T22:04:25.9888958+08:00"}
      ┗━━━━━━━━━━━  Logging Monitor ━━━━━━━━━━━
info: 2025-01-13 22:04:25.9885194 +08:00 星期一 L System.Logging.LoggingMonitor[0] #28 '00-3c16ba7b3079876b45acc318c556bc17-88037ba47a7fc439-00'
      [Furion.Pure.dll] async Task LoggingMonitorAttribute.MonitorAsync(MethodInfo actionMethod, IDictionary<string, object> parameterValues, FilterContext context, dynamic next)
      ┏━━━━━━━━━━━  Logging Monitor ━━━━━━━━━━━
      ┣ Admin.NET.Application.ChatModelOptionsService.ModelDropdown
      ┣ 
      ┣ 控制器名称：                     ChatModelOptionsService
      ┣ 操作名称：                       ModelDropdown
      ┣ 显示名称：                       
      ┣ 路由信息：                       [area]: ; [controller]: chatModelOptions; [action]: modelDropdown
      ┣ 请求方式：                       GET
      ┣ 请求地址：                       http://localhost:5005/api/chatModelOptions/modelDropdown
      ┣ 来源地址：                       http://localhost:8888/
      ┣ 请求端源：                       client
      ┣ 浏览器标识：                     Mozilla/5.0 (Windows NT 10.0; Win64; x64) AppleWebKit/537.36 (KHTML, like Gecko) Chrome/131.0.0.0 Safari/537.36
      ┣ 客户端区域语言：                 zh-CN,zh;q=0.9
      ┣ 客户端 IP 地址：                 127.0.0.1
      ┣ 服务端 IP 地址：                 127.0.0.1
      ┣ 客户端连接 ID：                  00-3c16ba7b3079876b45acc318c556bc17-88037ba47a7fc439-00
      ┣ 服务线程 ID：                    #28
      ┣ 执行耗时：                       56ms
      ┣ ━━━━━━━━━━━━━━━  Cookies ━━━━━━━━━━━━━━━
      ┣ 请求端：                         
      ┣ 响应端：                         
      ┣ ━━━━━━━━━━━━━━━  系统信息 ━━━━━━━━━━━━━━━
      ┣ 系统名称：                       Microsoft Windows 10.0.19045
      ┣ 系统架构：                       X64
      ┣ 基础框架：                       Furion.Pure v1.0.0.0
      ┣ .NET 架构：                      .NET 8.0.6
      ┣ ━━━━━━━━━━━━━━━  启动信息 ━━━━━━━━━━━━━━━
      ┣ 运行环境：                       Production
      ┣ 启动程序集：                     Admin.NET.Web.Entry
      ┣ 进程名称：                       Admin.NET.Web.Entry
      ┣ 托管程序：                       Kestrel
      ┣ ━━━━━━━━━━━━━━━  授权信息 ━━━━━━━━━━━━━━━
      ┣ JWT Token：                      Bearer eyJhbGciOiJIUzI1NiIsInR5cCI6IkpXVCJ9.eyJVc2VySWQiOjEzMDAwMDAwMDAxMDEsIlRlbmFudElkIjoxMzAwMDAwMDAwMDAxLCJBY2NvdW50Ijoic3VwZXJhZG1pbiIsIlJlYWxOYW1lIjoi6LaF57qn566h55CG5ZGYIiwiQWNjb3VudFR5cGUiOjk5OSwiT3JnSWQiOjAsIk9yZ05hbWUiOm51bGwsIk9yZ1R5cGUiOm51bGwsImlhdCI6MTczNjc3MzYzMCwibmJmIjoxNzM2NzczNjMwLCJleHAiOjE3MzczNzg0MzAsImlzcyI6Imd1eGluLmxpbmsiLCJhdWQiOiJndXhpbi5saW5rIn0.7yghNabJaXKI2uA1Ntrw8zMcPGWCeTTjXE-UINFnf5o
      ┣ 
      ┣ UserId (integer64)：             1300000000101
      ┣ TenantId (integer64)：           1300000000001
      ┣ Account (string)：               superadmin
      ┣ RealName (string)：              超级管理员
      ┣ AccountType (integer32)：        999
      ┣ OrgId (integer32)：              0
      ┣ OrgName (JSON_NULL)：            
      ┣ OrgType (JSON_NULL)：            
      ┣ iat (integer64)：                1736773630 (2025-01-13 21:07:10:0000(+08:00) 星期一 L)
      ┣ nbf (integer64)：                1736773630 (2025-01-13 21:07:10:0000(+08:00) 星期一 L)
      ┣ exp (integer64)：                1737378430 (2025-01-20 21:07:10:0000(+08:00) 星期一 L)
      ┣ iss (string)：                   guxin.link
      ┣ aud (string)：                   guxin.link
      ┣ ━━━━━━━━━━━━━━━  请求头信息 ━━━━━━━━━━━━━━━
      ┣ 
      ┣ Accept：                         application/json, text/plain, */*
      ┣ Connection：                     keep-alive
      ┣ Host：                           localhost:5005
      ┣ User-Agent：                     Mozilla/5.0 (Windows NT 10.0; Win64; x64) AppleWebKit/537.36 (KHTML, like Gecko) Chrome/131.0.0.0 Safari/537.36
      ┣ Accept-Encoding：                gzip, deflate, br, zstd
      ┣ Accept-Language：                zh-CN,zh;q=0.9
      ┣ Authorization：                  Bearer eyJhbGciOiJIUzI1NiIsInR5cCI6IkpXVCJ9.eyJVc2VySWQiOjEzMDAwMDAwMDAxMDEsIlRlbmFudElkIjoxMzAwMDAwMDAwMDAxLCJBY2NvdW50Ijoic3VwZXJhZG1pbiIsIlJlYWxOYW1lIjoi6LaF57qn566h55CG5ZGYIiwiQWNjb3VudFR5cGUiOjk5OSwiT3JnSWQiOjAsIk9yZ05hbWUiOm51bGwsIk9yZ1R5cGUiOm51bGwsImlhdCI6MTczNjc3MzYzMCwibmJmIjoxNzM2NzczNjMwLCJleHAiOjE3MzczNzg0MzAsImlzcyI6Imd1eGluLmxpbmsiLCJhdWQiOiJndXhpbi5saW5rIn0.7yghNabJaXKI2uA1Ntrw8zMcPGWCeTTjXE-UINFnf5o
      ┣ Cache-Control：                  no-cache
      ┣ Origin：                         http://localhost:8888
      ┣ Pragma：                         no-cache
      ┣ Referer：                        http://localhost:8888/
      ┣ sec-ch-ua-platform：             "Windows"
      ┣ sec-ch-ua：                      "Google Chrome";v="131", "Chromium";v="131", "Not_A Brand";v="24"
      ┣ DNT：                            1
      ┣ sec-ch-ua-mobile：               ?0
      ┣ Sec-Fetch-Site：                 same-site
      ┣ Sec-Fetch-Mode：                 cors
      ┣ Sec-Fetch-Dest：                 empty
      ┣ ━━━━━━━━━━━━━━━  返回信息 ━━━━━━━━━━━━━━━
      ┣ HTTP响应状态码：                 200
      ┣ 原始类型：                       System.Threading.Tasks.Task<System.Object>
      ┣ 最终类型：                       Admin.NET.Core.AdminResult<System.Object>
      ┣ 最终返回值：                     {"code":200,"type":"success","message":"","result":[{"label":"通义千问 Max","value":"灵积:qwen-max","service":"灵积"},{"label":"GPT-3.5 16K","value":"3.5-turbo-16k","service":"openai"},{"label":"通义千问 7B","value":"灵积:qwen-7b-chat","service":"灵积"},{"label":"星火大模型V1.5","value":"讯飞星火:general","service":"讯飞星火"},{"label":"通义千问 Turbo","value":"灵积:qwen-turbo","service":"灵积"},{"label":"通义千问 Plus","value":"灵积:qwen-plus","service":"灵积"},{"label":"GPT-4","value":"gpt-4","service":"openai"},{"label":"腾讯混元大模型","value
      ┗━━━━━━━━━━━  Logging Monitor ━━━━━━━━━━━
info: 2025-01-13 22:04:26.0863331 +08:00 星期一 L System.Logging.LoggingMonitor[0] #33 '00-84e719253678d2951dd233c8c6cd3138-c387707ce41b5d07-00'
      [Furion.Pure.dll] async Task LoggingMonitorAttribute.MonitorAsync(MethodInfo actionMethod, IDictionary<string, object> parameterValues, FilterContext context, dynamic next)
      ┏━━━━━━━━━━━  Logging Monitor ━━━━━━━━━━━
      ┣ Admin.NET.Core.Service.SysEnumService.GetEnumDataList
      ┣ 
      ┣ 控制器名称：                SysEnumService
      ┣ 操作名称：                  GetEnumDataList
      ┣ 显示名称：                  通过枚举类型获取枚举值集合
      ┣ 路由信息：                  [area]: ; [controller]: sysEnum; [action]: enumDataList
      ┣ 请求方式：                  GET
      ┣ 请求地址：                  http://localhost:5005/api/sysEnum/enumDataList?EnumName=AIModelOptionEnum
      ┣ 来源地址：                  http://localhost:8888/
      ┣ 请求端源：                  client
      ┣ 浏览器标识：                Mozilla/5.0 (Windows NT 10.0; Win64; x64) AppleWebKit/537.36 (KHTML, like Gecko) Chrome/131.0.0.0 Safari/537.36
      ┣ 客户端区域语言：            zh-cn
      ┣ 客户端 IP 地址：            127.0.0.1
      ┣ 服务端 IP 地址：            127.0.0.1
      ┣ 客户端连接 ID：             00-84e719253678d2951dd233c8c6cd3138-c387707ce41b5d07-00
      ┣ 服务线程 ID：               #33
      ┣ 执行耗时：                  2ms
      ┣ ━━━━━━━━━━━━━━━  Cookies ━━━━━━━━━━━━━━━
      ┣ 请求端：                    
      ┣ 响应端：                    
      ┣ ━━━━━━━━━━━━━━━  系统信息 ━━━━━━━━━━━━━━━
      ┣ 系统名称：                  Microsoft Windows 10.0.19045
      ┣ 系统架构：                  X64
      ┣ 基础框架：                  Furion.Pure v1.0.0.0
      ┣ .NET 架构：                 .NET 8.0.6
      ┣ ━━━━━━━━━━━━━━━  启动信息 ━━━━━━━━━━━━━━━
      ┣ 运行环境：                  Production
      ┣ 启动程序集：                Admin.NET.Web.Entry
      ┣ 进程名称：                  Admin.NET.Web.Entry
      ┣ 托管程序：                  Kestrel
      ┣ ━━━━━━━━━━━━━━━  请求头信息 ━━━━━━━━━━━━━━━
      ┣ 
      ┣ Accept：                    application/json, text/plain, */*
      ┣ Connection：                keep-alive
      ┣ Host：                      localhost:5005
      ┣ User-Agent：                Mozilla/5.0 (Windows NT 10.0; Win64; x64) AppleWebKit/537.36 (KHTML, like Gecko) Chrome/131.0.0.0 Safari/537.36
      ┣ Accept-Encoding：           gzip, deflate, br, zstd
      ┣ Accept-Language：           zh-cn
      ┣ Authorization：             Bearer eyJhbGciOiJIUzI1NiIsInR5cCI6IkpXVCJ9.eyJVc2VySWQiOjEzMDAwMDAwMDAxMDEsIlRlbmFudElkIjoxMzAwMDAwMDAwMDAxLCJBY2NvdW50Ijoic3VwZXJhZG1pbiIsIlJlYWxOYW1lIjoi6LaF57qn566h55CG5ZGYIiwiQWNjb3VudFR5cGUiOjk5OSwiT3JnSWQiOjAsIk9yZ05hbWUiOm51bGwsIk9yZ1R5cGUiOm51bGwsImlhdCI6MTczNjc3MzYzMCwibmJmIjoxNzM2NzczNjMwLCJleHAiOjE3MzczNzg0MzAsImlzcyI6Imd1eGluLmxpbmsiLCJhdWQiOiJndXhpbi5saW5rIn0.7yghNabJaXKI2uA1Ntrw8zMcPGWCeTTjXE-UINFnf5o
      ┣ Cache-Control：             no-cache
      ┣ Origin：                    http://localhost:8888
      ┣ Pragma：                    no-cache
      ┣ Referer：                   http://localhost:8888/
      ┣ sec-ch-ua-platform：        "Windows"
      ┣ sec-ch-ua：                 "Google Chrome";v="131", "Chromium";v="131", "Not_A Brand";v="24"
      ┣ sec-ch-ua-mobile：          ?0
      ┣ DNT：                       1
      ┣ Sec-Fetch-Site：            same-site
      ┣ Sec-Fetch-Mode：            cors
      ┣ Sec-Fetch-Dest：            empty
      ┣ ━━━━━━━━━━━━━━━  参数列表 ━━━━━━━━━━━━━━━
      ┣ Content-Type：              
      ┣ 
      ┣ input (EnumInput)：         {"enumName":"AIModelOptionEnum"}
      ┣ ━━━━━━━━━━━━━━━  返回信息 ━━━━━━━━━━━━━━━
      ┣ HTTP响应状态码：            200
      ┣ 原始类型：                  System.Collections.Generic.List<Admin.NET.Core.EnumEntity>
      ┣ 最终类型：                  Admin.NET.Core.AdminResult<System.Object>
      ┣ 最终返回值：                {"code":200,"type":"success","message":"","result":[{"describe":"文本","name":"Text","value":0},{"describe":"数字","name":"Num","value":1},{"describe":"单选","name":"Radio","value":2},{"describe":"多选","name":"CheckBox","value":3},{"describe":"true，false","name":"Switch","value":4}],"extras":null,"time":"2025-01-13T22:04:26.0854666+08:00"}
      ┗━━━━━━━━━━━  Logging Monitor ━━━━━━━━━━━
info: 2025-01-13 22:04:26.2094221 +08:00 星期一 L System.Logging.LoggingMonitor[0] #33 '00-17b3d8c7d492de17f9aa8c4a7e91713a-55247fa8b4a6df15-00'
      [Furion.Pure.dll] async Task LoggingMonitorAttribute.MonitorAsync(MethodInfo actionMethod, IDictionary<string, object> parameterValues, FilterContext context, dynamic next)
      ┏━━━━━━━━━━━  Logging Monitor ━━━━━━━━━━━
      ┣ Admin.NET.Core.Service.SysNoticeService.GetUnReadList
      ┣ 
      ┣ 控制器名称：                     SysNoticeService
      ┣ 操作名称：                       GetUnReadList
      ┣ 显示名称：                       获取未读的通知公告
      ┣ 路由信息：                       [area]: ; [controller]: sysNotice; [action]: unReadList
      ┣ 请求方式：                       GET
      ┣ 请求地址：                       http://localhost:5005/api/sysNotice/unReadList
      ┣ 来源地址：                       http://localhost:8888/
      ┣ 请求端源：                       client
      ┣ 浏览器标识：                     Mozilla/5.0 (Windows NT 10.0; Win64; x64) AppleWebKit/537.36 (KHTML, like Gecko) Chrome/131.0.0.0 Safari/537.36
      ┣ 客户端区域语言：                 zh-cn
      ┣ 客户端 IP 地址：                 127.0.0.1
      ┣ 服务端 IP 地址：                 127.0.0.1
      ┣ 客户端连接 ID：                  00-17b3d8c7d492de17f9aa8c4a7e91713a-55247fa8b4a6df15-00
      ┣ 服务线程 ID：                    #28
      ┣ 执行耗时：                       53ms
      ┣ ━━━━━━━━━━━━━━━  Cookies ━━━━━━━━━━━━━━━
      ┣ 请求端：                         
      ┣ 响应端：                         
      ┣ ━━━━━━━━━━━━━━━  系统信息 ━━━━━━━━━━━━━━━
      ┣ 系统名称：                       Microsoft Windows 10.0.19045
      ┣ 系统架构：                       X64
      ┣ 基础框架：                       Furion.Pure v1.0.0.0
      ┣ .NET 架构：                      .NET 8.0.6
      ┣ ━━━━━━━━━━━━━━━  启动信息 ━━━━━━━━━━━━━━━
      ┣ 运行环境：                       Production
      ┣ 启动程序集：                     Admin.NET.Web.Entry
      ┣ 进程名称：                       Admin.NET.Web.Entry
      ┣ 托管程序：                       Kestrel
      ┣ ━━━━━━━━━━━━━━━  授权信息 ━━━━━━━━━━━━━━━
      ┣ JWT Token：                      Bearer eyJhbGciOiJIUzI1NiIsInR5cCI6IkpXVCJ9.eyJVc2VySWQiOjEzMDAwMDAwMDAxMDEsIlRlbmFudElkIjoxMzAwMDAwMDAwMDAxLCJBY2NvdW50Ijoic3VwZXJhZG1pbiIsIlJlYWxOYW1lIjoi6LaF57qn566h55CG5ZGYIiwiQWNjb3VudFR5cGUiOjk5OSwiT3JnSWQiOjAsIk9yZ05hbWUiOm51bGwsIk9yZ1R5cGUiOm51bGwsImlhdCI6MTczNjc3MzYzMCwibmJmIjoxNzM2NzczNjMwLCJleHAiOjE3MzczNzg0MzAsImlzcyI6Imd1eGluLmxpbmsiLCJhdWQiOiJndXhpbi5saW5rIn0.7yghNabJaXKI2uA1Ntrw8zMcPGWCeTTjXE-UINFnf5o
      ┣ 
      ┣ UserId (integer64)：             1300000000101
      ┣ TenantId (integer64)：           1300000000001
      ┣ Account (string)：               superadmin
      ┣ RealName (string)：              超级管理员
      ┣ AccountType (integer32)：        999
      ┣ OrgId (integer32)：              0
      ┣ OrgName (JSON_NULL)：            
      ┣ OrgType (JSON_NULL)：            
      ┣ iat (integer64)：                1736773630 (2025-01-13 21:07:10:0000(+08:00) 星期一 L)
      ┣ nbf (integer64)：                1736773630 (2025-01-13 21:07:10:0000(+08:00) 星期一 L)
      ┣ exp (integer64)：                1737378430 (2025-01-20 21:07:10:0000(+08:00) 星期一 L)
      ┣ iss (string)：                   guxin.link
      ┣ aud (string)：                   guxin.link
      ┣ ━━━━━━━━━━━━━━━  请求头信息 ━━━━━━━━━━━━━━━
      ┣ 
      ┣ Accept：                         application/json, text/plain, */*
      ┣ Connection：                     keep-alive
      ┣ Host：                           localhost:5005
      ┣ User-Agent：                     Mozilla/5.0 (Windows NT 10.0; Win64; x64) AppleWebKit/537.36 (KHTML, like Gecko) Chrome/131.0.0.0 Safari/537.36
      ┣ Accept-Encoding：                gzip, deflate, br, zstd
      ┣ Accept-Language：                zh-cn
      ┣ Authorization：                  Bearer eyJhbGciOiJIUzI1NiIsInR5cCI6IkpXVCJ9.eyJVc2VySWQiOjEzMDAwMDAwMDAxMDEsIlRlbmFudElkIjoxMzAwMDAwMDAwMDAxLCJBY2NvdW50Ijoic3VwZXJhZG1pbiIsIlJlYWxOYW1lIjoi6LaF57qn566h55CG5ZGYIiwiQWNjb3VudFR5cGUiOjk5OSwiT3JnSWQiOjAsIk9yZ05hbWUiOm51bGwsIk9yZ1R5cGUiOm51bGwsImlhdCI6MTczNjc3MzYzMCwibmJmIjoxNzM2NzczNjMwLCJleHAiOjE3MzczNzg0MzAsImlzcyI6Imd1eGluLmxpbmsiLCJhdWQiOiJndXhpbi5saW5rIn0.7yghNabJaXKI2uA1Ntrw8zMcPGWCeTTjXE-UINFnf5o
      ┣ Cache-Control：                  no-cache
      ┣ Origin：                         http://localhost:8888
      ┣ Pragma：                         no-cache
      ┣ Referer：                        http://localhost:8888/
      ┣ sec-ch-ua-platform：             "Windows"
      ┣ sec-ch-ua：                      "Google Chrome";v="131", "Chromium";v="131", "Not_A Brand";v="24"
      ┣ sec-ch-ua-mobile：               ?0
      ┣ DNT：                            1
      ┣ Sec-Fetch-Site：                 same-site
      ┣ Sec-Fetch-Mode：                 cors
      ┣ Sec-Fetch-Dest：                 empty
      ┣ ━━━━━━━━━━━━━━━  返回信息 ━━━━━━━━━━━━━━━
      ┣ HTTP响应状态码：                 200
      ┣ 原始类型：                       System.Threading.Tasks.Task<System.Collections.Generic.List<Admin.NET.Core.SysNotice>>
      ┣ 最终类型：                       Admin.NET.Core.AdminResult<System.Object>
      ┣ 最终返回值：                     {"code":200,"type":"success","message":"","result":[],"extras":null,"time":"2025-01-13T22:04:26.2085179+08:00"}
      ┗━━━━━━━━━━━  Logging Monitor ━━━━━━━━━━━
info: 2025-01-13 22:05:53.8042107 +08:00 星期一 L System.Logging.LoggingMonitor[0] #48 '00-1f705ccd72e1d73c2204cc1ff27908c9-a1a8a9d3d03ffaa0-00'
      [Furion.Pure.dll] async Task LoggingMonitorAttribute.MonitorAsync(MethodInfo actionMethod, IDictionary<string, object> parameterValues, FilterContext context, dynamic next)
      ┏━━━━━━━━━━━  Logging Monitor ━━━━━━━━━━━
      ┣ Admin.NET.Core.Service.SysEnumService.GetEnumDataList
      ┣ 
      ┣ 控制器名称：                SysEnumService
      ┣ 操作名称：                  GetEnumDataList
      ┣ 显示名称：                  通过枚举类型获取枚举值集合
      ┣ 路由信息：                  [area]: ; [controller]: sysEnum; [action]: enumDataList
      ┣ 请求方式：                  GET
      ┣ 请求地址：                  http://localhost:5005/api/sysEnum/enumDataList?EnumName=AIModelOptionEnum
      ┣ 来源地址：                  http://localhost:8888/
      ┣ 请求端源：                  client
      ┣ 浏览器标识：                Mozilla/5.0 (Windows NT 10.0; Win64; x64) AppleWebKit/537.36 (KHTML, like Gecko) Chrome/131.0.0.0 Safari/537.36
      ┣ 客户端区域语言：            zh-cn
      ┣ 客户端 IP 地址：            127.0.0.1
      ┣ 服务端 IP 地址：            127.0.0.1
      ┣ 客户端连接 ID：             00-1f705ccd72e1d73c2204cc1ff27908c9-a1a8a9d3d03ffaa0-00
      ┣ 服务线程 ID：               #48
      ┣ 执行耗时：                  1ms
      ┣ ━━━━━━━━━━━━━━━  Cookies ━━━━━━━━━━━━━━━
      ┣ 请求端：                    
      ┣ 响应端：                    
      ┣ ━━━━━━━━━━━━━━━  系统信息 ━━━━━━━━━━━━━━━
      ┣ 系统名称：                  Microsoft Windows 10.0.19045
      ┣ 系统架构：                  X64
      ┣ 基础框架：                  Furion.Pure v1.0.0.0
      ┣ .NET 架构：                 .NET 8.0.6
      ┣ ━━━━━━━━━━━━━━━  启动信息 ━━━━━━━━━━━━━━━
      ┣ 运行环境：                  Production
      ┣ 启动程序集：                Admin.NET.Web.Entry
      ┣ 进程名称：                  Admin.NET.Web.Entry
      ┣ 托管程序：                  Kestrel
      ┣ ━━━━━━━━━━━━━━━  请求头信息 ━━━━━━━━━━━━━━━
      ┣ 
      ┣ Accept：                    application/json, text/plain, */*
      ┣ Connection：                keep-alive
      ┣ Host：                      localhost:5005
      ┣ User-Agent：                Mozilla/5.0 (Windows NT 10.0; Win64; x64) AppleWebKit/537.36 (KHTML, like Gecko) Chrome/131.0.0.0 Safari/537.36
      ┣ Accept-Encoding：           gzip, deflate, br, zstd
      ┣ Accept-Language：           zh-cn
      ┣ Authorization：             Bearer eyJhbGciOiJIUzI1NiIsInR5cCI6IkpXVCJ9.eyJVc2VySWQiOjEzMDAwMDAwMDAxMDEsIlRlbmFudElkIjoxMzAwMDAwMDAwMDAxLCJBY2NvdW50Ijoic3VwZXJhZG1pbiIsIlJlYWxOYW1lIjoi6LaF57qn566h55CG5ZGYIiwiQWNjb3VudFR5cGUiOjk5OSwiT3JnSWQiOjAsIk9yZ05hbWUiOm51bGwsIk9yZ1R5cGUiOm51bGwsImlhdCI6MTczNjc3MzYzMCwibmJmIjoxNzM2NzczNjMwLCJleHAiOjE3MzczNzg0MzAsImlzcyI6Imd1eGluLmxpbmsiLCJhdWQiOiJndXhpbi5saW5rIn0.7yghNabJaXKI2uA1Ntrw8zMcPGWCeTTjXE-UINFnf5o
      ┣ Cache-Control：             no-cache
      ┣ Origin：                    http://localhost:8888
      ┣ Pragma：                    no-cache
      ┣ Referer：                   http://localhost:8888/
      ┣ sec-ch-ua-platform：        "Windows"
      ┣ sec-ch-ua：                 "Google Chrome";v="131", "Chromium";v="131", "Not_A Brand";v="24"
      ┣ sec-ch-ua-mobile：          ?0
      ┣ DNT：                       1
      ┣ Sec-Fetch-Site：            same-site
      ┣ Sec-Fetch-Mode：            cors
      ┣ Sec-Fetch-Dest：            empty
      ┣ ━━━━━━━━━━━━━━━  参数列表 ━━━━━━━━━━━━━━━
      ┣ Content-Type：              
      ┣ 
      ┣ input (EnumInput)：         {"enumName":"AIModelOptionEnum"}
      ┣ ━━━━━━━━━━━━━━━  返回信息 ━━━━━━━━━━━━━━━
      ┣ HTTP响应状态码：            200
      ┣ 原始类型：                  System.Collections.Generic.List<Admin.NET.Core.EnumEntity>
      ┣ 最终类型：                  Admin.NET.Core.AdminResult<System.Object>
      ┣ 最终返回值：                {"code":200,"type":"success","message":"","result":[{"describe":"文本","name":"Text","value":0},{"describe":"数字","name":"Num","value":1},{"describe":"单选","name":"Radio","value":2},{"describe":"多选","name":"CheckBox","value":3},{"describe":"true，false","name":"Switch","value":4}],"extras":null,"time":"2025-01-13T22:05:53.8007989+08:00"}
      ┗━━━━━━━━━━━  Logging Monitor ━━━━━━━━━━━
info: 2025-01-13 22:05:53.9901578 +08:00 星期一 L System.Logging.LoggingMonitor[0] #40 '00-8745317b8d88722d71fa97894ff0fe76-77b6d6e0ff08498b-00'
      [Furion.Pure.dll] async Task LoggingMonitorAttribute.MonitorAsync(MethodInfo actionMethod, IDictionary<string, object> parameterValues, FilterContext context, dynamic next)
      ┏━━━━━━━━━━━  Logging Monitor ━━━━━━━━━━━
      ┣ Admin.NET.Application.ChatModelOptionsService.Page
      ┣ 
      ┣ 控制器名称：                           ChatModelOptionsService
      ┣ 操作名称：                             Page
      ┣ 显示名称：                             
      ┣ 路由信息：                             [area]: ; [controller]: chatModelOptions; [action]: page
      ┣ 请求方式：                             POST
      ┣ 请求地址：                             http://localhost:5005/api/chatModelOptions/page
      ┣ 来源地址：                             http://localhost:8888/
      ┣ 请求端源：                             client
      ┣ 浏览器标识：                           Mozilla/5.0 (Windows NT 10.0; Win64; x64) AppleWebKit/537.36 (KHTML, like Gecko) Chrome/131.0.0.0 Safari/537.36
      ┣ 客户端区域语言：                       zh-CN,zh;q=0.9
      ┣ 客户端 IP 地址：                       127.0.0.1
      ┣ 服务端 IP 地址：                       127.0.0.1
      ┣ 客户端连接 ID：                        00-8745317b8d88722d71fa97894ff0fe76-77b6d6e0ff08498b-00
      ┣ 服务线程 ID：                          #45
      ┣ 执行耗时：                             109ms
      ┣ ━━━━━━━━━━━━━━━  Cookies ━━━━━━━━━━━━━━━
      ┣ 请求端：                               
      ┣ 响应端：                               
      ┣ ━━━━━━━━━━━━━━━  系统信息 ━━━━━━━━━━━━━━━
      ┣ 系统名称：                             Microsoft Windows 10.0.19045
      ┣ 系统架构：                             X64
      ┣ 基础框架：                             Furion.Pure v1.0.0.0
      ┣ .NET 架构：                            .NET 8.0.6
      ┣ ━━━━━━━━━━━━━━━  启动信息 ━━━━━━━━━━━━━━━
      ┣ 运行环境：                             Production
      ┣ 启动程序集：                           Admin.NET.Web.Entry
      ┣ 进程名称：                             Admin.NET.Web.Entry
      ┣ 托管程序：                             Kestrel
      ┣ ━━━━━━━━━━━━━━━  授权信息 ━━━━━━━━━━━━━━━
      ┣ JWT Token：                            Bearer eyJhbGciOiJIUzI1NiIsInR5cCI6IkpXVCJ9.eyJVc2VySWQiOjEzMDAwMDAwMDAxMDEsIlRlbmFudElkIjoxMzAwMDAwMDAwMDAxLCJBY2NvdW50Ijoic3VwZXJhZG1pbiIsIlJlYWxOYW1lIjoi6LaF57qn566h55CG5ZGYIiwiQWNjb3VudFR5cGUiOjk5OSwiT3JnSWQiOjAsIk9yZ05hbWUiOm51bGwsIk9yZ1R5cGUiOm51bGwsImlhdCI6MTczNjc3MzYzMCwibmJmIjoxNzM2NzczNjMwLCJleHAiOjE3MzczNzg0MzAsImlzcyI6Imd1eGluLmxpbmsiLCJhdWQiOiJndXhpbi5saW5rIn0.7yghNabJaXKI2uA1Ntrw8zMcPGWCeTTjXE-UINFnf5o
      ┣ 
      ┣ UserId (integer64)：                   1300000000101
      ┣ TenantId (integer64)：                 1300000000001
      ┣ Account (string)：                     superadmin
      ┣ RealName (string)：                    超级管理员
      ┣ AccountType (integer32)：              999
      ┣ OrgId (integer32)：                    0
      ┣ OrgName (JSON_NULL)：                  
      ┣ OrgType (JSON_NULL)：                  
      ┣ iat (integer64)：                      1736773630 (2025-01-13 21:07:10:0000(+08:00) 星期一 L)
      ┣ nbf (integer64)：                      1736773630 (2025-01-13 21:07:10:0000(+08:00) 星期一 L)
      ┣ exp (integer64)：                      1737378430 (2025-01-20 21:07:10:0000(+08:00) 星期一 L)
      ┣ iss (string)：                         guxin.link
      ┣ aud (string)：                         guxin.link
      ┣ ━━━━━━━━━━━━━━━  请求头信息 ━━━━━━━━━━━━━━━
      ┣ 
      ┣ Accept：                               application/json, text/plain, */*
      ┣ Connection：                           keep-alive
      ┣ Host：                                 localhost:5005
      ┣ User-Agent：                           Mozilla/5.0 (Windows NT 10.0; Win64; x64) AppleWebKit/537.36 (KHTML, like Gecko) Chrome/131.0.0.0 Safari/537.36
      ┣ Accept-Encoding：                      gzip, deflate, br, zstd
      ┣ Accept-Language：                      zh-CN,zh;q=0.9
      ┣ Authorization：                        Bearer eyJhbGciOiJIUzI1NiIsInR5cCI6IkpXVCJ9.eyJVc2VySWQiOjEzMDAwMDAwMDAxMDEsIlRlbmFudElkIjoxMzAwMDAwMDAwMDAxLCJBY2NvdW50Ijoic3VwZXJhZG1pbiIsIlJlYWxOYW1lIjoi6LaF57qn566h55CG5ZGYIiwiQWNjb3VudFR5cGUiOjk5OSwiT3JnSWQiOjAsIk9yZ05hbWUiOm51bGwsIk9yZ1R5cGUiOm51bGwsImlhdCI6MTczNjc3MzYzMCwibmJmIjoxNzM2NzczNjMwLCJleHAiOjE3MzczNzg0MzAsImlzcyI6Imd1eGluLmxpbmsiLCJhdWQiOiJndXhpbi5saW5rIn0.7yghNabJaXKI2uA1Ntrw8zMcPGWCeTTjXE-UINFnf5o
      ┣ Cache-Control：                        no-cache
      ┣ Content-Type：                         application/json
      ┣ Origin：                               http://localhost:8888
      ┣ Pragma：                               no-cache
      ┣ Referer：                              http://localhost:8888/
      ┣ Content-Length：                       34
      ┣ sec-ch-ua-platform：                   "Windows"
      ┣ sec-ch-ua：                            "Google Chrome";v="131", "Chromium";v="131", "Not_A Brand";v="24"
      ┣ sec-ch-ua-mobile：                     ?0
      ┣ DNT：                                  1
      ┣ Sec-Fetch-Site：                       same-site
      ┣ Sec-Fetch-Mode：                       cors
      ┣ Sec-Fetch-Dest：                       empty
      ┣ ━━━━━━━━━━━━━━━  参数列表 ━━━━━━━━━━━━━━━
      ┣ Content-Type：                         application/json
      ┣ 
      ┣ input (ChatModelOptionsInput)：        {"searchKey":null,"modelId":null,"name":null,"optionType":null,"field":null,"page":1,"pageSize":10,"order":null,"descStr":"descending"}
      ┣ ━━━━━━━━━━━━━━━  返回信息 ━━━━━━━━━━━━━━━
      ┣ HTTP响应状态码：                       200
      ┣ 原始类型：                             System.Threading.Tasks.Task<Admin.NET.Core.SqlSugarPagedList<Admin.NET.Application.ChatModelOptionsOutput>>
      ┣ 最终类型：                             Admin.NET.Core.AdminResult<System.Object>
      ┣ 最终返回值：                           {"code":200,"type":"success","message":"","result":{"page":1,"pageSize":10,"total":0,"totalPages":0,"items":[],"hasPrevPage":false,"hasNextPage":false},"extras":null,"time":"2025-01-13T22:05:53.989272+08:00"}
      ┗━━━━━━━━━━━  Logging Monitor ━━━━━━━━━━━
info: 2025-01-13 22:05:53.9945962 +08:00 星期一 L System.Logging.LoggingMonitor[0] #23 '00-550ed8a0cea885a5032f7815738e19c8-c3649890161175d5-00'
      [Furion.Pure.dll] async Task LoggingMonitorAttribute.MonitorAsync(MethodInfo actionMethod, IDictionary<string, object> parameterValues, FilterContext context, dynamic next)
      ┏━━━━━━━━━━━  Logging Monitor ━━━━━━━━━━━
      ┣ Admin.NET.Application.ChatModelOptionsService.ModelDropdown
      ┣ 
      ┣ 控制器名称：                     ChatModelOptionsService
      ┣ 操作名称：                       ModelDropdown
      ┣ 显示名称：                       
      ┣ 路由信息：                       [area]: ; [controller]: chatModelOptions; [action]: modelDropdown
      ┣ 请求方式：                       GET
      ┣ 请求地址：                       http://localhost:5005/api/chatModelOptions/modelDropdown
      ┣ 来源地址：                       http://localhost:8888/
      ┣ 请求端源：                       client
      ┣ 浏览器标识：                     Mozilla/5.0 (Windows NT 10.0; Win64; x64) AppleWebKit/537.36 (KHTML, like Gecko) Chrome/131.0.0.0 Safari/537.36
      ┣ 客户端区域语言：                 zh-CN,zh;q=0.9
      ┣ 客户端 IP 地址：                 127.0.0.1
      ┣ 服务端 IP 地址：                 127.0.0.1
      ┣ 客户端连接 ID：                  00-550ed8a0cea885a5032f7815738e19c8-c3649890161175d5-00
      ┣ 服务线程 ID：                    #40
      ┣ 执行耗时：                       57ms
      ┣ ━━━━━━━━━━━━━━━  Cookies ━━━━━━━━━━━━━━━
      ┣ 请求端：                         
      ┣ 响应端：                         
      ┣ ━━━━━━━━━━━━━━━  系统信息 ━━━━━━━━━━━━━━━
      ┣ 系统名称：                       Microsoft Windows 10.0.19045
      ┣ 系统架构：                       X64
      ┣ 基础框架：                       Furion.Pure v1.0.0.0
      ┣ .NET 架构：                      .NET 8.0.6
      ┣ ━━━━━━━━━━━━━━━  启动信息 ━━━━━━━━━━━━━━━
      ┣ 运行环境：                       Production
      ┣ 启动程序集：                     Admin.NET.Web.Entry
      ┣ 进程名称：                       Admin.NET.Web.Entry
      ┣ 托管程序：                       Kestrel
      ┣ ━━━━━━━━━━━━━━━  授权信息 ━━━━━━━━━━━━━━━
      ┣ JWT Token：                      Bearer eyJhbGciOiJIUzI1NiIsInR5cCI6IkpXVCJ9.eyJVc2VySWQiOjEzMDAwMDAwMDAxMDEsIlRlbmFudElkIjoxMzAwMDAwMDAwMDAxLCJBY2NvdW50Ijoic3VwZXJhZG1pbiIsIlJlYWxOYW1lIjoi6LaF57qn566h55CG5ZGYIiwiQWNjb3VudFR5cGUiOjk5OSwiT3JnSWQiOjAsIk9yZ05hbWUiOm51bGwsIk9yZ1R5cGUiOm51bGwsImlhdCI6MTczNjc3MzYzMCwibmJmIjoxNzM2NzczNjMwLCJleHAiOjE3MzczNzg0MzAsImlzcyI6Imd1eGluLmxpbmsiLCJhdWQiOiJndXhpbi5saW5rIn0.7yghNabJaXKI2uA1Ntrw8zMcPGWCeTTjXE-UINFnf5o
      ┣ 
      ┣ UserId (integer64)：             1300000000101
      ┣ TenantId (integer64)：           1300000000001
      ┣ Account (string)：               superadmin
      ┣ RealName (string)：              超级管理员
      ┣ AccountType (integer32)：        999
      ┣ OrgId (integer32)：              0
      ┣ OrgName (JSON_NULL)：            
      ┣ OrgType (JSON_NULL)：            
      ┣ iat (integer64)：                1736773630 (2025-01-13 21:07:10:0000(+08:00) 星期一 L)
      ┣ nbf (integer64)：                1736773630 (2025-01-13 21:07:10:0000(+08:00) 星期一 L)
      ┣ exp (integer64)：                1737378430 (2025-01-20 21:07:10:0000(+08:00) 星期一 L)
      ┣ iss (string)：                   guxin.link
      ┣ aud (string)：                   guxin.link
      ┣ ━━━━━━━━━━━━━━━  请求头信息 ━━━━━━━━━━━━━━━
      ┣ 
      ┣ Accept：                         application/json, text/plain, */*
      ┣ Connection：                     keep-alive
      ┣ Host：                           localhost:5005
      ┣ User-Agent：                     Mozilla/5.0 (Windows NT 10.0; Win64; x64) AppleWebKit/537.36 (KHTML, like Gecko) Chrome/131.0.0.0 Safari/537.36
      ┣ Accept-Encoding：                gzip, deflate, br, zstd
      ┣ Accept-Language：                zh-CN,zh;q=0.9
      ┣ Authorization：                  Bearer eyJhbGciOiJIUzI1NiIsInR5cCI6IkpXVCJ9.eyJVc2VySWQiOjEzMDAwMDAwMDAxMDEsIlRlbmFudElkIjoxMzAwMDAwMDAwMDAxLCJBY2NvdW50Ijoic3VwZXJhZG1pbiIsIlJlYWxOYW1lIjoi6LaF57qn566h55CG5ZGYIiwiQWNjb3VudFR5cGUiOjk5OSwiT3JnSWQiOjAsIk9yZ05hbWUiOm51bGwsIk9yZ1R5cGUiOm51bGwsImlhdCI6MTczNjc3MzYzMCwibmJmIjoxNzM2NzczNjMwLCJleHAiOjE3MzczNzg0MzAsImlzcyI6Imd1eGluLmxpbmsiLCJhdWQiOiJndXhpbi5saW5rIn0.7yghNabJaXKI2uA1Ntrw8zMcPGWCeTTjXE-UINFnf5o
      ┣ Cache-Control：                  no-cache
      ┣ Origin：                         http://localhost:8888
      ┣ Pragma：                         no-cache
      ┣ Referer：                        http://localhost:8888/
      ┣ sec-ch-ua-platform：             "Windows"
      ┣ sec-ch-ua：                      "Google Chrome";v="131", "Chromium";v="131", "Not_A Brand";v="24"
      ┣ DNT：                            1
      ┣ sec-ch-ua-mobile：               ?0
      ┣ Sec-Fetch-Site：                 same-site
      ┣ Sec-Fetch-Mode：                 cors
      ┣ Sec-Fetch-Dest：                 empty
      ┣ ━━━━━━━━━━━━━━━  返回信息 ━━━━━━━━━━━━━━━
      ┣ HTTP响应状态码：                 200
      ┣ 原始类型：                       System.Threading.Tasks.Task<System.Object>
      ┣ 最终类型：                       Admin.NET.Core.AdminResult<System.Object>
      ┣ 最终返回值：                     {"code":200,"type":"success","message":"","result":[{"label":"通义千问 Max","value":"灵积:qwen-max","service":"灵积"},{"label":"GPT-3.5 16K","value":"3.5-turbo-16k","service":"openai"},{"label":"通义千问 7B","value":"灵积:qwen-7b-chat","service":"灵积"},{"label":"星火大模型V1.5","value":"讯飞星火:general","service":"讯飞星火"},{"label":"通义千问 Turbo","value":"灵积:qwen-turbo","service":"灵积"},{"label":"通义千问 Plus","value":"灵积:qwen-plus","service":"灵积"},{"label":"GPT-4","value":"gpt-4","service":"openai"},{"label":"腾讯混元大模型","value
      ┗━━━━━━━━━━━  Logging Monitor ━━━━━━━━━━━
info: 2025-01-13 22:05:54.0364692 +08:00 星期一 L System.Logging.LoggingMonitor[0] #45 '00-4ee1dad29e6c58078f1abb20859ffd94-d9667decb1a5a95f-00'
      [Furion.Pure.dll] async Task LoggingMonitorAttribute.MonitorAsync(MethodInfo actionMethod, IDictionary<string, object> parameterValues, FilterContext context, dynamic next)
      ┏━━━━━━━━━━━  Logging Monitor ━━━━━━━━━━━
      ┣ Admin.NET.Core.Service.SysEnumService.GetEnumDataList
      ┣ 
      ┣ 控制器名称：                SysEnumService
      ┣ 操作名称：                  GetEnumDataList
      ┣ 显示名称：                  通过枚举类型获取枚举值集合
      ┣ 路由信息：                  [area]: ; [controller]: sysEnum; [action]: enumDataList
      ┣ 请求方式：                  GET
      ┣ 请求地址：                  http://localhost:5005/api/sysEnum/enumDataList?EnumName=AIModelOptionEnum
      ┣ 来源地址：                  http://localhost:8888/
      ┣ 请求端源：                  client
      ┣ 浏览器标识：                Mozilla/5.0 (Windows NT 10.0; Win64; x64) AppleWebKit/537.36 (KHTML, like Gecko) Chrome/131.0.0.0 Safari/537.36
      ┣ 客户端区域语言：            zh-cn
      ┣ 客户端 IP 地址：            127.0.0.1
      ┣ 服务端 IP 地址：            127.0.0.1
      ┣ 客户端连接 ID：             00-4ee1dad29e6c58078f1abb20859ffd94-d9667decb1a5a95f-00
      ┣ 服务线程 ID：               #45
      ┣ 执行耗时：                  0ms
      ┣ ━━━━━━━━━━━━━━━  Cookies ━━━━━━━━━━━━━━━
      ┣ 请求端：                    
      ┣ 响应端：                    
      ┣ ━━━━━━━━━━━━━━━  系统信息 ━━━━━━━━━━━━━━━
      ┣ 系统名称：                  Microsoft Windows 10.0.19045
      ┣ 系统架构：                  X64
      ┣ 基础框架：                  Furion.Pure v1.0.0.0
      ┣ .NET 架构：                 .NET 8.0.6
      ┣ ━━━━━━━━━━━━━━━  启动信息 ━━━━━━━━━━━━━━━
      ┣ 运行环境：                  Production
      ┣ 启动程序集：                Admin.NET.Web.Entry
      ┣ 进程名称：                  Admin.NET.Web.Entry
      ┣ 托管程序：                  Kestrel
      ┣ ━━━━━━━━━━━━━━━  请求头信息 ━━━━━━━━━━━━━━━
      ┣ 
      ┣ Accept：                    application/json, text/plain, */*
      ┣ Connection：                keep-alive
      ┣ Host：                      localhost:5005
      ┣ User-Agent：                Mozilla/5.0 (Windows NT 10.0; Win64; x64) AppleWebKit/537.36 (KHTML, like Gecko) Chrome/131.0.0.0 Safari/537.36
      ┣ Accept-Encoding：           gzip, deflate, br, zstd
      ┣ Accept-Language：           zh-cn
      ┣ Authorization：             Bearer eyJhbGciOiJIUzI1NiIsInR5cCI6IkpXVCJ9.eyJVc2VySWQiOjEzMDAwMDAwMDAxMDEsIlRlbmFudElkIjoxMzAwMDAwMDAwMDAxLCJBY2NvdW50Ijoic3VwZXJhZG1pbiIsIlJlYWxOYW1lIjoi6LaF57qn566h55CG5ZGYIiwiQWNjb3VudFR5cGUiOjk5OSwiT3JnSWQiOjAsIk9yZ05hbWUiOm51bGwsIk9yZ1R5cGUiOm51bGwsImlhdCI6MTczNjc3MzYzMCwibmJmIjoxNzM2NzczNjMwLCJleHAiOjE3MzczNzg0MzAsImlzcyI6Imd1eGluLmxpbmsiLCJhdWQiOiJndXhpbi5saW5rIn0.7yghNabJaXKI2uA1Ntrw8zMcPGWCeTTjXE-UINFnf5o
      ┣ Cache-Control：             no-cache
      ┣ Origin：                    http://localhost:8888
      ┣ Pragma：                    no-cache
      ┣ Referer：                   http://localhost:8888/
      ┣ sec-ch-ua-platform：        "Windows"
      ┣ sec-ch-ua：                 "Google Chrome";v="131", "Chromium";v="131", "Not_A Brand";v="24"
      ┣ sec-ch-ua-mobile：          ?0
      ┣ DNT：                       1
      ┣ Sec-Fetch-Site：            same-site
      ┣ Sec-Fetch-Mode：            cors
      ┣ Sec-Fetch-Dest：            empty
      ┣ ━━━━━━━━━━━━━━━  参数列表 ━━━━━━━━━━━━━━━
      ┣ Content-Type：              
      ┣ 
      ┣ input (EnumInput)：         {"enumName":"AIModelOptionEnum"}
      ┣ ━━━━━━━━━━━━━━━  返回信息 ━━━━━━━━━━━━━━━
      ┣ HTTP响应状态码：            200
      ┣ 原始类型：                  System.Collections.Generic.List<Admin.NET.Core.EnumEntity>
      ┣ 最终类型：                  Admin.NET.Core.AdminResult<System.Object>
      ┣ 最终返回值：                {"code":200,"type":"success","message":"","result":[{"describe":"文本","name":"Text","value":0},{"describe":"数字","name":"Num","value":1},{"describe":"单选","name":"Radio","value":2},{"describe":"多选","name":"CheckBox","value":3},{"describe":"true，false","name":"Switch","value":4}],"extras":null,"time":"2025-01-13T22:05:54.0358108+08:00"}
      ┗━━━━━━━━━━━  Logging Monitor ━━━━━━━━━━━
info: 2025-01-13 22:05:58.5501769 +08:00 星期一 L System.Logging.LoggingMonitor[0] #23 '00-c020ad7b19bf60710ffb80f6f3d45dbd-ae8133d4d22c71f9-00'
      [Furion.Pure.dll] async Task LoggingMonitorAttribute.MonitorAsync(MethodInfo actionMethod, IDictionary<string, object> parameterValues, FilterContext context, dynamic next)
      ┏━━━━━━━━━━━  Logging Monitor ━━━━━━━━━━━
      ┣ Admin.NET.Core.Service.SysAuthService.GetUserInfo
      ┣ 
      ┣ 控制器名称：                     SysAuthService
      ┣ 操作名称：                       GetUserInfo
      ┣ 显示名称：                       获取登录账号
      ┣ 路由信息：                       [area]: ; [controller]: sysAuth; [action]: userInfo
      ┣ 请求方式：                       GET
      ┣ 请求地址：                       http://localhost:5005/api/sysAuth/userInfo
      ┣ 来源地址：                       http://localhost:8888/
      ┣ 请求端源：                       client
      ┣ 浏览器标识：                     Mozilla/5.0 (Windows NT 10.0; Win64; x64) AppleWebKit/537.36 (KHTML, like Gecko) Chrome/131.0.0.0 Safari/537.36
      ┣ 客户端区域语言：                 zh-cn
      ┣ 客户端 IP 地址：                 127.0.0.1
      ┣ 服务端 IP 地址：                 127.0.0.1
      ┣ 客户端连接 ID：                  00-c020ad7b19bf60710ffb80f6f3d45dbd-ae8133d4d22c71f9-00
      ┣ 服务线程 ID：                    #25
      ┣ 执行耗时：                       203ms
      ┣ ━━━━━━━━━━━━━━━  Cookies ━━━━━━━━━━━━━━━
      ┣ 请求端：                         
      ┣ 响应端：                         
      ┣ ━━━━━━━━━━━━━━━  系统信息 ━━━━━━━━━━━━━━━
      ┣ 系统名称：                       Microsoft Windows 10.0.19045
      ┣ 系统架构：                       X64
      ┣ 基础框架：                       Furion.Pure v1.0.0.0
      ┣ .NET 架构：                      .NET 8.0.6
      ┣ ━━━━━━━━━━━━━━━  启动信息 ━━━━━━━━━━━━━━━
      ┣ 运行环境：                       Production
      ┣ 启动程序集：                     Admin.NET.Web.Entry
      ┣ 进程名称：                       Admin.NET.Web.Entry
      ┣ 托管程序：                       Kestrel
      ┣ ━━━━━━━━━━━━━━━  授权信息 ━━━━━━━━━━━━━━━
      ┣ JWT Token：                      Bearer eyJhbGciOiJIUzI1NiIsInR5cCI6IkpXVCJ9.eyJVc2VySWQiOjEzMDAwMDAwMDAxMDEsIlRlbmFudElkIjoxMzAwMDAwMDAwMDAxLCJBY2NvdW50Ijoic3VwZXJhZG1pbiIsIlJlYWxOYW1lIjoi6LaF57qn566h55CG5ZGYIiwiQWNjb3VudFR5cGUiOjk5OSwiT3JnSWQiOjAsIk9yZ05hbWUiOm51bGwsIk9yZ1R5cGUiOm51bGwsImlhdCI6MTczNjc3MzYzMCwibmJmIjoxNzM2NzczNjMwLCJleHAiOjE3MzczNzg0MzAsImlzcyI6Imd1eGluLmxpbmsiLCJhdWQiOiJndXhpbi5saW5rIn0.7yghNabJaXKI2uA1Ntrw8zMcPGWCeTTjXE-UINFnf5o
      ┣ 
      ┣ UserId (integer64)：             1300000000101
      ┣ TenantId (integer64)：           1300000000001
      ┣ Account (string)：               superadmin
      ┣ RealName (string)：              超级管理员
      ┣ AccountType (integer32)：        999
      ┣ OrgId (integer32)：              0
      ┣ OrgName (JSON_NULL)：            
      ┣ OrgType (JSON_NULL)：            
      ┣ iat (integer64)：                1736773630 (2025-01-13 21:07:10:0000(+08:00) 星期一 L)
      ┣ nbf (integer64)：                1736773630 (2025-01-13 21:07:10:0000(+08:00) 星期一 L)
      ┣ exp (integer64)：                1737378430 (2025-01-20 21:07:10:0000(+08:00) 星期一 L)
      ┣ iss (string)：                   guxin.link
      ┣ aud (string)：                   guxin.link
      ┣ ━━━━━━━━━━━━━━━  请求头信息 ━━━━━━━━━━━━━━━
      ┣ 
      ┣ Accept：                         application/json, text/plain, */*
      ┣ Connection：                     keep-alive
      ┣ Host：                           localhost:5005
      ┣ User-Agent：                     Mozilla/5.0 (Windows NT 10.0; Win64; x64) AppleWebKit/537.36 (KHTML, like Gecko) Chrome/131.0.0.0 Safari/537.36
      ┣ Accept-Encoding：                gzip, deflate, br, zstd
      ┣ Accept-Language：                zh-cn
      ┣ Authorization：                  Bearer eyJhbGciOiJIUzI1NiIsInR5cCI6IkpXVCJ9.eyJVc2VySWQiOjEzMDAwMDAwMDAxMDEsIlRlbmFudElkIjoxMzAwMDAwMDAwMDAxLCJBY2NvdW50Ijoic3VwZXJhZG1pbiIsIlJlYWxOYW1lIjoi6LaF57qn566h55CG5ZGYIiwiQWNjb3VudFR5cGUiOjk5OSwiT3JnSWQiOjAsIk9yZ05hbWUiOm51bGwsIk9yZ1R5cGUiOm51bGwsImlhdCI6MTczNjc3MzYzMCwibmJmIjoxNzM2NzczNjMwLCJleHAiOjE3MzczNzg0MzAsImlzcyI6Imd1eGluLmxpbmsiLCJhdWQiOiJndXhpbi5saW5rIn0.7yghNabJaXKI2uA1Ntrw8zMcPGWCeTTjXE-UINFnf5o
      ┣ Cache-Control：                  no-cache
      ┣ Origin：                         http://localhost:8888
      ┣ Pragma：                         no-cache
      ┣ Referer：                        http://localhost:8888/
      ┣ sec-ch-ua-platform：             "Windows"
      ┣ sec-ch-ua：                      "Google Chrome";v="131", "Chromium";v="131", "Not_A Brand";v="24"
      ┣ sec-ch-ua-mobile：               ?0
      ┣ DNT：                            1
      ┣ Sec-Fetch-Site：                 same-site
      ┣ Sec-Fetch-Mode：                 cors
      ┣ Sec-Fetch-Dest：                 empty
      ┣ ━━━━━━━━━━━━━━━  返回信息 ━━━━━━━━━━━━━━━
      ┣ HTTP响应状态码：                 200
      ┣ 原始类型：                       System.Threading.Tasks.Task<Admin.NET.Core.Service.LoginUserOutput>
      ┣ 最终类型：                       Admin.NET.Core.AdminResult<System.Object>
      ┣ 最终返回值：                     {"code":200,"type":"success","message":"","result":{"id":"1300000000101","account":"superadmin","realName":"超级管理员","accountType":999,"avatar":null,"introduction":null,"address":null,"signature":null,"orgId":"0","orgName":null,"orgType":null,"posName":null,"buttons":["sysUser:page","sysUser:update","sysUser:add","sysUser:delete","sysUser:detail","sysUser:grantRole","sysUser:resetPwd","sysUser:setStatus","sysOnlineUser:forceOffline","sysRole:page","sysRole:update","sysRole:add","sysRole:delete","s
      ┗━━━━━━━━━━━  Logging Monitor ━━━━━━━━━━━
info: 2025-01-13 22:05:58.8679438 +08:00 星期一 L System.Logging.LoggingMonitor[0] #25 '00-7fd4243debb176abfc0e84835d6785a8-042b3c52ad3acab2-00'
      [Furion.Pure.dll] async Task LoggingMonitorAttribute.MonitorAsync(MethodInfo actionMethod, IDictionary<string, object> parameterValues, FilterContext context, dynamic next)
      ┏━━━━━━━━━━━  Logging Monitor ━━━━━━━━━━━
      ┣ Admin.NET.Core.Service.SysMenuService.GetLoginMenuTree
      ┣ 
      ┣ 控制器名称：                     SysMenuService
      ┣ 操作名称：                       GetLoginMenuTree
      ┣ 显示名称：                       获取登录菜单树
      ┣ 路由信息：                       [area]: ; [controller]: sysMenu; [action]: loginMenuTree
      ┣ 请求方式：                       GET
      ┣ 请求地址：                       http://localhost:5005/api/sysMenu/loginMenuTree
      ┣ 来源地址：                       http://localhost:8888/
      ┣ 请求端源：                       client
      ┣ 浏览器标识：                     Mozilla/5.0 (Windows NT 10.0; Win64; x64) AppleWebKit/537.36 (KHTML, like Gecko) Chrome/131.0.0.0 Safari/537.36
      ┣ 客户端区域语言：                 zh-cn
      ┣ 客户端 IP 地址：                 127.0.0.1
      ┣ 服务端 IP 地址：                 127.0.0.1
      ┣ 客户端连接 ID：                  00-7fd4243debb176abfc0e84835d6785a8-042b3c52ad3acab2-00
      ┣ 服务线程 ID：                    #25
      ┣ 执行耗时：                       58ms
      ┣ ━━━━━━━━━━━━━━━  Cookies ━━━━━━━━━━━━━━━
      ┣ 请求端：                         
      ┣ 响应端：                         
      ┣ ━━━━━━━━━━━━━━━  系统信息 ━━━━━━━━━━━━━━━
      ┣ 系统名称：                       Microsoft Windows 10.0.19045
      ┣ 系统架构：                       X64
      ┣ 基础框架：                       Furion.Pure v1.0.0.0
      ┣ .NET 架构：                      .NET 8.0.6
      ┣ ━━━━━━━━━━━━━━━  启动信息 ━━━━━━━━━━━━━━━
      ┣ 运行环境：                       Production
      ┣ 启动程序集：                     Admin.NET.Web.Entry
      ┣ 进程名称：                       Admin.NET.Web.Entry
      ┣ 托管程序：                       Kestrel
      ┣ ━━━━━━━━━━━━━━━  授权信息 ━━━━━━━━━━━━━━━
      ┣ JWT Token：                      Bearer eyJhbGciOiJIUzI1NiIsInR5cCI6IkpXVCJ9.eyJVc2VySWQiOjEzMDAwMDAwMDAxMDEsIlRlbmFudElkIjoxMzAwMDAwMDAwMDAxLCJBY2NvdW50Ijoic3VwZXJhZG1pbiIsIlJlYWxOYW1lIjoi6LaF57qn566h55CG5ZGYIiwiQWNjb3VudFR5cGUiOjk5OSwiT3JnSWQiOjAsIk9yZ05hbWUiOm51bGwsIk9yZ1R5cGUiOm51bGwsImlhdCI6MTczNjc3MzYzMCwibmJmIjoxNzM2NzczNjMwLCJleHAiOjE3MzczNzg0MzAsImlzcyI6Imd1eGluLmxpbmsiLCJhdWQiOiJndXhpbi5saW5rIn0.7yghNabJaXKI2uA1Ntrw8zMcPGWCeTTjXE-UINFnf5o
      ┣ 
      ┣ UserId (integer64)：             1300000000101
      ┣ TenantId (integer64)：           1300000000001
      ┣ Account (string)：               superadmin
      ┣ RealName (string)：              超级管理员
      ┣ AccountType (integer32)：        999
      ┣ OrgId (integer32)：              0
      ┣ OrgName (JSON_NULL)：            
      ┣ OrgType (JSON_NULL)：            
      ┣ iat (integer64)：                1736773630 (2025-01-13 21:07:10:0000(+08:00) 星期一 L)
      ┣ nbf (integer64)：                1736773630 (2025-01-13 21:07:10:0000(+08:00) 星期一 L)
      ┣ exp (integer64)：                1737378430 (2025-01-20 21:07:10:0000(+08:00) 星期一 L)
      ┣ iss (string)：                   guxin.link
      ┣ aud (string)：                   guxin.link
      ┣ ━━━━━━━━━━━━━━━  请求头信息 ━━━━━━━━━━━━━━━
      ┣ 
      ┣ Accept：                         application/json, text/plain, */*
      ┣ Connection：                     keep-alive
      ┣ Host：                           localhost:5005
      ┣ User-Agent：                     Mozilla/5.0 (Windows NT 10.0; Win64; x64) AppleWebKit/537.36 (KHTML, like Gecko) Chrome/131.0.0.0 Safari/537.36
      ┣ Accept-Encoding：                gzip, deflate, br, zstd
      ┣ Accept-Language：                zh-cn
      ┣ Authorization：                  Bearer eyJhbGciOiJIUzI1NiIsInR5cCI6IkpXVCJ9.eyJVc2VySWQiOjEzMDAwMDAwMDAxMDEsIlRlbmFudElkIjoxMzAwMDAwMDAwMDAxLCJBY2NvdW50Ijoic3VwZXJhZG1pbiIsIlJlYWxOYW1lIjoi6LaF57qn566h55CG5ZGYIiwiQWNjb3VudFR5cGUiOjk5OSwiT3JnSWQiOjAsIk9yZ05hbWUiOm51bGwsIk9yZ1R5cGUiOm51bGwsImlhdCI6MTczNjc3MzYzMCwibmJmIjoxNzM2NzczNjMwLCJleHAiOjE3MzczNzg0MzAsImlzcyI6Imd1eGluLmxpbmsiLCJhdWQiOiJndXhpbi5saW5rIn0.7yghNabJaXKI2uA1Ntrw8zMcPGWCeTTjXE-UINFnf5o
      ┣ Cache-Control：                  no-cache
      ┣ Origin：                         http://localhost:8888
      ┣ Pragma：                         no-cache
      ┣ Referer：                        http://localhost:8888/
      ┣ sec-ch-ua-platform：             "Windows"
      ┣ sec-ch-ua：                      "Google Chrome";v="131", "Chromium";v="131", "Not_A Brand";v="24"
      ┣ sec-ch-ua-mobile：               ?0
      ┣ DNT：                            1
      ┣ Sec-Fetch-Site：                 same-site
      ┣ Sec-Fetch-Mode：                 cors
      ┣ Sec-Fetch-Dest：                 empty
      ┣ ━━━━━━━━━━━━━━━  返回信息 ━━━━━━━━━━━━━━━
      ┣ HTTP响应状态码：                 200
      ┣ 原始类型：                       System.Threading.Tasks.Task<System.Collections.Generic.List<Admin.NET.Core.Service.MenuOutput>>
      ┣ 最终类型：                       Admin.NET.Core.AdminResult<System.Object>
      ┣ 最终返回值：                     {"code":200,"type":"success","message":"","result":[{"id":"1300000000101","pid":"0","type":1,"name":"dashboard","path":"/dashboard","component":"Layout","permission":null,"redirect":null,"orderNo":0,"status":1,"remark":null,"createTime":"2023-12-25T01:49:24","updateTime":"2024-09-17T00:41:21","createUserName":null,"updateUserName":null,"meta":{"title":"工作台","icon":"ele-HomeFilled","isIframe":false,"isLink":null,"isHide":false,"isKeepAlive":true,"isAffix":false},"children":[{"id":"1300000000111",
      ┗━━━━━━━━━━━  Logging Monitor ━━━━━━━━━━━
info: 2025-01-13 22:05:59.0844002 +08:00 星期一 L System.Logging.LoggingMonitor[0] #45 '00-056a411ada646851d581565256a913ea-18183685e0380cbd-00'
      [Furion.Pure.dll] async Task LoggingMonitorAttribute.MonitorAsync(MethodInfo actionMethod, IDictionary<string, object> parameterValues, FilterContext context, dynamic next)
      ┏━━━━━━━━━━━  Logging Monitor ━━━━━━━━━━━
      ┣ Admin.NET.Core.Service.SysEnumService.GetEnumDataList
      ┣ 
      ┣ 控制器名称：                SysEnumService
      ┣ 操作名称：                  GetEnumDataList
      ┣ 显示名称：                  通过枚举类型获取枚举值集合
      ┣ 路由信息：                  [area]: ; [controller]: sysEnum; [action]: enumDataList
      ┣ 请求方式：                  GET
      ┣ 请求地址：                  http://localhost:5005/api/sysEnum/enumDataList?EnumName=AIModelOptionEnum
      ┣ 来源地址：                  http://localhost:8888/
      ┣ 请求端源：                  client
      ┣ 浏览器标识：                Mozilla/5.0 (Windows NT 10.0; Win64; x64) AppleWebKit/537.36 (KHTML, like Gecko) Chrome/131.0.0.0 Safari/537.36
      ┣ 客户端区域语言：            zh-cn
      ┣ 客户端 IP 地址：            127.0.0.1
      ┣ 服务端 IP 地址：            127.0.0.1
      ┣ 客户端连接 ID：             00-056a411ada646851d581565256a913ea-18183685e0380cbd-00
      ┣ 服务线程 ID：               #45
      ┣ 执行耗时：                  0ms
      ┣ ━━━━━━━━━━━━━━━  Cookies ━━━━━━━━━━━━━━━
      ┣ 请求端：                    
      ┣ 响应端：                    
      ┣ ━━━━━━━━━━━━━━━  系统信息 ━━━━━━━━━━━━━━━
      ┣ 系统名称：                  Microsoft Windows 10.0.19045
      ┣ 系统架构：                  X64
      ┣ 基础框架：                  Furion.Pure v1.0.0.0
      ┣ .NET 架构：                 .NET 8.0.6
      ┣ ━━━━━━━━━━━━━━━  启动信息 ━━━━━━━━━━━━━━━
      ┣ 运行环境：                  Production
      ┣ 启动程序集：                Admin.NET.Web.Entry
      ┣ 进程名称：                  Admin.NET.Web.Entry
      ┣ 托管程序：                  Kestrel
      ┣ ━━━━━━━━━━━━━━━  请求头信息 ━━━━━━━━━━━━━━━
      ┣ 
      ┣ Accept：                    application/json, text/plain, */*
      ┣ Connection：                keep-alive
      ┣ Host：                      localhost:5005
      ┣ User-Agent：                Mozilla/5.0 (Windows NT 10.0; Win64; x64) AppleWebKit/537.36 (KHTML, like Gecko) Chrome/131.0.0.0 Safari/537.36
      ┣ Accept-Encoding：           gzip, deflate, br, zstd
      ┣ Accept-Language：           zh-cn
      ┣ Authorization：             Bearer eyJhbGciOiJIUzI1NiIsInR5cCI6IkpXVCJ9.eyJVc2VySWQiOjEzMDAwMDAwMDAxMDEsIlRlbmFudElkIjoxMzAwMDAwMDAwMDAxLCJBY2NvdW50Ijoic3VwZXJhZG1pbiIsIlJlYWxOYW1lIjoi6LaF57qn566h55CG5ZGYIiwiQWNjb3VudFR5cGUiOjk5OSwiT3JnSWQiOjAsIk9yZ05hbWUiOm51bGwsIk9yZ1R5cGUiOm51bGwsImlhdCI6MTczNjc3MzYzMCwibmJmIjoxNzM2NzczNjMwLCJleHAiOjE3MzczNzg0MzAsImlzcyI6Imd1eGluLmxpbmsiLCJhdWQiOiJndXhpbi5saW5rIn0.7yghNabJaXKI2uA1Ntrw8zMcPGWCeTTjXE-UINFnf5o
      ┣ Cache-Control：             no-cache
      ┣ Origin：                    http://localhost:8888
      ┣ Pragma：                    no-cache
      ┣ Referer：                   http://localhost:8888/
      ┣ sec-ch-ua-platform：        "Windows"
      ┣ sec-ch-ua：                 "Google Chrome";v="131", "Chromium";v="131", "Not_A Brand";v="24"
      ┣ sec-ch-ua-mobile：          ?0
      ┣ DNT：                       1
      ┣ Sec-Fetch-Site：            same-site
      ┣ Sec-Fetch-Mode：            cors
      ┣ Sec-Fetch-Dest：            empty
      ┣ ━━━━━━━━━━━━━━━  参数列表 ━━━━━━━━━━━━━━━
      ┣ Content-Type：              
      ┣ 
      ┣ input (EnumInput)：         {"enumName":"AIModelOptionEnum"}
      ┣ ━━━━━━━━━━━━━━━  返回信息 ━━━━━━━━━━━━━━━
      ┣ HTTP响应状态码：            200
      ┣ 原始类型：                  System.Collections.Generic.List<Admin.NET.Core.EnumEntity>
      ┣ 最终类型：                  Admin.NET.Core.AdminResult<System.Object>
      ┣ 最终返回值：                {"code":200,"type":"success","message":"","result":[{"describe":"文本","name":"Text","value":0},{"describe":"数字","name":"Num","value":1},{"describe":"单选","name":"Radio","value":2},{"describe":"多选","name":"CheckBox","value":3},{"describe":"true，false","name":"Switch","value":4}],"extras":null,"time":"2025-01-13T22:05:59.0837187+08:00"}
      ┗━━━━━━━━━━━  Logging Monitor ━━━━━━━━━━━
info: 2025-01-13 22:05:59.2595089 +08:00 星期一 L System.Logging.LoggingMonitor[0] #23 '00-2c1f8ca8708c42d90f7316a7fb0276aa-30da1a47f658b8e0-00'
      [Furion.Pure.dll] async Task LoggingMonitorAttribute.MonitorAsync(MethodInfo actionMethod, IDictionary<string, object> parameterValues, FilterContext context, dynamic next)
      ┏━━━━━━━━━━━  Logging Monitor ━━━━━━━━━━━
      ┣ Admin.NET.Application.ChatModelOptionsService.ModelDropdown
      ┣ 
      ┣ 控制器名称：                     ChatModelOptionsService
      ┣ 操作名称：                       ModelDropdown
      ┣ 显示名称：                       
      ┣ 路由信息：                       [area]: ; [controller]: chatModelOptions; [action]: modelDropdown
      ┣ 请求方式：                       GET
      ┣ 请求地址：                       http://localhost:5005/api/chatModelOptions/modelDropdown
      ┣ 来源地址：                       http://localhost:8888/
      ┣ 请求端源：                       client
      ┣ 浏览器标识：                     Mozilla/5.0 (Windows NT 10.0; Win64; x64) AppleWebKit/537.36 (KHTML, like Gecko) Chrome/131.0.0.0 Safari/537.36
      ┣ 客户端区域语言：                 zh-CN,zh;q=0.9
      ┣ 客户端 IP 地址：                 127.0.0.1
      ┣ 服务端 IP 地址：                 127.0.0.1
      ┣ 客户端连接 ID：                  00-2c1f8ca8708c42d90f7316a7fb0276aa-30da1a47f658b8e0-00
      ┣ 服务线程 ID：                    #23
      ┣ 执行耗时：                       53ms
      ┣ ━━━━━━━━━━━━━━━  Cookies ━━━━━━━━━━━━━━━
      ┣ 请求端：                         
      ┣ 响应端：                         
      ┣ ━━━━━━━━━━━━━━━  系统信息 ━━━━━━━━━━━━━━━
      ┣ 系统名称：                       Microsoft Windows 10.0.19045
      ┣ 系统架构：                       X64
      ┣ 基础框架：                       Furion.Pure v1.0.0.0
      ┣ .NET 架构：                      .NET 8.0.6
      ┣ ━━━━━━━━━━━━━━━  启动信息 ━━━━━━━━━━━━━━━
      ┣ 运行环境：                       Production
      ┣ 启动程序集：                     Admin.NET.Web.Entry
      ┣ 进程名称：                       Admin.NET.Web.Entry
      ┣ 托管程序：                       Kestrel
      ┣ ━━━━━━━━━━━━━━━  授权信息 ━━━━━━━━━━━━━━━
      ┣ JWT Token：                      Bearer eyJhbGciOiJIUzI1NiIsInR5cCI6IkpXVCJ9.eyJVc2VySWQiOjEzMDAwMDAwMDAxMDEsIlRlbmFudElkIjoxMzAwMDAwMDAwMDAxLCJBY2NvdW50Ijoic3VwZXJhZG1pbiIsIlJlYWxOYW1lIjoi6LaF57qn566h55CG5ZGYIiwiQWNjb3VudFR5cGUiOjk5OSwiT3JnSWQiOjAsIk9yZ05hbWUiOm51bGwsIk9yZ1R5cGUiOm51bGwsImlhdCI6MTczNjc3MzYzMCwibmJmIjoxNzM2NzczNjMwLCJleHAiOjE3MzczNzg0MzAsImlzcyI6Imd1eGluLmxpbmsiLCJhdWQiOiJndXhpbi5saW5rIn0.7yghNabJaXKI2uA1Ntrw8zMcPGWCeTTjXE-UINFnf5o
      ┣ 
      ┣ UserId (integer64)：             1300000000101
      ┣ TenantId (integer64)：           1300000000001
      ┣ Account (string)：               superadmin
      ┣ RealName (string)：              超级管理员
      ┣ AccountType (integer32)：        999
      ┣ OrgId (integer32)：              0
      ┣ OrgName (JSON_NULL)：            
      ┣ OrgType (JSON_NULL)：            
      ┣ iat (integer64)：                1736773630 (2025-01-13 21:07:10:0000(+08:00) 星期一 L)
      ┣ nbf (integer64)：                1736773630 (2025-01-13 21:07:10:0000(+08:00) 星期一 L)
      ┣ exp (integer64)：                1737378430 (2025-01-20 21:07:10:0000(+08:00) 星期一 L)
      ┣ iss (string)：                   guxin.link
      ┣ aud (string)：                   guxin.link
      ┣ ━━━━━━━━━━━━━━━  请求头信息 ━━━━━━━━━━━━━━━
      ┣ 
      ┣ Accept：                         application/json, text/plain, */*
      ┣ Connection：                     keep-alive
      ┣ Host：                           localhost:5005
      ┣ User-Agent：                     Mozilla/5.0 (Windows NT 10.0; Win64; x64) AppleWebKit/537.36 (KHTML, like Gecko) Chrome/131.0.0.0 Safari/537.36
      ┣ Accept-Encoding：                gzip, deflate, br, zstd
      ┣ Accept-Language：                zh-CN,zh;q=0.9
      ┣ Authorization：                  Bearer eyJhbGciOiJIUzI1NiIsInR5cCI6IkpXVCJ9.eyJVc2VySWQiOjEzMDAwMDAwMDAxMDEsIlRlbmFudElkIjoxMzAwMDAwMDAwMDAxLCJBY2NvdW50Ijoic3VwZXJhZG1pbiIsIlJlYWxOYW1lIjoi6LaF57qn566h55CG5ZGYIiwiQWNjb3VudFR5cGUiOjk5OSwiT3JnSWQiOjAsIk9yZ05hbWUiOm51bGwsIk9yZ1R5cGUiOm51bGwsImlhdCI6MTczNjc3MzYzMCwibmJmIjoxNzM2NzczNjMwLCJleHAiOjE3MzczNzg0MzAsImlzcyI6Imd1eGluLmxpbmsiLCJhdWQiOiJndXhpbi5saW5rIn0.7yghNabJaXKI2uA1Ntrw8zMcPGWCeTTjXE-UINFnf5o
      ┣ Cache-Control：                  no-cache
      ┣ Origin：                         http://localhost:8888
      ┣ Pragma：                         no-cache
      ┣ Referer：                        http://localhost:8888/
      ┣ sec-ch-ua-platform：             "Windows"
      ┣ sec-ch-ua：                      "Google Chrome";v="131", "Chromium";v="131", "Not_A Brand";v="24"
      ┣ DNT：                            1
      ┣ sec-ch-ua-mobile：               ?0
      ┣ Sec-Fetch-Site：                 same-site
      ┣ Sec-Fetch-Mode：                 cors
      ┣ Sec-Fetch-Dest：                 empty
      ┣ ━━━━━━━━━━━━━━━  返回信息 ━━━━━━━━━━━━━━━
      ┣ HTTP响应状态码：                 200
      ┣ 原始类型：                       System.Threading.Tasks.Task<System.Object>
      ┣ 最终类型：                       Admin.NET.Core.AdminResult<System.Object>
      ┣ 最终返回值：                     {"code":200,"type":"success","message":"","result":[{"label":"通义千问 Max","value":"灵积:qwen-max","service":"灵积"},{"label":"GPT-3.5 16K","value":"3.5-turbo-16k","service":"openai"},{"label":"通义千问 7B","value":"灵积:qwen-7b-chat","service":"灵积"},{"label":"星火大模型V1.5","value":"讯飞星火:general","service":"讯飞星火"},{"label":"通义千问 Turbo","value":"灵积:qwen-turbo","service":"灵积"},{"label":"通义千问 Plus","value":"灵积:qwen-plus","service":"灵积"},{"label":"GPT-4","value":"gpt-4","service":"openai"},{"label":"腾讯混元大模型","value
      ┗━━━━━━━━━━━  Logging Monitor ━━━━━━━━━━━
info: 2025-01-13 22:05:59.2732434 +08:00 星期一 L System.Logging.LoggingMonitor[0] #48 '00-5e90462908f317925c285526b19b2006-ceaea9ecc2c0e0cf-00'
      [Furion.Pure.dll] async Task LoggingMonitorAttribute.MonitorAsync(MethodInfo actionMethod, IDictionary<string, object> parameterValues, FilterContext context, dynamic next)
      ┏━━━━━━━━━━━  Logging Monitor ━━━━━━━━━━━
      ┣ Admin.NET.Application.ChatModelOptionsService.Page
      ┣ 
      ┣ 控制器名称：                           ChatModelOptionsService
      ┣ 操作名称：                             Page
      ┣ 显示名称：                             
      ┣ 路由信息：                             [area]: ; [controller]: chatModelOptions; [action]: page
      ┣ 请求方式：                             POST
      ┣ 请求地址：                             http://localhost:5005/api/chatModelOptions/page
      ┣ 来源地址：                             http://localhost:8888/
      ┣ 请求端源：                             client
      ┣ 浏览器标识：                           Mozilla/5.0 (Windows NT 10.0; Win64; x64) AppleWebKit/537.36 (KHTML, like Gecko) Chrome/131.0.0.0 Safari/537.36
      ┣ 客户端区域语言：                       zh-CN,zh;q=0.9
      ┣ 客户端 IP 地址：                       127.0.0.1
      ┣ 服务端 IP 地址：                       127.0.0.1
      ┣ 客户端连接 ID：                        00-5e90462908f317925c285526b19b2006-ceaea9ecc2c0e0cf-00
      ┣ 服务线程 ID：                          #25
      ┣ 执行耗时：                             105ms
      ┣ ━━━━━━━━━━━━━━━  Cookies ━━━━━━━━━━━━━━━
      ┣ 请求端：                               
      ┣ 响应端：                               
      ┣ ━━━━━━━━━━━━━━━  系统信息 ━━━━━━━━━━━━━━━
      ┣ 系统名称：                             Microsoft Windows 10.0.19045
      ┣ 系统架构：                             X64
      ┣ 基础框架：                             Furion.Pure v1.0.0.0
      ┣ .NET 架构：                            .NET 8.0.6
      ┣ ━━━━━━━━━━━━━━━  启动信息 ━━━━━━━━━━━━━━━
      ┣ 运行环境：                             Production
      ┣ 启动程序集：                           Admin.NET.Web.Entry
      ┣ 进程名称：                             Admin.NET.Web.Entry
      ┣ 托管程序：                             Kestrel
      ┣ ━━━━━━━━━━━━━━━  授权信息 ━━━━━━━━━━━━━━━
      ┣ JWT Token：                            Bearer eyJhbGciOiJIUzI1NiIsInR5cCI6IkpXVCJ9.eyJVc2VySWQiOjEzMDAwMDAwMDAxMDEsIlRlbmFudElkIjoxMzAwMDAwMDAwMDAxLCJBY2NvdW50Ijoic3VwZXJhZG1pbiIsIlJlYWxOYW1lIjoi6LaF57qn566h55CG5ZGYIiwiQWNjb3VudFR5cGUiOjk5OSwiT3JnSWQiOjAsIk9yZ05hbWUiOm51bGwsIk9yZ1R5cGUiOm51bGwsImlhdCI6MTczNjc3MzYzMCwibmJmIjoxNzM2NzczNjMwLCJleHAiOjE3MzczNzg0MzAsImlzcyI6Imd1eGluLmxpbmsiLCJhdWQiOiJndXhpbi5saW5rIn0.7yghNabJaXKI2uA1Ntrw8zMcPGWCeTTjXE-UINFnf5o
      ┣ 
      ┣ UserId (integer64)：                   1300000000101
      ┣ TenantId (integer64)：                 1300000000001
      ┣ Account (string)：                     superadmin
      ┣ RealName (string)：                    超级管理员
      ┣ AccountType (integer32)：              999
      ┣ OrgId (integer32)：                    0
      ┣ OrgName (JSON_NULL)：                  
      ┣ OrgType (JSON_NULL)：                  
      ┣ iat (integer64)：                      1736773630 (2025-01-13 21:07:10:0000(+08:00) 星期一 L)
      ┣ nbf (integer64)：                      1736773630 (2025-01-13 21:07:10:0000(+08:00) 星期一 L)
      ┣ exp (integer64)：                      1737378430 (2025-01-20 21:07:10:0000(+08:00) 星期一 L)
      ┣ iss (string)：                         guxin.link
      ┣ aud (string)：                         guxin.link
      ┣ ━━━━━━━━━━━━━━━  请求头信息 ━━━━━━━━━━━━━━━
      ┣ 
      ┣ Accept：                               application/json, text/plain, */*
      ┣ Connection：                           keep-alive
      ┣ Host：                                 localhost:5005
      ┣ User-Agent：                           Mozilla/5.0 (Windows NT 10.0; Win64; x64) AppleWebKit/537.36 (KHTML, like Gecko) Chrome/131.0.0.0 Safari/537.36
      ┣ Accept-Encoding：                      gzip, deflate, br, zstd
      ┣ Accept-Language：                      zh-CN,zh;q=0.9
      ┣ Authorization：                        Bearer eyJhbGciOiJIUzI1NiIsInR5cCI6IkpXVCJ9.eyJVc2VySWQiOjEzMDAwMDAwMDAxMDEsIlRlbmFudElkIjoxMzAwMDAwMDAwMDAxLCJBY2NvdW50Ijoic3VwZXJhZG1pbiIsIlJlYWxOYW1lIjoi6LaF57qn566h55CG5ZGYIiwiQWNjb3VudFR5cGUiOjk5OSwiT3JnSWQiOjAsIk9yZ05hbWUiOm51bGwsIk9yZ1R5cGUiOm51bGwsImlhdCI6MTczNjc3MzYzMCwibmJmIjoxNzM2NzczNjMwLCJleHAiOjE3MzczNzg0MzAsImlzcyI6Imd1eGluLmxpbmsiLCJhdWQiOiJndXhpbi5saW5rIn0.7yghNabJaXKI2uA1Ntrw8zMcPGWCeTTjXE-UINFnf5o
      ┣ Cache-Control：                        no-cache
      ┣ Content-Type：                         application/json
      ┣ Origin：                               http://localhost:8888
      ┣ Pragma：                               no-cache
      ┣ Referer：                              http://localhost:8888/
      ┣ Content-Length：                       34
      ┣ sec-ch-ua-platform：                   "Windows"
      ┣ sec-ch-ua：                            "Google Chrome";v="131", "Chromium";v="131", "Not_A Brand";v="24"
      ┣ sec-ch-ua-mobile：                     ?0
      ┣ DNT：                                  1
      ┣ Sec-Fetch-Site：                       same-site
      ┣ Sec-Fetch-Mode：                       cors
      ┣ Sec-Fetch-Dest：                       empty
      ┣ ━━━━━━━━━━━━━━━  参数列表 ━━━━━━━━━━━━━━━
      ┣ Content-Type：                         application/json
      ┣ 
      ┣ input (ChatModelOptionsInput)：        {"searchKey":null,"modelId":null,"name":null,"optionType":null,"field":null,"page":1,"pageSize":10,"order":null,"descStr":"descending"}
      ┣ ━━━━━━━━━━━━━━━  返回信息 ━━━━━━━━━━━━━━━
      ┣ HTTP响应状态码：                       200
      ┣ 原始类型：                             System.Threading.Tasks.Task<Admin.NET.Core.SqlSugarPagedList<Admin.NET.Application.ChatModelOptionsOutput>>
      ┣ 最终类型：                             Admin.NET.Core.AdminResult<System.Object>
      ┣ 最终返回值：                           {"code":200,"type":"success","message":"","result":{"page":1,"pageSize":10,"total":0,"totalPages":0,"items":[],"hasPrevPage":false,"hasNextPage":false},"extras":null,"time":"2025-01-13T22:05:59.2723749+08:00"}
      ┗━━━━━━━━━━━  Logging Monitor ━━━━━━━━━━━
info: 2025-01-13 22:05:59.3400332 +08:00 星期一 L System.Logging.LoggingMonitor[0] #45 '00-961c57996ba6729e169602f878996b43-94a95e421412d78a-00'
      [Furion.Pure.dll] async Task LoggingMonitorAttribute.MonitorAsync(MethodInfo actionMethod, IDictionary<string, object> parameterValues, FilterContext context, dynamic next)
      ┏━━━━━━━━━━━  Logging Monitor ━━━━━━━━━━━
      ┣ Admin.NET.Core.Service.SysEnumService.GetEnumDataList
      ┣ 
      ┣ 控制器名称：                SysEnumService
      ┣ 操作名称：                  GetEnumDataList
      ┣ 显示名称：                  通过枚举类型获取枚举值集合
      ┣ 路由信息：                  [area]: ; [controller]: sysEnum; [action]: enumDataList
      ┣ 请求方式：                  GET
      ┣ 请求地址：                  http://localhost:5005/api/sysEnum/enumDataList?EnumName=AIModelOptionEnum
      ┣ 来源地址：                  http://localhost:8888/
      ┣ 请求端源：                  client
      ┣ 浏览器标识：                Mozilla/5.0 (Windows NT 10.0; Win64; x64) AppleWebKit/537.36 (KHTML, like Gecko) Chrome/131.0.0.0 Safari/537.36
      ┣ 客户端区域语言：            zh-cn
      ┣ 客户端 IP 地址：            127.0.0.1
      ┣ 服务端 IP 地址：            127.0.0.1
      ┣ 客户端连接 ID：             00-961c57996ba6729e169602f878996b43-94a95e421412d78a-00
      ┣ 服务线程 ID：               #45
      ┣ 执行耗时：                  0ms
      ┣ ━━━━━━━━━━━━━━━  Cookies ━━━━━━━━━━━━━━━
      ┣ 请求端：                    
      ┣ 响应端：                    
      ┣ ━━━━━━━━━━━━━━━  系统信息 ━━━━━━━━━━━━━━━
      ┣ 系统名称：                  Microsoft Windows 10.0.19045
      ┣ 系统架构：                  X64
      ┣ 基础框架：                  Furion.Pure v1.0.0.0
      ┣ .NET 架构：                 .NET 8.0.6
      ┣ ━━━━━━━━━━━━━━━  启动信息 ━━━━━━━━━━━━━━━
      ┣ 运行环境：                  Production
      ┣ 启动程序集：                Admin.NET.Web.Entry
      ┣ 进程名称：                  Admin.NET.Web.Entry
      ┣ 托管程序：                  Kestrel
      ┣ ━━━━━━━━━━━━━━━  请求头信息 ━━━━━━━━━━━━━━━
      ┣ 
      ┣ Accept：                    application/json, text/plain, */*
      ┣ Connection：                keep-alive
      ┣ Host：                      localhost:5005
      ┣ User-Agent：                Mozilla/5.0 (Windows NT 10.0; Win64; x64) AppleWebKit/537.36 (KHTML, like Gecko) Chrome/131.0.0.0 Safari/537.36
      ┣ Accept-Encoding：           gzip, deflate, br, zstd
      ┣ Accept-Language：           zh-cn
      ┣ Authorization：             Bearer eyJhbGciOiJIUzI1NiIsInR5cCI6IkpXVCJ9.eyJVc2VySWQiOjEzMDAwMDAwMDAxMDEsIlRlbmFudElkIjoxMzAwMDAwMDAwMDAxLCJBY2NvdW50Ijoic3VwZXJhZG1pbiIsIlJlYWxOYW1lIjoi6LaF57qn566h55CG5ZGYIiwiQWNjb3VudFR5cGUiOjk5OSwiT3JnSWQiOjAsIk9yZ05hbWUiOm51bGwsIk9yZ1R5cGUiOm51bGwsImlhdCI6MTczNjc3MzYzMCwibmJmIjoxNzM2NzczNjMwLCJleHAiOjE3MzczNzg0MzAsImlzcyI6Imd1eGluLmxpbmsiLCJhdWQiOiJndXhpbi5saW5rIn0.7yghNabJaXKI2uA1Ntrw8zMcPGWCeTTjXE-UINFnf5o
      ┣ Cache-Control：             no-cache
      ┣ Origin：                    http://localhost:8888
      ┣ Pragma：                    no-cache
      ┣ Referer：                   http://localhost:8888/
      ┣ sec-ch-ua-platform：        "Windows"
      ┣ sec-ch-ua：                 "Google Chrome";v="131", "Chromium";v="131", "Not_A Brand";v="24"
      ┣ sec-ch-ua-mobile：          ?0
      ┣ DNT：                       1
      ┣ Sec-Fetch-Site：            same-site
      ┣ Sec-Fetch-Mode：            cors
      ┣ Sec-Fetch-Dest：            empty
      ┣ ━━━━━━━━━━━━━━━  参数列表 ━━━━━━━━━━━━━━━
      ┣ Content-Type：              
      ┣ 
      ┣ input (EnumInput)：         {"enumName":"AIModelOptionEnum"}
      ┣ ━━━━━━━━━━━━━━━  返回信息 ━━━━━━━━━━━━━━━
      ┣ HTTP响应状态码：            200
      ┣ 原始类型：                  System.Collections.Generic.List<Admin.NET.Core.EnumEntity>
      ┣ 最终类型：                  Admin.NET.Core.AdminResult<System.Object>
      ┣ 最终返回值：                {"code":200,"type":"success","message":"","result":[{"describe":"文本","name":"Text","value":0},{"describe":"数字","name":"Num","value":1},{"describe":"单选","name":"Radio","value":2},{"describe":"多选","name":"CheckBox","value":3},{"describe":"true，false","name":"Switch","value":4}],"extras":null,"time":"2025-01-13T22:05:59.3387925+08:00"}
      ┗━━━━━━━━━━━  Logging Monitor ━━━━━━━━━━━
info: 2025-01-13 22:05:59.5190486 +08:00 星期一 L System.Logging.LoggingMonitor[0] #48 '00-1813728a62f33c10b29fcb8e2de2b014-b7deced448884ec5-00'
      [Furion.Pure.dll] async Task LoggingMonitorAttribute.MonitorAsync(MethodInfo actionMethod, IDictionary<string, object> parameterValues, FilterContext context, dynamic next)
      ┏━━━━━━━━━━━  Logging Monitor ━━━━━━━━━━━
      ┣ Admin.NET.Core.Service.SysNoticeService.GetUnReadList
      ┣ 
      ┣ 控制器名称：                     SysNoticeService
      ┣ 操作名称：                       GetUnReadList
      ┣ 显示名称：                       获取未读的通知公告
      ┣ 路由信息：                       [area]: ; [controller]: sysNotice; [action]: unReadList
      ┣ 请求方式：                       GET
      ┣ 请求地址：                       http://localhost:5005/api/sysNotice/unReadList
      ┣ 来源地址：                       http://localhost:8888/
      ┣ 请求端源：                       client
      ┣ 浏览器标识：                     Mozilla/5.0 (Windows NT 10.0; Win64; x64) AppleWebKit/537.36 (KHTML, like Gecko) Chrome/131.0.0.0 Safari/537.36
      ┣ 客户端区域语言：                 zh-cn
      ┣ 客户端 IP 地址：                 127.0.0.1
      ┣ 服务端 IP 地址：                 127.0.0.1
      ┣ 客户端连接 ID：                  00-1813728a62f33c10b29fcb8e2de2b014-b7deced448884ec5-00
      ┣ 服务线程 ID：                    #48
      ┣ 执行耗时：                       93ms
      ┣ ━━━━━━━━━━━━━━━  Cookies ━━━━━━━━━━━━━━━
      ┣ 请求端：                         
      ┣ 响应端：                         
      ┣ ━━━━━━━━━━━━━━━  系统信息 ━━━━━━━━━━━━━━━
      ┣ 系统名称：                       Microsoft Windows 10.0.19045
      ┣ 系统架构：                       X64
      ┣ 基础框架：                       Furion.Pure v1.0.0.0
      ┣ .NET 架构：                      .NET 8.0.6
      ┣ ━━━━━━━━━━━━━━━  启动信息 ━━━━━━━━━━━━━━━
      ┣ 运行环境：                       Production
      ┣ 启动程序集：                     Admin.NET.Web.Entry
      ┣ 进程名称：                       Admin.NET.Web.Entry
      ┣ 托管程序：                       Kestrel
      ┣ ━━━━━━━━━━━━━━━  授权信息 ━━━━━━━━━━━━━━━
      ┣ JWT Token：                      Bearer eyJhbGciOiJIUzI1NiIsInR5cCI6IkpXVCJ9.eyJVc2VySWQiOjEzMDAwMDAwMDAxMDEsIlRlbmFudElkIjoxMzAwMDAwMDAwMDAxLCJBY2NvdW50Ijoic3VwZXJhZG1pbiIsIlJlYWxOYW1lIjoi6LaF57qn566h55CG5ZGYIiwiQWNjb3VudFR5cGUiOjk5OSwiT3JnSWQiOjAsIk9yZ05hbWUiOm51bGwsIk9yZ1R5cGUiOm51bGwsImlhdCI6MTczNjc3MzYzMCwibmJmIjoxNzM2NzczNjMwLCJleHAiOjE3MzczNzg0MzAsImlzcyI6Imd1eGluLmxpbmsiLCJhdWQiOiJndXhpbi5saW5rIn0.7yghNabJaXKI2uA1Ntrw8zMcPGWCeTTjXE-UINFnf5o
      ┣ 
      ┣ UserId (integer64)：             1300000000101
      ┣ TenantId (integer64)：           1300000000001
      ┣ Account (string)：               superadmin
      ┣ RealName (string)：              超级管理员
      ┣ AccountType (integer32)：        999
      ┣ OrgId (integer32)：              0
      ┣ OrgName (JSON_NULL)：            
      ┣ OrgType (JSON_NULL)：            
      ┣ iat (integer64)：                1736773630 (2025-01-13 21:07:10:0000(+08:00) 星期一 L)
      ┣ nbf (integer64)：                1736773630 (2025-01-13 21:07:10:0000(+08:00) 星期一 L)
      ┣ exp (integer64)：                1737378430 (2025-01-20 21:07:10:0000(+08:00) 星期一 L)
      ┣ iss (string)：                   guxin.link
      ┣ aud (string)：                   guxin.link
      ┣ ━━━━━━━━━━━━━━━  请求头信息 ━━━━━━━━━━━━━━━
      ┣ 
      ┣ Accept：                         application/json, text/plain, */*
      ┣ Connection：                     keep-alive
      ┣ Host：                           localhost:5005
      ┣ User-Agent：                     Mozilla/5.0 (Windows NT 10.0; Win64; x64) AppleWebKit/537.36 (KHTML, like Gecko) Chrome/131.0.0.0 Safari/537.36
      ┣ Accept-Encoding：                gzip, deflate, br, zstd
      ┣ Accept-Language：                zh-cn
      ┣ Authorization：                  Bearer eyJhbGciOiJIUzI1NiIsInR5cCI6IkpXVCJ9.eyJVc2VySWQiOjEzMDAwMDAwMDAxMDEsIlRlbmFudElkIjoxMzAwMDAwMDAwMDAxLCJBY2NvdW50Ijoic3VwZXJhZG1pbiIsIlJlYWxOYW1lIjoi6LaF57qn566h55CG5ZGYIiwiQWNjb3VudFR5cGUiOjk5OSwiT3JnSWQiOjAsIk9yZ05hbWUiOm51bGwsIk9yZ1R5cGUiOm51bGwsImlhdCI6MTczNjc3MzYzMCwibmJmIjoxNzM2NzczNjMwLCJleHAiOjE3MzczNzg0MzAsImlzcyI6Imd1eGluLmxpbmsiLCJhdWQiOiJndXhpbi5saW5rIn0.7yghNabJaXKI2uA1Ntrw8zMcPGWCeTTjXE-UINFnf5o
      ┣ Cache-Control：                  no-cache
      ┣ Origin：                         http://localhost:8888
      ┣ Pragma：                         no-cache
      ┣ Referer：                        http://localhost:8888/
      ┣ sec-ch-ua-platform：             "Windows"
      ┣ sec-ch-ua：                      "Google Chrome";v="131", "Chromium";v="131", "Not_A Brand";v="24"
      ┣ sec-ch-ua-mobile：               ?0
      ┣ DNT：                            1
      ┣ Sec-Fetch-Site：                 same-site
      ┣ Sec-Fetch-Mode：                 cors
      ┣ Sec-Fetch-Dest：                 empty
      ┣ ━━━━━━━━━━━━━━━  返回信息 ━━━━━━━━━━━━━━━
      ┣ HTTP响应状态码：                 200
      ┣ 原始类型：                       System.Threading.Tasks.Task<System.Collections.Generic.List<Admin.NET.Core.SysNotice>>
      ┣ 最终类型：                       Admin.NET.Core.AdminResult<System.Object>
      ┣ 最终返回值：                     {"code":200,"type":"success","message":"","result":[],"extras":null,"time":"2025-01-13T22:05:59.5172333+08:00"}
      ┗━━━━━━━━━━━  Logging Monitor ━━━━━━━━━━━
info: 2025-01-13 22:08:55.5426811 +08:00 星期一 L System.Logging.LoggingMonitor[0] #31 '00-d91572983d46a8bc726bf1f6dedb63c8-6ca4e48a6435491a-00'
      [Furion.Pure.dll] async Task LoggingMonitorAttribute.MonitorAsync(MethodInfo actionMethod, IDictionary<string, object> parameterValues, FilterContext context, dynamic next)
      ┏━━━━━━━━━━━  Logging Monitor ━━━━━━━━━━━
      ┣ Admin.NET.Application.ChatModelOptionsService.Add
      ┣ 
      ┣ 控制器名称：                              ChatModelOptionsService
      ┣ 操作名称：                                Add
      ┣ 显示名称：                                
      ┣ 路由信息：                                [area]: ; [controller]: chatModelOptions; [action]: add
      ┣ 请求方式：                                POST
      ┣ 请求地址：                                http://localhost:5005/api/chatModelOptions/add
      ┣ 来源地址：                                http://localhost:8888/
      ┣ 请求端源：                                client
      ┣ 浏览器标识：                              Mozilla/5.0 (Windows NT 10.0; Win64; x64) AppleWebKit/537.36 (KHTML, like Gecko) Chrome/131.0.0.0 Safari/537.36
      ┣ 客户端区域语言：                          zh-CN,zh;q=0.9
      ┣ 客户端 IP 地址：                          127.0.0.1
      ┣ 服务端 IP 地址：                          127.0.0.1
      ┣ 客户端连接 ID：                           00-d91572983d46a8bc726bf1f6dedb63c8-6ca4e48a6435491a-00
      ┣ 服务线程 ID：                             #31
      ┣ 执行耗时：                                13ms
      ┣ ━━━━━━━━━━━━━━━  Cookies ━━━━━━━━━━━━━━━
      ┣ 请求端：                                  
      ┣ 响应端：                                  
      ┣ ━━━━━━━━━━━━━━━  系统信息 ━━━━━━━━━━━━━━━
      ┣ 系统名称：                                Microsoft Windows 10.0.19045
      ┣ 系统架构：                                X64
      ┣ 基础框架：                                Furion.Pure v1.0.0.0
      ┣ .NET 架构：                               .NET 8.0.6
      ┣ ━━━━━━━━━━━━━━━  启动信息 ━━━━━━━━━━━━━━━
      ┣ 运行环境：                                Production
      ┣ 启动程序集：                              Admin.NET.Web.Entry
      ┣ 进程名称：                                Admin.NET.Web.Entry
      ┣ 托管程序：                                Kestrel
      ┣ ━━━━━━━━━━━━━━━  授权信息 ━━━━━━━━━━━━━━━
      ┣ JWT Token：                               Bearer eyJhbGciOiJIUzI1NiIsInR5cCI6IkpXVCJ9.eyJVc2VySWQiOjEzMDAwMDAwMDAxMDEsIlRlbmFudElkIjoxMzAwMDAwMDAwMDAxLCJBY2NvdW50Ijoic3VwZXJhZG1pbiIsIlJlYWxOYW1lIjoi6LaF57qn566h55CG5ZGYIiwiQWNjb3VudFR5cGUiOjk5OSwiT3JnSWQiOjAsIk9yZ05hbWUiOm51bGwsIk9yZ1R5cGUiOm51bGwsImlhdCI6MTczNjc3MzYzMCwibmJmIjoxNzM2NzczNjMwLCJleHAiOjE3MzczNzg0MzAsImlzcyI6Imd1eGluLmxpbmsiLCJhdWQiOiJndXhpbi5saW5rIn0.7yghNabJaXKI2uA1Ntrw8zMcPGWCeTTjXE-UINFnf5o
      ┣ 
      ┣ UserId (integer64)：                      1300000000101
      ┣ TenantId (integer64)：                    1300000000001
      ┣ Account (string)：                        superadmin
      ┣ RealName (string)：                       超级管理员
      ┣ AccountType (integer32)：                 999
      ┣ OrgId (integer32)：                       0
      ┣ OrgName (JSON_NULL)：                     
      ┣ OrgType (JSON_NULL)：                     
      ┣ iat (integer64)：                         1736773630 (2025-01-13 21:07:10:0000(+08:00) 星期一 L)
      ┣ nbf (integer64)：                         1736773630 (2025-01-13 21:07:10:0000(+08:00) 星期一 L)
      ┣ exp (integer64)：                         1737378430 (2025-01-20 21:07:10:0000(+08:00) 星期一 L)
      ┣ iss (string)：                            guxin.link
      ┣ aud (string)：                            guxin.link
      ┣ ━━━━━━━━━━━━━━━  请求头信息 ━━━━━━━━━━━━━━━
      ┣ 
      ┣ Accept：                                  application/json, text/plain, */*
      ┣ Connection：                              keep-alive
      ┣ Host：                                    localhost:5005
      ┣ User-Agent：                              Mozilla/5.0 (Windows NT 10.0; Win64; x64) AppleWebKit/537.36 (KHTML, like Gecko) Chrome/131.0.0.0 Safari/537.36
      ┣ Accept-Encoding：                         gzip, deflate, br, zstd
      ┣ Accept-Language：                         zh-CN,zh;q=0.9
      ┣ Authorization：                           Bearer eyJhbGciOiJIUzI1NiIsInR5cCI6IkpXVCJ9.eyJVc2VySWQiOjEzMDAwMDAwMDAxMDEsIlRlbmFudElkIjoxMzAwMDAwMDAwMDAxLCJBY2NvdW50Ijoic3VwZXJhZG1pbiIsIlJlYWxOYW1lIjoi6LaF57qn566h55CG5ZGYIiwiQWNjb3VudFR5cGUiOjk5OSwiT3JnSWQiOjAsIk9yZ05hbWUiOm51bGwsIk9yZ1R5cGUiOm51bGwsImlhdCI6MTczNjc3MzYzMCwibmJmIjoxNzM2NzczNjMwLCJleHAiOjE3MzczNzg0MzAsImlzcyI6Imd1eGluLmxpbmsiLCJhdWQiOiJndXhpbi5saW5rIn0.7yghNabJaXKI2uA1Ntrw8zMcPGWCeTTjXE-UINFnf5o
      ┣ Cache-Control：                           no-cache
      ┣ Content-Type：                            application/json
      ┣ Origin：                                  http://localhost:8888
      ┣ Pragma：                                  no-cache
      ┣ Referer：                                 http://localhost:8888/
      ┣ Content-Length：                          289
      ┣ sec-ch-ua-platform：                      "Windows"
      ┣ sec-ch-ua：                               "Google Chrome";v="131", "Chromium";v="131", "Not_A Brand";v="24"
      ┣ sec-ch-ua-mobile：                        ?0
      ┣ DNT：                                     1
      ┣ Sec-Fetch-Site：                          same-site
      ┣ Sec-Fetch-Mode：                          cors
      ┣ Sec-Fetch-Dest：                          empty
      ┣ ━━━━━━━━━━━━━━━  参数列表 ━━━━━━━━━━━━━━━
      ┣ Content-Type：                            application/json
      ┣ 
      ┣ input (AddChatModelOptionsInput)：        {"modelId":null,"modelServer":null,"name":"温度","optionType":1,"maxNum":1.0,"minNum":0.01,"selectedValues":null,"field":"temperature","desc":"说明： （1）较高的数值会使输出更加随机，而较低的数值会使其更加集中和确定 （2）默认0.8，范围 (0, 1.0]，不能为0。","defaultVal":"0.8","extends":null,"createTime":null,"updateTime":null,"createUserId":null,"updateUserId":null,"isDelete":false}
      ┣ ━━━━━━━━━━━━━━━  返回信息 ━━━━━━━━━━━━━━━
      ┣ HTTP响应状态码：                          200
      ┣ 原始类型：                                System.Threading.Tasks.Task<System.Int64>
      ┣ 最终类型：                                Admin.NET.Core.AdminResult<System.Object>
      ┣ 最终返回值：                              {"code":400,"type":"error","message":"{\"SelectedValues\":[\"选择的值，逗号分割不能为空\"]}","result":null,"extras":null,"time":"2025-01-13T22:08:55.5382827+08:00"}
      ┣ ━━━━━━━━━━━━━━━  业务异常 ━━━━━━━━━━━━━━━
      ┣ 业务码：                                  
      ┣ 业务码（原）：                            
      ┣ 业务消息：                                {"selectedValues":["选择的值，逗号分割不能为空"]}
      ┗━━━━━━━━━━━  Logging Monitor ━━━━━━━━━━━
info: 2025-01-13 22:09:37.9476068 +08:00 星期一 L System.Logging.LoggingMonitor[0] #41 '00-5dd037cd7939c22401ce9b4588cec8fc-ea98e7ccae58bc5d-00'
      [Furion.Pure.dll] async Task LoggingMonitorAttribute.MonitorAsync(MethodInfo actionMethod, IDictionary<string, object> parameterValues, FilterContext context, dynamic next)
      ┏━━━━━━━━━━━  Logging Monitor ━━━━━━━━━━━
      ┣ Admin.NET.Application.ChatModelOptionsService.Add
      ┣ 
      ┣ 控制器名称：                              ChatModelOptionsService
      ┣ 操作名称：                                Add
      ┣ 显示名称：                                
      ┣ 路由信息：                                [area]: ; [controller]: chatModelOptions; [action]: add
      ┣ 请求方式：                                POST
      ┣ 请求地址：                                http://localhost:5005/api/chatModelOptions/add
      ┣ 来源地址：                                http://localhost:8888/
      ┣ 请求端源：                                client
      ┣ 浏览器标识：                              Mozilla/5.0 (Windows NT 10.0; Win64; x64) AppleWebKit/537.36 (KHTML, like Gecko) Chrome/131.0.0.0 Safari/537.36
      ┣ 客户端区域语言：                          zh-CN,zh;q=0.9
      ┣ 客户端 IP 地址：                          127.0.0.1
      ┣ 服务端 IP 地址：                          127.0.0.1
      ┣ 客户端连接 ID：                           00-5dd037cd7939c22401ce9b4588cec8fc-ea98e7ccae58bc5d-00
      ┣ 服务线程 ID：                             #41
      ┣ 执行耗时：                                9ms
      ┣ ━━━━━━━━━━━━━━━  Cookies ━━━━━━━━━━━━━━━
      ┣ 请求端：                                  
      ┣ 响应端：                                  
      ┣ ━━━━━━━━━━━━━━━  系统信息 ━━━━━━━━━━━━━━━
      ┣ 系统名称：                                Microsoft Windows 10.0.19045
      ┣ 系统架构：                                X64
      ┣ 基础框架：                                Furion.Pure v1.0.0.0
      ┣ .NET 架构：                               .NET 8.0.6
      ┣ ━━━━━━━━━━━━━━━  启动信息 ━━━━━━━━━━━━━━━
      ┣ 运行环境：                                Production
      ┣ 启动程序集：                              Admin.NET.Web.Entry
      ┣ 进程名称：                                Admin.NET.Web.Entry
      ┣ 托管程序：                                Kestrel
      ┣ ━━━━━━━━━━━━━━━  授权信息 ━━━━━━━━━━━━━━━
      ┣ JWT Token：                               Bearer eyJhbGciOiJIUzI1NiIsInR5cCI6IkpXVCJ9.eyJVc2VySWQiOjEzMDAwMDAwMDAxMDEsIlRlbmFudElkIjoxMzAwMDAwMDAwMDAxLCJBY2NvdW50Ijoic3VwZXJhZG1pbiIsIlJlYWxOYW1lIjoi6LaF57qn566h55CG5ZGYIiwiQWNjb3VudFR5cGUiOjk5OSwiT3JnSWQiOjAsIk9yZ05hbWUiOm51bGwsIk9yZ1R5cGUiOm51bGwsImlhdCI6MTczNjc3MzYzMCwibmJmIjoxNzM2NzczNjMwLCJleHAiOjE3MzczNzg0MzAsImlzcyI6Imd1eGluLmxpbmsiLCJhdWQiOiJndXhpbi5saW5rIn0.7yghNabJaXKI2uA1Ntrw8zMcPGWCeTTjXE-UINFnf5o
      ┣ 
      ┣ UserId (integer64)：                      1300000000101
      ┣ TenantId (integer64)：                    1300000000001
      ┣ Account (string)：                        superadmin
      ┣ RealName (string)：                       超级管理员
      ┣ AccountType (integer32)：                 999
      ┣ OrgId (integer32)：                       0
      ┣ OrgName (JSON_NULL)：                     
      ┣ OrgType (JSON_NULL)：                     
      ┣ iat (integer64)：                         1736773630 (2025-01-13 21:07:10:0000(+08:00) 星期一 L)
      ┣ nbf (integer64)：                         1736773630 (2025-01-13 21:07:10:0000(+08:00) 星期一 L)
      ┣ exp (integer64)：                         1737378430 (2025-01-20 21:07:10:0000(+08:00) 星期一 L)
      ┣ iss (string)：                            guxin.link
      ┣ aud (string)：                            guxin.link
      ┣ ━━━━━━━━━━━━━━━  请求头信息 ━━━━━━━━━━━━━━━
      ┣ 
      ┣ Accept：                                  application/json, text/plain, */*
      ┣ Connection：                              keep-alive
      ┣ Host：                                    localhost:5005
      ┣ User-Agent：                              Mozilla/5.0 (Windows NT 10.0; Win64; x64) AppleWebKit/537.36 (KHTML, like Gecko) Chrome/131.0.0.0 Safari/537.36
      ┣ Accept-Encoding：                         gzip, deflate, br, zstd
      ┣ Accept-Language：                         zh-CN,zh;q=0.9
      ┣ Authorization：                           Bearer eyJhbGciOiJIUzI1NiIsInR5cCI6IkpXVCJ9.eyJVc2VySWQiOjEzMDAwMDAwMDAxMDEsIlRlbmFudElkIjoxMzAwMDAwMDAwMDAxLCJBY2NvdW50Ijoic3VwZXJhZG1pbiIsIlJlYWxOYW1lIjoi6LaF57qn566h55CG5ZGYIiwiQWNjb3VudFR5cGUiOjk5OSwiT3JnSWQiOjAsIk9yZ05hbWUiOm51bGwsIk9yZ1R5cGUiOm51bGwsImlhdCI6MTczNjc3MzYzMCwibmJmIjoxNzM2NzczNjMwLCJleHAiOjE3MzczNzg0MzAsImlzcyI6Imd1eGluLmxpbmsiLCJhdWQiOiJndXhpbi5saW5rIn0.7yghNabJaXKI2uA1Ntrw8zMcPGWCeTTjXE-UINFnf5o
      ┣ Cache-Control：                           no-cache
      ┣ Content-Type：                            application/json
      ┣ Origin：                                  http://localhost:8888
      ┣ Pragma：                                  no-cache
      ┣ Referer：                                 http://localhost:8888/
      ┣ Content-Length：                          289
      ┣ sec-ch-ua-platform：                      "Windows"
      ┣ sec-ch-ua：                               "Google Chrome";v="131", "Chromium";v="131", "Not_A Brand";v="24"
      ┣ sec-ch-ua-mobile：                        ?0
      ┣ DNT：                                     1
      ┣ Sec-Fetch-Site：                          same-site
      ┣ Sec-Fetch-Mode：                          cors
      ┣ Sec-Fetch-Dest：                          empty
      ┣ ━━━━━━━━━━━━━━━  参数列表 ━━━━━━━━━━━━━━━
      ┣ Content-Type：                            application/json
      ┣ 
      ┣ input (AddChatModelOptionsInput)：        {"modelId":null,"modelServer":null,"name":"温度","optionType":1,"maxNum":1.0,"minNum":0.01,"selectedValues":null,"field":"temperature","desc":"说明： （1）较高的数值会使输出更加随机，而较低的数值会使其更加集中和确定 （2）默认0.8，范围 (0, 1.0]，不能为0。","defaultVal":"0.8","extends":null,"createTime":null,"updateTime":null,"createUserId":null,"updateUserId":null,"isDelete":false}
      ┣ ━━━━━━━━━━━━━━━  返回信息 ━━━━━━━━━━━━━━━
      ┣ HTTP响应状态码：                          200
      ┣ 原始类型：                                System.Threading.Tasks.Task<System.Int64>
      ┣ 最终类型：                                Admin.NET.Core.AdminResult<System.Object>
      ┣ 最终返回值：                              {"code":400,"type":"error","message":"模型或供应商必选一个","result":null,"extras":null,"time":"2025-01-13T22:09:37.9456434+08:00"}
      ┣ ━━━━━━━━━━━━━━━  业务异常 ━━━━━━━━━━━━━━━
      ┣ 业务码：                                  
      ┣ 业务码（原）：                            
      ┣ 业务消息：                                模型或供应商必选一个
      ┗━━━━━━━━━━━  Logging Monitor ━━━━━━━━━━━
info: 2025-01-13 22:14:36.5049740 +08:00 星期一 L System.Logging.TaskQueueService[0] #1
      [Microsoft.Extensions.Logging.Abstractions.dll] void Microsoft.Extensions.Logging.LoggerExtensions.LogInformation(ILogger logger, string message, params object[] args)
      TaskQueue hosted service is running.
info: 2025-01-13 22:14:36.5345428 +08:00 星期一 L System.Logging.ScheduleService[0] #1
      [Furion.Pure.dll] void Furion.Schedule.ScheduleLogger.Log(LogLevel logLevel, string message, object[] args, Exception ex)
      Schedule hosted service is running.
info: 2025-01-13 22:14:36.5366647 +08:00 星期一 L System.Logging.ScheduleService[0] #1
      [Furion.Pure.dll] void Furion.Schedule.ScheduleLogger.Log(LogLevel logLevel, string message, object[] args, Exception ex)
      Schedule hosted service is preloading...
info: 2025-01-13 22:14:37.2994686 +08:00 星期一 L System.Logging.ScheduleService[0] #1
      [Furion.Pure.dll] void Furion.Schedule.ScheduleLogger.Log(LogLevel logLevel, string message, object[] args, Exception ex)
      The <trigger_log> trigger for scheduler of <job_log> successfully appended and updated to the schedule.
info: 2025-01-13 22:14:37.3007591 +08:00 星期一 L System.Logging.ScheduleService[0] #1
      [Furion.Pure.dll] void Furion.Schedule.ScheduleLogger.Log(LogLevel logLevel, string message, object[] args, Exception ex)
      The scheduler of <job_log> successfully appended and updated to the schedule.
info: 2025-01-13 22:14:37.3063218 +08:00 星期一 L System.Logging.ScheduleService[0] #1
      [Furion.Pure.dll] void Furion.Schedule.ScheduleLogger.Log(LogLevel logLevel, string message, object[] args, Exception ex)
      The <trigger_onlineUser> trigger for scheduler of <job_onlineUser> successfully appended and updated to the schedule.
info: 2025-01-13 22:14:37.3074409 +08:00 星期一 L System.Logging.ScheduleService[0] #1
      [Furion.Pure.dll] void Furion.Schedule.ScheduleLogger.Log(LogLevel logLevel, string message, object[] args, Exception ex)
      The scheduler of <job_onlineUser> successfully appended and updated to the schedule.
info: 2025-01-13 22:16:30.0160211 +08:00 星期一 L System.Logging.TaskQueueService[0] #1
      [Microsoft.Extensions.Logging.Abstractions.dll] void Microsoft.Extensions.Logging.LoggerExtensions.LogInformation(ILogger logger, string message, params object[] args)
      TaskQueue hosted service is running.
info: 2025-01-13 22:16:30.0438627 +08:00 星期一 L System.Logging.ScheduleService[0] #1
      [Furion.Pure.dll] void Furion.Schedule.ScheduleLogger.Log(LogLevel logLevel, string message, object[] args, Exception ex)
      Schedule hosted service is running.
info: 2025-01-13 22:16:30.0458904 +08:00 星期一 L System.Logging.ScheduleService[0] #1
      [Furion.Pure.dll] void Furion.Schedule.ScheduleLogger.Log(LogLevel logLevel, string message, object[] args, Exception ex)
      Schedule hosted service is preloading...
info: 2025-01-13 22:16:30.7779844 +08:00 星期一 L System.Logging.ScheduleService[0] #1
      [Furion.Pure.dll] void Furion.Schedule.ScheduleLogger.Log(LogLevel logLevel, string message, object[] args, Exception ex)
      The <trigger_log> trigger for scheduler of <job_log> successfully appended and updated to the schedule.
info: 2025-01-13 22:16:30.7795272 +08:00 星期一 L System.Logging.ScheduleService[0] #1
      [Furion.Pure.dll] void Furion.Schedule.ScheduleLogger.Log(LogLevel logLevel, string message, object[] args, Exception ex)
      The scheduler of <job_log> successfully appended and updated to the schedule.
info: 2025-01-13 22:16:30.7854144 +08:00 星期一 L System.Logging.ScheduleService[0] #1
      [Furion.Pure.dll] void Furion.Schedule.ScheduleLogger.Log(LogLevel logLevel, string message, object[] args, Exception ex)
      The <trigger_onlineUser> trigger for scheduler of <job_onlineUser> successfully appended and updated to the schedule.
info: 2025-01-13 22:16:30.7867184 +08:00 星期一 L System.Logging.ScheduleService[0] #1
      [Furion.Pure.dll] void Furion.Schedule.ScheduleLogger.Log(LogLevel logLevel, string message, object[] args, Exception ex)
      The scheduler of <job_onlineUser> successfully appended and updated to the schedule.
info: 2025-01-13 22:18:51.3869955 +08:00 星期一 L System.Logging.TaskQueueService[0] #1
      [Microsoft.Extensions.Logging.Abstractions.dll] void Microsoft.Extensions.Logging.LoggerExtensions.LogInformation(ILogger logger, string message, params object[] args)
      TaskQueue hosted service is running.
info: 2025-01-13 22:18:51.4153619 +08:00 星期一 L System.Logging.ScheduleService[0] #1
      [Furion.Pure.dll] void Furion.Schedule.ScheduleLogger.Log(LogLevel logLevel, string message, object[] args, Exception ex)
      Schedule hosted service is running.
info: 2025-01-13 22:18:51.4176515 +08:00 星期一 L System.Logging.ScheduleService[0] #1
      [Furion.Pure.dll] void Furion.Schedule.ScheduleLogger.Log(LogLevel logLevel, string message, object[] args, Exception ex)
      Schedule hosted service is preloading...
info: 2025-01-13 22:18:52.0123190 +08:00 星期一 L System.Logging.ScheduleService[0] #1
      [Furion.Pure.dll] void Furion.Schedule.ScheduleLogger.Log(LogLevel logLevel, string message, object[] args, Exception ex)
      The <trigger_log> trigger for scheduler of <job_log> successfully appended and updated to the schedule.
info: 2025-01-13 22:18:52.0143960 +08:00 星期一 L System.Logging.ScheduleService[0] #1
      [Furion.Pure.dll] void Furion.Schedule.ScheduleLogger.Log(LogLevel logLevel, string message, object[] args, Exception ex)
      The scheduler of <job_log> successfully appended and updated to the schedule.
info: 2025-01-13 22:18:52.0204705 +08:00 星期一 L System.Logging.ScheduleService[0] #1
      [Furion.Pure.dll] void Furion.Schedule.ScheduleLogger.Log(LogLevel logLevel, string message, object[] args, Exception ex)
      The <trigger_onlineUser> trigger for scheduler of <job_onlineUser> successfully appended and updated to the schedule.
info: 2025-01-13 22:18:52.0217950 +08:00 星期一 L System.Logging.ScheduleService[0] #1
      [Furion.Pure.dll] void Furion.Schedule.ScheduleLogger.Log(LogLevel logLevel, string message, object[] args, Exception ex)
      The scheduler of <job_onlineUser> successfully appended and updated to the schedule.
info: 2025-01-13 22:21:17.1597066 +08:00 星期一 L System.Logging.TaskQueueService[0] #1
      [Microsoft.Extensions.Logging.Abstractions.dll] void Microsoft.Extensions.Logging.LoggerExtensions.LogInformation(ILogger logger, string message, params object[] args)
      TaskQueue hosted service is running.
info: 2025-01-13 22:21:17.1756341 +08:00 星期一 L System.Logging.ScheduleService[0] #1
      [Furion.Pure.dll] void Furion.Schedule.ScheduleLogger.Log(LogLevel logLevel, string message, object[] args, Exception ex)
      Schedule hosted service is running.
info: 2025-01-13 22:21:17.1774150 +08:00 星期一 L System.Logging.ScheduleService[0] #1
      [Furion.Pure.dll] void Furion.Schedule.ScheduleLogger.Log(LogLevel logLevel, string message, object[] args, Exception ex)
      Schedule hosted service is preloading...
info: 2025-01-13 22:21:17.8528799 +08:00 星期一 L System.Logging.ScheduleService[0] #1
      [Furion.Pure.dll] void Furion.Schedule.ScheduleLogger.Log(LogLevel logLevel, string message, object[] args, Exception ex)
      The <trigger_log> trigger for scheduler of <job_log> successfully appended and updated to the schedule.
info: 2025-01-13 22:21:17.8542177 +08:00 星期一 L System.Logging.ScheduleService[0] #1
      [Furion.Pure.dll] void Furion.Schedule.ScheduleLogger.Log(LogLevel logLevel, string message, object[] args, Exception ex)
      The scheduler of <job_log> successfully appended and updated to the schedule.
info: 2025-01-13 22:21:17.8599786 +08:00 星期一 L System.Logging.ScheduleService[0] #1
      [Furion.Pure.dll] void Furion.Schedule.ScheduleLogger.Log(LogLevel logLevel, string message, object[] args, Exception ex)
      The <trigger_onlineUser> trigger for scheduler of <job_onlineUser> successfully appended and updated to the schedule.
info: 2025-01-13 22:21:17.8611463 +08:00 星期一 L System.Logging.ScheduleService[0] #1
      [Furion.Pure.dll] void Furion.Schedule.ScheduleLogger.Log(LogLevel logLevel, string message, object[] args, Exception ex)
      The scheduler of <job_onlineUser> successfully appended and updated to the schedule.
info: 2025-01-13 22:21:24.2792474 +08:00 星期一 L System.Logging.LoggingMonitor[0] #23 '00-8f4afb765fd9f375d6ed09b7495fb77a-1b267c0a75c20160-00'
      [Furion.Pure.dll] async Task LoggingMonitorAttribute.MonitorAsync(MethodInfo actionMethod, IDictionary<string, object> parameterValues, FilterContext context, dynamic next)
      ┏━━━━━━━━━━━  Logging Monitor ━━━━━━━━━━━
      ┣ Admin.NET.Application.ChatModelOptionsService.Add
      ┣ 
      ┣ 控制器名称：                              ChatModelOptionsService
      ┣ 操作名称：                                Add
      ┣ 显示名称：                                
      ┣ 路由信息：                                [area]: ; [controller]: chatModelOptions; [action]: add
      ┣ 请求方式：                                POST
      ┣ 请求地址：                                http://localhost:5005/api/chatModelOptions/add
      ┣ 来源地址：                                http://localhost:8888/
      ┣ 请求端源：                                client
      ┣ 浏览器标识：                              Mozilla/5.0 (Windows NT 10.0; Win64; x64) AppleWebKit/537.36 (KHTML, like Gecko) Chrome/131.0.0.0 Safari/537.36
      ┣ 客户端区域语言：                          zh-CN,zh;q=0.9
      ┣ 客户端 IP 地址：                          127.0.0.1
      ┣ 服务端 IP 地址：                          127.0.0.1
      ┣ 客户端连接 ID：                           00-8f4afb765fd9f375d6ed09b7495fb77a-1b267c0a75c20160-00
      ┣ 服务线程 ID：                             #23
      ┣ 执行耗时：                                209ms
      ┣ ━━━━━━━━━━━━━━━  Cookies ━━━━━━━━━━━━━━━
      ┣ 请求端：                                  
      ┣ 响应端：                                  
      ┣ ━━━━━━━━━━━━━━━  系统信息 ━━━━━━━━━━━━━━━
      ┣ 系统名称：                                Microsoft Windows 10.0.19045
      ┣ 系统架构：                                X64
      ┣ 基础框架：                                Furion.Pure v1.0.0.0
      ┣ .NET 架构：                               .NET 8.0.6
      ┣ ━━━━━━━━━━━━━━━  启动信息 ━━━━━━━━━━━━━━━
      ┣ 运行环境：                                Production
      ┣ 启动程序集：                              Admin.NET.Web.Entry
      ┣ 进程名称：                                Admin.NET.Web.Entry
      ┣ 托管程序：                                Kestrel
      ┣ ━━━━━━━━━━━━━━━  授权信息 ━━━━━━━━━━━━━━━
      ┣ JWT Token：                               Bearer eyJhbGciOiJIUzI1NiIsInR5cCI6IkpXVCJ9.eyJVc2VySWQiOjEzMDAwMDAwMDAxMDEsIlRlbmFudElkIjoxMzAwMDAwMDAwMDAxLCJBY2NvdW50Ijoic3VwZXJhZG1pbiIsIlJlYWxOYW1lIjoi6LaF57qn566h55CG5ZGYIiwiQWNjb3VudFR5cGUiOjk5OSwiT3JnSWQiOjAsIk9yZ05hbWUiOm51bGwsIk9yZ1R5cGUiOm51bGwsImlhdCI6MTczNjc3MzYzMCwibmJmIjoxNzM2NzczNjMwLCJleHAiOjE3MzczNzg0MzAsImlzcyI6Imd1eGluLmxpbmsiLCJhdWQiOiJndXhpbi5saW5rIn0.7yghNabJaXKI2uA1Ntrw8zMcPGWCeTTjXE-UINFnf5o
      ┣ 
      ┣ UserId (integer64)：                      1300000000101
      ┣ TenantId (integer64)：                    1300000000001
      ┣ Account (string)：                        superadmin
      ┣ RealName (string)：                       超级管理员
      ┣ AccountType (integer32)：                 999
      ┣ OrgId (integer32)：                       0
      ┣ OrgName (JSON_NULL)：                     
      ┣ OrgType (JSON_NULL)：                     
      ┣ iat (integer64)：                         1736773630 (2025-01-13 21:07:10:0000(+08:00) 星期一 L)
      ┣ nbf (integer64)：                         1736773630 (2025-01-13 21:07:10:0000(+08:00) 星期一 L)
      ┣ exp (integer64)：                         1737378430 (2025-01-20 21:07:10:0000(+08:00) 星期一 L)
      ┣ iss (string)：                            guxin.link
      ┣ aud (string)：                            guxin.link
      ┣ ━━━━━━━━━━━━━━━  请求头信息 ━━━━━━━━━━━━━━━
      ┣ 
      ┣ Accept：                                  application/json, text/plain, */*
      ┣ Connection：                              keep-alive
      ┣ Host：                                    localhost:5005
      ┣ User-Agent：                              Mozilla/5.0 (Windows NT 10.0; Win64; x64) AppleWebKit/537.36 (KHTML, like Gecko) Chrome/131.0.0.0 Safari/537.36
      ┣ Accept-Encoding：                         gzip, deflate, br, zstd
      ┣ Accept-Language：                         zh-CN,zh;q=0.9
      ┣ Authorization：                           Bearer eyJhbGciOiJIUzI1NiIsInR5cCI6IkpXVCJ9.eyJVc2VySWQiOjEzMDAwMDAwMDAxMDEsIlRlbmFudElkIjoxMzAwMDAwMDAwMDAxLCJBY2NvdW50Ijoic3VwZXJhZG1pbiIsIlJlYWxOYW1lIjoi6LaF57qn566h55CG5ZGYIiwiQWNjb3VudFR5cGUiOjk5OSwiT3JnSWQiOjAsIk9yZ05hbWUiOm51bGwsIk9yZ1R5cGUiOm51bGwsImlhdCI6MTczNjc3MzYzMCwibmJmIjoxNzM2NzczNjMwLCJleHAiOjE3MzczNzg0MzAsImlzcyI6Imd1eGluLmxpbmsiLCJhdWQiOiJndXhpbi5saW5rIn0.7yghNabJaXKI2uA1Ntrw8zMcPGWCeTTjXE-UINFnf5o
      ┣ Cache-Control：                           no-cache
      ┣ Content-Type：                            application/json
      ┣ Origin：                                  http://localhost:8888
      ┣ Pragma：                                  no-cache
      ┣ Referer：                                 http://localhost:8888/
      ┣ Content-Length：                          313
      ┣ sec-ch-ua-platform：                      "Windows"
      ┣ sec-ch-ua：                               "Google Chrome";v="131", "Chromium";v="131", "Not_A Brand";v="24"
      ┣ sec-ch-ua-mobile：                        ?0
      ┣ DNT：                                     1
      ┣ Sec-Fetch-Site：                          same-site
      ┣ Sec-Fetch-Mode：                          cors
      ┣ Sec-Fetch-Dest：                          empty
      ┣ ━━━━━━━━━━━━━━━  参数列表 ━━━━━━━━━━━━━━━
      ┣ Content-Type：                            application/json
      ┣ 
      ┣ input (AddChatModelOptionsInput)：        {"name":"温度","optionType":1,"field":"temperature","modelService":"百度","modelId":null,"maxNum":1.0,"minNum":0.01,"selectedValues":null,"desc":"说明： （1）较高的数值会使输出更加随机，而较低的数值会使其更加集中和确定 （2）默认0.8，范围 (0, 1.0]，不能为0。","defaultVal":"0.8","extends":null,"createTime":null,"updateTime":null,"createUserId":null,"updateUserId":null,"isDelete":false}
      ┣ ━━━━━━━━━━━━━━━  返回信息 ━━━━━━━━━━━━━━━
      ┣ HTTP响应状态码：                          200
      ┣ 原始类型：                                System.Threading.Tasks.Task<System.Int64>
      ┣ 最终类型：                                Admin.NET.Core.AdminResult<System.Object>
      ┣ 最终返回值：                              {"code":200,"type":"success","message":"","result":"39580897803845","extras":null,"time":"2025-01-13T22:21:24.2563706+08:00"}
      ┗━━━━━━━━━━━  Logging Monitor ━━━━━━━━━━━
info: 2025-01-13 22:21:24.6428431 +08:00 星期一 L System.Logging.LoggingMonitor[0] #23 '00-878577b0b69ff224bdfff5629a66cc19-b67e6d9fb3be733f-00'
      [Furion.Pure.dll] async Task LoggingMonitorAttribute.MonitorAsync(MethodInfo actionMethod, IDictionary<string, object> parameterValues, FilterContext context, dynamic next)
      ┏━━━━━━━━━━━  Logging Monitor ━━━━━━━━━━━
      ┣ Admin.NET.Application.ChatModelOptionsService.Page
      ┣ 
      ┣ 控制器名称：                           ChatModelOptionsService
      ┣ 操作名称：                             Page
      ┣ 显示名称：                             
      ┣ 路由信息：                             [area]: ; [controller]: chatModelOptions; [action]: page
      ┣ 请求方式：                             POST
      ┣ 请求地址：                             http://localhost:5005/api/chatModelOptions/page
      ┣ 来源地址：                             http://localhost:8888/
      ┣ 请求端源：                             client
      ┣ 浏览器标识：                           Mozilla/5.0 (Windows NT 10.0; Win64; x64) AppleWebKit/537.36 (KHTML, like Gecko) Chrome/131.0.0.0 Safari/537.36
      ┣ 客户端区域语言：                       zh-CN,zh;q=0.9
      ┣ 客户端 IP 地址：                       127.0.0.1
      ┣ 服务端 IP 地址：                       127.0.0.1
      ┣ 客户端连接 ID：                        00-878577b0b69ff224bdfff5629a66cc19-b67e6d9fb3be733f-00
      ┣ 服务线程 ID：                          #23
      ┣ 执行耗时：                             136ms
      ┣ ━━━━━━━━━━━━━━━  Cookies ━━━━━━━━━━━━━━━
      ┣ 请求端：                               
      ┣ 响应端：                               
      ┣ ━━━━━━━━━━━━━━━  系统信息 ━━━━━━━━━━━━━━━
      ┣ 系统名称：                             Microsoft Windows 10.0.19045
      ┣ 系统架构：                             X64
      ┣ 基础框架：                             Furion.Pure v1.0.0.0
      ┣ .NET 架构：                            .NET 8.0.6
      ┣ ━━━━━━━━━━━━━━━  启动信息 ━━━━━━━━━━━━━━━
      ┣ 运行环境：                             Production
      ┣ 启动程序集：                           Admin.NET.Web.Entry
      ┣ 进程名称：                             Admin.NET.Web.Entry
      ┣ 托管程序：                             Kestrel
      ┣ ━━━━━━━━━━━━━━━  授权信息 ━━━━━━━━━━━━━━━
      ┣ JWT Token：                            Bearer eyJhbGciOiJIUzI1NiIsInR5cCI6IkpXVCJ9.eyJVc2VySWQiOjEzMDAwMDAwMDAxMDEsIlRlbmFudElkIjoxMzAwMDAwMDAwMDAxLCJBY2NvdW50Ijoic3VwZXJhZG1pbiIsIlJlYWxOYW1lIjoi6LaF57qn566h55CG5ZGYIiwiQWNjb3VudFR5cGUiOjk5OSwiT3JnSWQiOjAsIk9yZ05hbWUiOm51bGwsIk9yZ1R5cGUiOm51bGwsImlhdCI6MTczNjc3MzYzMCwibmJmIjoxNzM2NzczNjMwLCJleHAiOjE3MzczNzg0MzAsImlzcyI6Imd1eGluLmxpbmsiLCJhdWQiOiJndXhpbi5saW5rIn0.7yghNabJaXKI2uA1Ntrw8zMcPGWCeTTjXE-UINFnf5o
      ┣ 
      ┣ UserId (integer64)：                   1300000000101
      ┣ TenantId (integer64)：                 1300000000001
      ┣ Account (string)：                     superadmin
      ┣ RealName (string)：                    超级管理员
      ┣ AccountType (integer32)：              999
      ┣ OrgId (integer32)：                    0
      ┣ OrgName (JSON_NULL)：                  
      ┣ OrgType (JSON_NULL)：                  
      ┣ iat (integer64)：                      1736773630 (2025-01-13 21:07:10:0000(+08:00) 星期一 L)
      ┣ nbf (integer64)：                      1736773630 (2025-01-13 21:07:10:0000(+08:00) 星期一 L)
      ┣ exp (integer64)：                      1737378430 (2025-01-20 21:07:10:0000(+08:00) 星期一 L)
      ┣ iss (string)：                         guxin.link
      ┣ aud (string)：                         guxin.link
      ┣ ━━━━━━━━━━━━━━━  请求头信息 ━━━━━━━━━━━━━━━
      ┣ 
      ┣ Accept：                               application/json, text/plain, */*
      ┣ Connection：                           keep-alive
      ┣ Host：                                 localhost:5005
      ┣ User-Agent：                           Mozilla/5.0 (Windows NT 10.0; Win64; x64) AppleWebKit/537.36 (KHTML, like Gecko) Chrome/131.0.0.0 Safari/537.36
      ┣ Accept-Encoding：                      gzip, deflate, br, zstd
      ┣ Accept-Language：                      zh-CN,zh;q=0.9
      ┣ Authorization：                        Bearer eyJhbGciOiJIUzI1NiIsInR5cCI6IkpXVCJ9.eyJVc2VySWQiOjEzMDAwMDAwMDAxMDEsIlRlbmFudElkIjoxMzAwMDAwMDAwMDAxLCJBY2NvdW50Ijoic3VwZXJhZG1pbiIsIlJlYWxOYW1lIjoi6LaF57qn566h55CG5ZGYIiwiQWNjb3VudFR5cGUiOjk5OSwiT3JnSWQiOjAsIk9yZ05hbWUiOm51bGwsIk9yZ1R5cGUiOm51bGwsImlhdCI6MTczNjc3MzYzMCwibmJmIjoxNzM2NzczNjMwLCJleHAiOjE3MzczNzg0MzAsImlzcyI6Imd1eGluLmxpbmsiLCJhdWQiOiJndXhpbi5saW5rIn0.7yghNabJaXKI2uA1Ntrw8zMcPGWCeTTjXE-UINFnf5o
      ┣ Cache-Control：                        no-cache
      ┣ Content-Type：                         application/json
      ┣ Origin：                               http://localhost:8888
      ┣ Pragma：                               no-cache
      ┣ Referer：                              http://localhost:8888/
      ┣ Content-Length：                       34
      ┣ sec-ch-ua-platform：                   "Windows"
      ┣ sec-ch-ua：                            "Google Chrome";v="131", "Chromium";v="131", "Not_A Brand";v="24"
      ┣ sec-ch-ua-mobile：                     ?0
      ┣ DNT：                                  1
      ┣ Sec-Fetch-Site：                       same-site
      ┣ Sec-Fetch-Mode：                       cors
      ┣ Sec-Fetch-Dest：                       empty
      ┣ ━━━━━━━━━━━━━━━  参数列表 ━━━━━━━━━━━━━━━
      ┣ Content-Type：                         application/json
      ┣ 
      ┣ input (ChatModelOptionsInput)：        {"searchKey":null,"modelId":null,"name":null,"optionType":null,"page":1,"pageSize":10,"field":null,"order":null,"descStr":"descending"}
      ┣ ━━━━━━━━━━━━━━━  返回信息 ━━━━━━━━━━━━━━━
      ┣ HTTP响应状态码：                       200
      ┣ 原始类型：                             System.Threading.Tasks.Task<Admin.NET.Core.SqlSugarPagedList<Admin.NET.Application.ChatModelOptionsOutput>>
      ┣ 最终类型：                             Admin.NET.Core.AdminResult<System.Object>
      ┣ 最终返回值：                           {"code":200,"type":"success","message":"","result":{"page":1,"pageSize":10,"total":1,"totalPages":1,"items":[{"id":"39580897803845","modelId":null,"name":"温度","optionType":1,"maxNum":1.0,"minNum":0.009999999776482582,"selectedValues":null,"desc":"说明： （1）较高的数值会使输出更加随机，而较低的数值会使其更加集中和确定 （2）默认0.8，范围 (0, 1.0]，不能为0。","defaultVal":"0.8","extends":null,"createTime":"2025-01-13T22:21:24","updateTime":null,"createUserId":"1300000000101","updateUserId":null,"isDelete":false,"field":"temperature"}],"hasPrev
      ┗━━━━━━━━━━━  Logging Monitor ━━━━━━━━━━━
info: 2025-01-13 22:21:24.7642291 +08:00 星期一 L System.Logging.LoggingMonitor[0] #20 '00-2c9ceed7f3af216716eaafcc57bf5c1c-ff48637908184a03-00'
      [Furion.Pure.dll] async Task LoggingMonitorAttribute.MonitorAsync(MethodInfo actionMethod, IDictionary<string, object> parameterValues, FilterContext context, dynamic next)
      ┏━━━━━━━━━━━  Logging Monitor ━━━━━━━━━━━
      ┣ Admin.NET.Core.Service.SysEnumService.GetEnumDataList
      ┣ 
      ┣ 控制器名称：                SysEnumService
      ┣ 操作名称：                  GetEnumDataList
      ┣ 显示名称：                  通过枚举类型获取枚举值集合
      ┣ 路由信息：                  [area]: ; [controller]: sysEnum; [action]: enumDataList
      ┣ 请求方式：                  GET
      ┣ 请求地址：                  http://localhost:5005/api/sysEnum/enumDataList?EnumName=AIModelOptionEnum
      ┣ 来源地址：                  http://localhost:8888/
      ┣ 请求端源：                  client
      ┣ 浏览器标识：                Mozilla/5.0 (Windows NT 10.0; Win64; x64) AppleWebKit/537.36 (KHTML, like Gecko) Chrome/131.0.0.0 Safari/537.36
      ┣ 客户端区域语言：            zh-cn
      ┣ 客户端 IP 地址：            127.0.0.1
      ┣ 服务端 IP 地址：            127.0.0.1
      ┣ 客户端连接 ID：             00-2c9ceed7f3af216716eaafcc57bf5c1c-ff48637908184a03-00
      ┣ 服务线程 ID：               #20
      ┣ 执行耗时：                  2ms
      ┣ ━━━━━━━━━━━━━━━  Cookies ━━━━━━━━━━━━━━━
      ┣ 请求端：                    
      ┣ 响应端：                    
      ┣ ━━━━━━━━━━━━━━━  系统信息 ━━━━━━━━━━━━━━━
      ┣ 系统名称：                  Microsoft Windows 10.0.19045
      ┣ 系统架构：                  X64
      ┣ 基础框架：                  Furion.Pure v1.0.0.0
      ┣ .NET 架构：                 .NET 8.0.6
      ┣ ━━━━━━━━━━━━━━━  启动信息 ━━━━━━━━━━━━━━━
      ┣ 运行环境：                  Production
      ┣ 启动程序集：                Admin.NET.Web.Entry
      ┣ 进程名称：                  Admin.NET.Web.Entry
      ┣ 托管程序：                  Kestrel
      ┣ ━━━━━━━━━━━━━━━  请求头信息 ━━━━━━━━━━━━━━━
      ┣ 
      ┣ Accept：                    application/json, text/plain, */*
      ┣ Connection：                keep-alive
      ┣ Host：                      localhost:5005
      ┣ User-Agent：                Mozilla/5.0 (Windows NT 10.0; Win64; x64) AppleWebKit/537.36 (KHTML, like Gecko) Chrome/131.0.0.0 Safari/537.36
      ┣ Accept-Encoding：           gzip, deflate, br, zstd
      ┣ Accept-Language：           zh-cn
      ┣ Authorization：             Bearer eyJhbGciOiJIUzI1NiIsInR5cCI6IkpXVCJ9.eyJVc2VySWQiOjEzMDAwMDAwMDAxMDEsIlRlbmFudElkIjoxMzAwMDAwMDAwMDAxLCJBY2NvdW50Ijoic3VwZXJhZG1pbiIsIlJlYWxOYW1lIjoi6LaF57qn566h55CG5ZGYIiwiQWNjb3VudFR5cGUiOjk5OSwiT3JnSWQiOjAsIk9yZ05hbWUiOm51bGwsIk9yZ1R5cGUiOm51bGwsImlhdCI6MTczNjc3MzYzMCwibmJmIjoxNzM2NzczNjMwLCJleHAiOjE3MzczNzg0MzAsImlzcyI6Imd1eGluLmxpbmsiLCJhdWQiOiJndXhpbi5saW5rIn0.7yghNabJaXKI2uA1Ntrw8zMcPGWCeTTjXE-UINFnf5o
      ┣ Cache-Control：             no-cache
      ┣ Origin：                    http://localhost:8888
      ┣ Pragma：                    no-cache
      ┣ Referer：                   http://localhost:8888/
      ┣ sec-ch-ua-platform：        "Windows"
      ┣ sec-ch-ua：                 "Google Chrome";v="131", "Chromium";v="131", "Not_A Brand";v="24"
      ┣ sec-ch-ua-mobile：          ?0
      ┣ DNT：                       1
      ┣ Sec-Fetch-Site：            same-site
      ┣ Sec-Fetch-Mode：            cors
      ┣ Sec-Fetch-Dest：            empty
      ┣ ━━━━━━━━━━━━━━━  参数列表 ━━━━━━━━━━━━━━━
      ┣ Content-Type：              
      ┣ 
      ┣ input (EnumInput)：         {"enumName":"AIModelOptionEnum"}
      ┣ ━━━━━━━━━━━━━━━  返回信息 ━━━━━━━━━━━━━━━
      ┣ HTTP响应状态码：            200
      ┣ 原始类型：                  System.Collections.Generic.List<Admin.NET.Core.EnumEntity>
      ┣ 最终类型：                  Admin.NET.Core.AdminResult<System.Object>
      ┣ 最终返回值：                {"code":200,"type":"success","message":"","result":[{"describe":"文本","name":"Text","value":0},{"describe":"数字","name":"Num","value":1},{"describe":"单选","name":"Radio","value":2},{"describe":"多选","name":"CheckBox","value":3},{"describe":"true，false","name":"Switch","value":4}],"extras":null,"time":"2025-01-13T22:21:24.7614718+08:00"}
      ┗━━━━━━━━━━━  Logging Monitor ━━━━━━━━━━━
